"customer_id","first_name","last_name","email","phone","city","postal_code","registration_date","marketing_channel","loyalty_member","birth_date"
3,Szymon,Dyś,szymon.dyś@gmail.com,+48379669573,Toruń,"02-367","2025-10-16",Google Ads,false,1997-06-19
1,Gaja,Minkiewicz,gaja.minkiewicz@gmail.com,+48851171872,Warszawa,"36-880","2026-02-20",Google Ads,false,2007-10-01
2,Adrian,Dziduch,adrian.dziduch@gmail.com,+48756927003,Wrocław,"33-818","2025-10-03",Influencer,false,1964-11-04
4,Marek,Myk,marek.myk@wp.pl,+48503449894,Poznań,"42-017","2024-11-25",Google Ads,false,1964-10-30
5,Mikołaj,Cyganik,mikołaj.cyganik@gmail.com,+48813489192,Warszawa,"95-432","2024-11-11",Meta Ads,true,1983-06-24
7,Tola,Kandzia,tola.kandzia@wp.pl,+48403166411,Łódź,"58-516","2025-02-23",Meta Ads,false,1967-05-03
8,Aleksander,Białasik,aleksander.białasik@gmail.com,+48969969423,Olsztyn,"85-534","2024-09-11",Newsletter,false,1971-08-01
9,Antoni,Surdyk,antoni.surdyk@onet.pl,+48844050760,Łódź,"62-868","2025-12-31",Referral,true,1976-11-17
18,Urszula,Lelonek,urszula.lelonek@gmail.com,+48449672131,Poznań,"13-321","2026-08-06",Google Ads,false,1978-03-19
19,Juliusz,Maszczyk,juliusz.maszczyk@gmail.com,+48306582532,Leszno,"20-704","2025-06-24",Google Ads,false,2004-07-07
117,Mieszko,Gębura,mieszko.gębura@gmail.com,+48577561561,Warszawa,"94-673","2025-04-08",Meta Ads,false,1988-11-22
119,Maks,Szatko,maks.szatko@o2.pl,+48115923472,Warszawa,"44-834","2025-11-24",Google Ads,false,1989-08-30
1270,Rafał,Harasimiuk,rafał.harasimiuk@o2.pl,+48770484539,Częstochowa,"90-400","2025-04-22",Influencer,false,2003-02-09
1272,Rafał,Gągała,rafał.gągała@gmail.com,+48917228308,Warszawa,"05-198","2024-09-10",Organic,true,1956-12-09
647,Rafał,Wożniak,rafał.wożniak@wp.pl,+48873305543,Łódź,"87-005","2025-04-01",Newsletter,false,1988-10-23
1273,Tola,Kurc,tola.kurc@wp.pl,+48878620763,Warszawa,"63-399","2025-10-25",Meta Ads,false,1958-12-07
1274,Rozalia,Apostel,rozalia.apostel@gmail.com,+48064983150,Gdańsk,"40-512","2026-02-17",Google Ads,true,1983-11-23
661,Marcin,Fronczek,marcin.fronczek@gmail.com,+48059338771,Łódź,"89-703","2025-04-30",Organic,false,1989-01-01
1275,Aniela,Szybiak,aniela.szybiak@onet.pl,+48060882564,Gdańsk,"05-348","2025-09-20",Meta Ads,false,1958-07-26
664,Paweł,Gumuła,paweł.gumuła@wp.pl,+48737534986,Łódź,"93-633","2024-10-24",Meta Ads,false,1961-11-01
1236,Adrianna,Nogieć,adrianna.nogieć@gmail.com,+48014274362,Warszawa,do weryf,"2025-04-01",Influencer,true,2006-07-27
1240,Kamila,Bazyluk,kamila.bazyluk@o2.pl,+48852026676,Warszawa,do weryf,"2025-09-12",Meta Ads,false,1995-04-19
1246,Gaja,Styn,gaja.styn@gmail.com,+48775126973,Gdynia,do weryf,"2024-10-25",Google Ads,true,1987-05-13
1266,Maurycy,Borkiewicz,maurycy.borkiewicz@interia.pl,+48565474718,Szczecin,do weryf,"2025-02-14",Organic,true,1976-10-29
1283,Tola,Morys,tola.morys@gmail.com,+48268630359,Warszawa,"14-117","2024-12-20",Meta Ads,false,1981-12-11
1284,Borys,Pakosz,borys.pakosz@gmail.com,+48564427073,Wrocław,"26-437","2026-06-11",Influencer,false,1973-06-22
1287,Tymoteusz,Gajowiak,tymoteusz.gajowiak@gmail.com,+48425060140,Radom,"09-124","2025-10-18",Meta Ads,true,1970-02-10
1289,Monika,Pabis,monika.pabis@wp.pl,+48654270066,Gorzów Wielkopolski,"75-042","2024-09-24",Organic,true,1962-08-30
1290,Albert,Gabryszak,albert.gabryszak@wp.pl,+48545637934,Gorzów Wielkopolski,"21-017","2026-02-25",Meta Ads,false,2002-03-20
1291,Maksymilian,Anders,maksymilian.anders@gmail.com,+48497008087,Suwałki,"01-184","2026-05-20",Newsletter,true,2004-09-06
1293,Lidia,Rakus,lidia.rakus@interia.pl,+48399491134,Poznań,"17-212","2024-11-05",Referral,false,1963-03-07
1294,Jeremi,Sznura,jeremi.sznura@gmail.com,+48685915608,Warszawa,"58-422","2025-06-24",Influencer,false,1968-04-10
1298,Eryk,Pyć,eryk.pyć@gmail.com,+48568483273,Gdańsk,"68-098","2024-11-22",Referral,true,1988-05-25
1299,Rozalia,Kierat,rozalia.kierat@wp.pl,+48839716576,Konin,"29-476","2024-09-07",Influencer,false,1996-06-03
1300,Nikodem,Klimko,nikodem.klimko@gmail.com,+48729137019,Opole,"07-199","2026-03-15",Google Ads,true,1961-07-26
1301,Krystian,Woronko,krystian.woronko@wp.pl,+48497442908,Warszawa,"61-510","2024-11-06",Organic,false,1964-12-09
686,Monika,Jankowicz,monika.jankowicz@gmail.com,+48972326255,Łódź,"09-268","2025-10-22",Meta Ads,true,1990-04-23
1302,Aleksander,Piórek,aleksander.piórek@onet.pl,+48647418841,Warszawa,"83-373","2025-11-13",Newsletter,false,1970-09-14
1276,Maciej,Plebanek,maciej.plebanek@gmail.com,+48946529828,Gdańsk,"16-217","2026-04-06",Influencer,true,1998-05-16
1278,Krystian,Bawoł,krystian.bawoł@interia.pl,+48239674047,Opole,"75-239","2025-05-06",Organic,false,2004-08-11
1279,Piotr,Mycek,piotr.mycek@onet.pl,+48518199071,Bydgoszcz,"19-501","2025-01-28",Google Ads,false,1990-04-01
1280,Natasza,Pawela,natasza.pawela@gmail.com,+48303079176,Warszawa,"06-249","2025-07-02",Meta Ads,false,1992-10-06
1281,Adrian,Makieła,adrian.makieła@interia.pl,+48231955209,Elbląg,"23-648","2024-10-09",Meta Ads,false,1958-03-30
1282,Norbert,Grześków,norbert.grześków@gmail.com,+48770204205,Częstochowa,"13-468","2026-07-02",Organic,false,1987-12-28
1304,Agnieszka,Andrzejuk,agnieszka.andrzejuk@gmail.com,+48083027840,Warszawa,"14-759","2024-12-02",Influencer,false,1958-05-17
1305,Julita,Balas,julita.balas@wp.pl,+48637119189,Radom,"21-805","2025-12-06",Organic,false,1957-02-18
1306,Ida,Fulara,ida.fulara@wp.pl,+48095941274,Warszawa,"10-917","2024-10-12",Meta Ads,false,1968-01-25
1309,Marek,Piechura,marek.piechura@wp.pl,+48849054552,Warszawa,"53-891","2026-01-25",Meta Ads,false,1966-03-11
1310,Borys,Gowin,borys.gowin@wp.pl,+48646194023,Poznań,"61-600","2025-03-30",Google Ads,false,1981-04-08
1312,Kajetan,Księżyk,kajetan.księżyk@gmail.com,+48862795787,Wrocław,"48-140","2025-11-17",Meta Ads,false,1979-11-09
1313,Eryk,Siedlarz,eryk.siedlarz@gmail.com,+48355836901,Radom,"46-999","2024-12-27",Meta Ads,false,1969-11-21
1314,Józef,Jonczyk,józef.jonczyk@wp.pl,+48703929584,Warszawa,"05-709","2026-01-25",Meta Ads,false,1985-09-25
20,Krzysztof,Łodyga,krzysztof.łodyga@gmail.com,+48452982688,Kielce,"11-096","2025-03-30",Meta Ads,false,1978-06-26
42,Emil,Mzyk,emil.mzyk@o2.pl,+48852932191,Kielce,"99-141","2026-06-09",Newsletter,false,1996-02-05
715,Bianka,Poreda,bianka.poreda@gmail.com,+48517951851,Białystok,"75-495","2025-06-07",Meta Ads,true,2004-08-02
26,Artur,Jachimczak,artur.jachimczak@gmail.com,+48478105865,Łódź,"14-359","2025-04-27",Meta Ads,false,2000-05-26
716,Kajetan,Bednarowicz,kajetan.bednarowicz@gmail.com,+48352949656,Kraków,"75-178","2025-11-08",Organic,false,1994-04-24
717,Hubert,Hanc,hubert.hanc@wp.pl,+48303293373,Wrocław,"50-674","2026-02-16",Google Ads,false,1987-06-04
718,Kazimierz,Krępa,kazimierz.krępa@gmail.com,+48725691478,Kielce,"50-429","2024-11-14",Meta Ads,false,2007-07-06
719,Witold,Kapciak,witold.kapciak@o2.pl,+48036314549,Wrocław,"51-987","2026-07-31",Meta Ads,false,1973-10-07
720,Gustaw,Pezda,gustaw.pezda@gmail.com,+48807561915,Piła,"18-142","2026-05-06",Organic,false,1977-06-21
1315,Konstanty,Engel,konstanty.engel@gmail.com,+48489098998,Warszawa,"15-873","2025-03-23",Influencer,false,1980-04-08
120,Marcelina,Juraszczyk,marcelina.juraszczyk@onet.pl,+48710301572,Rzeszów,"62-647","2024-09-16",Google Ads,false,1965-04-03
123,Maciej,Piotrowiak,maciej.piotrowiak@interia.pl,+48370128385,Warszawa,"40-528","2025-05-21",Organic,false,1976-09-13
125,Rafał,Koleśnik,rafał.koleśnik@gmail.com,+48661136085,Suwałki,"46-883","2026-02-06",Meta Ads,false,1996-12-24
128,Natan,Lenda,natan.lenda@interia.pl,+48594694317,Kraków,"64-709","2025-03-07",Google Ads,false,1981-12-18
1320,Przemysław,Kolendo,przemysław.kolendo@gmail.com,+48682280228,Szczecin,"61-858","2025-06-16",Organic,false,1980-02-14
1321,Bartek,Jarmużek,bartek.jarmużek@wp.pl,+48143313941,Białystok,"55-754","2025-02-08",Google Ads,false,2001-11-04
1322,Witold,Job,witold.job@gmail.com,+48256673398,Warszawa,"56-594","2026-02-27",Meta Ads,false,1967-05-20
1323,Tola,Szurek,tola.szurek@gmail.com,+48601280765,Warszawa,"74-920","2025-02-22",Meta Ads,true,1955-11-12
1324,Aleksander,Tatarek,aleksander.tatarek@gmail.com,+48029715879,Zielona Góra,"61-752","2026-05-16",Referral,true,1996-05-01
1325,Filip,Wójt,filip.wójt@o2.pl,+48706002278,Opole,"68-404","2026-05-21",Organic,false,1980-12-30
1326,Oskar,Pikor,oskar.pikor@o2.pl,+48199135912,Olsztyn,"64-247","2024-12-15",Referral,true,1959-12-31
1327,Bartek,Kurz,bartek.kurz@gmail.com,+48096581095,Kielce,"94-417","2025-11-13",Meta Ads,false,2005-12-10
1328,Adrian,Andruszko,adrian.andruszko@gmail.com,+48552807649,Gdynia,"38-245","2024-11-20",Google Ads,false,1989-12-02
1329,Tomasz,Oleszko,tomasz.oleszko@gmail.com,+48986131619,Olsztyn,"62-686","2025-05-14",Influencer,false,1971-10-02
1330,Róża,Szwaj,róża.szwaj@wp.pl,+48744609572,Zielona Góra,"74-766","2025-12-08",Organic,false,1986-07-13
1332,Olga,Bareja,olga.bareja@gmail.com,+48958375644,Gdynia,"48-642","2025-11-21",Meta Ads,false,1980-03-15
731,Gustaw,Węgrzynowicz,gustaw.węgrzynowicz@o2.pl,+48859307778,Łódź,"97-555","2025-12-16",Google Ads,false,1957-04-22
1333,Jakub,Stoltman,jakub.stoltman@gmail.com,+48702544010,Warszawa,"81-073","2025-03-09",Organic,false,1975-12-29
1334,Józef,Osman,józef.osman@wp.pl,+48679050295,Warszawa,"05-304","2025-05-22",Meta Ads,false,1978-03-03
1336,Nikodem,Szlachcic,nikodem.szlachcic@gmail.com,+48272243444,Warszawa,"88-083","2025-12-05",Google Ads,false,1988-06-24
1339,Roksana,Graban,roksana.graban@gmail.com,+48993135784,Kraków,"06-375","2025-02-18",Referral,true,1975-01-06
737,Mikołaj,Sus,mikołaj.sus@gmail.com,+48601693436,Łódź,"96-258","2025-08-08",Google Ads,false,1966-05-11
1337,Józef,Miętka,józef.miętka@wp.pl,+48202640090,Poznań,do weryf,"2025-09-13",Influencer,false,2005-09-12
1349,Wiktor,Kulisz,wiktor.kulisz@gmail.com,+48341510999,Gorzów Wielkopolski,"59-090","2026-05-18",Organic,false,1959-11-05
1441,Sara,Twardosz,sara.twardosz@wp.pl,+48133422343,Warszawa,"71-418","2025-09-22",Organic,true,1970-12-30
1350,Kajetan,Majorczyk,kajetan.majorczyk@gmail.com,+48310515688,Poznań,"10-112","2024-09-09",Meta Ads,false,1964-04-29
1353,Rozalia,Broś,rozaliabroś@gmail.com,+48236214686,Wrocław,"61-356","2025-04-12",Newsletter,false,1977-11-11
1356,Elżbieta,Pytko,elżbieta.pytko@wp.pl,+48241155438,Poznań,"84-662","2025-10-27",Organic,false,1997-04-19
1357,Ada,Wandas,ada.wandas@wp.pl,+48827807930,Gdańsk,"86-714","2025-10-08",Google Ads,false,1983-09-11
1358,Krystyna,Ślebioda,krystyna.ślebioda@gmail.com,+48231487491,Gdańsk,"59-312","2024-12-02",Referral,false,1985-08-29
1359,Norbert,Nazar,norbert.nazar@gmail.com,+48783939555,Białystok,"34-233","2025-06-04",Newsletter,false,1981-04-05
1360,Stefan,Duras,stefan.duras@wp.pl,+48665817418,Warszawa,"07-152","2025-11-16",Organic,true,1974-04-24
1361,Agnieszka,Szóstak,agnieszka.szóstak@wp.pl,+48845695330,Zielona Góra,"80-947","2026-01-12",Newsletter,true,1964-02-12
1362,Julita,Suchoń,julita.suchoń@o2.pl,+48879760421,Warszawa,"24-997","2024-09-17",Meta Ads,false,1964-11-20
1363,Marcin,Jereczek,marcin.jereczek@gmail.com,+48741435899,Szczecin,"31-120","2026-06-11",Organic,true,1957-10-10
1364,Alex,Lizurej,alex.lizurej@wp.pl,+48503325013,Częstochowa,"17-452","2024-12-28",Newsletter,false,1969-05-25
1365,Daniel,Hendzel,daniel.hendzel@interia.pl,+48001064011,Warszawa,"72-725","2025-01-26",Meta Ads,false,1957-06-07
1366,Alex,Jonak,alex.jonak@wp.pl,+48348512953,Kraków,"19-382","2025-02-01",Google Ads,false,1979-05-13
1342,Malwina,Wojniak,malwina.wojniak@gmail.com,+48337193024,Lublin,"97-595","2024-09-26",Influencer,false,2001-10-07
1343,Nikodem,Szumacher,nikodem.szumacher@gmail.com,+48073878646,Warszawa,"96-780","2025-04-06",Organic,false,1967-07-18
1344,Maks,Władyka,maks.władyka@interia.pl,+48734632570,Kraków,"35-516","2026-03-30",Newsletter,false,1991-08-25
1345,Jacek,Bruzda,jacek.bruzda@gmail.com,+48184012782,Radom,"09-382","2026-05-16",Meta Ads,false,1973-11-22
761,Wiktor,Janczarek,wiktor.janczarek@gmail.com,+48522047089,Łódź,"86-645","2026-03-01",Google Ads,false,1996-08-05
1347,Ewelina,Franaszek,ewelina.franaszek@wp.pl,+48361631556,Olsztyn,"69-922","2025-07-05",Referral,true,1971-01-31
721,Ida,Harasimiuk,ida.harasimiuk@gmail.com,+48260065002,Bydgoszcz,"90-561","2025-02-28",Google Ads,false,2001-03-19
722,Bianka,Mitera,bianka.mitera@interia.pl,+48547132402,Radom,"28-206","2026-03-29",Google Ads,false,1966-09-16
704,Lidia,Sobieszczyk,lidia.sobieszczyk@o2.pl,+48484739377,Wrocław,"85-373","2025-11-14",Newsletter,false,1993-07-16
705,Oliwier,Karyś,oliwier.karyś@gmail.com,+48306714163,Radom,"98-675","2025-12-02",Referral,false,1967-05-07
1348,Leonard,Potok,leonard.potok@o2.pl,+48318543839,Kraków,"87-969","2024-09-14",Organic,false,1992-05-03
1351,Kamil,Duchnik,kamil.duchnik@o2.pl,+48754136339,Warszawa,"19-509","2026-07-09",Referral,false,1963-07-28
1367,Miłosz,Oleksak,miłosz.oleksak@gmail.com,+48505659495,Białystok,"39-125","2024-09-18",Google Ads,false,2004-05-18
1368,Olga,Chorążewicz,olga.chorążewicz@gmail.com,+48933777310,Konin,"99-149","2024-11-12",Meta Ads,false,2005-10-30
1369,Alex,Herbut,alex.herbut@gmail.com,+48565069851,Kraków,"01-994","2026-08-06",Organic,false,1994-09-26
1370,Dorota,Bogaczyk,dorota.bogaczyk@wp.pl,+48700497513,Warszawa,"83-723","2025-03-04",Meta Ads,false,1971-04-05
1372,Sylwia,Klus,sylwia.klus@gmail.com,+48606376367,Opole,"57-347","2024-11-21",Google Ads,true,1992-02-14
1374,Oliwier,Labudda,oliwier.labudda@o2.pl,+48760003595,Kielce,"04-412","2026-04-24",Organic,false,1988-04-28
1376,Eryk,Kazubek,eryk.kazubek@gmail.com,+48100339314,Szczecin,"68-228","2024-09-14",Meta Ads,true,1997-01-01
1377,Konstanty,Mysiak,konstanty.mysiak@o2.pl,+48717834753,Lublin,"03-086","2024-12-21",Organic,false,1984-02-18
1378,Adrianna,Przewłoka,adrianna.przewłoka@wp.pl,+48603490239,Kielce,"86-981","2024-10-09",Organic,true,1960-03-23
780,Ida,Dorociak,ida.dorociak@interia.pl,+48446770380,Łódź,"21-189","2025-09-06",Referral,false,1967-04-19
121,Łukasz,Pakosz,łukasz.pakosz@gmail.com,+48179650434,Częstochowa,do weryf,"2026-02-01",Referral,false,2005-08-10
134,Maks,Jantos,maks.jantos@wp.pl,+48441722044,Olsztyn,"56-282","2025-10-31",Organic,false,1989-06-27
135,Adam,Drabczyk,adam.drabczyk@interia.pl,+48535087899,Lublin,"86-653","2025-05-03",Referral,false,1977-02-14
136,Ida,Kara,ida.kara@gmail.com,+48291401939,Warszawa,"96-696","2025-06-04",Organic,false,1964-01-28
137,Antoni,Boguta,antoniboguta@wp.pl,+48116017256,Warszawa,"78-695","2025-10-12",Google Ads,true,1997-01-02
139,Dariusz,Kucab,dariusz.kucab@gmail.com,+48599745908,Suwałki,"50-973","2024-10-19",Organic,false,1985-08-29
140,Marcin,Stachewicz,marcin.stachewicz@o2.pl,+48915747624,Warszawa,"58-972","2026-05-29",Meta Ads,false,1975-04-04
1379,Ida,Kandora,ida.kandora@gmail.com,+48342367194,Katowice,"25-503","2024-11-03",Newsletter,false,1972-06-08
770,Wojciech,Hallmann,wojciech.hallmann@gmail.com,+48478391142,Łódź,"65-109","2024-11-21",Organic,true,1970-12-15
1380,Apolonia,Wołczyk,apolonia.wołczyk@gmail.com,+48852581688,Katowice,"86-370","2025-06-11",Referral,true,1976-08-31
1382,Mieszko,Wojtaszczyk,mieszko.wojtaszczyk@gmail.com,+48105983006,Kraków,"40-457","2025-09-21",Google Ads,false,2001-12-07
1385,Kaja,Klus,kaja.klus@wp.pl,+48261043818,Wrocław,"54-143","2026-05-27",Newsletter,false,1999-11-17
1386,Dawid,Szymajda,dawid.szymajda@onet.pl,+48445700177,Warszawa,"27-311","2025-10-11",Meta Ads,false,1980-10-01
788,Norbert,Kuczaj,norbert.kuczaj@interia.pl,+48816834194,Łódź,"75-157","2025-01-21",Meta Ads,false,1985-07-27
1387,Anna Maria,Giezek,anna maria.giezek@wp.pl,+48167680032,Kraków,"09-956","2025-04-18",Meta Ads,false,2006-06-25
1388,Albert,Janasik,albert.janasik@gmail.com,+48768903762,Radom,"01-420","2025-05-16",Meta Ads,true,1989-06-14
1389,Jeremi,Kazior,jeremi.kazior@gmail.com,+48670417320,Warszawa,"23-570","2025-06-06",Meta Ads,false,1980-02-02
1390,Nicole,Tatarczuk,nicole.tatarczuk@wp.pl,+48991791946,Gorzów Wielkopolski,"18-205","2026-01-05",Meta Ads,true,1965-06-14
797,Dorota,Uzar,dorota.uzar@gmail.com,+48426045178,Łódź,"04-833","2024-09-22",Meta Ads,true,1986-06-08
1391,Fryderyk,Bartoś,fryderykbartoś@gmail.com,+48846378056,Wrocław,"71-503","2025-07-17",Google Ads,false,1957-10-31
1393,Marcelina,Dzierwa,marcelina.dzierwa@wp.pl,+48900873300,Kraków,"04-811","2026-07-16",Google Ads,false,1955-09-22
1394,Błażej,Morka,błażej.morka@o2.pl,+48551245891,Poznań,"82-855","2025-04-22",Influencer,true,1989-05-02
1395,Marcel,Kala,marcel.kala@gmail.com,+48659848265,Poznań,"86-915","2025-10-09",Organic,false,1970-11-04
803,Tadeusz,Dorna,tadeusz.dorna@wp.pl,+48226057434,Łódź,"79-701","2025-11-28",Google Ads,false,1964-05-20
1396,Kajetan,Kloch,kajetan.kloch@wp.pl,+48572439828,Warszawa,"89-661","2024-11-21",Meta Ads,false,1968-07-26
1397,Ignacy,Dulemba,ignacy.dulemba@wp.pl,+48084405717,Poznań,"36-505","2024-12-08",Referral,false,2008-04-18
1398,Krzysztof,Stąpór,krzysztof.stąpór@onet.pl,+48217652104,Częstochowa,"96-371","2025-06-30",Meta Ads,false,1986-05-23
1403,Mikołaj,Wiesiołek,mikołaj.wiesiołek@gmail.com,+48469847719,Gorzów Wielkopolski,"47-430","2025-11-17",Newsletter,false,1989-04-26
1375,Borys,Krzan,borys.krzan@onet.pl,+48810514554,Szczecin,do weryf,"2025-02-01",Meta Ads,false,1972-11-22
1383,Dawid,Maruszczak,dawid.maruszczak@gmail.com,+48652896441,Opole,do weryf,"2025-02-16",Meta Ads,false,1979-02-20
1419,Julian,Sudak,julian.sudak@onet.pl,+48902164134,Kraków,"30-315","2026-03-26",Meta Ads,false,1962-03-28
1420,Adrian,Gąbka,adrian.gąbka@onet.pl,+48142416466,Poznań,"55-708","2025-03-22",Google Ads,false,1996-01-14
1421,Kamil,Brańka,kamil.brańka@o2.pl,+48286985386,Warszawa,"03-794","2025-08-23",Newsletter,true,1981-04-05
1423,Ida,Apanowicz,ida.apanowicz@gmail.com,+48033708459,Warszawa,"08-481","2025-06-06",Meta Ads,true,1961-11-24
1424,Iwo,Andrzejuk,iwo.andrzejuk@gmail.com,+48042788497,Warszawa,"09-309","2025-01-04",Meta Ads,false,1990-12-23
1425,Patryk,Derek,patryk.derek@gmail.com,+48541294951,Suwałki,"16-943","2024-11-26",Newsletter,true,1987-06-29
1426,Julianna,Pagacz,julianna.pagacz@gmail.com,+48983757851,Warszawa,"24-687","2024-12-24",Meta Ads,false,1974-03-24
819,Ignacy,Węgrzyk,ignacy.węgrzyk@gmail.com,+48811065693,Łódź,"30-425","2025-02-27",Newsletter,false,1998-08-03
1427,Tomasz,Kujawiak,tomasz.kujawiak@gmail.com,+48653333449,Warszawa,"96-965","2024-10-12",Google Ads,false,1970-04-18
1430,Elżbieta,Fabiańczyk,elżbieta.fabiańczyk@gmail.com,+48769953254,Warszawa,"02-542","2025-11-02",Meta Ads,false,1967-02-04
1431,Eryk,Ziętal,eryk.ziętal@gmail.com,+48560051009,Rzeszów,"22-924","2025-03-05",Meta Ads,false,1995-07-24
1432,Jan,Ragus,jan.ragus@wp.pl,+48259237379,Wrocław,"13-947","2026-07-11",Influencer,false,1966-12-09
1433,Dorota,Kozień,dorota.kozień@wp.pl,+48041876489,Szczecin,"91-487","2024-12-23",Google Ads,true,1975-01-07
706,Cyprian,Kreczmer,cyprian.kreczmer@o2.pl,+48174189108,Suwałki,"82-988","2024-11-21",Google Ads,false,1997-12-28
707,Krystyna,Koźlak,krystyna.koźlak@interia.pl,+48564777051,Białystok,"48-719","2026-07-18",Newsletter,false,1961-03-25
709,Kalina,Łuczkiewicz,kalina.łuczkiewicz@onet.pl,+48809993805,Poznań,"33-626","2026-02-09",Meta Ads,false,1965-12-23
723,Aleks,Klebba,aleks.klebba@interia.pl,+48740329825,Wrocław,"45-944","2025-09-17",Google Ads,false,1991-03-26
47,Justyna,Wiatrak,justyna.wiatrak@o2.pl,+48932057193,Łódź,"59-944","2025-11-24",Newsletter,false,1959-09-21
724,Kajetan,Makoś,kajetan.makoś@onet.pl,+48710833878,Olsztyn,"70-711","2025-07-22",Organic,false,1989-05-08
725,Oliwier,Majtczak,oliwier.majtczak@wp.pl,+48342636270,Poznań,"46-576","2025-03-03",Influencer,false,1981-01-20
726,Anita,Małż,anita.małż@onet.pl,+48543056276,Białystok,"91-428","2025-10-14",Google Ads,false,1991-05-01
728,Dominik,Orkisz,dominik.orkisz@o2.pl,+48756188110,Kraków,"49-149","2025-06-02",Organic,false,1958-05-29
729,Adam,Zieniewicz,adam.zieniewicz@gmail.com,+48254961964,Elbląg,"35-769","2025-11-09",Meta Ads,false,1997-03-25
730,Stefan,Ograbek,stefan.ograbek@gmail.com,+48194541367,Piła,"33-150","2025-12-11",Newsletter,false,2000-01-31
733,Melania,Kosznik,melania.kosznik@o2.pl,+48964882257,Radom,"29-761","2026-04-07",Organic,false,1989-11-22
1434,Julianna,Pawlukiewicz,julianna.pawlukiewicz@gmail.com,+48785892337,Elbląg,"57-690","2025-04-10",Meta Ads,true,2006-05-11
1437,Jędrzej,Topa,jędrzej.topa@gmail.com,+48020723637,Gdańsk,"60-113","2026-04-15",Google Ads,true,1983-02-21
1438,Anastazja,Maciejczuk,anastazja.maciejczuk@gmail.com,+48512434010,Białystok,"47-722","2024-09-03",Organic,true,1970-11-15
830,Grzegorz,Markiel,grzegorz.markiel@gmail.com,+48071365942,Łódź,"85-524","2024-09-07",Newsletter,false,1969-08-12
1439,Maciej,Malarczyk,maciej.malarczyk@gmail.com,+48160633023,Konin,"42-506","2026-06-28",Meta Ads,false,1961-09-23
1442,Marianna,Walus,marianna.walus@interia.pl,+48241962478,Konin,"09-917","2025-10-23",Google Ads,false,2000-03-04
1405,Igor,Jagiełka,igor.jagiełka@gmail.com,+48062078825,Gdańsk,"25-785","2025-05-11",Google Ads,false,1988-11-18
1407,Jędrzej,Pudełek,jędrzej.pudełek@wp.pl,+48096640235,Warszawa,"88-820","2025-10-01",Meta Ads,true,1971-07-21
1409,Julian,Fikus,julian.fikus@gmail.com,+48901848691,Elbląg,"18-531","2024-10-02",Newsletter,false,1970-07-05
1410,Ada,Zugaj,ada.zugaj@gmail.com,+48454289807,Wrocław,"44-944","2025-07-14",Google Ads,false,2003-11-13
1411,Paweł,Lisak,paweł.lisak@interia.pl,+48372972700,Warszawa,"20-516","2026-03-04",Influencer,false,1967-04-25
1412,Rafał,Jezior,rafał.jezior@o2.pl,+48667767045,Olsztyn,"72-629","2025-11-19",Influencer,false,1992-02-23
141,Sara,Fuławka,sara.fuławka@wp.pl,+48027907574,Kraków,"10-588","2024-10-13",Organic,true,1962-11-22
130,Kornelia,Plona,kornelia.plona@gmail.com,+48408747516,Warszawa,"24-559","2025-10-13",Google Ads,false,1971-03-02
131,Paweł,Kwinta,paweł.kwinta@gmail.com,+48661155972,Warszawa,"42-677","2024-11-05",Meta Ads,false,1971-04-07
133,Sara,Wojtaszczyk,sara.wojtaszczyk@gmail.com,+48688093060,Kraków,"58-044","2025-12-15",Google Ads,false,1994-02-12
143,Oliwier,Para,oliwier.para@wp.pl,+48641069053,Poznań,"95-191","2026-06-02",Organic,false,1982-01-16
144,Tobiasz,Mordal,tobiasz.mordal@gmail.com,+48578919879,Suwałki,"16-269","2025-02-24",Newsletter,false,1996-09-01
1418,Antoni,Tadych,antoni.tadych@o2.pl,+48782913438,Poznań,"16-228","2025-12-25",Google Ads,true,1962-06-01
1443,Lidia,Stachewicz,lidia.stachewicz@onet.pl,+48259900638,Warszawa,"48-184","2025-11-26",Organic,true,1956-04-09
1444,Marika,Kudra,marika.kudra@wp.pl,+48409746648,Wrocław,"14-406","2025-05-02",Google Ads,true,1978-10-24
1445,Karol,Murach,karol.murach@gmail.com,+48511544846,Kraków,"19-405","2025-11-03",Newsletter,true,1976-10-29
1446,Tola,Grab,tola.grab@gmail.com,+48156248490,Kraków,"95-948","2024-10-11",Organic,true,2002-11-23
854,Miłosz,Śleziak,miłosz.śleziak@gmail.com,+48393772799,Łódź,"28-521","2025-03-08",Google Ads,false,1976-10-28
1447,Alan,Bobak,alan.bobak@gmail.com,+48777684032,Olsztyn,"47-999","2024-10-27",Meta Ads,true,1966-02-23
857,Tomasz,Wizner,tomasz.wizner@o2.pl,+48167040711,Łódź,"19-483","2025-12-08",Newsletter,false,2004-08-31
1448,Ksawery,Lichoń,ksawery.lichoń@wp.pl,+48913900326,Gdańsk,"52-126","2025-07-23",Newsletter,false,1967-12-09
1449,Kaja,Wabik,kaja.wabik@wp.pl,+48364927233,Poznań,"64-286","2025-10-25",Influencer,false,1996-02-18
1452,Olga,Nowotka,olga.nowotka@gmail.com,+48821968913,Opole,"66-286","2026-03-13",Meta Ads,false,1963-05-29
1454,Jerzy,Piksa,jerzy.piksa@gmail.com,+48240517785,Suwałki,"18-031","2025-05-10",Meta Ads,true,1960-11-15
1455,Mikołaj,Brodawka,mikołaj.brodawka@wp.pl,+48760066696,Częstochowa,"09-511","2025-03-28",Google Ads,false,1991-07-15
1457,Emil,Dankiewicz,emil.dankiewicz@gmail.com,+48445159852,Warszawa,"80-099","2024-11-24",Google Ads,false,1995-11-20
1458,Angelika,Biesaga,angelika.biesaga@wp.pl,+48726637091,Suwałki,"64-812","2025-09-26",Meta Ads,false,1980-04-17
1459,Gustaw,Maligłówka,gustaw.maligłówka@gmail.com,+48393146186,Katowice,"64-503","2026-03-08",Influencer,false,1982-05-08
1460,Rozalia,Kaszkowiak,rozalia.kaszkowiak@wp.pl,+48487858801,Bydgoszcz,"70-560","2025-06-16",Meta Ads,false,1956-07-13
1462,Albert,Bartuś,albert.bartuś@gmail.com,+48841058264,Warszawa,"59-037","2026-04-30",Meta Ads,false,1957-05-03
1463,Dagmara,Galos,dagmara.galos@gmail.com,+48022008753,Bydgoszcz,"39-906","2025-12-03",Meta Ads,false,1993-01-06
1465,Ada,Szoka,ada.szoka@gmail.com,+48586080695,Radom,"15-583","2025-02-18",Newsletter,false,1991-05-16
290,Nikodem,Łabuś,nikodem.łabuś@gmail.com,+48825665103,Toruń,"43-311","2025-06-24",Meta Ads,false,2006-04-26
734,Tobiasz,John,tobiasz.john@onet.pl,+48181036601,Gdańsk,"66-804","2025-07-26",Newsletter,true,1997-10-29
735,Stefan,Małyszka,stefan.małyszka@wp.pl,+48153091738,Warszawa,"86-049","2025-02-19",Google Ads,false,2004-09-12
57,Tymoteusz,Plona,tymoteusz.plona@wp.pl,+48810098193,Łódź,"20-779","2025-11-07",Referral,true,1995-10-31
736,Tobiasz,Skalik,tobiasz.skalik@gmail.com,+48493635444,Leszno,"88-321","2025-01-25",Meta Ads,false,2006-10-14
738,Sara,Ciechowicz,sara.ciechowicz@gmail.com,+48065078800,Białystok,"29-934","2026-05-12",Referral,false,1989-03-09
739,Leonard,Wiekiera,leonard.wiekiera@wp.pl,+48018194845,Gdańsk,"76-560","2025-05-05",Organic,false,1994-09-25
741,Adrianna,Rok,adrianna.rok@gmail.com,+48373962971,Kraków,"88-077","2024-11-04",Organic,true,1965-07-03
337,Fryderyk,Lukas,fryderyklukas@gmail.com,+48635242232,Toruń,"82-158","2024-11-24",Referral,false,1994-10-18
742,Tymoteusz,Siemieńczuk,tymoteusz.siemieńczuk@wp.pl,+48603450305,Elbląg,"66-123","2025-08-27",Influencer,false,1975-08-03
743,Marianna,Kosidło,marianna.kosidło@interia.pl,+48240310062,Wrocław,"72-271","2026-08-06",Meta Ads,true,1962-06-27
744,Janina,Preuss,janina.preuss@gmail.com,+48004794470,Radom,"33-006","2026-02-04",Organic,true,1973-02-11
745,Marcin,Brach,marcin.brach@gmail.com,+48044861012,Rzeszów,"20-951","2024-12-04",Organic,false,1972-09-10
64,Adam,Bany,adam.bany@o2.pl,+48685687284,Poznań,"37-079","2024-09-16",Influencer,false,1989-10-06
1466,Bianka,Trawka,bianka.trawka@onet.pl,+48942326441,Kraków,"70-586","2026-05-09",Meta Ads,false,1980-06-30
1484,Igor,Łokietek,igor.łokietek@interia.pl,+48204508439,Poznań,"69-220","2024-11-11",Newsletter,false,1970-10-28
1485,Franciszek,Pielka,franciszek.pielka@o2.pl,+48934950240,Warszawa,"74-412","2024-11-26",Meta Ads,false,1998-03-29
1486,Tomasz,Krywult,tomasz.krywult@gmail.com,+48933301140,Gdańsk,"75-098","2025-06-25",Referral,false,1986-12-18
1487,Jeremi,Rohde,jeremi.rohde@gmail.com,+48715253021,Gdańsk,"73-821","2025-11-02",Google Ads,false,1983-09-28
1488,Marianna,Szela,marianna.szela@gmail.com,+48928146735,Gdańsk,"45-815","2025-12-27",Newsletter,true,1959-08-29
1489,Emil,Andrejczuk,emil.andrejczuk@gmail.com,+48209318418,Białystok,"39-444","2024-12-28",Google Ads,false,1990-10-04
1491,Ida,Groń,ida.groń@gmail.com,+48737599326,Radom,"86-782","2026-06-19",Organic,false,1984-08-13
1493,Aurelia,Czubaj,aurelia.czubaj@gmail.com,+48037543548,Piła,"28-677","2026-04-15",Google Ads,false,2006-08-03
1494,Roksana,Kryszkiewicz,roksana.kryszkiewicz@o2.pl,+48402910559,Piła,"82-546","2026-04-19",Organic,true,1998-06-21
1496,Ksawery,Kukuczka,ksawery.kukuczka@o2.pl,+48307885909,Gorzów Wielkopolski,"60-152","2024-12-28",Meta Ads,false,1968-05-02
1497,Radosław,Broniek,radosław.broniek@onet.pl,+48947651266,Szczecin,"56-421","2026-03-07",Meta Ads,true,1972-06-25
1498,Wiktor,Wojtaszak,wiktor.wojtaszak@wp.pl,+48058829950,Warszawa,"27-867","2026-02-07",Meta Ads,false,1977-06-15
1499,Stefan,Zięciak,stefan.zięciak@wp.pl,+48963126507,Poznań,"21-263","2025-11-21",Newsletter,false,1991-12-31
1500,Marek,Kacperek,marek.kacperek@o2.pl,+48045825963,Olsztyn,"31-117","2025-04-24",Organic,false,1963-07-18
1501,Antoni,Ambrożewicz,antoni.ambrożewicz@gmail.com,+48735627208,Warszawa,"40-476","2025-02-13",Meta Ads,true,1981-04-27
1468,Błażej,Kuza,błażejkuza@gmail.com,+48618879444,Olsztyn,"76-995","2024-12-17",Google Ads,false,1975-08-14
1469,Maks,Obarzanek,maks.obarzanek@wp.pl,+48138738664,Poznań,"37-329","2025-02-11",Meta Ads,false,1958-11-07
1470,Tola,Hermanowicz,tola.hermanowicz@gmail.com,+48735733595,Leszno,"17-858","2026-03-18",Meta Ads,false,1975-01-06
1471,Janina,Łuszczak,janina.łuszczak@gmail.com,+48022992192,Bydgoszcz,"98-913","2024-10-21",Meta Ads,false,1988-09-23
1473,Klara,Zmarzły,klara.zmarzły@wp.pl,+48909606059,Konin,"08-678","2024-11-05",Influencer,false,1968-07-16
1475,Wiktor,Ścieszka,wiktor.ścieszka@onet.pl,+48044259345,Warszawa,"40-118","2025-05-02",Google Ads,false,1973-06-27
1476,Michał,Lamch,michał.lamch@onet.pl,+48717282067,Warszawa,"42-039","2025-08-06",Referral,false,1980-01-09
1477,Kaja,Sykała,kaja.sykała@wp.pl,+48892686160,Zielona Góra,"66-924","2026-05-21",Referral,false,1977-12-01
916,Tymon,Borak,tymon.borak@wp.pl,+48233475792,Łódź,"22-656","2026-06-05",Meta Ads,false,1998-05-28
146,Marika,Pagacz,marika.pagacz@gmail.com,+48544591943,Warszawa,"16-139","2025-10-21",Newsletter,false,2000-10-17
148,Alex,Grund,alex.grund@o2.pl,+48936650125,Warszawa,"45-727","2026-06-06",Organic,false,1959-01-14
149,Rozalia,Pietrak,rozalia.pietrak@gmail.com,+48826615523,Częstochowa,"39-872","2026-01-31",Organic,false,1963-12-11
150,Tymoteusz,Lulek,tymoteusz.lulek@gmail.com,+48635394931,Poznań,"47-521","2024-11-28",Influencer,true,1967-06-25
151,Ksawery,Jenek,ksawery.jenek@o2.pl,+48295533942,Suwałki,"18-243","2025-12-01",Newsletter,false,1997-06-26
152,Szymon,Zegar,szymon.zegar@interia.pl,+48216165591,Zielona Góra,"71-587","2025-06-07",Organic,false,1975-02-23
153,Bianka,Fijoł,bianka.fijoł@wp.pl,+48033021822,Poznań,"79-906","2025-07-27",Google Ads,false,1960-03-01
920,Ewa,Gmur,ewa.gmur@gmail.com,+48983440980,Leszno,"57-800","2025-10-16",Referral,true,2001-04-29
1479,Alex,Malcherek,alex.malcherek@onet.pl,+48423338114,Warszawa,"74-400","2025-09-14",Meta Ads,false,1972-09-06
1503,Damian,Wakuła,damian.wakuła@gmail.com,+48344316468,Lublin,"18-030","2025-09-11",Newsletter,false,1969-04-16
342,Maks,Rębiś,maks.rębiś@wp.pl,+48729055000,Toruń,"12-612","2025-03-18",Meta Ads,false,1987-04-17
359,Szymon,Białasik,szymon.białasik@gmail.com,+48918891112,Toruń,"60-966","2025-05-03",Newsletter,false,1993-02-20
746,Mikołaj,Mszyca,mikołajmszyca@gmail.com,+48323464164,Katowice,"81-631","2025-09-08",Newsletter,false,2000-04-13
747,Emil,Eckert,emil.eckert@gmail.com,+48977621897,Szczecin,"74-564","2025-01-03",Referral,false,1974-07-29
749,Krzysztof,Ceran,krzysztof.ceran@gmail.com,+48775532089,Warszawa,"65-164","2026-02-18",Meta Ads,false,1977-08-22
750,Julita,Dydo,julita.dydo@gmail.com,+48044830393,Wrocław,"12-358","2026-02-04",Meta Ads,false,1967-04-27
751,Bruno,Nastały,brunonastały@gmail.com,+48920356750,Warszawa,"43-340","2025-01-20",Organic,true,1974-09-19
1505,Maciej,Piechna,maciej.piechna@gmail.com,+48245221257,Leszno,"63-802","2025-04-29",Meta Ads,false,1956-08-25
1506,Karol,Górkiewicz,karol.górkiewicz@onet.pl,+48890332553,Piła,"78-306","2025-07-10",Referral,false,2001-07-22
1508,Tomasz,Marach,tomasz.marach@gmail.com,+48853337008,Warszawa,"93-863","2025-11-24",Organic,false,1963-01-17
1511,Anna Maria,Wiszowata,anna maria.wiszowata@gmail.com,+48199923536,Gdańsk,"64-906","2025-05-22",Google Ads,true,1960-05-18
1515,Jacek,Kluj,jacekkluj@onet.pl,+48916779477,Wrocław,"53-261","2026-06-19",Meta Ads,false,2001-04-30
1516,Adam,Glenc,adam.glenc@o2.pl,+48429615061,Olsztyn,"69-384","2025-02-17",Google Ads,false,1992-09-03
926,Ewa,Koziarz,ewa.koziarz@wp.pl,+48276766000,Łódź,"98-086","2026-05-10",Newsletter,false,1961-02-06
1517,Kamil,Januchta,kamiljanuchta@interia.pl,+48250645078,Olsztyn,"70-434","2026-07-12",Google Ads,false,1980-10-05
1518,Witold,Grunt,witold.grunt@o2.pl,+48292740746,Warszawa,"19-372","2024-10-11",Newsletter,false,1980-10-12
1522,Ernest,Strycharz,ernest.strycharz@gmail.com,+48782654376,Zielona Góra,"82-982","2025-09-19",Meta Ads,false,1992-09-23
1523,Marcel,Droździel,marcel.droździel@gmail.com,+48656994755,Wrocław,"31-879","2025-12-01",Meta Ads,false,1979-01-16
1524,Mateusz,Gros,mateusz.gros@gmail.com,+48342857406,Gdańsk,"33-309","2026-04-21",Organic,false,1960-05-18
1526,Monika,Fitas,monika.fitas@wp.pl,+48658867800,Kraków,"41-901","2024-10-08",Organic,false,1998-08-24
1527,Kalina,Graboń,kalina.graboń@o2.pl,+48609883515,Warszawa,"05-281","2026-05-16",Google Ads,false,2001-07-08
1528,Marika,Żółtek,marika.żółtek@interia.pl,+48563073672,Szczecin,"95-423","2025-03-15",Google Ads,false,2004-09-13
1529,Józef,Leżoń,józef.leżoń@onet.pl,+48262717329,Kraków,"55-898","2024-11-07",Organic,true,2004-04-12
1530,Oskar,Pal,oskar.pal@onet.pl,+48468496436,Katowice,"21-716","2025-07-18",Meta Ads,false,1969-06-05
1478,Michał,Boduch,michał.boduch@wp.pl,+48341547851,Elbląg,do weryf,"2025-06-13",Newsletter,true,1956-10-09
1502,Justyna,Midura,justyna.midura@o2.pl,+48284547066,Radom,do weryf,"2024-11-01",Google Ads,false,1957-07-22
1504,Konstanty,Machul,konstanty.machul@gmail.com,+48411691946,Kraków,do weryf,"2025-11-25",Meta Ads,true,1989-09-28
1520,Filip,Stempel,filip.stempel@gmail.com,+48027952490,Opole,do weryf,"2024-10-12",Newsletter,false,1997-12-09
1543,Dagmara,Dziewior,dagmara.dziewior@onet.pl,+48917506846,Warszawa,"79-642","2026-06-29",Google Ads,false,1967-09-19
1545,Alan,Zieja,alan.zieja@wp.pl,+48064757719,Gdańsk,"52-633","2026-01-12",Meta Ads,false,1978-04-30
1546,Robert,Litwiniuk,robert.litwiniuk@gmail.com,+48547666429,Leszno,"12-982","2025-12-28",Organic,false,1975-02-04
1548,Agnieszka,Fularczyk,agnieszka.fularczyk@gmail.com,+48331251261,Piła,"87-507","2024-12-13",Newsletter,true,1961-11-16
1549,Gabriel,Ciuła,gabriel.ciuła@onet.pl,+48167339194,Warszawa,"35-295","2025-12-16",Meta Ads,true,1995-02-27
1550,Fryderyk,Włodarz,fryderyk.włodarz@gmail.com,+48922217574,Poznań,"56-877","2024-12-18",Meta Ads,false,1966-07-18
1552,Sandra,Trzmiel,sandra.trzmiel@wp.pl,+48478168973,Kraków,"53-812","2026-03-27",Influencer,true,1963-05-01
1553,Aleks,Owczarczak,aleks.owczarczak@interia.pl,+48044803864,Kraków,"31-633","2026-03-10",Referral,true,1979-07-01
1555,Karol,Rozmiarek,karol.rozmiarek@interia.pl,+48683631673,Gorzów Wielkopolski,"61-137","2026-03-11",Google Ads,true,2001-10-13
1556,Ewa,Jaje,ewajaje@gmail.com,+48778671571,Kraków,"28-731","2026-04-29",Google Ads,true,1975-12-03
1557,Kaja,Lipok,kaja.lipok@wp.pl,+48620965511,Częstochowa,"77-263","2025-11-24",Google Ads,true,1959-06-20
1558,Dagmara,Rycerz,dagmara.rycerz@gmail.com,+48477266356,Elbląg,"07-341","2025-01-02",Influencer,false,2004-12-10
918,Wojciech,Stypa,wojciech.stypa@onet.pl,+48431301306,Łódź,do weryf,"2024-10-11",Influencer,false,1967-09-10
1559,Natasza,Świstek,natasza.świstek@gmail.com,+48566869875,Kielce,"78-962","2025-02-03",Meta Ads,false,1991-02-23
1560,Aleksander,Kusa,aleksander.kusa@o2.pl,+48242955355,Wrocław,"33-517","2025-03-26",Organic,true,1988-06-08
1561,Emil,Janasz,emil.janasz@gmail.com,+48744487297,Warszawa,"86-380","2024-11-26",Google Ads,true,1962-08-09
1564,Dawid,Sularz,dawid.sularz@gmail.com,+48185585614,Warszawa,"91-544","2025-07-12",Meta Ads,false,1978-07-17
966,Lidia,Puc,lidia.puc@onet.pl,+48203577590,Łódź,"77-159","2025-02-27",Newsletter,false,1975-04-12
1566,Sonia,Misiurek,sonia.misiurek@o2.pl,+48005880508,Szczecin,"36-766","2024-11-28",Influencer,true,1974-09-15
1567,Kornelia,Małyszek,kornelia.małyszek@gmail.com,+48816207907,Lublin,"34-628","2025-12-12",Meta Ads,true,1999-07-26
155,Klara,Mandrysz,klara.mandrysz@onet.pl,+48071421858,Warszawa,"53-844","2024-12-30",Google Ads,false,1986-01-24
156,Hubert,Zaucha,hubert.zaucha@gmail.com,+48574421433,Gdynia,"83-076","2026-03-19",Google Ads,false,1979-06-12
157,Eliza,Natanek,eliza.natanek@onet.pl,+48536106909,Poznań,"17-900","2025-07-26",Google Ads,false,1999-07-15
159,Adrian,Poreda,adrian.poreda@onet.pl,+48853594489,Kraków,"65-933","2025-05-26",Google Ads,false,2001-08-11
958,Sara,Kalarus,sara.kalarus@onet.pl,+48695459056,Łódź,"95-035","2024-09-11",Organic,false,1966-02-24
959,Patryk,Zastawny,patryk.zastawny@gmail.com,+48474123770,Łódź,"86-214","2026-03-26",Organic,true,1980-08-27
160,Marcel,Sito,marcel.sito@o2.pl,+48189792902,Wrocław,"20-312","2026-04-04",Referral,true,1964-04-27
1568,Błażej,Kacperczyk,błażejkacperczyk@gmail.com,+48430382940,Kraków,"41-447","2025-12-31",Google Ads,true,2002-11-28
1531,Wiktor,Szalast,wiktor.szalast@gmail.com,+48054945283,Zielona Góra,"54-617","2025-11-14",Google Ads,false,1994-03-31
414,Konstanty,Niksa,konstanty.niksa@gmail.com,+48417181582,Toruń,"69-173","2025-07-27",Google Ads,true,1972-09-30
752,Przemysław,Dyrek,przemysław.dyrek@gmail.com,+48135983196,Gorzów Wielkopolski,"80-544","2026-06-09",Organic,false,1980-10-05
754,Mieszko,Kuśnierek,mieszko.kuśnierek@onet.pl,+48468864221,Gorzów Wielkopolski,"31-927","2025-05-15",Google Ads,false,1989-08-20
21,Mariusz,Kolek,mariusz.kolek@onet.pl,+48021480407,Gdańsk,"17-570","2026-05-30",Meta Ads,true,1958-10-10
22,Melania,Mordal,melania.mordal@interia.pl,+48891174862,Opole,"43-687","2024-12-24",Influencer,true,1962-01-27
23,Maks,Czerniakiewicz,maks.czerniakiewicz@gmail.com,+48849500722,Warszawa,"86-964","2025-11-22",Meta Ads,false,1995-05-12
24,Mikołaj,Puła,mikołaj.puła@gmail.com,+48905857777,Kraków,"77-320","2025-05-15",Organic,false,1974-03-26
1532,Krystyna,Piechura,krystyna.piechura@gmail.com,+48702200933,Suwałki,"42-465","2024-09-12",Google Ads,false,1992-06-10
1533,Mikołaj,Toma,mikołaj.toma@gmail.com,+48754900056,Bydgoszcz,"83-189","2025-02-26",Google Ads,false,1988-12-29
1534,Łukasz,Hojka,łukasz.hojka@interia.pl,+48768889388,Gdynia,"52-205","2024-09-11",Meta Ads,false,1988-11-23
1535,Jędrzej,Buszko,jędrzej.buszko@gmail.com,+48568129833,Wrocław,"11-114","2025-06-02",Google Ads,false,1963-12-17
1537,Adrian,Kopiczko,adrian.kopiczko@o2.pl,+48688185064,Białystok,"77-703","2026-08-06",Organic,false,1977-05-05
1540,Ryszard,Augustynek,ryszard.augustynek@gmail.com,+48974968812,Warszawa,"11-425","2026-05-19",Google Ads,false,1975-01-29
1541,Kamila,Westfal,kamila.westfal@o2.pl,+48194290288,Kraków,"49-968","2025-09-03",Influencer,true,1999-11-01
1542,Anita,Dzierwa,anitadzierwa@gmail.com,+48372276536,Gdynia,"03-971","2024-11-16",Organic,false,1956-10-23
1571,Mikołaj,Walus,mikołaj.walus@gmail.com,+48213080579,Zielona Góra,"20-056","2025-10-23",Influencer,false,1967-10-11
1572,Piotr,Gumienna,piotr.gumienna@gmail.com,+48101651109,Wrocław,"34-168","2025-04-20",Meta Ads,false,1993-01-04
1573,Justyna,Fulara,justyna.fulara@o2.pl,+48343979394,Warszawa,"64-042","2026-02-04",Google Ads,false,1978-12-30
1574,Melania,Hewelt,melania.hewelt@gmail.com,+48621644885,Piła,"59-505","2025-02-05",Meta Ads,true,1961-07-22
1581,Marcel,Nieszporek,marcel.nieszporek@onet.pl,+48425318590,Wrocław,"48-605","2025-12-31",Google Ads,true,2004-11-03
1582,Dominik,Grotek,dominik.grotek@wp.pl,+48885140567,Katowice,"42-158","2026-02-28",Meta Ads,false,1957-02-14
1583,Róża,Bela,róża.bela@gmail.com,+48854817187,Poznań,"91-676","2025-07-28",Meta Ads,false,1981-01-10
1584,Cezary,Ziajka,cezary.ziajka@gmail.com,+48487582921,Warszawa,"85-006","2025-11-13",Newsletter,true,1973-01-20
1585,Aleksander,Bacia,aleksander.bacia@gmail.com,+48738850349,Elbląg,"80-974","2025-07-01",Google Ads,false,1979-08-11
1586,Nicole,Babiuch,nicole.babiuch@gmail.com,+48426279384,Warszawa,"28-884","2026-05-15",Newsletter,true,1958-03-05
1587,Ryszard,Wężyk,ryszard.wężyk@gmail.com,+48729940660,Gdańsk,"08-762","2025-08-11",Influencer,false,1959-05-06
1589,Blanka,Strzyż,blanka.strzyż@wp.pl,+48284226450,Warszawa,"03-873","2026-03-10",Meta Ads,true,1966-08-18
1590,Tobiasz,Bidas,tobiasz.bidas@wp.pl,+48711194914,Leszno,"52-292","2025-06-26",Referral,true,1989-11-23
1591,Marcin,Przewoźny,marcin.przewoźny@gmail.com,+48339849167,Gdańsk,"39-503","2025-01-08",Organic,false,1998-01-20
1592,Fabian,Woszczak,fabian.woszczak@gmail.com,+48825026478,Warszawa,"78-135","2025-05-17",Organic,false,1974-08-16
1593,Patryk,Olbrych,patryk.olbrych@gmail.com,+48676298151,Leszno,"48-525","2026-04-13",Meta Ads,false,1966-03-10
1594,Adrianna,Kozieja,adrianna.kozieja@wp.pl,+48805651975,Szczecin,"50-488","2025-01-10",Google Ads,true,1969-10-28
1605,Maks,Gula,maks.gula@interia.pl,+48012038401,Kraków,"75-084","2025-04-11",Newsletter,false,1996-05-02
1606,Kacper,Brzykcy,kacper.brzykcy@gmail.com,+48944750858,Warszawa,"95-678","2026-07-03",Newsletter,true,1980-02-16
1607,Grzegorz,Jakóbiak,grzegorz.jakóbiak@wp.pl,+48331571849,Kielce,"51-047","2026-08-06",Newsletter,false,1960-01-04
1608,Radosław,Górkiewicz,radosław.górkiewicz@gmail.com,+48067519093,Leszno,"76-742","2025-02-17",Google Ads,true,1979-09-17
1610,Daniel,Hajdukiewicz,daniel.hajdukiewicz@gmail.com,+48960394481,Częstochowa,"24-081","2025-12-15",Influencer,false,1995-03-10
1611,Robert,Misiurek,robert.misiurek@gmail.com,+48683644833,Konin,"87-109","2025-07-25",Meta Ads,false,1978-08-02
1612,Kacper,Masiak,kacper.masiak@gmail.com,+48166544757,Gdańsk,"51-120","2024-11-17",Organic,true,1956-04-19
1613,Malwina,Tryka,malwina.tryka@gmail.com,+48995218398,Warszawa,"89-415","2025-12-06",Newsletter,false,2001-08-22
1615,Olgierd,Maciejewicz,olgierd.maciejewicz@gmail.com,+48749069389,Poznań,"87-987","2026-05-12",Meta Ads,false,1992-03-07
1616,Ewa,Ślipek,ewa.ślipek@gmail.com,+48499686677,Warszawa,"39-090","2024-11-16",Meta Ads,false,1962-03-23
1032,Kamil,Pachnik,kamil.pachnik@wp.pl,+48169565295,Łódź,"53-434","2025-05-08",Referral,false,1974-12-15
1617,Bartek,Chomiak,bartek.chomiak@gmail.com,+48498063695,Częstochowa,"15-836","2024-11-30",Referral,false,1956-06-08
1620,Julita,Chomiak,julita.chomiak@wp.pl,+48628149498,Kraków,"12-309","2025-12-13",Meta Ads,true,1996-05-23
1622,Marcin,Jamroz,marcin.jamroz@wp.pl,+48947788097,Bydgoszcz,"90-456","2025-05-14",Referral,false,2006-09-06
1623,Natasza,Krzempek,nataszakrzempek@gmail.com,+48737101743,Suwałki,"58-600","2025-04-13",Google Ads,false,1968-06-15
1624,Gustaw,Trojanek,gustaw.trojanek@wp.pl,+48329225311,Wrocław,"51-053","2025-01-18",Newsletter,true,1973-04-16
1040,Nikodem,Janic,nikodem.janic@gmail.com,+48195440303,Łódź,"69-217","2025-09-22",Newsletter,true,1966-05-25
1625,Paweł,Mieloch,paweł.mieloch@onet.pl,+48225597583,Warszawa,"92-443","2025-08-12",Google Ads,false,2007-07-05
162,Eliza,Cheba,eliza.cheba@gmail.com,+48478437364,Olsztyn,"37-867","2025-02-02",Google Ads,true,1959-10-10
163,Konrad,Kościuszko,konrad.kościuszko@wp.pl,+48736210879,Warszawa,"71-282","2024-11-07",Meta Ads,false,1962-03-25
165,Alan,Huber,alan.huber@gmail.com,+48833978539,Wrocław,"75-158","2026-06-21",Organic,false,1964-09-01
166,Natan,Kwapis,natan.kwapis@gmail.com,+48203859471,Gorzów Wielkopolski,"73-043","2025-10-19",Google Ads,true,1999-05-02
167,Antoni,Sacharczuk,antoni.sacharczuk@gmail.com,+48365797278,Katowice,"06-972","2025-09-30",Organic,true,1989-08-04
450,Ryszard,Ficoń,ryszard.ficoń@interia.pl,+48942400606,Toruń,"89-028","2025-07-17",Meta Ads,false,2000-07-14
474,Nicole,Kumorek,nicole.kumorek@wp.pl,+48506160886,Toruń,"48-162","2026-03-07",Influencer,false,1969-02-11
529,Alex,Hutyra,alexhutyra@gmail.com,+48714699701,Toruń,"95-715","2026-07-19",Influencer,false,1974-08-11
25,Aurelia,Kierat,aurelia.kierat@o2.pl,+48536453971,Gdańsk,"28-159","2024-10-31",Google Ads,true,1990-05-27
27,Leonard,Kaźmierczyk,leonard.kaźmierczyk@gmail.com,+48955525976,Bydgoszcz,"98-286","2025-02-27",Google Ads,false,1986-01-09
28,Marianna,Szylar,marianna.szylar@wp.pl,+48576926167,Bydgoszcz,"72-998","2025-12-26",Meta Ads,false,1996-04-08
31,Fabian,Boba,fabian.boba@gmail.com,+48394004945,Warszawa,"45-007","2026-03-21",Meta Ads,false,1965-03-17
168,Aurelia,Zygmuntowicz,aurelia.zygmuntowicz@gmail.com,+48073785182,Kraków,"84-216","2025-11-29",Organic,false,1996-03-30
169,Urszula,Prygiel,urszula.prygiel@wp.pl,+48678632597,Piła,"82-032","2025-05-10",Meta Ads,false,1981-12-28
1626,Anastazja,Wojtarowicz,anastazja.wojtarowicz@gmail.com,+48120913981,Rzeszów,"75-611","2025-10-23",Meta Ads,false,1994-05-05
1627,Aleks,Janowiak,aleks.janowiak@wp.pl,+48861499588,Kraków,"63-410","2025-11-27",Newsletter,false,1981-05-11
1629,Ada,Płócienniczak,ada.płócienniczak@gmail.com,+48421482647,Elbląg,"92-063","2026-07-05",Newsletter,false,1983-08-06
1597,Ida,Larysz,ida.larysz@gmail.com,+48394541450,Białystok,"60-693","2025-04-09",Organic,false,1967-06-24
1598,Marcin,Judek,marcin.judek@gmail.com,+48040564665,Warszawa,"68-645","2025-11-25",Organic,false,1989-11-24
1601,Radosław,Stempel,radosław.stempel@gmail.com,+48981924245,Lublin,"32-536","2026-03-18",Newsletter,false,1978-04-07
1602,Nicole,Witaszek,nicolewitaszek@onet.pl,+48149047663,Gdynia,"71-079","2024-11-19",Organic,true,2004-03-19
1603,Ida,Froń,ida.froń@interia.pl,+48456949227,Gdańsk,"66-436","2025-02-28",Organic,true,1977-06-26
1618,Rafał,Palica,rafał.palica@o2.pl,+48923475865,Gdańsk,"04-215","2024-12-14",Meta Ads,false,1981-02-03
1631,Urszula,Golonko,urszula.golonko@gmail.com,+48382169485,Leszno,"61-120","2026-07-16",Influencer,false,1981-10-26
1632,Mieszko,Borysiak,mieszko.borysiak@interia.pl,+48594307206,Warszawa,"90-447","2024-09-01",Google Ads,false,1956-09-11
1634,Jerzy,Jędraszczyk,jerzy.jędraszczyk@wp.pl,+48372323952,Częstochowa,"29-602","2025-04-09",Influencer,true,2003-10-11
1635,Natan,Smela,natan.smela@gmail.com,+48259044086,Gdynia,"92-673","2025-07-09",Newsletter,false,1980-06-04
1636,Gustaw,Maślankiewicz,gustaw.maślankiewicz@gmail.com,+48130337797,Olsztyn,"92-400","2025-10-10",Newsletter,false,2006-06-19
1135,Klara,Klepka,klara.klepka@o2.pl,+48899404245,Konin,"08-856","2026-03-27",Organic,false,1983-03-19
1640,Damian,Sajnóg,damian.sajnóg@wp.pl,+48645805860,Kraków,"63-104","2025-12-05",Meta Ads,true,1997-08-26
1641,Anastazja,Kiepura,anastazja.kiepura@gmail.com,+48203254460,Gdynia,"31-215","2026-04-29",Referral,true,1985-02-08
1065,Krzysztof,Majdan,krzysztof.majdan@gmail.com,+48490266848,Łódź,"69-972","2024-12-23",Newsletter,false,1993-09-22
1642,Kacper,Pałyga,kacper.pałyga@wp.pl,+48496700013,Suwałki,"34-366","2025-02-03",Referral,false,1991-06-22
1643,Tymoteusz,Towarek,tymoteusz.towarek@gmail.com,+48069444945,Olsztyn,"65-033","2025-11-12",Meta Ads,false,1998-05-11
1644,Natan,Jambor,natan.jambor@wp.pl,+48971603651,Warszawa,"15-633","2025-11-02",Meta Ads,false,1967-08-11
1645,Melania,Młynarz,melania.młynarz@gmail.com,+48729502560,Gorzów Wielkopolski,"63-265","2025-05-10",Google Ads,false,2008-04-05
1647,Cezary,Ogłaza,cezary.ogłaza@gmail.com,+48877647726,Piła,"20-874","2025-03-12",Organic,false,1992-03-04
1650,Kamil,Łuc,kamil.łuc@wp.pl,+48742792104,Wrocław,"79-625","2024-11-02",Meta Ads,false,1997-01-18
1651,Paweł,Startek,paweł.startek@wp.pl,+48999685977,Gdańsk,"72-043","2025-12-27",Newsletter,false,1982-06-25
1652,Leon,Stiller,leon.stiller@wp.pl,+48461753723,Warszawa,"16-892","2025-12-30",Organic,true,1966-06-25
1653,Olgierd,Szczerbiak,olgierd.szczerbiak@gmail.com,+48505096444,Warszawa,"94-300","2026-07-11",Meta Ads,false,1993-02-16
1654,Dorota,Kobak,dorota.kobak@gmail.com,+48040346298,Opole,"94-892","2026-01-12",Newsletter,false,1960-11-09
1655,Dariusz,Pacholak,dariusz.pacholak@wp.pl,+48493343556,Gdynia,"18-126","2024-10-27",Organic,false,2000-07-27
1656,Monika,Ciochoń,monika.ciochoń@o2.pl,+48670278360,Szczecin,"99-788","2026-05-12",Newsletter,false,1955-12-11
1657,Lidia,Lica,lidia.lica@o2.pl,+48671039174,Warszawa,"37-518","2026-04-20",Influencer,false,1964-09-02
1658,Cezary,Pazdan,cezary.pazdan@o2.pl,+48770176599,Suwałki,"92-773","2025-07-25",Organic,true,1977-08-04
1600,Malwina,Mendyka,malwina.mendyka@gmail.com,+48677206406,Leszno,do weryf,"2024-11-23",Meta Ads,false,1991-11-12
1621,Tymon,Kubanek,tymon.kubanek@gmail.com,+48035566063,Szczecin,do weryf,"2026-03-21",Meta Ads,false,1961-10-07
1084,Maciej,Nazarko,maciej.nazarko@wp.pl,+48268195969,Łódź,"32-532","2025-01-21",Google Ads,false,1984-02-07
1649,Monika,Fitrzyk,monika.fitrzyk@gmail.com,+48558320032,Olsztyn,do weryf,"2024-12-25",Organic,false,2000-03-14
1664,Leon,Witko,leon.witko@gmail.com,+48615360636,Gdańsk,"08-403","2024-12-22",Google Ads,false,1995-11-01
1665,Krystian,Lizurej,krystian.lizurej@wp.pl,+48422614052,Warszawa,"08-647","2025-06-21",Meta Ads,false,2007-07-16
1666,Angelika,Golan,angelika.golan@gmail.com,+48753013214,Gdańsk,"54-412","2025-11-09",Meta Ads,true,2002-07-17
1667,Bianka,Czerniakiewicz,bianka.czerniakiewicz@o2.pl,+48278568685,Gdynia,"39-739","2026-03-09",Google Ads,false,1994-12-16
1098,Józef,Pera,józef.pera@o2.pl,+48566705221,Łódź,"85-884","2024-11-14",Organic,false,1963-07-20
1668,Mieszko,Lorenz,mieszko.lorenz@onet.pl,+48089693538,Warszawa,"36-922","2026-08-06",Google Ads,true,1983-07-27
170,Inga,Wojciech,inga.wojciech@gmail.com,+48510812788,Zielona Góra,"83-980","2026-03-06",Referral,false,1971-08-10
171,Andrzej,Sieczko,andrzej.sieczko@interia.pl,+48467161044,Częstochowa,"88-416","2025-09-20",Meta Ads,true,1971-05-12
173,Karina,Dłubak,karina.dłubak@gmail.com,+48375429722,Warszawa,"27-349","2024-11-18",Meta Ads,false,1987-10-01
174,Jędrzej,Kuźnia,jędrzej.kuźnia@o2.pl,+48717212766,Kielce,"92-327","2025-09-19",Influencer,false,1994-07-05
175,Mieszko,Bełz,mieszko.bełz@gmail.com,+48081893378,Warszawa,"17-779","2026-06-22",Organic,false,1975-03-27
32,Julian,Matejuk,julian.matejuk@gmail.com,+48357460656,Poznań,"85-411","2024-10-17",Meta Ads,false,1959-04-14
755,Andrzej,Brach,andrzej.brach@gmail.com,+48732503848,Gorzów Wielkopolski,"88-907","2025-09-13",Meta Ads,false,1972-08-09
756,Oliwier,Durys,oliwier.durys@gmail.com,+48759872481,Wrocław,"33-554","2025-11-16",Google Ads,false,1993-12-19
758,Apolonia,Kuśnierek,apolonia.kuśnierek@gmail.com,+48483559974,Suwałki,"63-045","2025-08-26",Organic,false,1971-04-22
759,Eryk,Filek,eryk.filek@interia.pl,+48843065843,Rzeszów,"66-085","2025-09-24",Referral,false,2005-11-07
760,Leon,Nijak,leon.nijak@onet.pl,+48423151605,Warszawa,"69-547","2024-12-07",Influencer,false,1955-12-25
766,Wojciech,Jędraszek,wojciech.jędraszek@gmail.com,+48571846334,Warszawa,"30-933","2026-07-18",Organic,true,1969-04-21
176,Melania,Baszak,melania.baszak@interia.pl,+48009124333,Warszawa,"41-248","2025-03-28",Meta Ads,true,1980-04-26
177,Cezary,Olearczyk,cezary.olearczyk@interia.pl,+48431240507,Warszawa,"32-145","2026-05-01",Google Ads,true,1960-09-22
1669,Tymon,Gierat,tymon.gierat@gmail.com,+48088571682,Białystok,"52-457","2025-05-11",Organic,false,1989-09-20
1670,Inga,Zębik,inga.zębik@gmail.com,+48438659592,Warszawa,"80-668","2024-10-14",Meta Ads,false,1979-01-11
1671,Mieszko,Wielgo,mieszko.wielgo@gmail.com,+48615506031,Bydgoszcz,"84-415","2026-03-17",Referral,false,1996-09-09
1672,Emil,Łyskawa,emil.łyskawa@onet.pl,+48071408075,Kraków,"05-551","2025-11-23",Newsletter,false,1973-04-28
1673,Hubert,Mazek,hubert.mazek@gmail.com,+48086990078,Zielona Góra,"70-291","2024-12-06",Influencer,false,1966-12-03
1674,Apolonia,Zaborek,apolonia.zaborek@o2.pl,+48583182588,Kraków,"40-534","2025-08-11",Google Ads,false,1973-08-26
1675,Damian,Karpeta,damian.karpeta@o2.pl,+48223538152,Warszawa,"04-912","2026-01-27",Newsletter,true,1997-10-25
1676,Tola,Bekus,tola.bekus@gmail.com,+48942614256,Częstochowa,"31-853","2026-02-28",Newsletter,false,1996-08-16
1677,Kaja,Soroko,kaja.soroko@wp.pl,+48104756628,Gdynia,"15-750","2025-08-20",Meta Ads,false,1958-10-09
1678,Mariusz,Kuliberda,mariusz.kuliberda@wp.pl,+48372285119,Kraków,"81-520","2025-03-01",Organic,false,1974-05-20
1679,Franciszek,Golisz,franciszek.golisz@gmail.com,+48380922763,Warszawa,"84-964","2026-07-20",Meta Ads,false,1962-03-17
1680,Radosław,Kaczmarkiewicz,radosław.kaczmarkiewicz@o2.pl,+48287036173,Gdańsk,"95-006","2025-12-20",Newsletter,false,1979-08-12
1116,Łukasz,Smutek,łukasz.smutek@wp.pl,+48280118248,Łódź,"89-881","2025-12-07",Newsletter,false,1970-02-20
1681,Marek,Nyc,marek.nyc@wp.pl,+48163693246,Wrocław,"96-596","2025-06-16",Meta Ads,false,1985-07-28
1682,Ewelina,Usarek,ewelina.usarek@wp.pl,+48280624669,Elbląg,"77-240","2025-02-02",Influencer,false,1974-03-01
1683,Ryszard,Pokusa,ryszard.pokusa@gmail.com,+48665881610,Katowice,"92-587","2026-01-07",Referral,false,1991-03-27
1684,Albert,Rosołek,albert.rosołek@interia.pl,+48543473343,Lublin,"95-254","2025-01-24",Google Ads,false,1961-03-04
1659,Andrzej,Warych,andrzejwarych@gmail.com,+48095305228,Białystok,"97-772","2025-11-17",Meta Ads,false,1983-09-01
1660,Olaf,Pazik,olaf.pazik@wp.pl,+48792192741,Leszno,"55-424","2026-08-06",Google Ads,false,2004-04-01
1661,Róża,Sorbian,róża.sorbian@gmail.com,+48323469181,Wrocław,"67-814","2025-09-18",Google Ads,false,1991-10-02
1124,Aleks,Solarczyk,aleks.solarczyk@o2.pl,+48183010412,Łódź,"01-122","2025-09-13",Organic,false,1956-11-12
1662,Antoni,Bartuś,antoni.bartuś@gmail.com,+48928151789,Suwałki,"19-789","2026-05-01",Meta Ads,false,1956-02-14
1663,Eliza,Osiadacz,eliza.osiadacz@wp.pl,+48294781465,Rzeszów,"11-347","2024-11-19",Meta Ads,true,1972-04-12
1685,Eliza,Tolak,eliza.tolak@wp.pl,+48485100326,Wrocław,"25-843","2024-12-15",Newsletter,false,1996-11-09
1686,Agnieszka,Karalus,agnieszka.karalus@wp.pl,+48520863063,Warszawa,"19-729","2025-09-30",Google Ads,false,1978-02-26
1687,Klara,Chachuła,klara.chachuła@wp.pl,+48154863515,Warszawa,"12-064","2025-03-30",Newsletter,true,1978-02-11
1688,Adrian,Teodorowicz,adrian.teodorowicz@o2.pl,+48940587364,Warszawa,"28-457","2025-11-18",Newsletter,false,1959-09-25
1689,Anna Maria,Kościk,anna maria.kościk@wp.pl,+48026522693,Częstochowa,"76-573","2024-11-18",Organic,true,1983-02-06
1692,Urszula,Smolorz,urszula.smolorz@gmail.com,+48945380152,Wrocław,"21-148","2024-09-07",Meta Ads,false,1982-05-27
1693,Ada,Niedbał,ada.niedbał@onet.pl,+48312725113,Elbląg,"59-133","2024-11-12",Google Ads,false,2006-11-26
1694,Ida,Ciuruś,ida.ciuruś@gmail.com,+48847392182,Warszawa,"68-121","2026-06-04",Organic,true,1992-05-27
1695,Agnieszka,Wojtczuk,agnieszka.wojtczuk@gmail.com,+48906422224,Warszawa,"05-765","2026-05-24",Google Ads,false,1963-11-28
1696,Melania,Rudowicz,melania.rudowicz@gmail.com,+48041864830,Kraków,"16-617","2025-01-24",Meta Ads,false,2000-10-08
1697,Kamil,Łapacz,kamil.łapacz@wp.pl,+48350773336,Warszawa,"48-586","2026-02-11",Google Ads,false,1970-12-11
1699,Mariusz,Kojder,mariusz.kojder@o2.pl,+48503599239,Gdańsk,"38-498","2026-07-18",Meta Ads,false,1957-01-28
1700,Julian,Garczarek,julian.garczarek@wp.pl,+48545350337,Kraków,"76-432","2025-05-30",Organic,true,1958-03-04
1701,Norbert,Golonko,norbert.golonko@onet.pl,+48352349043,Rzeszów,"37-221","2025-12-12",Google Ads,false,1965-04-19
1702,Marika,Borczyk,marika.borczyk@o2.pl,+48535877111,Kielce,"16-561","2024-10-08",Influencer,true,1974-01-27
1703,Aleksander,Grycz,aleksander.grycz@gmail.com,+48487273068,Warszawa,"62-587","2025-05-02",Meta Ads,false,1972-01-04
1704,Aniela,Gładka,aniela.gładka@gmail.com,+48569727123,Warszawa,"44-801","2026-07-05",Meta Ads,false,1975-08-05
1159,Krystyna,Sobisz,krystyna.sobisz@gmail.com,+48140941822,Łódź,"35-145","2026-01-23",Meta Ads,false,2005-08-03
1705,Adrian,Stupak,adrian.stupak@gmail.com,+48700156562,Warszawa,"18-517","2025-10-27",Organic,false,1989-04-30
1161,Natan,Czerner,natan.czerner@onet.pl,+48866041614,Łódź,"57-052","2024-11-11",Organic,false,1962-06-28
1163,Dawid,Rejmer,dawid.rejmer@gmail.com,+48217840169,Łódź,"51-184","2024-12-05",Meta Ads,false,1992-12-10
1707,Arkadiusz,Strzyż,arkadiusz.strzyż@wp.pl,+48202504538,Radom,"80-681","2024-11-07",Meta Ads,false,1988-08-24
1708,Tobiasz,Warchał,tobiasz.warchał@gmail.com,+48449745286,Poznań,"51-348","2025-12-07",Organic,false,1984-04-08
1709,Sara,Łupina,sara.łupina@onet.pl,+48121111525,Kraków,"36-662","2025-11-11",Meta Ads,false,1960-04-14
604,Ksawery,Grotek,ksawerygrotek@gmail.com,+48152944358,Toruń,"08-256","2025-07-12",Referral,false,1957-05-07
607,Antoni,Dybiec,antonidybiec@gmail.com,+48018122260,Toruń,"48-501","2026-03-15",Organic,true,1987-01-30
712,Aleksander,Gmurczyk,aleksander.gmurczyk@o2.pl,+48713945648,Warszawa,do weryf,"2025-12-25",Influencer,false,1962-02-15
763,Justyna,Koperek,justyna.koperek@wp.pl,+48196750133,Elbląg,do weryf,"2024-11-15",Google Ads,false,1991-12-16
774,Kamila,Stranc,kamila.stranc@gmail.com,+48556169997,Kraków,"70-303","2025-05-23",Organic,false,2006-06-26
775,Julian,Babij,julian.babij@gmail.com,+48633851934,Wrocław,"87-909","2025-05-28",Google Ads,true,2004-01-18
776,Mariusz,Godyń,mariusz.godyń@onet.pl,+48657296614,Leszno,"71-896","2026-03-24",Meta Ads,false,1985-01-05
86,Anna Maria,Wdowczyk,anna maria.wdowczyk@wp.pl,+48285588556,Łódź,"85-345","2024-11-04",Google Ads,false,2002-01-17
777,Marcel,Kargol,marcel.kargol@o2.pl,+48418469812,Warszawa,"01-587","2025-07-26",Newsletter,true,1987-03-21
778,Julita,Łasica,julita.łasica@interia.pl,+48960134177,Radom,"11-313","2024-12-30",Meta Ads,true,1966-09-23
178,Aleks,Biernacik,aleks.biernacik@gmail.com,+48139186078,Warszawa,"79-429","2026-02-20",Google Ads,false,1968-10-02
179,Damian,Dąbroś,damian.dąbroś@wp.pl,+48447635732,Lublin,"42-957","2025-02-27",Meta Ads,true,1986-03-19
181,Ida,Tekieli,ida.tekieli@gmail.com,+48864107974,Leszno,"64-901","2024-11-04",Meta Ads,true,1971-12-13
183,Tadeusz,Wacławczyk,tadeusz.wacławczyk@o2.pl,+48016824894,Gdynia,"75-362","2024-12-14",Meta Ads,true,1958-03-04
184,Ryszard,Karaśkiewicz,ryszard.karaśkiewicz@gmail.com,+48640944335,Gdynia,"77-904","2025-05-19",Organic,false,2000-04-07
185,Natasza,Lesiewicz,natasza.lesiewicz@gmail.com,+48275856765,Warszawa,"69-009","2025-09-03",Google Ads,false,2000-06-30
186,Kornelia,Janke,kornelia.janke@gmail.com,+48828893696,Warszawa,"34-745","2026-01-22",Meta Ads,false,1974-12-25
187,Olga,Zaraś,olga.zaraś@o2.pl,+48430220422,Gdańsk,"06-411","2024-11-07",Referral,false,1958-04-22
1711,Fabian,Zubowicz,fabian.zubowicz@gmail.com,+48658552860,Kraków,"83-127","2026-07-20",Influencer,true,1989-09-21
1712,Karol,Hennig,karol.hennig@wp.pl,+48138792746,Zielona Góra,"80-555","2024-09-29",Newsletter,true,1986-03-03
1714,Nela,Kubieniec,nela.kubieniec@wp.pl,+48526277162,Warszawa,"03-124","2026-06-13",Google Ads,true,1990-06-26
1715,Ewelina,Skotarczak,ewelina.skotarczak@interia.pl,+48849901863,Opole,"03-282","2025-03-04",Referral,false,1997-04-17
1716,Andrzej,Dąbkiewicz,andrzej.dąbkiewicz@gmail.com,+48304446065,Gdańsk,"91-860","2025-02-19",Google Ads,false,2002-08-23
1717,Sara,Goś,sara.goś@gmail.com,+48127791427,Warszawa,"69-622","2025-09-03",Google Ads,false,1972-07-30
1718,Julianna,Hermanowicz,julianna.hermanowicz@gmail.com,+48892018270,Wrocław,"63-883","2026-03-14",Organic,true,2005-02-02
1719,Cyprian,Pawliczak,cyprian.pawliczak@o2.pl,+48290913772,Warszawa,"24-425","2024-11-02",Google Ads,false,1956-11-13
1720,Liwia,Sularz,liwia.sularz@onet.pl,+48568097400,Olsztyn,"49-264","2026-06-10",Google Ads,false,1960-06-02
1721,Oskar,Ćwirko,oskar.ćwirko@gmail.com,+48917476020,Warszawa,"22-293","2026-03-02",Google Ads,true,1963-03-25
1729,Ernest,Kandziora,ernest.kandziora@onet.pl,+48682178146,Poznań,"35-063","2025-06-14",Newsletter,false,1972-06-19
1732,Julianna,Rajch,julianna.rajch@wp.pl,+48407604918,Warszawa,"13-253","2025-04-13",Newsletter,false,1996-01-13
1733,Hubert,Wlaźlak,hubert.wlaźlak@gmail.com,+48894109502,Lublin,"73-417","2024-10-21",Influencer,false,1979-03-26
1734,Nela,Kopciuch,nela.kopciuch@gmail.com,+48474828590,Opole,"19-383","2025-12-16",Google Ads,true,1984-03-28
1735,Alan,Fronia,alan.fronia@gmail.com,+48396024636,Poznań,"32-551","2025-06-12",Google Ads,false,2006-01-31
1736,Dagmara,Żelazek,dagmara.żelazek@gmail.com,+48782433657,Poznań,"06-002","2024-12-04",Referral,false,1998-08-31
1737,Aleks,Bisaga,aleks.bisaga@onet.pl,+48824201942,Warszawa,"22-001","2026-03-14",Google Ads,false,1958-10-13
1738,Karina,Leszczuk,karina.leszczuk@onet.pl,+48283871839,Warszawa,"77-257","2026-03-02",Influencer,false,2000-02-02
1739,Fryderyk,Wojtaszczyk,fryderyk.wojtaszczyk@gmail.com,+48245433987,Lublin,"81-218","2025-08-08",Meta Ads,false,1986-08-11
1742,Marcel,Borzych,marcel.borzych@o2.pl,+48778746114,Wrocław,"18-743","2025-03-11",Meta Ads,false,1985-02-01
1743,Konstanty,Majzner,konstanty.majzner@gmail.com,+48847597535,Warszawa,"56-216","2025-01-20",Organic,false,1987-12-13
1744,Alex,Związek,alex.związek@onet.pl,+48389515547,Kraków,"88-969","2026-01-23",Meta Ads,false,1973-10-03
1747,Kornel,Oleszko,kornel.oleszko@o2.pl,+48388565137,Leszno,"89-137","2024-09-19",Meta Ads,false,1989-11-09
1748,Jakub,Heleniak,jakub.heleniak@gmail.com,+48632368518,Poznań,"61-005","2024-11-13",Newsletter,false,2003-05-17
1749,Tymoteusz,Trzyna,tymoteusz.trzyna@gmail.com,+48591779158,Leszno,"72-917","2024-10-01",Organic,true,1992-07-05
1750,Marika,Irla,marika.irla@gmail.com,+48765900762,Radom,"51-552","2026-08-06",Meta Ads,true,1959-11-23
1751,Igor,Głuszko,igor.głuszko@gmail.com,+48220275167,Suwałki,"04-914","2025-03-15",Google Ads,true,1999-09-12
1752,Sara,Kretek,sara.kretek@gmail.com,+48807054830,Warszawa,"16-362","2024-11-16",Newsletter,false,2007-02-11
1753,Albert,Broniarek,albert.broniarek@onet.pl,+48290122970,Szczecin,"77-367","2025-01-11",Google Ads,false,1976-02-04
1726,Kazimierz,Ryczko,kazimierz.ryczko@wp.pl,+48101759371,Warszawa,"49-965","2026-03-26",Meta Ads,false,1999-06-20
1727,Ignacy,Wesoły,ignacy.wesoły@onet.pl,+48984009762,Gdynia,"26-246","2026-07-04",Referral,false,1995-06-17
1728,Julianna,Gumieniak,juliannagumieniak@interia.pl,+48517691717,Wrocław,"64-521","2024-11-29",Google Ads,false,1995-06-22
1754,Mateusz,Tomaszczyk,mateusz.tomaszczyk@o2.pl,+48769223341,Warszawa,"60-380","2026-06-16",Meta Ads,true,2005-03-20
1756,Konstanty,Kornek,konstanty.kornek@gmail.com,+48415694430,Leszno,"91-367","2025-05-25",Meta Ads,false,1965-09-29
1757,Emil,Pietrewicz,emil.pietrewicz@gmail.com,+48016187643,Warszawa,"92-227","2026-05-12",Google Ads,true,1968-01-04
667,Ksawery,Gabara,ksawery.gabara@gmail.com,+48363905638,Toruń,"91-420","2024-09-24",Meta Ads,false,1971-04-01
779,Mieszko,Leszkiewicz,mieszko.leszkiewicz@gmail.com,+48865162969,Poznań,"53-928","2025-02-06",Organic,false,1989-10-30
782,Nicole,Cichos,nicole.cichos@gmail.com,+48726165777,Poznań,"07-872","2025-11-09",Organic,true,1995-05-27
783,Krystyna,Bartoszak,krystyna.bartoszak@gmail.com,+48403275193,Kraków,"83-563","2025-10-15",Meta Ads,true,1959-06-22
784,Krzysztof,Roczniak,krzysztof.roczniak@gmail.com,+48923682123,Konin,"13-203","2025-12-30",Meta Ads,true,1994-01-19
767,Tobiasz,Kosałka,tobiasz.kosałka@gmail.com,+48143091177,Warszawa,"81-415","2025-05-10",Google Ads,false,1978-07-18
99,Borys,Łaś,borys.łaś@o2.pl,+48706566088,Łódź,"58-906","2026-06-04",Meta Ads,false,1974-02-14
100,Szymon,Sołek,szymon.sołek@wp.pl,+48334600602,Łódź,"07-406","2024-09-02",Referral,true,1982-03-15
768,Kacper,Rubacha,kacper.rubacha@gmail.com,+48180824837,Warszawa,"87-122","2024-11-22",Organic,false,1983-12-10
1219,Robert,Makaruk,robert.makaruk@gmail.com,+48608206268,Łódź,"81-485","2024-10-21",Newsletter,false,1986-03-28
1758,Anastazja,Sip,anastazja.sip@interia.pl,+48223659563,Gdańsk,"05-288","2025-05-10",Newsletter,false,1981-09-18
1760,Kamil,Dietrich,kamil.dietrich@o2.pl,+48225918483,Elbląg,"36-583","2024-12-25",Meta Ads,true,1982-02-10
1761,Alan,Zaborek,alan.zaborek@wp.pl,+48823288069,Warszawa,"25-676","2025-05-01",Google Ads,false,1994-10-02
1762,Sylwia,Nikel,sylwia.nikel@wp.pl,+48675654182,Konin,"09-603","2025-03-26",Organic,true,1962-05-23
1763,Wiktor,Jonczyk,wiktor.jonczyk@wp.pl,+48753484043,Gdańsk,"34-956","2025-12-17",Influencer,false,1985-10-19
1764,Olaf,Tyma,olaf.tyma@gmail.com,+48061487436,Warszawa,"67-747","2025-03-24",Organic,false,1997-01-20
189,Ernest,Korek,ernest.korek@gmail.com,+48866662895,Szczecin,"58-783","2025-08-25",Newsletter,false,1984-09-26
190,Ignacy,Błądek,ignacy.błądek@wp.pl,+48411997569,Radom,"13-404","2025-10-18",Google Ads,false,1975-05-17
191,Natan,Kozdroń,natan.kozdroń@wp.pl,+48483595454,Wrocław,"47-774","2026-03-01",Meta Ads,false,1963-03-29
192,Apolonia,Gryka,apolonia.gryka@wp.pl,+48811524769,Katowice,"65-042","2024-12-26",Meta Ads,false,1957-12-30
147,Aniela,Fedorczyk,aniela.fedorczyk@o2.pl,+48169571835,Gorzów Wielkopolski,do weryf,"2026-05-02",Influencer,true,2008-06-14
1765,Eryk,Dytrych,eryk.dytrych@wp.pl,+48901356124,Częstochowa,"87-024","2025-10-15",Meta Ads,false,2008-03-03
1767,Agnieszka,Borczyk,agnieszka.borczyk@gmail.com,+48989583479,Warszawa,"55-657","2024-12-16",Newsletter,false,1991-04-09
1768,Mikołaj,Choina,mikołaj.choina@o2.pl,+48273835181,Konin,"42-443","2025-06-12",Meta Ads,true,2000-05-06
1769,Kalina,Buszka,kalina.buszka@onet.pl,+48324380563,Kraków,"16-697","2026-06-23",Organic,true,1983-01-24
1770,Anastazja,Paprotny,anastazja.paprotny@wp.pl,+48510293388,Gdynia,"67-778","2025-05-17",Influencer,false,1957-11-24
1772,Adrianna,Klatka,adrianna.klatka@gmail.com,+48701926870,Białystok,"01-402","2025-02-07",Newsletter,false,1965-11-28
1773,Maksymilian,Boguś,maksymilian.boguś@gmail.com,+48805248092,Olsztyn,"74-828","2024-11-07",Newsletter,false,1956-12-09
1774,Artur,Tuzimek,artur.tuzimek@gmail.com,+48796332905,Radom,"55-981","2024-10-17",Meta Ads,false,1959-07-17
1243,Krzysztof,Bałazy,krzysztof.bałazy@wp.pl,+48073244203,Łódź,"53-101","2026-02-14",Google Ads,true,1983-06-08
1775,Witold,Kubisz,witold.kubisz@gmail.com,+48096685072,Warszawa,"22-338","2025-03-01",Google Ads,false,1972-01-25
1245,Eryk,Tecław,eryk.tecław@onet.pl,+48898089546,Łódź,"04-635","2024-10-30",Meta Ads,false,1960-06-19
1776,Patryk,Faryna,patryk.faryna@gmail.com,+48192366657,Kraków,"62-443","2024-11-20",Google Ads,false,1998-06-04
1779,Cyprian,Ogrodowicz,cyprian.ogrodowicz@gmail.com,+48797969586,Olsztyn,"07-842","2024-09-20",Organic,true,1973-04-10
1780,Marek,Kupidura,marek.kupidura@gmail.com,+48390471288,Białystok,"77-635","2025-10-26",Google Ads,true,1978-11-02
1250,Daniel,Żołądź,daniel.żołądź@onet.pl,+48739864970,Łódź,"38-479","2025-08-18",Meta Ads,true,1990-08-08
1781,Patryk,Mętel,patryk.mętel@wp.pl,+48005703746,Opole,"58-593","2025-05-30",Google Ads,false,1962-03-18
1782,Stanisław,Kuciel,stanisław.kuciel@wp.pl,+48125076593,Gdańsk,"49-321","2025-09-20",Influencer,false,2002-10-09
1783,Wiktor,Bruś,wiktor.bruś@gmail.com,+48200974633,Szczecin,"17-064","2025-10-31",Organic,true,2004-04-23
1766,Ewelina,Pasich,ewelina.pasich@gmail.com,+48541431995,Radom,do weryf,"2024-10-10",Organic,false,1985-04-13
1777,Tola,Skomra,tolaskomra@o2.pl,+48244950835,Rzeszów,do weryf,"2024-12-11",Newsletter,true,1973-04-24
1784,Sara,Bakun,sara.bakun@gmail.com,+48369000177,Kraków,do weryf,"2025-03-09",Organic,false,1988-10-13
1792,Tola,Graboń,tola.graboń@gmail.com,+48577142314,Gdańsk,"25-927","2025-10-25",Organic,false,1985-12-22
1793,Apolonia,Cybul,apolonia.cybul@onet.pl,+48601099376,Zielona Góra,"46-432","2025-04-10",Newsletter,false,1981-02-09
1799,Tymon,Żbik,tymon.żbik@onet.pl,+48469444198,Lublin,"31-520","2026-03-04",Google Ads,false,1999-01-05
1800,Melania,Sarota,melania.sarota@gmail.com,+48116950414,Kielce,"07-433","2025-11-26",Organic,false,1973-10-25
1801,Ksawery,Działa,ksawery.działa@onet.pl,+48202648506,Wrocław,"26-805","2024-11-27",Organic,false,1959-03-22
1802,Rafał,Grund,rafał.grund@gmail.com,+48787613262,Olsztyn,"61-712","2025-10-10",Organic,false,1992-04-06
1803,Roksana,Kryk,roksana.kryk@gmail.com,+48457762424,Kielce,"89-340","2025-12-29",Meta Ads,false,2000-10-02
1805,Miłosz,Wyrobek,miłosz.wyrobek@o2.pl,+48868639004,Kielce,"59-898","2025-11-05",Organic,true,1997-06-03
1806,Maciej,Drobniak,maciej.drobniak@o2.pl,+48553623366,Gdańsk,"29-943","2024-11-16",Google Ads,false,1955-10-16
1269,Ksawery,Janczura,ksawery.janczura@gmail.com,+48541680957,Łódź,"71-041","2025-11-27",Organic,false,2006-11-16
1807,Artur,Kurz,artur.kurz@wp.pl,+48497723511,Gdańsk,"30-478","2025-12-01",Google Ads,false,1988-08-30
1809,Kornel,Zawartka,kornel.zawartka@gmail.com,+48917995232,Warszawa,"95-385","2024-09-04",Referral,true,1966-06-23
757,Szymon,Kacperczyk,szymon.kacperczyk@gmail.com,+48445713523,Toruń,"99-384","2025-10-20",Organic,true,1982-11-08
769,Wiktor,Laszkiewicz,wiktor.laszkiewicz@gmail.com,+48705725910,Wrocław,"96-600","2025-09-29",Meta Ads,false,1958-01-03
771,Emil,Fronczyk,emil.fronczyk@gmail.com,+48499601011,Gdańsk,"12-289","2026-06-05",Meta Ads,true,1996-02-26
772,Monika,Baumgart,monika.baumgart@wp.pl,+48614319396,Kraków,"51-842","2024-12-03",Google Ads,false,1990-08-12
785,Ada,Folta,ada.folta@wp.pl,+48402093183,Białystok,"46-132","2026-06-12",Google Ads,false,1991-03-05
787,Eryk,Pianka,eryk.pianka@gmail.com,+48045588789,Warszawa,"63-462","2026-07-23",Google Ads,false,1972-12-30
1810,Daniel,Sobolak,daniel.sobolak@onet.pl,+48340071903,Warszawa,"01-372","2025-06-16",Newsletter,false,1956-02-13
1811,Maurycy,Glapiak,maurycy.glapiak@gmail.com,+48027210892,Katowice,"72-118","2025-04-06",Meta Ads,false,1963-02-21
1814,Tymoteusz,Simon,tymoteusz.simon@gmail.com,+48832126320,Poznań,"34-737","2025-11-14",Meta Ads,false,1964-10-30
1815,Bianka,Mrozowicz,bianka.mrozowicz@gmail.com,+48515418237,Gdańsk,"23-201","2026-06-03",Meta Ads,true,1956-09-25
1816,Błażej,Smętek,błażej.smętek@gmail.com,+48920772481,Kielce,"03-852","2026-03-11",Meta Ads,true,1991-07-02
1817,Fryderyk,Rompa,fryderyk.rompa@interia.pl,+48989267980,Białystok,"15-347","2026-06-19",Meta Ads,false,2005-03-18
1785,Wiktor,Dziedzina,wiktor.dziedzina@onet.pl,+48776651856,Wrocław,"87-058","2025-03-23",Organic,false,1985-03-27
1786,Gustaw,Pazoła,gustaw.pazoła@gmail.com,+48119779509,Poznań,"49-412","2026-01-04",Google Ads,true,1960-09-03
1788,Mateusz,Fal,mateusz.fal@onet.pl,+48980012904,Białystok,"50-476","2024-12-13",Newsletter,false,1997-09-27
1288,Urszula,Rozum,urszula.rozum@wp.pl,+48685722692,Łódź,"90-379","2026-06-28",Google Ads,true,1984-12-04
1790,Szymon,Karnas,szymon.karnas@wp.pl,+48563607991,Kraków,"67-337","2026-05-05",Google Ads,false,1986-10-01
1791,Dominik,Jędrusiak,dominik.jędrusiak@gmail.com,+48449109599,Zielona Góra,"02-610","2025-04-24",Referral,false,1993-05-26
1822,Alex,Pierzak,alex.pierzak@wp.pl,+48482865228,Kraków,"55-652","2026-04-26",Organic,false,1968-07-22
1292,Tola,Bartoszczyk,tola.bartoszczyk@gmail.com,+48116656864,Łódź,"37-427","2024-11-06",Meta Ads,false,1992-05-08
1823,Aleksander,Fuławka,aleksander.fuławka@wp.pl,+48114752524,Kraków,"79-602","2025-02-08",Referral,false,1965-08-13
1825,Konstanty,Jeżyna,konstanty.jeżyna@o2.pl,+48057262749,Warszawa,"17-872","2025-11-16",Google Ads,false,1982-07-14
1303,Justyna,Gubernat,justyna.gubernat@wp.pl,+48243028959,Łódź,"43-632","2026-06-01",Google Ads,false,1998-04-08
208,Malwina,Okła,malwina.okła@gmail.com,+48944510583,Elbląg,"49-322","2026-03-05",Influencer,false,2006-04-20
209,Róża,Słupik,róża.słupik@gmail.com,+48111227834,Wrocław,"44-560","2025-08-15",Organic,false,1974-05-16
211,Konstanty,Jachna,konstanty.jachna@gmail.com,+48118191747,Gdańsk,"39-231","2025-02-27",Meta Ads,false,2005-06-30
213,Marika,Zaucha,marika.zaucha@o2.pl,+48358283230,Szczecin,"62-358","2026-05-13",Google Ads,false,1985-04-20
214,Jacek,Puła,jacek.puła@wp.pl,+48312992482,Wrocław,"16-588","2026-05-20",Meta Ads,false,1991-06-16
215,Fryderyk,Szumna,fryderyk.szumna@gmail.com,+48862514568,Bydgoszcz,"51-839","2025-12-14",Newsletter,false,1973-11-20
1826,Janina,Gaś,janina.gaś@gmail.com,+48674118923,Warszawa,"63-215","2026-03-07",Referral,false,1994-02-21
1827,Natasza,Siedlik,natasza.siedlik@wp.pl,+48738974519,Białystok,"85-630","2024-11-19",Google Ads,false,1959-01-12
1828,Apolonia,Bąkiewicz,apolonia.bąkiewicz@onet.pl,+48315339065,Warszawa,"97-904","2024-12-01",Organic,true,1989-10-13
1829,Apolonia,Pleśniak,apolonia.pleśniak@gmail.com,+48239879468,Katowice,"64-532","2026-02-13",Organic,false,1980-03-14
1830,Kazimierz,Kamieniak,kazimierz.kamieniak@o2.pl,+48670938547,Katowice,"48-539","2024-09-10",Organic,false,1992-05-28
1832,Janina,Foremniak,janina.foremniak@gmail.com,+48139175490,Wrocław,"05-213","2024-09-07",Meta Ads,false,1967-03-25
1834,Kaja,Kobel,kaja.kobel@onet.pl,+48696998391,Leszno,"49-586","2025-05-23",Google Ads,false,1963-12-05
1836,Karol,Erdmann,karolerdmann@onet.pl,+48315560569,Bydgoszcz,"57-532","2025-12-10",Newsletter,false,1974-03-25
1840,Sara,Duszkiewicz,sara.duszkiewicz@wp.pl,+48365642886,Radom,"34-661","2025-11-29",Meta Ads,false,1959-08-14
1841,Karol,Gumienny,karol.gumienny@gmail.com,+48842289228,Poznań,"65-526","2025-09-10",Google Ads,false,1984-07-26
1842,Maksymilian,Martyn,maksymilian.martyn@o2.pl,+48360316056,Częstochowa,"36-949","2026-01-07",Meta Ads,false,1967-08-31
1843,Ignacy,Cabała,ignacy.cabała@o2.pl,+48588236661,Kraków,"47-040","2025-09-08",Organic,false,1984-07-14
1844,Józef,Pazera,józef.pazera@onet.pl,+48176244414,Bydgoszcz,"87-338","2025-06-26",Google Ads,false,1968-11-05
1311,Justyna,Walasik,justyna.walasik@gmail.com,+48628475902,Łódź,"28-951","2025-07-03",Newsletter,false,1987-11-24
1846,Inga,Kasica,inga.kasica@onet.pl,+48624286908,Rzeszów,"02-789","2024-09-12",Meta Ads,false,1971-06-20
1847,Mieszko,Pawlos,mieszko.pawlos@wp.pl,+48195940071,Warszawa,"52-969","2025-04-30",Meta Ads,true,1977-02-06
1794,Sara,Lisik,sara.lisik@wp.pl,+48229813001,Zielona Góra,do weryf,"2024-11-03",Google Ads,false,1997-11-02
1795,Stanisław,Szymańczyk,stanisław.szymańczyk@gmail.com,+48658083911,Poznań,do weryf,"2025-11-19",Referral,false,1978-09-11
1854,Aniela,Piotrkowicz,aniela.piotrkowicz@gmail.com,+48945880818,Olsztyn,"72-031","2024-09-19",Meta Ads,false,1975-06-15
1855,Aurelia,Czerniakiewicz,aurelia.czerniakiewicz@wp.pl,+48656685909,Warszawa,"17-313","2024-10-29",Google Ads,false,2005-08-05
1856,Mateusz,Wietecha,mateusz.wietecha@wp.pl,+48187482336,Suwałki,"85-855","2025-09-12",Google Ads,false,1974-05-23
1859,Filip,Gajzler,filip.gajzler@gmail.com,+48327501235,Leszno,"20-976","2024-10-18",Google Ads,false,2008-04-16
1862,Ewelina,Bembenek,ewelina.bembenek@interia.pl,+48584981446,Kraków,"25-487","2026-04-30",Newsletter,false,1961-05-09
1863,Nicole,Dulas,nicole.dulas@onet.pl,+48448619440,Kraków,"82-917","2025-11-29",Influencer,false,1971-09-28
1864,Alan,Piłka,alan.piłka@o2.pl,+48331519355,Kraków,"87-567","2025-11-10",Organic,false,1965-01-03
1865,Marika,Hejduk,marika.hejduk@interia.pl,+48779919973,Kraków,"24-204","2024-09-14",Google Ads,false,1959-04-12
1866,Ernest,Kosno,ernest.kosno@gmail.com,+48014383574,Piła,"27-239","2026-04-12",Organic,false,1971-01-09
773,Lidia,Stosio,lidia.stosio@o2.pl,+48107393899,Toruń,"69-226","2025-02-27",Meta Ads,false,1962-10-28
792,Kornel,Nazarko,kornel.nazarko@gmail.com,+48945356990,Szczecin,"62-474","2026-07-13",Google Ads,false,1979-03-14
793,Norbert,Kleban,norbert.kleban@wp.pl,+48104148791,Lublin,"71-112","2026-04-15",Meta Ads,false,1964-11-28
795,Julita,Polaszek,julita.polaszek@wp.pl,+48459354383,Białystok,"34-752","2026-07-10",Google Ads,false,2002-07-28
796,Igor,Woźniczko,igor.woźniczko@onet.pl,+48492759629,Gdańsk,"10-914","2025-06-17",Google Ads,false,1956-07-31
798,Olga,Mandrysz,olga.mandrysz@gmail.com,+48992369295,Warszawa,"76-218","2025-06-18",Meta Ads,false,2003-08-19
800,Natasza,Kala,natasza.kala@gmail.com,+48067195632,Kielce,"20-375","2025-10-23",Meta Ads,false,1976-05-25
801,Julianna,Kosak,julianna.kosak@o2.pl,+48343401029,Leszno,"38-138","2025-04-15",Meta Ads,true,1980-03-23
1867,Anna Maria,Miśko,anna maria.miśko@o2.pl,+48350843660,Poznań,"59-059","2026-03-13",Google Ads,false,1975-02-18
1869,Kamila,Szczerbiak,kamila.szczerbiak@interia.pl,+48056263988,Kraków,"15-133","2025-12-04",Google Ads,false,1984-01-11
1870,Malwina,Katana,malwina.katana@o2.pl,+48306927529,Wrocław,"09-399","2024-12-28",Meta Ads,false,2006-03-20
1871,Gabriel,Zatoń,gabriel.zatoń@gmail.com,+48667439966,Piła,"27-318","2024-10-16",Newsletter,false,1978-07-02
1872,Lidia,Szuta,lidia.szuta@gmail.com,+48054352008,Warszawa,"78-589","2024-12-01",Organic,false,2005-05-16
1873,Julianna,Naczk,julianna.naczk@gmail.com,+48763864620,Warszawa,"65-734","2024-12-17",Meta Ads,true,1991-11-22
1874,Jacek,Danisz,jacek.danisz@gmail.com,+48102052055,Leszno,"01-147","2025-04-27",Organic,false,1979-03-21
1875,Blanka,Węgrzynek,blanka.węgrzynek@gmail.com,+48338654879,Kraków,"32-539","2025-06-13",Newsletter,false,1973-01-10
1876,Nicole,Doliwa,nicole.doliwa@gmail.com,+48517815753,Suwałki,"63-472","2025-09-19",Google Ads,false,1980-02-13
1877,Maciej,Wojtarowicz,maciej.wojtarowicz@wp.pl,+48461156836,Kraków,"12-295","2025-08-01",Organic,false,1989-11-06
1878,Agnieszka,Wysota,agnieszka.wysota@gmail.com,+48860683575,Gorzów Wielkopolski,"90-863","2025-02-23",Meta Ads,false,1993-04-24
1849,Ida,Krenc,ida.krenc@o2.pl,+48729430174,Warszawa,"20-887","2026-05-19",Meta Ads,false,1976-08-30
1850,Olaf,Kuziora,olaf.kuziora@interia.pl,+48053073268,Warszawa,"96-215","2025-04-12",Google Ads,false,1980-09-27
1852,Marcelina,Ignatiuk,marcelina.ignatiuk@wp.pl,+48740922101,Opole,"11-321","2026-04-26",Meta Ads,false,2000-06-03
1879,Radosław,Palak,radosław.palak@wp.pl,+48423862625,Kraków,"79-844","2024-09-28",Meta Ads,true,1998-07-11
1352,Gabriel,Koniecko,gabriel.koniecko@gmail.com,+48818691193,Łódź,"81-024","2025-08-18",Newsletter,false,1971-02-18
216,Tymon,Pietrak,tymon.pietrak@interia.pl,+48935142413,Kraków,"06-295","2026-04-20",Organic,false,2006-03-24
218,Malwina,Połom,malwina.połom@wp.pl,+48752101110,Kraków,"26-848","2026-05-14",Google Ads,true,1984-02-21
193,Sebastian,Feliniak,sebastian.feliniak@wp.pl,+48739686003,Gdynia,"43-824","2026-03-26",Organic,false,1980-09-14
194,Agnieszka,Szurek,agnieszkaszurek@gmail.com,+48128653319,Gdańsk,"78-915","2025-12-29",Newsletter,false,1982-12-01
197,Ewelina,Mikołajewicz,ewelina.mikołajewicz@wp.pl,+48080091892,Suwałki,"91-577","2025-06-23",Google Ads,true,1971-06-26
199,Urszula,Han,urszula.han@gmail.com,+48686274847,Wrocław,"40-816","2025-12-09",Newsletter,false,2003-03-26
200,Szymon,Niksa,szymon.niksa@o2.pl,+48048124481,Szczecin,"61-272","2025-09-30",Google Ads,false,2006-11-07
1889,Marcelina,Czubaszek,marcelina.czubaszek@gmail.com,+48023122484,Gdańsk,"44-764","2024-12-06",Google Ads,true,1976-10-04
1890,Eryk,Pilich,eryk.pilich@interia.pl,+48338868294,Konin,"05-011","2025-06-20",Meta Ads,true,1968-11-16
1891,Łukasz,Loska,łukasz.loska@onet.pl,+48356449797,Częstochowa,"86-767","2024-10-09",Meta Ads,true,1980-03-14
1892,Marcelina,Gajdzik,marcelina.gajdzik@interia.pl,+48527141989,Poznań,"11-562","2026-04-20",Organic,false,1990-06-02
1893,Monika,Chwedoruk,monika.chwedoruk@gmail.com,+48415956992,Opole,"61-841","2024-11-17",Google Ads,false,1970-05-22
1894,Miłosz,Forma,miłosz.forma@o2.pl,+48987991068,Kraków,"03-622","2026-05-18",Organic,false,1960-12-02
1895,Gustaw,Lato,gustaw.lato@wp.pl,+48965976254,Piła,"69-760","2026-04-01",Google Ads,true,1976-04-23
1896,Igor,Pastuła,igor.pastuła@o2.pl,+48831315405,Kraków,"98-012","2025-07-27",Organic,false,1991-07-01
1898,Filip,Troka,filip.troka@o2.pl,+48493425048,Warszawa,"87-546","2025-11-16",Newsletter,false,1967-01-19
1900,Paweł,Szwiec,paweł.szwiec@gmail.com,+48095451480,Gdańsk,"89-316","2025-06-12",Google Ads,false,1979-02-16
1901,Jan,Wejman,jan.wejman@interia.pl,+48061018300,Warszawa,"99-387","2026-03-18",Google Ads,false,1996-04-02
1902,Witold,Ludwiniak,witold.ludwiniak@gmail.com,+48465846775,Poznań,"31-205","2025-07-08",Meta Ads,false,1960-06-09
1373,Malwina,Gładka,malwina.gładka@gmail.com,+48137900720,Łódź,"06-143","2025-12-09",Meta Ads,false,1991-07-13
1903,Sandra,Faryna,sandra.faryna@gmail.com,+48149418055,Warszawa,"02-346","2026-06-25",Influencer,true,1999-01-31
1904,Wiktor,Warmuz,wiktor.warmuz@gmail.com,+48334271381,Kraków,"13-817","2025-08-26",Google Ads,false,1999-11-15
1905,Leon,Gałach,leon.gałach@gmail.com,+48062358233,Leszno,"22-046","2025-07-15",Meta Ads,false,1977-08-17
1908,Marianna,Pizoń,marianna.pizoń@wp.pl,+48103828610,Rzeszów,"30-219","2025-10-01",Meta Ads,false,1961-03-16
1909,Kazimierz,Romaniak,kazimierz.romaniak@onet.pl,+48490580825,Leszno,"02-412","2024-12-21",Meta Ads,false,1990-04-04
1910,Bartek,Bogdał,bartek.bogdał@gmail.com,+48745741796,Poznań,"28-470","2025-07-07",Google Ads,false,1967-04-05
1911,Konstanty,Fijałek,konstanty.fijałek@gmail.com,+48985069564,Opole,"80-378","2026-07-08",Meta Ads,false,1957-12-03
1912,Przemysław,Podsiedlik,przemysław.podsiedlik@gmail.com,+48446953196,Warszawa,"39-786","2026-02-26",Google Ads,false,1987-05-03
1384,Urszula,Haponiuk,urszula.haponiuk@gmail.com,+48474469785,Łódź,"57-296","2026-06-15",Newsletter,false,1964-04-10
1861,Kamila,Czubaszek,kamila.czubaszek@wp.pl,+48961743617,Elbląg,do weryf,"2026-02-25",Meta Ads,true,1976-04-19
856,Mikołaj,Patrzałek,mikołaj.patrzałek@gmail.com,+48012192932,Toruń,"50-988","2026-04-06",Meta Ads,false,1989-04-18
866,Damian,Śmieszek,damian.śmieszek@wp.pl,+48492486234,Toruń,"36-799","2025-11-29",Newsletter,false,1976-10-06
867,Ewa,Plebanek,ewa.plebanek@wp.pl,+48330559860,Toruń,"76-206","2024-11-01",Google Ads,true,1983-01-13
883,Jędrzej,Materek,jędrzej.materek@interia.pl,+48216975629,Toruń,"28-916","2024-10-14",Meta Ads,false,1986-01-01
802,Apolonia,Wiech,apolonia.wiech@o2.pl,+48029818800,Warszawa,"51-373","2025-07-26",Meta Ads,false,1982-03-18
804,Ida,Chwedoruk,ida.chwedoruk@gmail.com,+48252537244,Kraków,"58-164","2026-05-03",Meta Ads,false,1965-02-02
805,Sylwia,Galos,sylwia.galos@onet.pl,+48689762500,Warszawa,"19-754","2025-12-03",Organic,false,1994-05-23
806,Maurycy,Szyc,maurycy.szyc@gmail.com,+48678365874,Warszawa,"29-780","2025-06-08",Meta Ads,true,1981-06-10
807,Wiktor,Ledzion,wiktor.ledzion@gmail.com,+48188639307,Warszawa,"48-240","2026-03-28",Newsletter,false,1957-11-11
122,Piotr,Zapaśnik,piotr.zapaśnik@wp.pl,+48975074899,Łódź,"26-045","2025-12-13",Google Ads,false,1997-07-11
1899,Franciszek,Mateńko,franciszek.mateńko@wp.pl,+48031986412,Częstochowa,do weryf,"2026-03-19",Newsletter,false,1983-04-23
1919,Jerzy,Pich,jerzy.pich@onet.pl,+48890071909,Kraków,"76-722","2026-04-26",Meta Ads,false,2007-12-25
1920,Jerzy,Tylek,jerzy.tylek@gmail.com,+48454081607,Warszawa,"79-778","2025-10-05",Referral,true,2003-02-15
1921,Fabian,Gumieniak,fabian.gumieniak@wp.pl,+48999534108,Warszawa,"95-439","2024-12-11",Meta Ads,false,1995-09-24
1922,Maksymilian,Jędruch,maksymilian.jędruch@gmail.com,+48279059137,Radom,"18-384","2025-03-12",Newsletter,false,1982-01-10
1923,Ksawery,Miodek,ksawery.miodek@gmail.com,+48127423266,Poznań,"49-210","2025-03-04",Influencer,false,1989-08-16
1924,Marek,Wabik,marek.wabik@gmail.com,+48666015487,Kraków,"77-969","2025-09-06",Meta Ads,false,1979-02-11
1925,Kornel,Dąbrowicz,korneldąbrowicz@wp.pl,+48082405334,Zielona Góra,"36-326","2024-10-21",Meta Ads,false,1989-09-15
1927,Szymon,Guźniczak,szymon.guźniczak@onet.pl,+48471694324,Wrocław,"94-340","2026-03-30",Organic,false,1973-10-04
1928,Gabriel,Ziemak,gabriel.ziemak@interia.pl,+48392761877,Kraków,"07-929","2024-11-11",Newsletter,true,2004-03-26
1929,Witold,Hołysz,witold.hołysz@gmail.com,+48682478539,Warszawa,"88-713","2025-01-08",Google Ads,false,1993-09-23
1930,Fryderyk,Orszulik,fryderyk.orszulik@onet.pl,+48489759787,Poznań,"42-188","2025-07-05",Influencer,true,1979-01-15
1932,Mikołaj,Wasyluk,mikołaj.wasyluk@gmail.com,+48236103474,Suwałki,"19-961","2026-02-07",Newsletter,false,1966-06-02
1933,Tomasz,Romaniak,tomaszromaniak@gmail.com,+48671830950,Opole,"76-563","2025-07-10",Meta Ads,true,1999-08-26
1934,Gabriel,Księżak,gabriel.księżak@wp.pl,+48033244106,Warszawa,"65-081","2026-03-06",Google Ads,false,1978-03-09
1935,Roksana,Szpara,roksana.szpara@onet.pl,+48027425884,Katowice,"22-739","2025-11-06",Google Ads,false,1966-01-24
1936,Kaja,Ambrozik,kaja.ambrozik@gmail.com,+48923195295,Wrocław,"78-255","2024-11-24",Meta Ads,false,1971-08-29
1937,Aurelia,Borysiak,aurelia.borysiak@gmail.com,+48324272815,Radom,"82-207","2024-11-10",Google Ads,false,1970-01-01
1938,Karina,Kwinta,karina.kwinta@wp.pl,+48192327910,Kielce,"47-408","2025-06-13",Meta Ads,true,1975-08-13
1939,Natasza,Krzyszczak,natasza.krzyszczak@wp.pl,+48358037531,Olsztyn,"55-518","2025-05-07",Meta Ads,false,1987-11-23
1913,Paweł,Kamieniak,paweł.kamieniak@o2.pl,+48541418776,Warszawa,"69-811","2026-03-07",Google Ads,true,2008-02-04
1914,Nicole,Niemczuk,nicole.niemczuk@wp.pl,+48215206028,Lublin,"33-983","2024-09-16",Meta Ads,false,1960-08-13
1916,Łukasz,Kloska,łukasz.kloska@interia.pl,+48045440472,Warszawa,"23-651","2025-11-14",Organic,false,1995-12-20
1941,Karina,Danilczuk,karina.danilczuk@gmail.com,+48740208034,Kraków,"98-391","2025-10-05",Google Ads,false,1978-03-31
1440,Ryszard,Krzykała,ryszard.krzykała@gmail.com,+48488968881,Łódź,"77-754","2026-05-25",Meta Ads,false,1972-02-18
201,Elżbieta,Orzeszek,elżbieta.orzeszek@wp.pl,+48696565355,Wrocław,"30-739","2025-11-11",Newsletter,true,1958-04-26
204,Kamil,Chomiak,kamil.chomiak@gmail.com,+48544072073,Suwałki,"03-452","2025-11-15",Google Ads,false,1972-03-21
205,Krystian,Ziółko,krystian.ziółko@wp.pl,+48791564272,Warszawa,"89-209","2024-11-28",Newsletter,true,1977-05-06
206,Natasza,Jeżyna,natasza.jeżyna@gmail.com,+48336206611,Katowice,"95-745","2025-07-25",Organic,false,1958-11-23
207,Sebastian,Nojek,sebastian.nojek@onet.pl,+48130002909,Opole,"27-575","2026-02-13",Meta Ads,true,1972-10-27
219,Melania,Szeja,melania.szeja@wp.pl,+48896715813,Warszawa,"35-141","2025-03-08",Organic,false,1961-05-20
220,Julianna,Gogacz,julianna.gogacz@o2.pl,+48577277513,Poznań,"32-052","2024-12-27",Influencer,false,1991-02-05
221,Liwia,Walenciak,liwia.walenciak@gmail.com,+48084138995,Warszawa,"82-239","2025-01-29",Influencer,true,1958-05-18
223,Sebastian,Kusa,sebastian.kusa@gmail.com,+48507745215,Częstochowa,"71-952","2025-02-26",Meta Ads,false,1963-12-19
224,Lidia,Fołta,lidia.fołta@wp.pl,+48615667008,Szczecin,"84-205","2025-03-03",Organic,false,1995-08-29
1942,Karol,Gemza,karol.gemza@gmail.com,+48432450929,Olsztyn,"39-610","2025-05-17",Influencer,false,1984-01-25
1943,Bianka,Hajdasz,bianka.hajdasz@gmail.com,+48871474671,Warszawa,"23-264","2024-12-25",Meta Ads,true,1975-10-05
1944,Norbert,Fal,norbert.fal@o2.pl,+48667516412,Radom,"37-385","2025-01-19",Google Ads,false,1985-05-22
1945,Karina,Bereś,karina.bereś@gmail.com,+48566959755,Gdańsk,"43-140","2025-10-27",Organic,true,1993-06-26
1946,Konrad,Pociask,konrad.pociask@interia.pl,+48365303800,Warszawa,"25-005","2025-06-14",Meta Ads,true,1956-04-10
1947,Nela,Włodyka,nela.włodyka@gmail.com,+48816430604,Suwałki,"93-384","2025-09-15",Meta Ads,false,1981-08-23
1948,Urszula,Janasz,urszula.janasz@wp.pl,+48291067879,Wrocław,"96-383","2024-12-21",Google Ads,false,1975-12-13
1949,Norbert,Zdancewicz,norbert.zdancewicz@gmail.com,+48278278713,Gdańsk,"76-073","2025-12-13",Google Ads,false,1977-04-05
927,Marcin,Łyskawa,marcin.łyskawa@gmail.com,+48288793268,Toruń,"84-954","2025-12-28",Meta Ads,false,2002-07-11
942,Melania,Pawliczak,melania.pawliczak@gmail.com,+48811685536,Toruń,"51-256","2024-10-29",Organic,false,1964-03-31
809,Agnieszka,Strządała,agnieszka.strządała@gmail.com,+48746420702,Szczecin,"06-041","2024-11-19",Newsletter,false,2007-07-27
811,Jacek,Chołody,jacek.chołody@onet.pl,+48926005434,Warszawa,"95-270","2025-03-02",Google Ads,false,1986-04-06
88,Leon,Hanzel,leon.hanzel@gmail.com,+48971847178,Łódź,do weryf,"2024-12-07",Newsletter,false,1977-05-15
138,Filip,Byra,filip.byra@wp.pl,+48209831359,Łódź,"09-242","2024-09-02",Meta Ads,false,1996-11-09
36,Mikołaj,Sulik,mikołaj.sulik@gmail.com,+48115649320,Piła,"21-773","2026-02-02",Meta Ads,true,1988-05-04
37,Maksymilian,Białk,maksymilian.białk@gmail.com,+48350525383,Wrocław,"57-678","2025-11-07",Newsletter,false,1978-01-25
129,Eliza,Sadura,eliza.sadura@wp.pl,+48696856508,Łódź,"11-745","2024-12-31",Google Ads,false,1978-02-03
1950,Piotr,Kołton,piotr.kołton@gmail.com,+48349403635,Kielce,"50-955","2026-04-02",Google Ads,false,1985-07-28
1951,Eryk,Fuławka,eryk.fuławka@gmail.com,+48239486212,Białystok,"56-981","2025-02-10",Organic,false,1969-02-14
1952,Nataniel,Karmelita,nataniel.karmelita@wp.pl,+48085605165,Poznań,"91-501","2025-08-19",Newsletter,false,1989-04-01
1953,Leonard,Pryk,leonard.pryk@gmail.com,+48528164603,Opole,"08-667","2026-07-15",Referral,false,1976-01-07
1954,Kaja,Miętka,kaja.miętka@interia.pl,+48448711501,Katowice,"32-249","2025-04-26",Google Ads,false,1980-11-30
1955,Olgierd,Goworek,olgierd.goworek@interia.pl,+48228742221,Poznań,"91-693","2025-11-06",Google Ads,false,1957-02-03
1957,Tymon,Litwińczuk,tymon.litwińczuk@gmail.com,+48792231204,Kraków,"32-617","2025-11-15",Google Ads,false,1986-04-01
1450,Elżbieta,Siebert,elżbieta.siebert@gmail.com,+48093989761,Łódź,"35-775","2026-05-23",Referral,true,1997-06-09
1958,Miłosz,Wika,miłosz.wika@interia.pl,+48321589296,Zielona Góra,"15-790","2024-11-29",Google Ads,false,1960-06-26
1959,Ernest,Kaliciak,ernest.kaliciak@wp.pl,+48200363563,Zielona Góra,"91-601","2026-07-23",Referral,true,2007-03-24
1960,Maksymilian,Pietraszkiewicz,maksymilian.pietraszkiewicz@gmail.com,+48031765696,Zielona Góra,"25-898","2025-12-14",Google Ads,false,1978-01-04
1961,Marianna,Rzeszutko,marianna.rzeszutko@o2.pl,+48648379788,Warszawa,"89-310","2026-03-08",Meta Ads,false,1982-02-17
1962,Ewelina,Machul,ewelina.machul@onet.pl,+48807952417,Radom,"49-601","2025-12-02",Meta Ads,true,1971-12-02
1963,Klara,Dyrek,klara.dyrek@gmail.com,+48754694698,Wrocław,"94-891","2025-11-14",Google Ads,false,1960-04-21
1964,Anita,Parzonka,anita.parzonka@onet.pl,+48525576459,Częstochowa,"45-834","2025-07-24",Organic,false,1963-02-27
1965,Nikodem,Kozok,nikodem.kozok@wp.pl,+48080962080,Gdańsk,"51-716","2026-04-06",Meta Ads,false,1971-12-04
1966,Alan,Rozumek,alan.rozumek@gmail.com,+48687997693,Katowice,"63-002","2026-07-20",Organic,false,1960-09-23
1967,Urszula,Janoszek,urszula.janoszek@gmail.com,+48802031021,Kraków,"54-671","2025-08-04",Meta Ads,true,1970-11-16
1968,Kornelia,Forma,kornelia.forma@wp.pl,+48429746957,Kraków,"23-384","2026-06-02",Google Ads,false,1965-06-22
1969,Łukasz,Kaczka,łukasz.kaczka@wp.pl,+48317441991,Kraków,"63-187","2025-11-03",Google Ads,false,1982-03-27
1970,Kamil,Żelazo,kamil.żelazo@gmail.com,+48966386873,Warszawa,"73-834","2025-09-02",Meta Ads,false,1966-11-11
1453,Agnieszka,Budner,agnieszka.budner@wp.pl,+48622195011,Łódź,do weryf,"2024-12-12",Google Ads,false,1981-07-13
1971,Ksawery,Żok,ksawery.żok@wp.pl,+48901160428,Poznań,"96-188","2025-07-07",Google Ads,false,1998-06-25
1972,Eryk,Radzio,erykradzio@gmail.com,+48854810486,Kraków,"53-452","2024-12-21",Newsletter,true,1988-10-25
1973,Dominik,Borak,dominik.borak@gmail.com,+48270304309,Warszawa,"82-171","2024-09-09",Influencer,true,1959-10-29
1974,Karol,Malcherek,karol.malcherek@o2.pl,+48969363424,Wrocław,"16-284","2025-01-29",Influencer,false,1959-01-01
1975,Antoni,Maruszczyk,antoni.maruszczyk@wp.pl,+48843746910,Piła,"31-490","2025-09-20",Meta Ads,false,1981-04-23
1981,Cyprian,Pułka,cyprian.pułka@gmail.com,+48240916540,Gdynia,"31-964","2024-11-25",Influencer,false,1974-09-27
1982,Blanka,Bodzak,blanka.bodzak@gmail.com,+48558666772,Gdynia,"79-059","2024-10-07",Organic,false,2007-04-15
1983,Kornel,Hutyra,kornel.hutyra@wp.pl,+48757159284,Gdynia,"13-004","2026-02-06",Referral,true,1979-10-24
1984,Blanka,Wabik,blanka.wabik@gmail.com,+48676492615,Poznań,"18-027","2025-10-30",Newsletter,false,1987-07-01
1985,Liwia,Aleksander,liwia.aleksander@gmail.com,+48197703174,Konin,"90-770","2026-02-02",Organic,false,1998-10-17
225,Stefan,Pabisiak,stefan.pabisiak@gmail.com,+48004794955,Gdańsk,"37-662","2024-11-03",Organic,false,1958-09-24
226,Dawid,Klemens,dawid.klemens@gmail.com,+48735914207,Katowice,"74-238","2025-03-26",Meta Ads,true,1983-12-17
228,Piotr,Osipiuk,piotr.osipiuk@gmail.com,+48563804505,Gdańsk,"51-807","2025-06-27",Meta Ads,false,1981-11-07
229,Aleks,Wacławiak,aleks.wacławiak@onet.pl,+48732018289,Warszawa,"05-010","2025-04-29",Influencer,false,1971-05-30
232,Dorota,Graboś,dorota.graboś@gmail.com,+48048560498,Radom,"35-198","2026-02-10",Organic,false,1998-06-18
233,Kornel,Świgoń,kornel.świgoń@gmail.com,+48545584129,Wrocław,"94-470","2025-04-20",Influencer,false,1989-12-15
234,Daniel,Romańczyk,daniel.romańczyk@wp.pl,+48527703176,Kraków,"95-346","2026-01-15",Google Ads,true,1997-07-04
235,Nicole,Krzosek,nicole.krzosek@wp.pl,+48839408947,Gdańsk,"97-198","2024-11-23",Meta Ads,false,1964-11-23
236,Olga,Michalkiewicz,olga.michalkiewicz@wp.pl,+48183999295,Szczecin,"55-528","2024-11-15",Google Ads,false,1972-12-22
1986,Leonard,Terka,leonard.terka@onet.pl,+48544774506,Kielce,"80-703","2024-11-30",Google Ads,false,1990-07-08
1987,Lidia,Syldatk,lidia.syldatk@wp.pl,+48404911722,Katowice,"53-677","2025-10-04",Organic,false,1965-07-22
1989,Arkadiusz,Gebauer,arkadiusz.gebauer@onet.pl,+48562266580,Piła,"57-240","2025-01-23",Organic,true,1987-10-03
985,Adrian,Ciemięga,adrian.ciemięga@gmail.com,+48407773254,Toruń,"05-207","2024-11-21",Meta Ads,false,1961-04-08
38,Sara,Krężołek,sara.krężołek@gmail.com,+48658115805,Opole,"35-221","2026-04-25",Google Ads,false,1995-08-10
39,Oliwier,Majerczyk,oliwier.majerczyk@gmail.com,+48703317348,Gdańsk,"56-114","2025-11-20",Organic,false,1970-08-10
812,Nicole,Oleszczak,nicole.oleszczak@gmail.com,+48543576855,Warszawa,"49-670","2024-10-08",Google Ads,false,1975-08-28
813,Julianna,Wosiek,julianna.wosiek@gmail.com,+48474972453,Warszawa,"10-530","2025-12-30",Meta Ads,false,1968-12-05
1990,Blanka,Huczko,blanka.huczko@o2.pl,+48690205427,Wrocław,"79-814","2024-09-10",Google Ads,true,1959-11-28
1991,Marianna,Teodorowicz,marianna.teodorowicz@gmail.com,+48747564114,Gdańsk,"85-878","2024-11-11",Meta Ads,true,1992-09-01
1992,Oskar,Blank,oskar.blank@gmail.com,+48308889676,Warszawa,"50-301","2025-03-29",Google Ads,true,1987-10-11
1994,Dorota,Tworzydło,dorota.tworzydło@gmail.com,+48835881123,Suwałki,"17-510","2026-08-05",Meta Ads,false,1997-10-29
1995,Emil,Ogrodowicz,emil.ogrodowicz@o2.pl,+48185304519,Elbląg,"87-562","2025-03-19",Google Ads,false,2007-12-02
1996,Roksana,Rozum,roksana.rozum@wp.pl,+48430882960,Warszawa,"58-978","2024-11-02",Influencer,false,1961-09-22
1997,Rozalia,Karłowicz,rozaliakarłowicz@gmail.com,+48656812149,Zielona Góra,"32-217","2024-12-31",Meta Ads,true,1964-08-17
1999,Arkadiusz,Fogel,arkadiusz.fogel@wp.pl,+48909208594,Suwałki,"99-288","2024-10-06",Organic,false,1967-04-11
2000,Juliusz,Szara,juliusz.szara@onet.pl,+48450310778,Warszawa,"61-975","2026-04-10",Meta Ads,false,2003-03-01
2002,Marika,Wiech,marika.wiech@gmail.com,+48482859593,Zielona Góra,"89-341","2025-01-19",Newsletter,true,2001-10-22
2003,Aurelia,Peda,aurelia.peda@gmail.com,+48777980114,Kraków,"77-067","2025-07-25",Google Ads,true,1989-09-22
2004,Albert,Leżoń,albert.leżoń@o2.pl,+48060446249,Leszno,"96-754","2024-09-26",Meta Ads,true,1994-01-08
1976,Oskar,Sroga,oskar.sroga@gmail.com,+48401654123,Opole,"08-273","2025-05-31",Meta Ads,true,1995-06-11
1977,Jan,Wojtach,jan.wojtach@gmail.com,+48609949835,Warszawa,"75-809","2025-07-27",Google Ads,false,2007-12-10
1978,Patryk,Hajdukiewicz,patryk.hajdukiewicz@wp.pl,+48112515950,Konin,"67-811","2026-08-06",Organic,false,1955-12-24
1979,Angelika,Koniec,angelika.koniec@gmail.com,+48330174291,Wrocław,"35-955","2025-04-15",Google Ads,true,1981-05-08
1980,Natan,Damian,natan.damian@gmail.com,+48763758396,Warszawa,"55-345","2025-07-19",Meta Ads,false,1975-04-01
2005,Melania,Kalista,melania.kalista@gmail.com,+48925703218,Elbląg,"56-828","2025-11-12",Google Ads,false,1967-12-18
2006,Robert,Reich,robert.reich@gmail.com,+48799003569,Bydgoszcz,"38-090","2025-06-27",Google Ads,false,1961-07-01
2007,Cyprian,Cyrulik,cyprian.cyrulik@gmail.com,+48697941694,Warszawa,"76-960","2025-02-04",Google Ads,false,1965-07-26
1525,Marek,Macioł,marek.macioł@gmail.com,+48248864043,Łódź,"27-881","2024-11-26",Meta Ads,false,2002-10-12
2010,Tola,Posmyk,tola.posmyk@gmail.com,+48395365338,Lublin,"25-868","2025-06-18",Meta Ads,false,1976-03-02
2011,Kaja,Wochnik,kaja.wochnik@gmail.com,+48609311404,Kraków,"99-374","2024-12-15",Organic,false,1997-11-12
2013,Dominik,Ciołczyk,dominik.ciołczyk@o2.pl,+48736404404,Wrocław,"02-552","2025-10-04",Referral,false,2000-10-08
2014,Jędrzej,Dzierżak,jędrzej.dzierżak@gmail.com,+48801872300,Białystok,"38-858","2026-04-19",Newsletter,true,1967-03-13
2015,Agnieszka,Chaber,agnieszka.chaber@gmail.com,+48432047608,Warszawa,"77-291","2024-11-10",Google Ads,false,1963-04-29
2018,Przemysław,Karaśkiewicz,przemysław.karaśkiewicz@o2.pl,+48142594540,Elbląg,"38-722","2024-11-17",Organic,false,2006-10-27
2019,Stanisław,Antoszczyk,stanisław.antoszczyk@wp.pl,+48411886403,Gdańsk,"43-157","2025-12-08",Meta Ads,false,1999-06-23
2020,Nikodem,Dorna,nikodem.dorna@onet.pl,+48665842048,Gdańsk,"94-957","2025-06-15",Meta Ads,true,1998-07-19
2021,Mikołaj,Jaracz,mikołaj.jaracz@gmail.com,+48322930522,Gorzów Wielkopolski,"23-878","2026-07-14",Referral,false,1981-06-07
2022,Kamila,Durlak,kamila.durlak@gmail.com,+48778958780,Gdańsk,"85-935","2024-11-10",Meta Ads,false,2000-07-26
2023,Michał,Koronkiewicz,michał.koronkiewicz@gmail.com,+48664487062,Opole,"51-346","2025-11-20",Newsletter,false,1977-12-25
2024,Lidia,Żynda,lidia.żynda@wp.pl,+48067698104,Kraków,"97-401","2025-05-07",Google Ads,false,1976-04-27
2027,Kazimierz,Dzienniak,kazimierz.dzienniak@gmail.com,+48994766202,Olsztyn,"75-887","2026-07-22",Referral,false,1998-04-07
2028,Emil,Barej,emil.barej@gmail.com,+48668951182,Kielce,"84-168","2026-05-30",Referral,false,1986-03-09
2029,Sara,Boduch,sara.boduch@gmail.com,+48748945557,Warszawa,"62-299","2025-02-04",Google Ads,false,2003-02-24
1551,Przemysław,Rozynek,przemysław.rozynek@gmail.com,+48677087180,Łódź,"37-745","2025-06-24",Google Ads,false,1991-06-27
2030,Nikodem,Walkusz,nikodem.walkusz@gmail.com,+48902011159,Poznań,"96-201","2026-03-14",Newsletter,false,1994-07-27
2031,Mateusz,Kucab,mateusz.kucab@gmail.com,+48221186491,Warszawa,"93-877","2026-08-06",Meta Ads,false,1986-02-08
2032,Tymon,Miękina,tymon.miękina@gmail.com,+48354587966,Warszawa,"55-696","2025-02-10",Meta Ads,true,2000-03-15
1569,Jędrzej,Cuch,jędrzej.cuch@o2.pl,+48408597203,Łódź,"63-783","2024-11-14",Google Ads,false,2005-12-13
238,Malwina,Malara,malwina.malara@o2.pl,+48994536618,Konin,"32-007","2026-03-23",Meta Ads,true,1969-06-01
239,Marek,Fras,marek.fras@gmail.com,+48289601001,Warszawa,"97-274","2025-01-29",Organic,false,2006-02-28
240,Emil,Tolak,emil.tolak@gmail.com,+48890127189,Warszawa,"93-587","2024-10-11",Meta Ads,false,1956-03-14
244,Gustaw,Zmuda,gustaw.zmuda@o2.pl,+48950342789,Warszawa,"79-227","2025-02-07",Newsletter,true,1967-03-18
245,Łukasz,Wajer,łukasz.wajer@gmail.com,+48320438132,Wrocław,"20-466","2025-10-07",Google Ads,false,1995-03-24
248,Witold,Łukasz,witold.łukasz@gmail.com,+48541092687,Białystok,"97-611","2025-01-06",Meta Ads,true,2001-11-15
250,Igor,Lampart,igor.lampart@wp.pl,+48976547523,Gdańsk,"15-064","2025-03-19",Referral,false,1999-07-10
252,Arkadiusz,Warzybok,arkadiusz.warzybok@wp.pl,+48293005171,Gdynia,"67-453","2024-09-10",Organic,true,1961-10-03
254,Apolonia,Olma,apolonia.olma@onet.pl,+48002096217,Warszawa,"08-465","2025-04-23",Meta Ads,true,1962-08-03
2033,Adam,Prokopczyk,adam.prokopczyk@onet.pl,+48326013770,Kraków,"46-998","2025-06-08",Meta Ads,true,1980-09-16
2034,Mikołaj,Sondej,mikołaj.sondej@gmail.com,+48199747601,Bydgoszcz,"66-666","2025-09-22",Organic,true,1973-07-14
1062,Ksawery,Gotfryd,ksawery.gotfryd@wp.pl,+48110026845,Toruń,"18-317","2024-10-19",Meta Ads,false,1992-02-02
814,Artur,Kusik,artur.kusik@gmail.com,+48174006102,Warszawa,"52-362","2026-04-11",Newsletter,false,1998-11-28
815,Mieszko,Kleban,mieszko.kleban@gmail.com,+48567993151,Wrocław,"62-909","2024-12-12",Meta Ads,false,1987-08-14
145,Adrianna,Neska,adrianna.neska@wp.pl,+48268650036,Łódź,"79-293","2025-05-02",Influencer,false,1992-05-17
816,Nela,Omiotek,nela.omiotek@gmail.com,+48534377966,Warszawa,"18-451","2026-03-07",Organic,false,1964-05-15
817,Igor,Wasążnik,igor.wasążnik@onet.pl,+48479175358,Gdynia,"83-288","2026-04-16",Newsletter,false,1966-10-21
818,Daniel,Snoch,daniel.snoch@wp.pl,+48092578464,Bydgoszcz,"47-617","2026-06-18",Newsletter,true,1993-08-12
820,Oliwier,Szymańczak,oliwierszymańczak@wp.pl,+48634827216,Radom,"87-491","2026-05-13",Referral,false,1980-12-25
821,Tola,Jereczek,tola.jereczek@gmail.com,+48800930009,Kraków,"83-854","2025-03-03",Google Ads,false,1977-05-16
161,Kazimierz,Such,kazimierz.such@gmail.com,+48803030022,Warszawa,"29-355","2026-02-12",Meta Ads,false,2005-10-24
2035,Justyna,Dukat,justyna.dukat@o2.pl,+48595345453,Rzeszów,"81-740","2025-03-19",Newsletter,true,1977-01-02
2036,Filip,Piesik,filip.piesik@wp.pl,+48943190601,Olsztyn,"31-407","2024-09-28",Google Ads,false,1981-06-29
2037,Gaja,Felisiak,gaja.felisiak@gmail.com,+48221417549,Bydgoszcz,"84-764","2024-12-12",Organic,false,1975-06-28
2038,Dawid,Gabryszak,dawid.gabryszak@gmail.com,+48064873682,Wrocław,"60-886","2025-03-10",Referral,true,1998-12-17
2045,Wiktor,Dzienisz,wiktor.dzienisz@gmail.com,+48641685042,Wrocław,"69-190","2025-11-20",Meta Ads,true,1977-01-28
2046,Michał,Ważna,michał.ważna@o2.pl,+48063244508,Poznań,"72-838","2026-07-12",Organic,false,1984-01-10
2047,Liwia,Wołoszyk,liwia.wołoszyk@gmail.com,+48012209195,Gdańsk,"09-532","2024-09-30",Meta Ads,true,1999-12-19
1570,Dagmara,Oziębło,dagmara.oziębło@wp.pl,+48993221357,Łódź,"85-652","2026-06-13",Meta Ads,false,1997-11-25
2049,Nikodem,Machul,nikodem.machul@gmail.com,+48635233387,Kielce,"16-186","2026-06-10",Google Ads,false,2001-04-13
2050,Grzegorz,Kusa,grzegorz.kusa@gmail.com,+48317113236,Kraków,"72-458","2026-06-25",Newsletter,false,1998-01-09
2053,Filip,Goś,filip.goś@gmail.com,+48962991971,Warszawa,"16-519","2024-11-11",Google Ads,true,1971-06-03
2055,Witold,Kubiaczyk,witold.kubiaczyk@wp.pl,+48879880648,Warszawa,"06-969","2025-01-10",Newsletter,false,2005-09-21
2056,Gustaw,Krzyśków,gustaw.krzyśków@wp.pl,+48441402299,Warszawa,"69-456","2024-12-17",Meta Ads,false,1963-01-03
2057,Marika,Kryszczuk,marika.kryszczuk@wp.pl,+48077530966,Piła,"41-536","2026-03-31",Organic,false,2003-11-13
2059,Oskar,Dobosiewicz,oskar.dobosiewicz@gmail.com,+48696878616,Gorzów Wielkopolski,"06-243","2025-07-02",Meta Ads,true,1957-07-17
2060,Julian,Wijata,julian.wijata@gmail.com,+48631127647,Bydgoszcz,"28-981","2026-06-20",Meta Ads,false,1962-09-16
2061,Bianka,Lesner,bianka.lesner@gmail.com,+48820521787,Rzeszów,"76-368","2024-12-22",Meta Ads,false,1970-04-19
2062,Kaja,Wziątek,kaja.wziątek@gmail.com,+48810536868,Gdańsk,"71-262","2026-08-05",Meta Ads,true,1969-05-30
2063,Miłosz,Żuchowicz,miłosz.żuchowicz@wp.pl,+48526598557,Częstochowa,"59-086","2026-08-06",Google Ads,true,2005-09-01
2064,Kaja,Milka,kaja.milka@gmail.com,+48972902284,Kraków,"19-549","2025-10-31",Meta Ads,true,1966-05-24
2065,Cezary,Gmurczyk,cezary.gmurczyk@gmail.com,+48717032641,Leszno,"90-662","2024-12-11",Meta Ads,false,1965-10-21
2066,Mariusz,Torbus,mariusz.torbus@o2.pl,+48510937204,Gorzów Wielkopolski,"85-664","2025-03-11",Newsletter,true,1999-01-31
2067,Miłosz,Getka,miłosz.getka@gmail.com,+48550435912,Poznań,"20-324","2025-06-17",Google Ads,false,2008-03-12
2068,Justyna,Bartłomiejczyk,justyna.bartłomiejczyk@gmail.com,+48097886958,Warszawa,"04-988","2025-03-18",Google Ads,false,1987-08-03
2069,Igor,Bździuch,igor.bździuch@gmail.com,+48173865315,Warszawa,"16-545","2025-02-18",Meta Ads,false,1961-06-04
2039,Fryderyk,Kurzydło,fryderyk.kurzydło@gmail.com,+48696974509,Warszawa,"81-669","2025-07-20",Meta Ads,false,1979-03-10
2040,Mateusz,Engler,mateusz.engler@gmail.com,+48122371795,Leszno,"15-085","2024-12-25",Meta Ads,false,1962-01-23
2041,Apolonia,Taciak,apolonia.taciak@gmail.com,+48058785373,Konin,"03-601","2026-05-02",Organic,false,1985-12-18
2042,Anita,Huczek,anita.huczek@gmail.com,+48421642401,Konin,"36-711","2025-12-23",Meta Ads,false,1995-02-06
1604,Marcelina,Zuziak,marcelina.zuziak@gmail.com,+48455623209,Łódź,"93-583","2026-04-29",Organic,false,1998-09-04
2043,Tola,Troć,tola.troć@onet.pl,+48293810947,Katowice,"50-496","2024-11-30",Organic,false,2008-08-05
2070,Krystyna,Mizgała,krystyna.mizgała@gmail.com,+48043043548,Elbląg,"09-338","2026-07-22",Organic,false,1989-07-11
2071,Olgierd,Araszkiewicz,olgierd.araszkiewicz@gmail.com,+48924873067,Szczecin,"35-150","2024-11-21",Organic,true,2001-08-24
2072,Artur,Kapciak,artur.kapciak@gmail.com,+48768168832,Leszno,"02-101","2026-01-19",Organic,false,1975-08-02
2073,Borys,Bodzak,borys.bodzak@gmail.com,+48439779547,Częstochowa,"14-802","2024-09-02",Meta Ads,true,2004-08-27
2074,Tymoteusz,Daraż,tymoteusz.daraż@gmail.com,+48007800716,Gdańsk,"94-897","2025-11-14",Google Ads,false,1971-11-04
2075,Marika,Armata,marika.armata@onet.pl,+48995135801,Elbląg,"68-358","2026-06-08",Referral,false,1992-09-20
2077,Franciszek,Ciesiółka,franciszek.ciesiółka@gmail.com,+48947806008,Piła,"41-970","2024-12-13",Meta Ads,false,1995-06-12
2079,Ewelina,Zyzik,ewelina.zyzik@gmail.com,+48392633437,Kraków,"77-904","2025-12-05",Meta Ads,false,2000-08-16
2080,Malwina,Gałęza,malwina.gałęza@gmail.com,+48667134688,Warszawa,"17-266","2025-12-11",Meta Ads,false,1956-02-05
1595,Kaja,Woszczyna,kaja.woszczyna@gmail.com,+48725644214,Łódź,"97-433","2025-09-29",Meta Ads,false,1998-07-31
255,Urszula,Krzykała,urszula.krzykała@gmail.com,+48548430907,Kraków,"73-060","2025-10-15",Google Ads,false,1985-03-18
822,Andrzej,Hołubowicz,andrzej.hołubowicz@gmail.com,+48579760980,Katowice,"17-588","2025-10-28",Google Ads,false,1986-12-28
823,Łukasz,Broszkiewicz,łukasz.broszkiewicz@wp.pl,+48687541620,Gdańsk,"66-041","2024-10-29",Organic,false,2002-10-22
825,Eliza,Plebanek,eliza.plebanek@gmail.com,+48667814764,Bydgoszcz,"77-993","2025-12-30",Newsletter,false,1985-06-19
826,Kacper,Ludwin,kacper.ludwin@gmail.com,+48022505213,Warszawa,"93-746","2025-07-13",Organic,false,1990-09-01
827,Ryszard,Szczudło,ryszard.szczudło@gmail.com,+48566389394,Kraków,"28-460","2025-02-09",Referral,false,1987-09-28
158,Bianka,Foit,bianka.foit@o2.pl,+48918887800,Łódź,"76-187","2025-03-21",Newsletter,false,1996-04-15
1174,Hubert,Handke,hubert.handke@onet.pl,+48638457740,Toruń,"14-416","2025-11-22",Influencer,true,1998-12-05
828,Natasza,Lewicz,natasza.lewicz@gmail.com,+48419139240,Olsztyn,"62-175","2024-12-03",Google Ads,false,1967-03-22
789,Dariusz,Smolec,dariusz.smolec@gmail.com,+48480653943,Białystok,do weryf,"2024-11-03",Google Ads,true,1978-04-18
256,Norbert,Kuziora,norbert.kuziora@gmail.com,+48766906890,Gdynia,"03-406","2024-10-28",Meta Ads,false,1969-01-30
212,Radosław,Młyńczyk,radosław.młyńczyk@interia.pl,+48661118568,Bydgoszcz,do weryf,"2025-06-23",Newsletter,true,1966-07-31
247,Julita,Florian,julita.florian@onet.pl,+48954208134,Katowice,do weryf,"2025-11-26",Organic,false,1967-03-04
267,Ewelina,Toś,ewelina.toś@gmail.com,+48284464199,Warszawa,"30-254","2025-10-04",Organic,false,1980-01-04
268,Marcin,Giec,marcin.giec@gmail.com,+48350921392,Gdańsk,"25-960","2026-01-26",Organic,true,2001-12-25
269,Kamil,Płaneta,kamil.płaneta@o2.pl,+48119896643,Suwałki,"85-430","2025-05-15",Meta Ads,false,1988-03-09
2083,Leonard,Leoniak,leonard.leoniak@gmail.com,+48966080330,Katowice,"32-695","2026-07-22",Referral,false,1987-11-09
2084,Róża,Janiuk,róża.janiuk@gmail.com,+48197521605,Radom,"57-363","2026-06-17",Google Ads,false,1997-11-30
2085,Nela,Jaszczyszyn,nela.jaszczyszyn@interia.pl,+48494419640,Suwałki,"36-976","2025-07-23",Influencer,false,1978-04-08
2086,Olaf,Sobkiewicz,olaf.sobkiewicz@onet.pl,+48632569506,Wrocław,"82-879","2026-04-27",Meta Ads,false,1960-03-15
1630,Kaja,Wyskiel,kaja.wyskiel@interia.pl,+48941260685,Łódź,"41-567","2024-12-20",Meta Ads,false,1958-12-17
2087,Norbert,Świadek,norbert.świadek@gmail.com,+48849042855,Olsztyn,"99-321","2025-07-23",Google Ads,false,2000-05-24
2088,Maksymilian,Fiedorczuk,maksymilian.fiedorczuk@gmail.com,+48550980802,Warszawa,"94-246","2025-06-24",Meta Ads,false,2005-09-03
2089,Leon,Dylik,leon.dylik@gmail.com,+48561347264,Warszawa,"08-087","2024-11-19",Meta Ads,true,1994-12-30
2090,Bianka,Sobków,bianka.sobków@interia.pl,+48582789909,Poznań,"02-986","2025-06-18",Google Ads,true,2005-11-11
2091,Apolonia,Jędra,apolonia.jędra@onet.pl,+48950667696,Kielce,"18-492","2025-09-15",Meta Ads,false,1981-12-24
2092,Ewelina,Waloszek,ewelina.waloszek@gmail.com,+48493610960,Gdańsk,"16-416","2024-09-28",Newsletter,false,1956-05-01
2093,Rafał,Trepczyk,rafałtrepczyk@gmail.com,+48204876097,Poznań,"96-008","2025-07-26",Meta Ads,true,1993-06-12
2094,Ewelina,Bodych,ewelina.bodych@wp.pl,+48855010767,Warszawa,"45-251","2026-02-06",Meta Ads,false,2008-04-16
2096,Alan,Krzosek,alan.krzosek@gmail.com,+48516555043,Kraków,"98-537","2025-11-11",Influencer,false,2003-07-01
2098,Maks,Machoń,maks.machoń@gmail.com,+48432625443,Kraków,"55-508","2024-09-22",Influencer,true,1975-09-08
2099,Mariusz,Mikusek,mariusz.mikusek@gmail.com,+48991454045,Warszawa,"44-936","2025-10-10",Referral,false,1991-08-02
2100,Rozalia,Langiewicz,rozalia.langiewicz@gmail.com,+48494102735,Warszawa,"99-879","2026-03-12",Meta Ads,true,1961-11-03
2101,Radosław,Deptuch,radosław.deptuch@gmail.com,+48256586584,Warszawa,"38-272","2025-10-21",Meta Ads,false,1966-11-20
2052,Miłosz,Malcher,miłosz.malcher@onet.pl,+48039509803,Elbląg,do weryf,"2026-02-09",Organic,true,2000-09-21
2082,Albert,Ankiewicz,albert.ankiewicz@onet.pl,+48829166431,Leszno,do weryf,"2025-02-02",Meta Ads,false,1958-05-25
2111,Grzegorz,Heinrich,grzegorz.heinrich@gmail.com,+48027472498,Kraków,"35-112","2025-05-08",Meta Ads,false,2008-01-13
2112,Monika,Flasza,monika.flasza@gmail.com,+48988279403,Kraków,"18-363","2025-09-14",Referral,true,1995-03-11
2114,Ryszard,Tatarek,ryszard.tatarek@gmail.com,+48746404669,Warszawa,"18-405","2025-05-29",Influencer,false,1977-11-29
2115,Kornel,Domżał,kornel.domżał@onet.pl,+48690218645,Wrocław,"21-683","2025-05-05",Google Ads,true,1966-02-21
2116,Malwina,Bartman,malwina.bartman@gmail.com,+48852425788,Wrocław,"35-122","2024-11-22",Google Ads,false,1977-11-29
2117,Krystyna,Jędryczka,krystyna.jędryczka@gmail.com,+48640166317,Olsztyn,"88-732","2026-06-27",Meta Ads,false,1962-05-07
2118,Blanka,Tarasek,blanka.tarasek@wp.pl,+48987390685,Leszno,"93-946","2024-11-04",Organic,false,1994-12-01
2120,Michał,Chruszcz,michał.chruszcz@gmail.com,+48270553905,Warszawa,"20-353","2025-06-28",Organic,true,1982-02-04
2121,Marek,Solarek,marek.solarek@gmail.com,+48188860145,Warszawa,"87-850","2025-05-13",Organic,false,1973-09-23
2123,Ryszard,Sędek,ryszard.sędek@gmail.com,+48382094876,Rzeszów,"11-780","2024-10-18",Google Ads,false,1978-05-01
2124,Marcin,Osipowicz,marcin.osipowicz@interia.pl,+48748115009,Bydgoszcz,"66-192","2025-11-25",Google Ads,true,1968-10-25
2127,Paweł,Sornat,paweł.sornat@wp.pl,+48747662360,Warszawa,"94-515","2024-12-21",Influencer,false,1987-12-26
2129,Olaf,Przewoźny,olaf.przewoźny@gmail.com,+48523931152,Warszawa,"17-411","2025-11-10",Meta Ads,false,1957-08-17
2130,Eryk,Tofil,eryk.tofil@gmail.com,+48423048942,Poznań,"55-019","2026-05-14",Google Ads,true,1988-04-08
2131,Tomasz,Perlik,tomasz.perlik@gmail.com,+48504265816,Warszawa,"07-390","2025-08-30",Referral,false,1977-03-07
2132,Norbert,Hasiak,norbert.hasiak@interia.pl,+48563634807,Kielce,"82-237","2025-10-03",Influencer,true,1967-05-08
2133,Marianna,Wenda,marianna.wenda@gmail.com,+48380421312,Opole,"08-523","2026-06-19",Meta Ads,false,1978-03-25
2135,Nataniel,Morgała,nataniel.morgała@onet.pl,+48520730754,Katowice,"54-253","2025-07-09",Referral,false,1972-07-18
829,Klara,Czuj,klara.czuj@o2.pl,+48063875909,Gdańsk,do weryf,"2025-12-13",Google Ads,false,1986-06-23
840,Fryderyk,Gorol,fryderyk.gorol@gmail.com,+48312169938,Kraków,"76-824","2024-09-21",Google Ads,true,1994-11-21
841,Aurelia,Rodzeń,aurelia.rodzeń@onet.pl,+48449765011,Wrocław,"55-138","2025-06-11",Organic,false,1969-01-31
164,Emil,Pasich,emil.pasich@wp.pl,+48993155678,Łódź,"69-096","2025-02-22",Organic,true,1982-03-26
842,Jerzy,Palica,jerzy.palica@wp.pl,+48542925909,Kraków,"11-291","2026-05-26",Organic,true,1987-04-22
843,Inga,Stasica,inga.stasica@wp.pl,+48088816837,Częstochowa,"33-194","2025-03-29",Meta Ads,true,1955-11-19
844,Jan,Mijas,jan.mijas@wp.pl,+48468114550,Gdańsk,"67-121","2024-11-05",Google Ads,false,1983-02-22
845,Albert,Żyto,albert.żyto@interia.pl,+48905835497,Poznań,"27-705","2026-02-06",Meta Ads,true,1998-03-23
847,Janina,Suchta,janina.suchta@onet.pl,+48866585469,Warszawa,"34-876","2025-10-28",Meta Ads,true,1984-01-04
2136,Franciszek,Ulewicz,franciszek.ulewicz@onet.pl,+48825598894,Warszawa,"06-001","2025-02-26",Google Ads,false,1958-05-11
2138,Oskar,Hartman,oskar.hartman@gmail.com,+48372465607,Zielona Góra,"24-259","2025-05-03",Meta Ads,true,2005-11-09
2102,Nicole,Ważna,nicole.ważna@gmail.com,+48073240983,Białystok,"28-946","2025-04-24",Meta Ads,true,1971-10-02
2103,Ida,Windak,ida.windak@gmail.com,+48967599133,Szczecin,"05-958","2024-11-06",Meta Ads,false,1980-02-20
2104,Ada,Misztela,ada.misztela@onet.pl,+48001760792,Rzeszów,"46-007","2026-05-15",Influencer,false,1988-03-21
2105,Kornel,Pilarek,kornel.pilarek@onet.pl,+48180169582,Wrocław,"46-110","2025-07-09",Newsletter,false,1955-11-13
2106,Daniel,Rezmer,daniel.rezmer@o2.pl,+48684194323,Gdańsk,"46-010","2026-05-07",Organic,true,1960-12-18
2107,Marika,Kliber,marika.kliber@gmail.com,+48625976390,Kraków,"11-542","2025-11-02",Google Ads,true,1982-11-08
271,Filip,Grzebyk,filip.grzebyk@gmail.com,+48113369103,Warszawa,"77-689","2025-07-13",Organic,false,1992-11-13
272,Franciszek,Pronobis,franciszek.pronobis@gmail.com,+48013375390,Elbląg,"95-046","2026-03-16",Meta Ads,false,1976-11-30
275,Aurelia,Rećko,aurelia.rećko@gmail.com,+48338858559,Kraków,"74-613","2025-12-26",Newsletter,false,1996-07-16
276,Kazimierz,Stawinoga,kazimierz.stawinoga@wp.pl,+48437129261,Wrocław,"39-898","2026-05-21",Meta Ads,false,1963-03-10
278,Dagmara,Kolendo,dagmara.kolendo@gmail.com,+48867828103,Poznań,"95-934","2025-01-01",Organic,false,1964-11-16
2109,Marcin,Kulus,marcin.kulus@gmail.com,+48325056109,Suwałki,"85-257","2026-03-05",Newsletter,false,1967-07-30
2110,Ewa,Maszczyk,ewa.maszczyk@gmail.com,+48021339405,Gdańsk,"39-374","2025-11-20",Meta Ads,false,1978-04-19
2140,Bartek,Olszyna,bartek.olszyna@gmail.com,+48126793077,Gdynia,"71-789","2025-02-04",Google Ads,false,2001-04-12
2141,Kornel,Kanik,kornel.kanik@wp.pl,+48996440991,Opole,"95-830","2026-04-20",Meta Ads,false,1974-10-01
2143,Jacek,Mol,jacek.mol@onet.pl,+48879866566,Szczecin,"75-394","2025-12-26",Google Ads,false,1960-03-20
2144,Dominik,Trepka,dominik.trepka@gmail.com,+48639442685,Gdynia,"81-761","2024-12-24",Google Ads,false,1987-06-29
2145,Maciej,Smagała,maciej.smagała@o2.pl,+48295276974,Kraków,"84-838","2025-04-15",Meta Ads,false,1965-09-08
2146,Adrianna,Hajda,adrianna.hajda@gmail.com,+48771999120,Szczecin,"10-965","2024-10-18",Organic,true,1984-07-25
2148,Ksawery,Oleksak,ksawery.oleksak@wp.pl,+48066741607,Warszawa,"93-158","2026-02-03",Organic,false,1957-12-01
2149,Eryk,Downar,eryk.downar@wp.pl,+48531771668,Poznań,"71-729","2026-05-12",Influencer,false,1968-12-23
2151,Ignacy,Zaniewicz,ignacy.zaniewicz@gmail.com,+48804407755,Bydgoszcz,"09-495","2025-07-17",Newsletter,false,1977-10-20
2152,Nela,Siedlik,nela.siedlik@gmail.com,+48156009386,Konin,"03-171","2025-07-16",Influencer,true,1987-05-09
2153,Adrian,Wojciech,adrian.wojciech@gmail.com,+48338122930,Warszawa,"06-979","2026-05-21",Google Ads,false,1985-08-08
2155,Ida,Drabczyk,ida.drabczyk@interia.pl,+48682071929,Olsztyn,"22-449","2025-09-27",Google Ads,true,1995-05-21
2156,Ernest,Gabrych,ernest.gabrych@wp.pl,+48705089562,Warszawa,"50-411","2025-12-07",Meta Ads,false,1987-10-12
2157,Gabriel,Zacharek,gabriel.zacharek@gmail.com,+48849927924,Warszawa,"01-164","2026-04-19",Meta Ads,false,1985-11-27
2158,Tola,Pitala,tola.pitala@gmail.com,+48325712933,Gdańsk,"02-901","2024-09-12",Organic,false,2004-10-24
2159,Ida,Wacław,ida.wacław@gmail.com,+48679717928,Warszawa,"65-725","2025-05-18",Meta Ads,false,1993-10-14
2160,Robert,Kojder,robert.kojder@o2.pl,+48454365060,Gorzów Wielkopolski,"29-304","2026-06-28",Meta Ads,true,1993-02-18
2161,Bianka,Nasiadka,bianka.nasiadka@wp.pl,+48303317877,Poznań,"22-230","2026-01-25",Meta Ads,false,1958-01-05
2162,Marek,Siemion,marek.siemion@gmail.com,+48760855615,Elbląg,"06-655","2025-10-06",Meta Ads,false,1963-06-12
2163,Konstanty,Szczepaniuk,konstanty.szczepaniuk@gmail.com,+48828986429,Gdańsk,"35-895","2025-09-05",Meta Ads,true,1997-07-01
2164,Witold,Wizner,witold.wizner@gmail.com,+48737122997,Częstochowa,"27-548","2025-04-09",Meta Ads,false,1961-10-02
1706,Aniela,Małż,aniela.małż@gmail.com,+48336445862,Łódź,"58-153","2025-03-29",Referral,false,2001-07-06
2165,Mieszko,Mitera,mieszko.mitera@wp.pl,+48204273372,Warszawa,"78-996","2025-09-27",Meta Ads,false,1975-02-27
2154,Rafał,Cyrulik,rafał.cyrulik@onet.pl,+48575309238,Warszawa,do weryf,"2026-02-20",Google Ads,false,1991-11-19
2178,Grzegorz,Sołoducha,grzegorz.sołoducha@o2.pl,+48117351233,Poznań,"37-022","2026-06-03",Meta Ads,false,1972-01-13
2179,Kajetan,Karol,kajetan.karol@gmail.com,+48650118212,Wrocław,"51-704","2026-08-06",Meta Ads,false,1987-10-23
2180,Krzysztof,Wawrzynek,krzysztof.wawrzynek@onet.pl,+48661556804,Białystok,"10-437","2024-11-13",Organic,false,1968-08-04
2183,Kamil,Rajczak,kamil.rajczak@wp.pl,+48430896803,Gdańsk,"02-782","2026-07-09",Google Ads,false,1999-08-12
2184,Aleksander,Tyka,aleksander.tyka@gmail.com,+48384738924,Elbląg,"32-789","2024-11-14",Organic,false,1960-01-10
2189,Miłosz,Gospodarek,miłosz.gospodarek@gmail.com,+48173842968,Zielona Góra,"43-491","2025-09-26",Influencer,true,1963-10-14
2191,Marcel,Tylek,marcel.tylek@gmail.com,+48454366701,Warszawa,"06-106","2024-09-25",Referral,false,1984-06-17
1259,Wojciech,Drózd,wojciech.drózd@gmail.com,+48019934057,Toruń,"74-746","2025-02-07",Google Ads,true,1968-11-16
1297,Emil,Malisz,emil.malisz@wp.pl,+48715637197,Toruń,"54-005","2025-09-19",Referral,false,1985-02-25
848,Sylwia,Zielke,sylwia.zielke@wp.pl,+48681369855,Leszno,"79-283","2024-10-25",Meta Ads,false,2008-02-29
849,Ewa,Wiekiera,ewa.wiekiera@gmail.com,+48956442567,Rzeszów,"27-424","2024-11-22",Newsletter,false,1984-11-09
850,Dagmara,Mroczko,dagmara.mroczko@gmail.com,+48458716922,Poznań,"23-380","2025-11-04",Influencer,false,1985-03-24
851,Karina,Pokrzywa,karina.pokrzywa@gmail.com,+48595968746,Wrocław,"40-592","2024-12-15",Organic,false,1973-11-05
834,Krystian,Szkatuła,krystian.szkatuła@interia.pl,+48101040252,Gdańsk,"13-182","2025-05-16",Newsletter,false,1980-10-25
2192,Paweł,Gumuła,paweł.gumuła@gmail.com,+48214099143,Kraków,"54-146","2025-11-26",Google Ads,true,1955-08-29
2193,Artur,Słomian,artur.słomian@o2.pl,+48898099526,Poznań,"30-438","2025-02-02",Meta Ads,false,1976-01-08
2194,Maks,Kołpak,makskołpak@gmail.com,+48370457732,Suwałki,"37-232","2026-04-17",Meta Ads,false,2004-06-12
2196,Marika,Mueller,marika.mueller@wp.pl,+48362091497,Gdańsk,"15-230","2025-12-05",Meta Ads,false,1960-12-26
1731,Jerzy,Garbaciak,jerzy.garbaciak@o2.pl,+48045820623,Łódź,"03-276","2025-05-12",Organic,false,1984-12-17
2197,Ryszard,Komisarczyk,ryszard.komisarczyk@gmail.com,+48801831518,Poznań,"10-631","2025-12-03",Organic,false,1973-04-13
2198,Olgierd,Więckiewicz,olgierd.więckiewicz@o2.pl,+48633443571,Warszawa,"06-620","2024-12-04",Organic,true,1963-08-09
2201,Stefan,Żynda,stefan.żynda@o2.pl,+48744616777,Warszawa,"14-278","2025-03-23",Meta Ads,true,2004-02-27
2202,Leonard,Żurawik,leonard.żurawik@gmail.com,+48973036058,Warszawa,"92-818","2026-03-12",Meta Ads,true,1959-08-23
2203,Jakub,Kuśmider,jakub.kuśmider@o2.pl,+48617725161,Bydgoszcz,"20-797","2026-03-18",Organic,false,1990-05-10
2204,Alex,Radzewicz,alex.radzewicz@wp.pl,+48873433599,Warszawa,"50-458","2025-07-03",Meta Ads,false,1993-10-29
2205,Malwina,Marko,malwina.marko@gmail.com,+48279894728,Wrocław,"09-116","2025-11-07",Newsletter,false,1986-03-22
2206,Konstanty,Dzierżak,konstanty.dzierżak@gmail.com,+48276333677,Leszno,"12-331","2025-11-23",Meta Ads,true,2008-04-26
1741,Sylwia,Miśko,sylwia.miśko@gmail.com,+48456537571,Łódź,"39-092","2025-11-16",Google Ads,true,1976-07-18
2207,Grzegorz,Biesaga,grzegorz.biesaga@gmail.com,+48523002529,Olsztyn,"50-362","2026-04-22",Google Ads,true,1972-07-08
2169,Konstanty,Janczura,konstanty.janczura@gmail.com,+48116821664,Konin,"33-995","2026-04-16",Referral,false,1956-06-03
2170,Janina,Majak,janina.majak@wp.pl,+48159134955,Częstochowa,"93-764","2024-11-26",Referral,false,1992-01-25
2172,Gabriel,Łaś,gabriel.łaś@gmail.com,+48735903901,Wrocław,"57-226","2025-06-01",Organic,false,1972-10-12
2173,Gabriel,Ziegler,gabriel.ziegler@onet.pl,+48171982297,Kielce,"81-828","2025-12-20",Influencer,false,2001-01-30
257,Jakub,Pasieczna,jakub.pasieczna@gmail.com,+48287803158,Suwałki,"28-593","2026-03-01",Organic,true,1959-06-19
260,Stefan,Semik,stefan.semik@gmail.com,+48276979536,Częstochowa,"24-788","2026-03-21",Meta Ads,false,1962-10-09
261,Sandra,Maszczyk,sandra.maszczyk@o2.pl,+48791238066,Gorzów Wielkopolski,"49-460","2025-10-26",Meta Ads,false,2001-09-07
262,Albert,Łasak,albert.łasak@wp.pl,+48305222882,Wrocław,"11-700","2026-01-22",Organic,false,2006-09-11
263,Rozalia,Szczepaniuk,rozalia.szczepaniuk@gmail.com,+48873664747,Warszawa,"84-881","2025-12-30",Newsletter,false,1974-01-10
264,Kajetan,Dziadkiewicz,kajetan.dziadkiewicz@gmail.com,+48592377384,Kraków,"51-542","2025-04-10",Google Ads,true,1962-05-06
2174,Ewa,Sulik,ewa.sulik@interia.pl,+48555276996,Warszawa,"58-238","2025-02-10",Newsletter,false,1994-04-11
2176,Anastazja,Bączkiewicz,anastazja.bączkiewicz@gmail.com,+48896191297,Warszawa,"59-190","2026-05-24",Organic,false,1998-10-28
2208,Kaja,Wielądek,kaja.wielądek@gmail.com,+48279987784,Warszawa,"89-997","2025-06-15",Newsletter,false,1977-07-14
2210,Sandra,Słysz,sandra.słysz@wp.pl,+48195082934,Opole,"64-552","2025-02-11",Meta Ads,false,1983-11-20
2211,Ewelina,Jałowiec,ewelina.jałowiec@wp.pl,+48044539409,Bydgoszcz,"30-394","2025-09-29",Influencer,true,1960-01-10
2215,Łukasz,Fiedler,łukasz.fiedler@gmail.com,+48553426009,Suwałki,"08-934","2025-12-28",Google Ads,false,1974-02-10
2216,Sebastian,Fedak,sebastian.fedak@gmail.com,+48301039012,Białystok,"59-148","2024-12-14",Organic,true,1999-11-12
2217,Bianka,Sąsiadek,bianka.sąsiadek@gmail.com,+48422051079,Warszawa,"32-216","2024-12-16",Meta Ads,true,1999-06-21
2219,Julian,Maleszka,julian.maleszka@gmail.com,+48234152519,Gdańsk,"94-027","2025-01-21",Organic,false,1992-06-28
2222,Damian,Dziadkowiec,damian.dziadkowiec@gmail.com,+48784629458,Warszawa,"19-375","2025-07-19",Meta Ads,false,1963-01-30
2224,Urszula,Grzela,urszula.grzela@interia.pl,+48396811647,Katowice,"98-187","2024-12-17",Google Ads,false,1980-06-29
2225,Sebastian,Kozok,sebastian.kozok@onet.pl,+48206954611,Poznań,"68-716","2024-11-06",Referral,false,2005-11-18
2226,Natasza,Lepianka,natasza.lepianka@gmail.com,+48948242497,Piła,"93-346","2026-05-07",Influencer,false,1979-02-15
2228,Filip,Dargacz,filip.dargacz@gmail.com,+48710101995,Poznań,"97-178","2025-06-25",Meta Ads,true,1982-04-09
2229,Mateusz,Pioch,mateusz.pioch@gmail.com,+48868470344,Warszawa,"55-697","2024-09-17",Meta Ads,true,2005-11-08
2168,Adam,Karwan,adam.karwan@gmail.com,+48579234109,Warszawa,do weryf,"2025-12-17",Meta Ads,false,1974-06-08
2199,Marianna,Pyszczek,marianna.pyszczek@gmail.com,+48642693386,Warszawa,do weryf,"2024-09-13",Google Ads,true,1965-03-17
2240,Miłosz,Dusik,miłosz.dusik@onet.pl,+48228302988,Kielce,"14-067","2024-12-29",Meta Ads,false,1966-10-29
2241,Mateusz,Golisz,mateusz.golisz@o2.pl,+48642464355,Warszawa,"40-193","2024-10-24",Referral,false,1984-11-01
2242,Filip,Seidel,filip.seidel@wp.pl,+48322750279,Poznań,"35-088","2025-04-14",Newsletter,false,2007-05-12
2243,Sylwia,Orman,sylwia.orman@wp.pl,+48647516064,Leszno,"73-810","2024-11-26",Newsletter,false,1981-03-28
1771,Artur,Kałek,artur.kałek@wp.pl,+48689335804,Łódź,"36-941","2025-12-28",Organic,false,1977-11-09
2245,Maurycy,Kajdas,maurycy.kajdas@wp.pl,+48218432677,Bydgoszcz,"37-982","2025-09-04",Influencer,false,1976-09-11
1338,Dariusz,Staręga,dariusz.staręga@interia.pl,+48478747173,Toruń,"07-114","2025-12-26",Referral,true,1975-11-22
835,Piotr,Nazarko,piotr.nazarko@o2.pl,+48673070305,Kraków,"69-516","2025-08-23",Meta Ads,true,1995-06-22
836,Tomasz,Pastuszek,tomasz.pastuszek@gmail.com,+48912075096,Kraków,"85-134","2025-04-07",Organic,false,2003-05-27
837,Rozalia,Broniarek,rozalia.broniarek@wp.pl,+48585814318,Kraków,"01-919","2025-03-16",Referral,false,2005-04-18
838,Kornelia,Koźlak,kornelia.koźlak@gmail.com,+48900035062,Warszawa,"54-380","2026-07-24",Newsletter,true,2001-12-17
180,Jędrzej,Warczak,jędrzej.warczak@wp.pl,+48577500975,Łódź,"98-164","2024-09-03",Organic,true,1982-01-01
839,Liwia,Połetek,liwia.połetek@gmail.com,+48810103306,Białystok,"30-961","2025-11-14",Meta Ads,false,1998-02-12
2247,Adrian,Kułach,adrian.kułach@gmail.com,+48708617299,Opole,"87-100","2024-09-04",Meta Ads,false,1973-02-25
2249,Szymon,Lampa,szymon.lampa@gmail.com,+48856158755,Elbląg,"49-489","2024-12-02",Google Ads,true,1986-09-03
2251,Maksymilian,Machowicz,maksymilian.machowicz@gmail.com,+48050121713,Białystok,"81-096","2025-04-17",Referral,true,2006-02-04
2253,Julian,Smardz,julian.smardz@gmail.com,+48720392147,Konin,"92-165","2025-03-04",Newsletter,false,2008-03-31
2254,Nela,Palonek,nela.palonek@gmail.com,+48993927035,Wrocław,"94-624","2024-11-14",Newsletter,false,1990-02-13
2255,Cyprian,Klin,cyprian.klin@gmail.com,+48976574173,Zielona Góra,"17-348","2024-12-30",Meta Ads,true,1971-01-04
2256,Kornelia,Brach,korneliabrach@gmail.com,+48289597260,Warszawa,"92-793","2024-12-30",Meta Ads,true,1991-10-15
2257,Tadeusz,Radke,tadeusz.radke@onet.pl,+48261922363,Warszawa,"79-622","2025-06-06",Google Ads,false,1959-07-27
2258,Marcin,Dyszkiewicz,marcin.dyszkiewicz@onet.pl,+48246690343,Gorzów Wielkopolski,"81-510","2025-11-24",Meta Ads,true,1960-10-03
2259,Bartek,Boguta,bartek.boguta@onet.pl,+48465140537,Warszawa,"99-892","2025-02-17",Referral,false,1972-01-01
2262,Maks,Strzyż,maks.strzyż@gmail.com,+48020955614,Kraków,"10-184","2025-11-26",Newsletter,false,1993-04-05
2263,Róża,Ryczko,róża.ryczko@gmail.com,+48170684048,Kraków,"61-263","2026-07-21",Meta Ads,false,1996-01-16
2264,Sara,Cierpka,sara.cierpka@wp.pl,+48958015997,Gdańsk,"18-963","2025-11-03",Organic,true,1962-03-01
2265,Nicole,Kenig,nicole.kenig@gmail.com,+48385229083,Gdańsk,"06-373","2025-07-20",Newsletter,false,2001-02-14
2266,Blanka,Mytych,blanka.mytych@gmail.com,+48709327117,Warszawa,"80-940","2025-10-10",Influencer,false,1991-09-01
2267,Monika,Bazylewicz,monika.bazylewicz@gmail.com,+48055374423,Gdańsk,"66-866","2026-06-15",Google Ads,false,1988-09-13
2268,Jędrzej,Szyjka,jędrzej.szyjka@gmail.com,+48176265802,Białystok,"11-699","2026-04-04",Organic,false,1977-06-30
2269,Aniela,Bobryk,aniela.bobryk@gmail.com,+48673075963,Elbląg,"88-044","2025-03-17",Google Ads,false,1988-06-27
1804,Sylwia,Gajowiak,sylwia.gajowiak@o2.pl,+48585348123,Łódź,"79-307","2026-03-15",Newsletter,false,1977-10-14
2230,Agnieszka,Wszoła,agnieszka.wszoła@gmail.com,+48527750454,Warszawa,"92-850","2025-08-14",Influencer,false,1969-04-09
2232,Damian,Borysiuk,damian.borysiuk@wp.pl,+48283735980,Warszawa,"12-535","2025-10-23",Meta Ads,false,1975-08-10
2233,Hubert,Katana,hubert.katana@gmail.com,+48013094266,Poznań,"28-411","2025-12-22",Influencer,false,1988-05-28
2234,Borys,Kapka,borys.kapka@o2.pl,+48386180705,Kielce,"24-843","2024-12-01",Influencer,true,1995-02-18
1812,Monika,Wrześniak,monika.wrześniak@o2.pl,+48351491704,Łódź,"81-600","2025-12-16",Influencer,false,2003-12-21
265,Artur,Chołody,artur.chołody@wp.pl,+48695813173,Warszawa,"01-775","2026-03-06",Meta Ads,false,1956-10-19
282,Julita,Winnik,julita.winnik@o2.pl,+48610227964,Rzeszów,"31-870","2025-06-17",Organic,true,1967-07-16
283,Julian,Ludwisiak,julian.ludwisiak@gmail.com,+48067166096,Kraków,"60-937","2024-11-08",Newsletter,false,1958-08-25
284,Klara,Skalik,klara.skalik@onet.pl,+48626633057,Olsztyn,"72-543","2025-06-02",Meta Ads,true,1962-09-13
285,Andrzej,Geisler,andrzej.geisler@gmail.com,+48439549470,Warszawa,"27-339","2025-01-10",Google Ads,false,1989-11-14
287,Rafał,Gomuła,rafał.gomuła@gmail.com,+48569416616,Olsztyn,"35-387","2026-02-12",Newsletter,false,1991-04-20
374,Gustaw,Bieszke,gustaw.bieszke@gmail.com,+48502405805,Kielce,"11-119","2025-06-16",Meta Ads,false,1999-08-28
1787,Klara,Starzak,klara.starzak@gmail.com,+48183917043,Łódź,"77-807","2026-05-03",Meta Ads,true,1990-07-24
2235,Melania,Tomal,melania.tomal@o2.pl,+48067564626,Suwałki,"10-837","2025-02-05",Organic,false,1992-04-17
1789,Oskar,Boba,oskar.boba@gmail.com,+48793323318,Łódź,"84-961","2024-11-20",Newsletter,true,1991-05-31
2237,Fryderyk,Świtaj,fryderyk.świtaj@wp.pl,+48256291629,Lublin,"07-823","2026-07-10",Google Ads,false,1975-04-14
2238,Kaja,Kwarciak,kaja.kwarciak@gmail.com,+48050519922,Bydgoszcz,"35-112","2024-11-06",Meta Ads,false,1961-02-16
1821,Rafał,Zimoląg,rafał.zimoląg@gmail.com,+48858446094,Łódź,"69-388","2025-06-01",Meta Ads,true,1992-05-24
2239,Olgierd,Minkina,olgierd.minkina@o2.pl,+48410025666,Gdańsk,"43-029","2025-08-06",Meta Ads,false,1968-04-16
2270,Adam,Bawoł,adam.bawoł@o2.pl,+48123471599,Warszawa,"32-717","2025-01-29",Organic,false,1999-02-14
1824,Julita,Pałgan,julita.pałgan@gmail.com,+48513619098,Łódź,"20-336","2026-08-06",Meta Ads,false,1968-09-10
2271,Mateusz,Pociask,mateusz.pociask@gmail.com,+48732946723,Kraków,"14-298","2025-02-03",Google Ads,true,1975-07-07
2273,Marcelina,Łachut,marcelina.łachut@wp.pl,+48464550750,Poznań,"12-358","2026-01-18",Referral,false,1980-04-14
2276,Kornel,Kijanka,kornel.kijanka@wp.pl,+48819505221,Rzeszów,"41-351","2025-12-02",Google Ads,false,2008-05-29
2277,Ada,Fydrych,ada.fydrych@o2.pl,+48823655282,Lublin,"90-760","2026-03-05",Google Ads,false,1980-11-01
2278,Konstanty,Grochola,konstanty.grochola@gmail.com,+48596798432,Konin,"05-559","2025-03-02",Organic,true,1963-11-06
2279,Natasza,Kujawiak,natasza.kujawiak@wp.pl,+48873840787,Kraków,"82-219","2025-12-19",Meta Ads,false,1972-07-25
2280,Filip,Boksa,filip.boksa@wp.pl,+48317791001,Kraków,"49-064","2025-06-07",Organic,false,2005-03-24
2283,Kaja,Kalisiak,kaja.kalisiak@gmail.com,+48825314007,Warszawa,"33-651","2025-09-04",Google Ads,false,1964-12-05
1835,Mariusz,Kik,mariusz.kik@gmail.com,+48913445160,Łódź,"71-087","2025-11-29",Influencer,true,1962-09-18
182,Michał,Kasperczak,michał.kasperczak@gmail.com,+48352381705,Łódź,"51-518","2026-01-22",Google Ads,false,1979-10-30
853,Ignacy,Nitek,ignacy.nitek@wp.pl,+48961660525,Rzeszów,"30-458","2025-10-17",Google Ads,false,1997-02-06
855,Natan,Krata,natan.krata@gmail.com,+48261924046,Poznań,"71-629","2026-07-11",Google Ads,false,1992-07-16
858,Justyna,Kaczan,justyna.kaczan@gmail.com,+48536933950,Warszawa,"09-270","2024-10-01",Organic,false,1967-05-08
860,Blanka,Szkaradek,blanka.szkaradek@onet.pl,+48198516153,Gdańsk,"84-534","2025-08-15",Referral,false,1970-10-11
861,Gaja,Misztela,gaja.misztela@o2.pl,+48903102826,Częstochowa,"23-656","2024-12-06",Meta Ads,false,1981-10-18
863,Stefan,Kwarciak,stefan.kwarciak@gmail.com,+48585642402,Kraków,"05-803","2024-11-29",Google Ads,false,1987-05-16
2284,Julian,Wiszowaty,julian.wiszowaty@onet.pl,+48591768915,Białystok,"36-415","2025-12-23",Newsletter,false,1959-12-04
2285,Aniela,Sładek,aniela.sładek@gmail.com,+48360166509,Białystok,"54-538","2026-05-29",Google Ads,false,1966-12-10
2288,Nataniel,Kudela,nataniel.kudela@gmail.com,+48553163473,Gdańsk,"62-487","2026-02-24",Newsletter,false,1983-12-23
2290,Anita,Kiwior,anita.kiwior@onet.pl,+48997159663,Kraków,"02-575","2025-05-02",Google Ads,false,1997-02-05
2291,Gaja,Augustynek,gaja.augustynek@gmail.com,+48093421354,Warszawa,"10-741","2026-05-23",Google Ads,false,1990-12-31
2292,Tymon,Kłoczko,tymon.kłoczko@gmail.com,+48732277820,Kraków,"86-844","2025-12-14",Organic,false,2005-05-12
1845,Jacek,Ciuła,jacek.ciuła@o2.pl,+48312306537,Łódź,"91-619","2025-05-08",Meta Ads,false,2008-06-28
2231,Anita,Tarasek,anita.tarasek@gmail.com,+48493868634,Poznań,do weryf,"2025-10-30",Organic,false,1967-08-23
2246,Eryk,Sura,eryk.sura@wp.pl,+48700127826,Olsztyn,do weryf,"2024-11-10",Meta Ads,false,1994-01-21
1848,Elżbieta,Ropiak,elżbieta.ropiak@wp.pl,+48729764840,Łódź,"84-013","2026-08-06",Google Ads,false,1980-08-11
2287,Marianna,Kalka,marianna.kalka@o2.pl,+48604274890,Warszawa,do weryf,"2025-03-18",Organic,false,1964-04-25
2289,Miłosz,Pitala,miłosz.pitala@gmail.com,+48093276684,Wrocław,do weryf,"2024-12-22",Organic,false,2003-12-18
2293,Alex,Makieła,alex.makieła@gmail.com,+48978031248,Warszawa,do weryf,"2025-05-29",Meta Ads,false,1979-11-27
2300,Aurelia,Makieła,aurelia.makieła@gmail.com,+48309373042,Rzeszów,"48-834","2025-07-25",Newsletter,false,1974-11-16
2301,Emil,Mikłaszewicz,emil.mikłaszewicz@gmail.com,+48047414001,Warszawa,"40-515","2025-05-12",Referral,false,1999-01-03
2302,Marcel,Kubów,marcel.kubów@gmail.com,+48380069402,Zielona Góra,"64-665","2026-08-06",Organic,false,2008-07-18
2304,Marianna,Sznura,marianna.sznura@gmail.com,+48558042798,Warszawa,"98-344","2024-10-24",Meta Ads,false,1961-08-08
2305,Kajetan,Hojda,kajetan.hojda@gmail.com,+48753840055,Wrocław,"55-383","2024-11-10",Google Ads,false,1964-12-20
2306,Gaja,Przewoźnik,gaja.przewoźnik@gmail.com,+48039095182,Kraków,"70-447","2025-11-01",Organic,false,1975-10-26
2307,Justyna,Wisła,justyna.wisła@gmail.com,+48683151510,Białystok,"37-719","2025-11-25",Newsletter,false,1988-06-22
2309,Klara,Hanc,klara.hanc@onet.pl,+48444341782,Gdańsk,"64-768","2025-06-23",Newsletter,true,1995-06-09
2311,Filip,Hawrylak,filip.hawrylak@gmail.com,+48936549946,Gdańsk,"38-873","2025-09-28",Referral,true,1977-11-21
2312,Artur,Kyc,artur.kyc@gmail.com,+48923515419,Warszawa,"59-565","2025-09-29",Influencer,false,1975-10-17
2313,Konrad,Demiańczuk,konrad.demiańczuk@gmail.com,+48886990362,Poznań,"61-974","2024-11-02",Meta Ads,true,1962-03-11
2315,Ewa,Opoka,ewa.opoka@gmail.com,+48966463687,Białystok,"48-801","2024-11-11",Meta Ads,false,1967-06-19
2316,Ryszard,Parafiniuk,ryszard.parafiniuk@gmail.com,+48858125561,Radom,"85-271","2024-11-10",Meta Ads,false,1971-11-20
2318,Urszula,Witas,urszula.witas@gmail.com,+48301946625,Gdynia,"02-027","2024-12-12",Meta Ads,true,1963-09-22
2321,Kornelia,Dybiec,kornelia.dybiec@onet.pl,+48531686242,Gdynia,"72-997","2026-07-20",Meta Ads,false,1976-05-03
2324,Tymoteusz,Gendera,tymoteusz.gendera@gmail.com,+48087576537,Warszawa,"41-530","2025-04-13",Meta Ads,false,1963-12-29
288,Maciej,Czerniakiewicz,maciej.czerniakiewicz@gmail.com,+48546420325,Warszawa,"10-193","2024-10-10",Google Ads,false,1998-03-30
296,Oskar,Rolek,oskar.rolek@onet.pl,+48388079678,Piła,"93-481","2026-03-02",Meta Ads,false,1995-12-18
297,Alex,Łukowiak,alex.łukowiak@gmail.com,+48424102315,Gorzów Wielkopolski,"48-321","2025-07-27",Organic,false,1977-07-14
299,Robert,Jędrys,robert.jędrys@gmail.com,+48471973844,Warszawa,"75-594","2026-06-27",Google Ads,true,1993-10-03
1851,Eliza,Miksza,eliza.miksza@wp.pl,+48069372352,Łódź,"71-776","2025-11-08",Referral,false,1980-06-09
2326,Ignacy,Fitas,ignacy.fitas@gmail.com,+48510651481,Suwałki,"74-804","2025-08-22",Newsletter,false,1976-05-15
1853,Marianna,Borejko,marianna.borejko@o2.pl,+48526582996,Łódź,"90-428","2025-06-21",Meta Ads,false,1966-09-14
2327,Robert,Członka,robert.członka@wp.pl,+48813504409,Opole,"71-163","2024-09-22",Organic,false,2005-11-16
2329,Tola,Furgała,tola.furgała@gmail.com,+48233824711,Elbląg,"04-633","2025-09-26",Meta Ads,false,1993-02-04
2330,Maksymilian,Mleczek,maksymilian.mleczek@gmail.com,+48750318162,Warszawa,"49-026","2026-05-31",Meta Ads,false,1994-12-09
2331,Adrian,Chalimoniuk,adrian.chalimoniuk@wp.pl,+48252285837,Warszawa,"82-647","2024-12-11",Organic,false,1996-10-22
1884,Julita,Siemion,julita.siemion@o2.pl,+48422280365,Łódź,"86-939","2026-01-16",Meta Ads,true,1959-02-18
2294,Tymon,Chorążewicz,tymon.chorążewicz@o2.pl,+48079842535,Warszawa,"41-117","2024-12-28",Organic,false,1997-07-28
1887,Arkadiusz,Wyroba,arkadiusz.wyroba@onet.pl,+48122656983,Łódź,"58-169","2024-11-27",Organic,false,1968-12-28
2295,Kalina,Bobryk,kalina.bobryk@gmail.com,+48472954302,Leszno,"67-740","2025-04-15",Google Ads,false,1955-10-16
2297,Elżbieta,Karyś,elżbieta.karyś@gmail.com,+48120462722,Leszno,"05-224","2024-12-07",Meta Ads,false,1995-02-13
2298,Rafał,Dudko,rafał.dudko@gmail.com,+48184396396,Częstochowa,"90-560","2026-01-18",Organic,false,1996-08-21
2299,Albert,Kuncewicz,albert.kuncewicz@gmail.com,+48799996683,Opole,"45-215","2025-02-23",Meta Ads,false,2006-01-27
2303,Klara,Siudek,klara.siudek@o2.pl,+48450124196,Warszawa,"46-361","2025-05-12",Newsletter,false,1999-06-28
2332,Daniel,Dudała,daniel.dudała@wp.pl,+48621677606,Białystok,"84-920","2026-03-07",Meta Ads,false,1967-05-07
1413,Anna Maria,Preuss,anna maria.preuss@interia.pl,+48859263822,Toruń,"69-730","2026-04-09",Influencer,true,1984-10-20
864,Eliza,Nawój,eliza.nawój@gmail.com,+48687009450,Bydgoszcz,"30-630","2025-08-12",Organic,false,1964-07-30
865,Piotr,Gamoń,piotr.gamoń@onet.pl,+48058868946,Warszawa,"31-671","2025-04-06",Google Ads,false,1955-08-11
868,Krzysztof,Woszczyna,krzysztof.woszczyna@gmail.com,+48037502694,Gorzów Wielkopolski,"71-292","2025-06-19",Google Ads,false,1994-01-30
1495,Justyna,Matwiejczyk,justyna.matwiejczyk@wp.pl,+48464063156,Toruń,"94-642","2026-02-17",Influencer,true,1958-10-08
869,Melania,Sadowy,melania.sadowy@wp.pl,+48117253962,Kraków,"45-356","2025-02-20",Meta Ads,false,2006-08-26
870,Jacek,Pakos,jacek.pakos@onet.pl,+48910574811,Lublin,"78-987","2026-05-31",Meta Ads,false,1965-11-26
871,Olga,Kuboń,olga.kuboń@gmail.com,+48957541946,Wrocław,"01-268","2024-10-30",Organic,false,1964-11-14
872,Dorota,Łój,dorota.łój@onet.pl,+48470131651,Warszawa,"72-075","2026-06-02",Meta Ads,true,1982-04-06
873,Cyprian,Strzępek,cyprian.strzępek@gmail.com,+48366246696,Leszno,"66-980","2026-04-15",Referral,false,1969-04-02
874,Julita,Dywan,julita.dywan@gmail.com,+48672600237,Kraków,"74-257","2025-03-26",Influencer,false,1992-05-21
40,Tola,Łyczek,tola.łyczek@interia.pl,+48540545777,Zielona Góra,"68-684","2026-07-15",Newsletter,false,1971-12-10
2333,Eryk,Posmyk,eryk.posmyk@gmail.com,+48631346998,Warszawa,"32-744","2026-03-15",Referral,false,1996-12-08
2334,Albert,Wyłupek,albert.wyłupek@gmail.com,+48538024112,Leszno,"34-676","2024-11-11",Google Ads,false,1958-05-03
2335,Karol,Szymajda,karol.szymajda@gmail.com,+48176191611,Elbląg,"81-024","2025-05-06",Meta Ads,true,1989-06-06
2336,Elżbieta,Paszkowiak,elżbieta.paszkowiak@o2.pl,+48510649740,Zielona Góra,"14-114","2024-12-25",Organic,false,1979-12-06
2338,Grzegorz,Jamroży,grzegorz.jamroży@gmail.com,+48807426902,Olsztyn,"10-507","2025-02-14",Organic,false,2000-05-12
2339,Nikodem,Suszka,nikodem.suszka@o2.pl,+48750567221,Poznań,"13-503","2025-10-24",Referral,false,1997-10-02
2340,Klara,Gowin,klara.gowin@onet.pl,+48926023906,Kraków,"63-983","2025-06-21",Meta Ads,true,1988-10-03
2341,Nikodem,Bugno,nikodem.bugno@o2.pl,+48785127457,Kielce,"54-385","2026-07-19",Meta Ads,false,2002-10-01
2342,Aniela,Pietrewicz,aniela.pietrewicz@gmail.com,+48576942718,Kraków,"21-185","2024-11-17",Meta Ads,false,1971-06-06
2344,Filip,Sondej,filip.sondej@gmail.com,+48560639502,Gorzów Wielkopolski,"44-356","2025-01-19",Influencer,false,1981-03-30
1906,Dominik,Dorynek,dominik.dorynek@wp.pl,+48714634652,Łódź,"42-331","2026-03-06",Referral,true,1985-05-20
2346,Marcel,Handzel,marcel.handzel@wp.pl,+48604457547,Rzeszów,"78-031","2025-04-16",Google Ads,false,1984-01-01
2347,Eliza,Darłak,eliza.darłak@o2.pl,+48680759351,Szczecin,"98-157","2024-11-16",Google Ads,false,1967-01-22
2348,Dariusz,Kaźmierczyk,dariusz.kaźmierczyk@gmail.com,+48750064034,Poznań,"28-031","2026-04-10",Newsletter,false,1972-12-14
2349,Borys,Igras,borys.igras@o2.pl,+48991022054,Poznań,"94-709","2025-03-08",Meta Ads,true,2005-05-29
2350,Cezary,Kapciak,cezary.kapciak@gmail.com,+48636860270,Leszno,"62-205","2025-11-18",Meta Ads,true,2006-02-12
2351,Nataniel,Cięciwa,nataniel.cięciwa@wp.pl,+48087405882,Warszawa,"71-668","2025-10-13",Meta Ads,false,1971-03-12
2352,Anastazja,Zaniewicz,anastazja.zaniewicz@gmail.com,+48517758864,Poznań,"66-970","2025-07-24",Meta Ads,true,1976-10-16
2354,Konstanty,Gros,konstanty.gros@o2.pl,+48205822920,Elbląg,"14-598","2026-01-28",Google Ads,false,1997-08-19
2355,Julianna,Padło,julianna.padło@gmail.com,+48116017796,Bydgoszcz,"22-814","2024-11-07",Meta Ads,false,1966-07-03
2357,Jeremi,Wolańczyk,jeremi.wolańczyk@wp.pl,+48652036264,Warszawa,"41-638","2026-05-11",Meta Ads,false,1961-04-18
2296,Aniela,Ogrodowicz,aniela.ogrodowicz@gmail.com,+48409317964,Warszawa,do weryf,"2025-03-02",Google Ads,false,1979-05-30
2356,Ada,Laskus,ada.laskus@gmail.com,+48685211127,Wrocław,do weryf,"2025-12-24",Referral,true,1987-03-15
2361,Liwia,Rząd,liwia.rząd@o2.pl,+48871680309,Zielona Góra,"51-031","2025-06-26",Meta Ads,false,1961-09-02
2362,Kazimierz,Ofiara,kazimierz.ofiara@onet.pl,+48653598652,Kraków,"24-367","2025-05-31",Meta Ads,true,1968-08-06
2363,Przemysław,Moczko,przemysław.moczko@o2.pl,+48090160606,Wrocław,"48-381","2024-11-19",Organic,false,1963-04-13
2364,Jędrzej,Samoraj,jędrzej.samoraj@gmail.com,+48579202996,Częstochowa,"02-327","2025-09-01",Organic,true,1992-01-28
2366,Jerzy,Mordal,jerzy.mordal@gmail.com,+48254547698,Warszawa,"09-395","2025-08-28",Meta Ads,true,1970-08-17
2369,Justyna,Pianka,justyna.pianka@o2.pl,+48408979028,Warszawa,"41-203","2025-08-29",Meta Ads,false,1966-01-16
2370,Anastazja,Kawiak,anastazja.kawiak@gmail.com,+48472083386,Białystok,"06-282","2026-08-06",Meta Ads,true,1977-12-02
2371,Marcel,Pezda,marcel.pezda@gmail.com,+48157951698,Zielona Góra,"22-616","2025-12-21",Google Ads,false,1972-12-01
2373,Aurelia,Furgał,aurelia.furgał@gmail.com,+48272103008,Elbląg,"60-292","2025-06-09",Meta Ads,false,1962-07-17
2374,Olga,Janowiak,olga.janowiak@gmail.com,+48046944663,Szczecin,"69-941","2026-02-04",Google Ads,true,1983-07-22
2376,Urszula,Kuziora,urszula.kuziora@onet.pl,+48387274840,Rzeszów,"39-282","2024-11-02",Meta Ads,true,1972-05-28
300,Gustaw,Kolanek,gustaw.kolanek@gmail.com,+48091257810,Warszawa,"26-338","2025-04-05",Meta Ads,true,1967-10-14
302,Natan,Fabiszak,natan.fabiszak@o2.pl,+48719663217,Wrocław,"98-842","2025-10-12",Newsletter,false,1981-06-29
303,Marika,Kubasiewicz,marika.kubasiewicz@wp.pl,+48638015856,Elbląg,"22-751","2026-07-23",Meta Ads,false,1997-09-23
2377,Mieszko,Wojtunik,mieszko.wojtunik@wp.pl,+48271747432,Warszawa,"11-570","2024-12-24",Meta Ads,true,1996-08-25
41,Borys,Drobik,borys.drobik@gmail.com,+48984478556,Poznań,"77-057","2025-12-16",Google Ads,false,1956-01-01
44,Kornelia,Chlebek,kornelia.chlebek@o2.pl,+48642425516,Radom,"17-390","2024-11-18",Google Ads,true,1983-10-28
45,Olaf,Męcik,olaf.męcik@gmail.com,+48952510495,Kraków,"72-854","2025-09-05",Meta Ads,true,1991-01-01
46,Maks,Armatys,maks.armatys@gmail.com,+48527962850,Warszawa,"51-883","2024-11-10",Google Ads,true,1994-12-04
48,Jędrzej,Buszko,jędrzej.buszko@wp.pl,+48426892064,Wrocław,"55-588","2025-08-28",Meta Ads,false,1977-01-11
49,Urszula,Bartoś,urszula.bartoś@wp.pl,+48870726483,Radom,"15-415","2025-11-27",Google Ads,false,1956-09-12
50,Arkadiusz,Nazar,arkadiusz.nazar@gmail.com,+48637234222,Gdańsk,"80-472","2024-09-19",Meta Ads,false,1999-09-11
196,Radosław,Siebert,radosław.siebert@o2.pl,+48155725556,Łódź,"44-520","2025-12-16",Meta Ads,false,1999-06-30
51,Olgierd,Kopij,olgierd.kopij@wp.pl,+48304444329,Warszawa,"56-865","2024-12-28",Organic,false,1961-03-16
52,Justyna,Kuczak,justyna.kuczak@wp.pl,+48937090600,Radom,"52-537","2025-08-28",Google Ads,true,1959-10-06
2378,Anastazja,Block,anastazja.block@gmail.com,+48973741441,Wrocław,"07-403","2025-05-29",Meta Ads,false,1971-05-31
1940,Kornelia,Parkitna,kornelia.parkitna@onet.pl,+48867958164,Łódź,"20-840","2026-01-22",Referral,true,2006-02-22
2381,Mateusz,Karczmarz,mateusz.karczmarz@gmail.com,+48646812679,Warszawa,"14-331","2025-11-05",Referral,false,2001-04-01
2382,Justyna,Mamcarz,justyna.mamcarz@gmail.com,+48855828474,Kielce,"22-091","2025-12-08",Google Ads,true,1965-09-22
2384,Mikołaj,Kuliberda,mikołaj.kuliberda@o2.pl,+48896754914,Warszawa,"06-114","2025-04-29",Meta Ads,false,1958-02-20
2385,Emil,Drabczyk,emil.drabczyk@gmail.com,+48191384940,Warszawa,"34-338","2025-10-06",Google Ads,false,1992-01-21
2358,Ernest,Ofiara,ernest.ofiara@gmail.com,+48620860318,Szczecin,"26-581","2024-10-08",Google Ads,true,1974-04-20
2359,Wiktor,Raźny,wiktor.raźny@gmail.com,+48706536952,Warszawa,"22-911","2024-11-21",Organic,false,1957-05-20
2360,Apolonia,Matejczuk,apolonia.matejczuk@onet.pl,+48313155079,Warszawa,"76-420","2025-12-21",Newsletter,false,1971-02-24
831,Cyprian,Fal,cyprian.fal@wp.pl,unknown,Zielona Góra,"77-605","2026-03-14",Meta Ads,false,1959-03-30
2386,Fryderyk,Kalisiak,fryderyk.kalisiak@gmail.com,+48827196505,Gorzów Wielkopolski,"90-175","2025-04-20",Meta Ads,false,2004-08-12
2388,Tymon,Szumacher,tymon.szumacher@interia.pl,+48833194524,Warszawa,"75-910","2026-08-02",Organic,true,2000-08-27
2389,Klara,Pochroń,klara.pochroń@onet.pl,+48444901062,Warszawa,"58-685","2024-11-17",Meta Ads,true,1962-01-30
2390,Liwia,Kopyt,liwia.kopyt@gmail.com,+48123716180,Poznań,"74-490","2024-10-27",Meta Ads,false,1990-08-23
2391,Konstanty,Przewoźniak,konstanty.przewoźniak@gmail.com,+48421607375,Warszawa,"99-749","2026-05-11",Meta Ads,false,1981-03-06
2392,Tomasz,Gorgol,tomasz.gorgol@gmail.com,+48646407770,Gorzów Wielkopolski,"99-304","2025-03-10",Meta Ads,false,1993-04-19
2393,Maks,Dułak,maks.dułak@wp.pl,+48520680575,Konin,"32-676","2025-11-03",Meta Ads,true,1989-11-22
1956,Tymon,Jakiel,tymon.jakiel@wp.pl,+48051486335,Łódź,"78-467","2024-11-11",Meta Ads,false,2005-08-23
2395,Stanisław,Fydrych,stanisław.fydrych@gmail.com,+48837218492,Poznań,"02-687","2025-05-07",Meta Ads,false,1967-01-19
2397,Tola,Wawrzeńczyk,tola.wawrzeńczyk@gmail.com,+48693366924,Warszawa,"68-527","2025-04-06",Meta Ads,true,2001-02-03
2398,Fabian,Chadaj,fabian.chadaj@wp.pl,+48382706180,Wrocław,"59-672","2025-06-08",Meta Ads,true,1963-10-04
2399,Dorota,Pindor,dorota.pindor@wp.pl,+48987940377,Gdynia,"17-225","2025-12-17",Meta Ads,true,2004-03-07
2401,Blanka,Mrózek,blanka.mrózek@o2.pl,+48625172423,Bydgoszcz,"09-285","2026-07-14",Meta Ads,false,1978-01-07
2402,Norbert,Kominiak,norbert.kominiak@gmail.com,+48512158669,Rzeszów,"74-664","2024-10-20",Influencer,true,1961-01-01
2403,Marcelina,Zys,marcelina.zys@gmail.com,+48517298733,Gdańsk,"14-763","2025-09-30",Google Ads,false,1961-06-08
2404,Kacper,Głowienka,kacper.głowienka@gmail.com,+48108723133,Gdańsk,"59-192","2025-11-07",Meta Ads,true,1969-09-25
2405,Lidia,Maligłówka,lidia.maligłówka@o2.pl,+48802856626,Warszawa,"68-464","2026-06-12",Meta Ads,false,1974-04-01
2406,Ignacy,Galica,ignacy.galica@gmail.com,+48358966053,Poznań,"11-363","2024-10-20",Organic,false,1978-06-18
2408,Mikołaj,Krzyszczak,mikołaj.krzyszczak@wp.pl,+48074158830,Suwałki,"35-379","2026-04-26",Organic,false,1960-10-11
2409,Fryderyk,Sudnik,fryderyk.sudnik@gmail.com,+48351796512,Gdańsk,"55-199","2025-01-23",Google Ads,false,1971-03-06
2410,Olga,Janczura,olga.janczura@wp.pl,+48763012118,Lublin,"77-283","2026-05-30",Google Ads,false,1983-08-30
2411,Anastazja,Nojek,anastazja.nojek@gmail.com,+48312406080,Wrocław,"56-112","2024-09-16",Organic,false,1991-09-12
2412,Witold,Bereda,witold.bereda@gmail.com,+48976701400,Zielona Góra,"29-118","2026-01-01",Google Ads,false,1958-05-30
2414,Oskar,Kucharz,oskar.kucharz@wp.pl,+48443289872,Kraków,"29-904","2025-11-02",Organic,false,1988-06-19
2416,Cezary,Judek,cezary.judek@wp.pl,+48623523631,Kraków,"27-176","2024-10-06",Meta Ads,true,1997-03-28
2417,Mieszko,Pochroń,mieszko.pochroń@o2.pl,+48587966492,Wrocław,"37-723","2026-06-23",Influencer,true,1987-03-15
2418,Jakub,Kroczak,jakub.kroczak@o2.pl,+48303566435,Kraków,"24-516","2025-07-12",Meta Ads,false,2003-09-16
2419,Malwina,Huczko,malwina.huczko@o2.pl,+48398702276,Białystok,"40-874","2024-09-30",Meta Ads,true,2003-08-26
2420,Tadeusz,Gonsior,tadeusz.gonsior@gmail.com,+48407011163,Bydgoszcz,"41-698","2025-12-02",Meta Ads,false,1959-04-11
2394,Gabriel,Kryza,gabriel.kryza@gmail.com,+48244909784,Gdynia,do weryf,"2025-04-22",Organic,false,2007-02-06
2396,Ernest,Mrózek,ernest.mrózek@gmail.com,+48681974698,Warszawa,do weryf,"2025-02-05",Meta Ads,false,1973-08-21
2413,Piotr,Dylik,piotr.dylik@gmail.com,+48347689710,Warszawa,do weryf,"2026-06-01",Meta Ads,true,1959-01-31
2430,Juliusz,Nastały,juliusz.nastały@onet.pl,+48567582533,Lublin,"63-260","2025-11-28",Meta Ads,false,1974-11-26
1577,Jeremi,Tórz,jeremi.tórz@onet.pl,+48409659205,Toruń,"85-600","2026-04-15",Meta Ads,true,1966-11-07
1614,Ada,Świerkosz,ada.świerkosz@gmail.com,+48629017283,Toruń,"80-833","2024-09-30",Meta Ads,false,2007-03-20
53,Fabian,Pasieczna,fabian.pasieczna@gmail.com,+48086578872,Kraków,"44-227","2026-07-08",Meta Ads,false,1973-03-31
54,Alan,Jarczyk,alan.jarczyk@o2.pl,+48181147719,Kraków,"66-649","2025-05-06",Referral,true,1961-08-21
875,Albert,Wojtoń,albert.wojtoń@gmail.com,+48978773576,Warszawa,"62-789","2026-03-29",Google Ads,false,1968-06-27
198,Kacper,Gęsiarz,kacper.gęsiarz@wp.pl,+48390250380,Łódź,"43-690","2024-11-25",Google Ads,false,1961-05-27
876,Natan,Wykręt,natan.wykręt@wp.pl,+48073675635,Warszawa,"59-698","2024-09-17",Meta Ads,true,1980-01-06
877,Julianna,Kurzac,julianna.kurzac@wp.pl,+48032355413,Poznań,"04-494","2026-07-24",Newsletter,true,1961-10-03
878,Krzysztof,Ostafin,krzysztof.ostafin@gmail.com,+48736054455,Warszawa,"82-808","2025-09-03",Meta Ads,false,2008-04-15
879,Olaf,Olewniczak,olaf.olewniczak@gmail.com,+48067129580,Katowice,"41-423","2025-03-09",Meta Ads,false,2006-03-27
880,Eliza,Młotek,eliza.młotek@o2.pl,+48515899516,Gorzów Wielkopolski,"02-718","2025-04-16",Influencer,true,1999-09-14
2431,Bartek,Żabka,bartek.żabka@wp.pl,+48932769870,Opole,"46-309","2024-09-13",Google Ads,false,1993-03-26
2432,Eliza,Chaba,eliza.chaba@gmail.com,+48722649578,Poznań,"85-878","2025-12-03",Meta Ads,false,2001-06-13
2433,Gaja,Poczta,gaja.poczta@gmail.com,+48409304440,Gdańsk,"15-277","2025-06-22",Newsletter,false,1991-12-11
2434,Michał,Radzewicz,michał.radzewicz@gmail.com,+48025044719,Warszawa,"53-877","2025-10-19",Newsletter,false,1967-04-08
2435,Julian,Komisarczyk,julian.komisarczyk@gmail.com,+48714863565,Gdynia,"64-032","2025-11-10",Google Ads,false,1968-07-18
2436,Kornelia,Gruza,kornelia.gruza@wp.pl,+48134599877,Elbląg,"27-763","2025-04-21",Google Ads,false,1960-04-29
2437,Albert,Naumiuk,albert.naumiuk@o2.pl,+48534109687,Katowice,"14-989","2026-06-13",Influencer,false,1970-02-10
2439,Tymoteusz,Bobrowicz,tymoteusz.bobrowicz@gmail.com,+48169678183,Gdańsk,"87-358","2025-12-09",Meta Ads,false,2002-08-29
2440,Kamila,Kołata,kamila.kołata@gmail.com,+48716644749,Kraków,"54-968","2024-09-06",Google Ads,false,2008-04-10
2441,Fabian,Ciuła,fabian.ciuła@gmail.com,+48345010456,Zielona Góra,"06-594","2026-06-12",Google Ads,false,1983-02-28
304,Alan,Gągała,alan.gągała@gmail.com,+48470110059,Kraków,"93-560","2024-09-23",Organic,false,1981-06-23
305,Rozalia,Soczewka,rozalia.soczewka@gmail.com,+48840820621,Kielce,"08-537","2025-01-09",Influencer,false,1957-05-21
306,Igor,Filusz,igor.filusz@gmail.com,+48111997251,Radom,"86-050","2026-06-05",Meta Ads,false,1996-02-08
307,Klara,Matla,klara.matla@onet.pl,+48568117682,Gdańsk,"81-237","2024-12-29",Meta Ads,false,1959-03-13
308,Krystian,Zysk,krystian.zysk@wp.pl,+48320186353,Leszno,"28-518","2024-11-16",Meta Ads,false,1979-10-06
2443,Agnieszka,Krüger,agnieszka.krüger@gmail.com,+48631320346,Suwałki,"45-296","2024-11-20",Meta Ads,true,1961-06-08
2446,Miłosz,Kiepura,miłosz.kiepura@wp.pl,+48265933607,Częstochowa,"63-296","2024-12-18",Influencer,true,1959-01-07
2449,Kornelia,Rząd,kornelia.rząd@gmail.com,+48198380930,Wrocław,"85-855","2024-09-30",Meta Ads,false,1955-08-18
2450,Iwo,Wołoch,iwo.wołoch@gmail.com,+48580711387,Warszawa,"45-900","2025-03-22",Meta Ads,false,1970-08-10
2451,Nela,Wojtach,nela.wojtach@o2.pl,+48526626064,Poznań,"99-575","2026-03-31",Meta Ads,true,1963-10-24
2452,Dawid,Frukacz,dawid.frukacz@interia.pl,+48557120583,Warszawa,"35-147","2025-12-09",Meta Ads,true,2008-05-18
2009,Fryderyk,Wiak,fryderyk.wiak@interia.pl,+48294468606,Łódź,"95-002","2025-11-05",Meta Ads,false,1972-01-25
2453,Konrad,Baster,konrad.baster@gmail.com,+48951063896,Szczecin,"75-941","2026-01-06",Influencer,false,1959-11-15
2456,Robert,Pacyga,robert.pacyga@gmail.com,+48559125381,Białystok,"77-319","2024-11-29",Influencer,false,1964-10-11
2423,Błażej,Sztuczka,błażej.sztuczka@gmail.com,+48276846629,Piła,"10-175","2024-12-02",Google Ads,false,1991-08-05
2424,Mateusz,Ziajka,mateusz.ziajka@gmail.com,+48972048135,Warszawa,"46-993","2024-10-03",Meta Ads,false,1980-09-15
2426,Kacper,Basak,kacper.basak@wp.pl,+48441931076,Opole,"88-298","2025-11-01",Google Ads,false,1999-11-14
2016,Filip,Stąpór,filip.stąpór@wp.pl,+48103629162,Łódź,"41-317","2026-03-07",Organic,false,1982-03-22
2457,Justyna,Bochnak,justyna.bochnak@gmail.com,+48531441887,Rzeszów,"42-824","2025-02-23",Google Ads,false,1986-03-28
2458,Ksawery,Supeł,ksawery.supeł@wp.pl,+48088710941,Kielce,"18-427","2026-04-03",Google Ads,false,1984-12-21
2459,Emil,Ścibisz,emil.ścibisz@gmail.com,+48120110258,Olsztyn,"11-305","2026-08-06",Meta Ads,false,1985-08-18
2461,Justyna,Prokopczyk,justyna.prokopczyk@gmail.com,+48859099012,Rzeszów,"18-540","2024-09-01",Referral,false,1979-01-06
2462,Jędrzej,Makoś,jędrzej.makoś@onet.pl,+48762787647,Warszawa,"88-730","2024-11-25",Newsletter,false,1974-07-18
2463,Maks,Ciepła,maks.ciepła@gmail.com,+48301762568,Warszawa,"60-431","2025-03-09",Meta Ads,false,2006-07-21
2465,Sandra,Janasik,sandra.janasik@onet.pl,+48541828939,Wrocław,"97-144","2024-10-18",Meta Ads,false,1988-03-14
2466,Emil,Ziarno,emil.ziarno@gmail.com,+48818614165,Warszawa,"32-595","2026-07-14",Organic,false,1982-09-28
2467,Hubert,Namysł,hubert.namysł@gmail.com,+48888363670,Kraków,"70-922","2025-05-11",Meta Ads,false,1985-07-27
2468,Gustaw,Kiełbowicz,gustaw.kiełbowicz@gmail.com,+48206489042,Gdańsk,"97-866","2026-06-09",Google Ads,false,1976-05-28
2469,Olga,Posłuszna,olga.posłuszna@gmail.com,+48798841574,Rzeszów,"01-474","2026-02-18",Meta Ads,true,1998-05-24
2470,Eliza,Nalewajek,eliza.nalewajek@gmail.com,+48883992299,Wrocław,"07-087","2026-02-08",Meta Ads,true,1958-06-29
2471,Dominik,Borkiewicz,dominik.borkiewicz@gmail.com,+48657648410,Białystok,"77-100","2025-11-28",Meta Ads,false,1999-02-27
1648,Ida,Damian,ida.damian@o2.pl,+48347679799,Toruń,"86-107","2024-11-23",Newsletter,false,1993-01-13
882,Cyprian,Karpiel,cyprian.karpiel@gmail.com,+48181494956,Elbląg,"71-954","2026-08-06",Google Ads,false,1965-01-20
884,Grzegorz,Hak,grzegorz.hak@o2.pl,+48528501292,Poznań,"88-953","2025-11-24",Influencer,false,2003-10-28
885,Sonia,Wojtarowicz,sonia.wojtarowicz@gmail.com,+48811980946,Warszawa,"26-241","2025-06-28",Google Ads,false,1994-07-29
887,Maurycy,Matulka,maurycy.matulka@gmail.com,+48716264854,Kielce,"14-123","2025-01-11",Influencer,false,2004-05-13
888,Anastazja,Szkaradek,anastazja.szkaradek@o2.pl,+48424725065,Gdańsk,"01-783","2025-09-06",Newsletter,false,2001-01-08
890,Anastazja,Rolak,anastazja.rolak@gmail.com,+48847717924,Leszno,"74-890","2025-12-05",Google Ads,false,1970-02-26
891,Grzegorz,Melcer,grzegorz.melcer@wp.pl,+48563457971,Opole,"66-287","2024-10-09",Google Ads,false,1976-09-06
2473,Marcel,Gal,marcel.gal@gmail.com,+48280395231,Radom,"75-691","2025-11-28",Newsletter,false,1982-09-01
2474,Mikołaj,Kurczab,mikołaj.kurczab@gmail.com,+48516577900,Warszawa,"27-529","2025-11-11",Organic,false,1963-03-27
2475,Anastazja,Kopa,anastazja.kopa@onet.pl,+48170801897,Kraków,"29-917","2025-10-23",Google Ads,false,1991-05-29
2476,Marcin,Kij,marcin.kij@gmail.com,+48953244321,Szczecin,"81-319","2026-08-03",Google Ads,true,1993-09-16
2477,Jan,Łacina,jan.łacina@wp.pl,+48929488081,Kraków,"63-639","2026-01-26",Meta Ads,false,1992-01-18
2478,Oliwier,Rohde,oliwier.rohde@o2.pl,+48159528304,Katowice,"01-157","2026-02-03",Meta Ads,false,1987-08-06
2479,Ignacy,Roskosz,ignacy.roskosz@wp.pl,+48319254774,Olsztyn,"13-254","2026-05-26",Newsletter,false,1966-06-03
2481,Marcel,Szyndler,marcel.szyndler@gmail.com,+48899688500,Gorzów Wielkopolski,"52-496","2024-11-02",Organic,false,2007-09-06
2482,Marek,Skocz,marek.skocz@gmail.com,+48233864467,Piła,"70-267","2025-08-25",Organic,false,1999-02-23
2048,Julita,Dzienisz,julita.dzienisz@gmail.com,+48556976144,Łódź,"84-128","2025-02-01",Newsletter,false,1995-07-14
2483,Monika,Matula,monika.matula@gmail.com,+48832716837,Warszawa,"85-632","2025-09-16",Google Ads,false,1962-02-14
2472,Sylwia,Szymańczak,sylwia.szymańczak@onet.pl,+48136323778,Bydgoszcz,do weryf,"2025-11-09",Organic,false,2001-05-28
2494,Nela,Janczarek,nela.janczarek@o2.pl,+48203962644,Olsztyn,"45-925","2024-12-13",Meta Ads,false,1993-01-09
2496,Maks,Długozima,maks.długozima@gmail.com,+48241795897,Warszawa,"93-577","2026-08-06",Referral,false,1973-07-30
2497,Sebastian,Widłak,sebastian.widłak@onet.pl,+48955989405,Warszawa,"98-675","2025-05-06",Organic,true,1971-08-26
2498,Kamila,Gajdzik,kamila.gajdzik@o2.pl,+48903923662,Wrocław,"83-496","2025-01-19",Google Ads,false,1975-07-21
2499,Natasza,Sajnóg,natasza.sajnóg@gmail.com,+48083295510,Zielona Góra,"85-185","2024-12-06",Meta Ads,true,1986-02-15
2504,Lidia,Malara,lidia.malara@gmail.com,+48147338359,Kraków,"98-238","2026-05-04",Meta Ads,true,2007-08-10
2505,Marek,Szlęk,marek.szlęk@gmail.com,+48479479196,Piła,"23-746","2025-05-28",Organic,false,2002-11-24
2506,Sandra,Kokosza,sandra.kokosza@onet.pl,+48104976575,Białystok,"08-627","2025-03-08",Influencer,false,1968-11-14
2508,Mariusz,Fronczyk,mariusz.fronczyk@o2.pl,+48424629932,Kraków,"81-861","2025-05-19",Google Ads,false,1957-02-26
2509,Tymoteusz,Pabisiak,tymoteusz.pabisiak@gmail.com,+48071108537,Białystok,"14-716","2026-04-06",Meta Ads,false,1979-06-03
2510,Łukasz,Jajko,łukasz.jajko@wp.pl,+48922306313,Lublin,"74-570","2026-06-12",Organic,true,1966-03-07
310,Karina,Galos,karina.galos@o2.pl,+48591209972,Kraków,"63-017","2026-04-22",Influencer,false,1955-12-12
314,Anna Maria,Naglik,anna maria.naglik@wp.pl,+48857962877,Gorzów Wielkopolski,"31-197","2024-10-07",Google Ads,false,1988-06-11
315,Iwo,Dulik,iwo.dulik@o2.pl,+48811060122,Warszawa,"46-274","2026-08-06",Organic,false,1997-09-23
317,Artur,Szyndler,artur.szyndler@gmail.com,+48009751380,Gdynia,"88-848","2025-03-08",Organic,false,2000-07-13
318,Filip,Deluga,filip.deluga@onet.pl,+48986656036,Bydgoszcz,"52-389","2025-10-30",Meta Ads,false,1975-08-02
319,Lidia,Wołczyk,lidia.wołczyk@wp.pl,+48863792490,Kraków,"82-010","2025-03-31",Organic,false,1992-11-05
2511,Iwo,Waszczyk,iwo.waszczyk@wp.pl,+48080721481,Warszawa,"57-696","2025-03-31",Meta Ads,false,1970-10-04
2512,Ksawery,Niedośpiał,ksawery.niedośpiał@gmail.com,+48978197260,Radom,"21-445","2026-04-27",Organic,false,1998-09-24
2513,Eryk,Poniedziałek,eryk.poniedziałek@wp.pl,+48354997360,Gdańsk,"75-025","2026-03-09",Meta Ads,true,1988-12-09
2515,Jan,Gruza,jan.gruza@gmail.com,+48806720575,Poznań,"53-582","2025-01-25",Meta Ads,true,1984-07-25
2517,Liwia,Chowaniak,liwia.chowaniak@wp.pl,+48396918084,Piła,"25-853","2025-02-14",Google Ads,false,1966-08-04
2519,Melania,Henke,melania.henke@onet.pl,+48531503789,Warszawa,"18-821","2024-09-02",Organic,false,1959-02-26
2520,Marianna,Mętel,marianna.mętel@onet.pl,+48844195210,Warszawa,"49-895","2025-10-06",Influencer,false,1959-05-08
2521,Maksymilian,Pacocha,maksymilian.pacocha@o2.pl,+48530286840,Kraków,"67-306","2025-04-03",Newsletter,true,1960-12-10
2522,Sonia,Podeszwa,sonia.podeszwa@o2.pl,+48549690597,Wrocław,"07-616","2025-03-01",Organic,false,1984-03-30
2523,Michał,Młynarz,michał.młynarz@onet.pl,+48513977241,Kraków,"38-945","2025-11-12",Meta Ads,true,1999-06-28
2485,Tadeusz,Ciesiółka,tadeusz.ciesiółka@wp.pl,+48228979893,Poznań,"66-760","2025-07-06",Meta Ads,false,1992-09-04
2487,Oskar,Myk,oskar.myk@o2.pl,+48151996534,Warszawa,"64-377","2025-09-23",Meta Ads,false,1990-12-25
2488,Kamila,Durys,kamila.durys@gmail.com,+48463042495,Kraków,"90-820","2024-09-12",Meta Ads,false,1961-04-13
2489,Urszula,Dąbroś,urszula.dąbroś@gmail.com,+48751292925,Poznań,"55-152","2025-11-18",Organic,false,1957-01-28
2490,Róża,Tułacz,różatułacz@onet.pl,+48927386565,Lublin,"73-399","2026-04-16",Organic,false,1956-03-06
2491,Emil,Tecław,emil.tecław@gmail.com,+48504553368,Warszawa,"83-667","2024-11-12",Meta Ads,false,2002-12-08
2524,Tobiasz,Konieczek,tobiasz.konieczek@gmail.com,+48944986352,Radom,"46-070","2026-04-08",Organic,false,2001-11-01
2525,Damian,Nowrot,damian.nowrot@onet.pl,+48750485589,Gdańsk,"10-548","2025-11-14",Organic,true,1986-02-02
892,Aurelia,Kuran,aurelia.kuran@gmail.com,+48826879632,Warszawa,"07-539","2024-12-05",Organic,false,1997-12-16
893,Malwina,Czerner,malwina.czerner@gmail.com,+48574014761,Warszawa,"05-515","2024-12-30",Meta Ads,false,1974-01-01
889,Maciej,Dorna,maciej.dorna@gmail.com,+48396715165,Szczecin,do weryf,"2025-08-08",Meta Ads,false,1988-06-28
901,Anita,Opioła,anita.opioła@gmail.com,+48819987657,Elbląg,"74-703","2025-04-28",Meta Ads,false,1967-09-16
904,Krystian,Borzym,krystian.borzym@onet.pl,+48435728621,Gdańsk,"02-181","2025-02-14",Meta Ads,true,1977-12-08
2526,Eliza,Domowicz,eliza.domowicz@gmail.com,+48050982659,Wrocław,"65-320","2026-04-05",Meta Ads,true,1976-10-02
2527,Adam,Szatko,adam.szatko@wp.pl,+48249705848,Suwałki,"90-914","2025-02-10",Influencer,true,1961-06-21
2528,Natasza,Szabla,natasza.szabla@gmail.com,+48580894880,Wrocław,"84-031","2025-09-25",Influencer,false,1957-04-21
2529,Sandra,Kosiak,sandra.kosiak@wp.pl,+48651522043,Kraków,"26-343","2025-07-24",Google Ads,false,2002-08-30
2530,Stanisław,Sławik,stanisław.sławik@gmail.com,+48658335545,Bydgoszcz,"27-561","2024-09-18",Meta Ads,true,1998-11-19
2531,Kornel,Siciarz,kornel.siciarz@wp.pl,+48133249977,Kraków,"85-935","2025-10-27",Organic,false,2002-02-22
2532,Marek,Kołtuniak,marek.kołtuniak@gmail.com,+48792006816,Wrocław,"10-825","2025-12-23",Google Ads,true,2005-11-03
2533,Piotr,Jaśko,piotr.jaśko@gmail.com,+48691705471,Bydgoszcz,"10-973","2025-11-03",Meta Ads,false,1977-08-27
2534,Maksymilian,Wielgo,maksymilian.wielgo@gmail.com,+48392678729,Warszawa,"71-491","2026-01-16",Meta Ads,false,2005-10-07
2095,Liwia,Maron,liwia.maron@gmail.com,+48917249944,Łódź,"78-044","2025-12-18",Google Ads,true,1987-10-15
2535,Jeremi,Kuziora,jeremi.kuziora@gmail.com,+48085093304,Kielce,"06-107","2025-10-19",Newsletter,true,1957-06-25
2536,Dorota,Koziatek,dorota.koziatek@onet.pl,+48162900678,Częstochowa,"84-359","2024-10-20",Meta Ads,false,1978-06-19
2537,Emil,Kilar,emil.kilar@wp.pl,+48511771448,Warszawa,"30-022","2024-11-23",Google Ads,false,2004-12-14
2538,Szymon,Mszyca,szymon.mszyca@gmail.com,+48725958226,Warszawa,"26-548","2025-11-13",Meta Ads,false,1987-10-29
2539,Fryderyk,Chojak,fryderyk.chojak@wp.pl,+48023935765,Warszawa,"88-756","2025-02-14",Google Ads,false,1956-07-21
2540,Karina,Solarek,karina.solarek@wp.pl,+48897271977,Gdynia,"50-785","2024-10-10",Referral,true,1975-08-03
2541,Hubert,Kałwak,hubert.kałwak@gmail.com,+48378296130,Warszawa,"90-438","2025-06-11",Newsletter,true,1984-09-20
2542,Oliwier,Mila,oliwier.mila@gmail.com,+48654025365,Warszawa,"16-919","2025-10-20",Organic,false,1988-03-23
2544,Adam,Lemke,adam.lemke@gmail.com,+48291865501,Częstochowa,"30-095","2025-12-27",Meta Ads,false,1986-10-17
2545,Olaf,Ziółko,olaf.ziółko@gmail.com,+48751264439,Katowice,"96-771","2025-11-18",Meta Ads,true,2002-09-05
2546,Julita,Sykała,julita.sykała@interia.pl,+48621029664,Olsztyn,"06-822","2025-04-11",Meta Ads,false,1956-05-20
2547,Witold,Jamrożek,witold.jamrożek@gmail.com,+48929593120,Szczecin,"08-079","2026-02-25",Meta Ads,false,1958-08-06
2548,Monika,Jagieło,monika.jagieło@gmail.com,+48340612879,Kraków,"37-045","2025-11-22",Google Ads,false,1972-03-30
2557,Angelika,Podeszwa,angelika.podeszwa@gmail.com,+48546562784,Kraków,"40-760","2025-02-21",Newsletter,false,1984-11-25
2558,Marcel,Pazdan,marcel.pazdan@gmail.com,+48315535816,Szczecin,"93-836","2024-12-17",Meta Ads,false,1997-05-10
2559,Piotr,Dubel,piotr.dubel@wp.pl,+48066517334,Warszawa,"90-451","2025-04-17",Google Ads,false,1990-01-15
2560,Agnieszka,Początek,agnieszka.początek@onet.pl,+48465905341,Warszawa,"03-511","2025-08-23",Meta Ads,false,1999-12-03
2561,Jeremi,Cywka,jeremi.cywka@wp.pl,+48503601595,Kraków,"76-394","2025-03-22",Organic,false,1971-07-08
2562,Karol,Kanarek,karol.kanarek@gmail.com,+48977315743,Opole,"36-876","2025-09-15",Referral,true,1987-11-30
2563,Anastazja,Talaśka,anastazja.talaśka@gmail.com,+48519099957,Elbląg,"49-394","2024-12-11",Meta Ads,false,1979-02-16
2564,Artur,Zarzeczna,artur.zarzeczna@wp.pl,+48323542757,Suwałki,"49-189","2026-08-06",Meta Ads,false,1990-07-28
2565,Ewelina,Kośka,ewelina.kośka@wp.pl,+48553898183,Kielce,"85-313","2024-11-28",Organic,true,1957-04-03
309,Stanisław,Senger,stanisław.senger@gmail.com,+48187424431,Kraków,do weryf,"2025-10-13",Google Ads,false,2005-02-03
325,Kajetan,Miechowicz,kajetan.miechowicz@wp.pl,+48493753007,Olsztyn,"41-017","2026-08-06",Organic,false,2006-07-22
326,Julianna,Klama,julianna.klama@wp.pl,+48916534285,Rzeszów,"97-841","2025-03-18",Organic,true,1993-05-15
328,Nicole,Cofała,nicole.cofała@wp.pl,+48815257085,Wrocław,"50-694","2024-11-11",Organic,false,2003-02-10
329,Kornel,Cylwik,kornel.cylwik@wp.pl,+48487139219,Szczecin,"97-758","2024-12-07",Meta Ads,false,1963-01-05
330,Maksymilian,Furga,maksymilian.furga@interia.pl,+48873299302,Szczecin,"96-998","2025-03-22",Google Ads,false,1973-12-04
331,Oskar,Pawliczak,oskar.pawliczak@gmail.com,+48701446017,Białystok,"30-859","2026-03-02",Meta Ads,true,1959-08-16
334,Albert,Doroz,albert.doroz@onet.pl,+48241885340,Wrocław,"24-697","2025-01-07",Meta Ads,true,1986-08-24
2567,Błażej,Antoszczyk,błażej.antoszczyk@gmail.com,+48418618186,Gdańsk,"97-606","2026-06-13",Meta Ads,false,1967-01-27
2571,Stefan,Suchora,stefan.suchora@onet.pl,+48662240833,Warszawa,"69-475","2025-11-15",Organic,false,1978-01-22
2572,Nicole,Smardz,nicole.smardz@gmail.com,+48198985104,Kraków,"67-267","2025-04-04",Google Ads,false,1964-03-17
2573,Fryderyk,Mleczak,fryderyk.mleczak@interia.pl,+48378546979,Kraków,"96-947","2025-03-13",Google Ads,false,1968-03-21
2574,Bartek,Stoch,bartek.stoch@o2.pl,+48300387230,Warszawa,"88-974","2025-10-01",Influencer,false,1970-02-19
2575,Witold,Miros,witold.miros@gmail.com,+48299883111,Piła,"70-303","2025-08-22",Google Ads,true,1973-06-26
2576,Ewa,Bernatowicz,ewa.bernatowicz@o2.pl,+48908814518,Wrocław,"79-281","2025-10-31",Newsletter,true,1974-10-07
2583,Jędrzej,Korbel,jędrzej.korbel@gmail.com,+48397960753,Radom,"57-185","2024-11-16",Meta Ads,true,1969-04-08
2584,Jacek,Kuliberda,jacek.kuliberda@onet.pl,+48972940018,Katowice,"64-131","2026-03-11",Organic,true,1967-08-25
2585,Tymoteusz,Lenarcik,tymoteusz.lenarcik@wp.pl,+48302264948,Poznań,"80-672","2024-10-20",Organic,false,1958-03-22
2588,Olaf,Surdyk,olaf.surdyk@wp.pl,+48415311489,Opole,"92-266","2026-05-29",Google Ads,false,2007-04-15
2589,Kacper,Franaszek,kacper.franaszek@gmail.com,+48586233628,Elbląg,"46-554","2025-08-11",Organic,false,1993-08-31
2550,Marcel,Styn,marcel.styn@gmail.com,+48252422902,Warszawa,"10-079","2025-10-07",Google Ads,true,1968-11-08
1796,Maurycy,Witoń,maurycy.witoń@onet.pl,+48563038676,Toruń,"75-907","2025-09-23",Google Ads,true,1984-04-11
905,Łukasz,Odrzywołek,łukasz.odrzywołek@gmail.com,+48239925302,Radom,"81-530","2025-11-14",Organic,false,1983-11-24
906,Jędrzej,Opalach,jędrzej.opalach@wp.pl,+48110106202,Kraków,"63-308","2025-09-18",Meta Ads,true,1968-11-23
1813,Olgierd,Szymonik,olgierd.szymonik@gmail.com,+48510261912,Toruń,"04-204","2024-12-05",Meta Ads,false,1966-01-29
907,Nicole,Witaszek,nicole.witaszek@o2.pl,+48034811568,Suwałki,"51-102","2026-07-07",Meta Ads,false,1992-03-12
908,Stanisław,Ochnik,stanisław.ochnik@onet.pl,+48417864997,Lublin,"33-488","2025-05-28",Newsletter,true,2000-01-23
909,Patryk,Mirończuk,patryk.mirończuk@wp.pl,+48572381770,Bydgoszcz,"96-343","2025-12-19",Google Ads,false,1969-05-12
911,Mieszko,Danilczuk,mieszko.danilczuk@gmail.com,+48506877387,Warszawa,"53-125","2025-09-19",Newsletter,false,1974-03-15
2551,Inga,Zagrodnik,inga.zagrodnik@gmail.com,+48283564331,Elbląg,"64-723","2024-09-17",Google Ads,false,1994-07-25
2552,Maurycy,Wons,maurycy.wons@gmail.com,+48674034275,Gdańsk,"29-455","2025-12-31",Influencer,false,1993-05-23
2553,Dariusz,Wyciszkiewicz,dariusz.wyciszkiewicz@gmail.com,+48440977763,Poznań,"71-300","2025-05-10",Organic,true,2001-08-26
2554,Andrzej,Czura,andrzej.czura@gmail.com,+48838782289,Konin,"35-327","2026-06-17",Meta Ads,false,1992-07-30
2555,Nela,Piłka,nela.piłka@gmail.com,+48321624935,Katowice,"07-355","2026-03-30",Meta Ads,false,2003-04-27
2591,Kamil,Łusiak,kamil.łusiak@interia.pl,+48076769090,Gdańsk,"10-243","2025-09-04",Organic,true,1966-05-30
2592,Anita,Olkowicz,anita.olkowicz@gmail.com,+48284717086,Warszawa,"88-426","2025-05-17",Meta Ads,false,1959-05-19
2593,Marianna,Brachman,marianna.brachman@interia.pl,+48015560854,Elbląg,"37-147","2025-10-16",Google Ads,true,1956-11-26
2594,Olgierd,Grzenia,olgierd.grzenia@onet.pl,+48184934238,Lublin,"53-919","2024-11-11",Influencer,true,1990-02-24
2595,Natasza,Pałgan,natasza.pałgan@gmail.com,+48202308759,Suwałki,"80-032","2026-08-06",Google Ads,true,1964-02-03
2596,Aleksander,Kulma,aleksander.kulma@wp.pl,+48055878100,Warszawa,"20-934","2025-06-11",Meta Ads,false,1986-12-06
2599,Przemysław,Błaziak,przemysław.błaziak@gmail.com,+48675539972,Piła,"75-034","2025-04-18",Organic,false,1990-06-03
2600,Krystian,Kasak,krystian.kasak@gmail.com,+48730327678,Warszawa,"98-665","2026-04-27",Influencer,true,1959-10-02
2601,Igor,Dzierwa,igor.dzierwa@gmail.com,+48672406021,Kraków,"73-516","2025-07-12",Organic,true,2008-06-24
2602,Krystyna,Daniec,krystyna.daniec@gmail.com,+48662158301,Rzeszów,"54-552","2025-12-01",Meta Ads,false,1994-06-13
2603,Liwia,Mostek,liwia.mostek@wp.pl,+48999582319,Wrocław,"07-622","2024-11-20",Influencer,true,1980-08-17
2604,Anna Maria,Mazek,anna maria.mazek@gmail.com,+48928771854,Warszawa,"57-325","2026-04-30",Newsletter,true,1969-11-11
2605,Aurelia,Zioła,aurelia.zioła@gmail.com,+48911621298,Gdańsk,"32-337","2026-01-17",Meta Ads,false,1968-06-23
2606,Olgierd,Mitek,olgierd.mitek@gmail.com,+48671805052,Warszawa,"59-323","2024-12-07",Meta Ads,true,1995-04-02
2607,Oliwier,Małyszka,oliwier.małyszka@o2.pl,+48866698800,Radom,"31-456","2024-11-30",Newsletter,false,1994-06-08
2608,Kalina,Mikita,kalina.mikita@gmail.com,+48239894929,Opole,"11-361","2025-03-25",Organic,false,1985-04-19
2609,Igor,Kucab,igor.kucab@wp.pl,+48551221135,Częstochowa,"84-496","2026-08-06",Influencer,false,1987-09-03
2610,Adrianna,Ceran,adrianna.ceran@gmail.com,+48858921818,Gdynia,"54-236","2025-02-03",Google Ads,false,1985-10-08
2611,Hubert,Rapa,hubert.rapa@wp.pl,+48246618373,Szczecin,"32-796","2025-07-27",Meta Ads,false,2003-10-15
2566,Nataniel,Para,nataniel.para@wp.pl,+48542382067,Radom,do weryf,"2026-06-03",Newsletter,false,2002-12-07
2568,Antoni,Gogola,antoni.gogola@gmail.com,+48284716414,Zielona Góra,do weryf,"2025-09-25",Meta Ads,false,1988-07-15
2582,Elżbieta,Kawala,elżbieta.kawala@onet.pl,+48859030818,Suwałki,do weryf,"2024-10-04",Google Ads,true,1987-12-11
2598,Apolonia,Kurbiel,apolonia.kurbiel@gmail.com,+48778237056,Białystok,do weryf,"2025-12-03",Organic,false,1973-10-30
2617,Natasza,Kawulok,natasza.kawulok@wp.pl,+48821956037,Warszawa,"13-130","2026-03-07",Meta Ads,true,2001-09-04
2200,Kaja,Popielarczyk,kaja.popielarczyk@o2.pl,+48869864790,Łódź,"86-704","2025-06-06",Google Ads,false,1971-07-30
2166,Karol,Kłósek,karol.kłósek@gmail.com,+48939766492,Łódź,"71-271","2025-11-24",Google Ads,false,1993-11-12
335,Fryderyk,Szczudło,fryderyk.szczudło@gmail.com,+48108972719,Radom,"99-634","2026-05-18",Newsletter,false,1971-04-02
338,Alex,Cis,alex.cis@gmail.com,+48157942860,Wrocław,"14-094","2026-05-08",Meta Ads,true,1955-11-14
321,Sylwia,Szwaj,sylwia.szwaj@gmail.com,+48853977484,Gdańsk,"13-917","2024-09-21",Influencer,false,1983-08-03
322,Maciej,Morcinek,maciejmorcinek@gmail.com,+48162764444,Gdynia,"28-923","2025-07-19",Organic,false,2001-08-09
323,Nicole,Zbróg,nicole.zbróg@onet.pl,+48169813393,Szczecin,"35-048","2026-04-12",Organic,false,2004-07-29
324,Konstanty,Ludwik,konstanty.ludwik@gmail.com,+48559322467,Warszawa,"70-578","2025-10-20",Meta Ads,false,1990-06-23
327,Ewa,Tomalak,ewa.tomalak@gmail.com,+48237168831,Gdańsk,"39-167","2025-02-15",Meta Ads,false,1985-06-26
340,Adrian,Pietryga,adrianpietryga@gmail.com,+48301433697,Olsztyn,"24-442","2024-12-02",Meta Ads,false,1979-05-21
341,Dagmara,Wilkos,dagmara.wilkos@gmail.com,+48284743185,Warszawa,"53-106","2025-06-27",Google Ads,true,1956-12-26
2167,Kalina,Prejs,kalina.prejs@gmail.com,+48714101841,Warszawa,"79-302","2025-06-10",Organic,true,1972-10-19
2619,Adrian,Syldatk,adrian.syldatk@gmail.com,+48383920495,Warszawa,"68-941","2024-10-18",Google Ads,false,1976-03-01
2620,Kaja,Świstek,kaja.świstek@gmail.com,+48705354370,Warszawa,"17-412","2025-03-23",Google Ads,false,1992-07-13
2621,Tadeusz,Lisoń,tadeusz.lisoń@wp.pl,+48610397111,Warszawa,"38-122","2025-10-18",Referral,true,1973-06-12
2623,Aleksander,Dybka,aleksander.dybka@gmail.com,+48712649168,Kielce,"95-943","2026-04-07",Google Ads,false,1974-05-29
2624,Adrianna,Semik,adrianna.semik@onet.pl,+48397845547,Warszawa,"81-461","2025-01-27",Influencer,false,1994-11-08
1838,Marianna,Kosałka,marianna.kosałka@onet.pl,+48830420693,Toruń,"60-443","2024-11-15",Organic,false,1977-04-08
1857,Artur,Kudela,artur.kudela@onet.pl,+48553301526,Toruń,"55-703","2026-07-12",Newsletter,true,1995-06-27
912,Konrad,Wiertelak,konrad.wiertelak@gmail.com,+48036458362,Kraków,"74-666","2025-02-23",Organic,true,1989-12-31
914,Apolonia,Fudalej,apolonia.fudalej@gmail.com,+48784183566,Gorzów Wielkopolski,"95-458","2025-07-28",Meta Ads,true,2002-09-30
915,Fryderyk,Szpyrka,fryderyk.szpyrka@wp.pl,+48995174595,Warszawa,"37-475","2025-12-27",Newsletter,true,1989-01-28
917,Natan,Niećko,natan.niećko@wp.pl,+48540250172,Warszawa,"81-628","2025-04-04",Influencer,false,1985-11-22
894,Tymoteusz,Holc,tymoteusz.holc@gmail.com,+48324676978,Kraków,"16-716","2026-01-04",Google Ads,false,1983-01-22
896,Fryderyk,Krzyśko,fryderyk.krzyśko@gmail.com,+48535940882,Rzeszów,"13-334","2025-10-19",Influencer,false,1974-10-05
253,Gabriel,Skrobot,gabriel.skrobot@gmail.com,+48224221751,Łódź,"75-501","2025-05-19",Newsletter,false,1960-05-31
2625,Justyna,Capała,justyna.capała@wp.pl,+48312589315,Szczecin,"97-489","2024-12-09",Influencer,false,1992-09-13
2209,Józef,Nazimek,józef.nazimek@gmail.com,+48408624304,Łódź,"84-944","2025-02-03",Referral,false,1968-08-17
2627,Apolonia,Tlałka,apolonia.tlałka@onet.pl,+48574593787,Szczecin,"20-918","2026-06-23",Organic,false,1956-01-03
2628,Tola,Lipowicz,tola.lipowicz@wp.pl,+48849599658,Suwałki,"87-665","2026-04-29",Meta Ads,false,1979-08-19
2212,Sandra,Bylina,sandra.bylina@wp.pl,+48384837854,Łódź,"74-796","2025-07-09",Google Ads,false,1992-05-08
2213,Borys,Kuffel,borys.kuffel@wp.pl,+48301106659,Łódź,"12-241","2025-06-05",Meta Ads,false,1974-10-07
2629,Kazimierz,Jaźwiec,kazimierz.jaźwiec@interia.pl,+48719374894,Piła,"23-521","2026-02-05",Newsletter,false,1993-11-21
2630,Konstanty,Pindral,konstanty.pindral@gmail.com,+48455655808,Poznań,"13-238","2025-05-10",Meta Ads,true,1971-05-10
2631,Cyprian,Jacak,cyprian.jacak@wp.pl,+48272499882,Warszawa,"73-531","2025-09-24",Organic,false,2003-02-25
2632,Elżbieta,Dymarczyk,elżbieta.dymarczyk@o2.pl,+48520756445,Kraków,"55-293","2025-07-27",Meta Ads,true,1972-09-14
2633,Alex,Świć,alex.świć@gmail.com,+48876603112,Kraków,"23-977","2025-02-23",Meta Ads,true,1963-03-09
2637,Alan,Majorczyk,alan.majorczyk@gmail.com,+48201778080,Piła,"34-621","2026-05-11",Meta Ads,false,1995-07-13
2640,Maciej,Kamyk,maciej.kamyk@onet.pl,+48619996951,Częstochowa,"70-551","2025-09-13",Meta Ads,false,1997-12-10
2642,Anita,Rejmer,anita.rejmer@onet.pl,+48849094883,Elbląg,"94-456","2026-01-01",Google Ads,false,1983-03-15
2644,Ignacy,Gleba,ignacy.gleba@onet.pl,+48817221743,Warszawa,"56-506","2026-02-11",Google Ads,false,1969-07-15
2645,Sebastian,Widłak,sebastian.widłak@gmail.com,+48560036614,Warszawa,"94-685","2025-12-02",Google Ads,false,1961-10-07
2646,Maks,Haponiuk,maks.haponiuk@gmail.com,+48045150829,Częstochowa,"11-763","2024-12-27",Meta Ads,true,1997-08-22
2613,Stefan,Larysz,stefan.larysz@gmail.com,+48734369068,Częstochowa,"41-121","2025-05-02",Google Ads,true,1959-11-30
2615,Konrad,Kleinschmidt,konrad.kleinschmidt@gmail.com,+48825957670,Konin,"24-898","2026-07-24",Google Ads,false,1979-08-30
2616,Leon,Pizoń,leon.pizoń@gmail.com,+48460056996,Leszno,"54-270","2025-09-20",Influencer,false,1996-03-02
2647,Igor,Loska,igor.loska@gmail.com,+48511917031,Opole,"21-520","2025-04-17",Meta Ads,false,1973-05-14
2648,Agnieszka,Kornak,agnieszka.kornak@gmail.com,+48363542263,Wrocław,"95-526","2025-07-25",Influencer,false,1991-03-20
2649,Wojciech,Piotrak,wojciech.piotrak@onet.pl,+48958165239,Opole,"89-323","2025-04-03",Meta Ads,false,2002-11-20
2248,Nela,Wołk,nela.wołk@gmail.com,+48367286971,Łódź,"65-827","2026-03-19",Organic,true,1996-09-03
2650,Piotr,Laskus,piotr.laskus@gmail.com,+48991516354,Katowice,"13-955","2026-02-20",Google Ads,false,1992-12-19
2651,Angelika,Siergiej,angelika.siergiej@gmail.com,+48609895670,Warszawa,"25-862","2025-04-06",Organic,false,1985-03-06
2652,Piotr,Wasyluk,piotr.wasyluk@gmail.com,+48751118572,Warszawa,"81-009","2024-11-03",Google Ads,false,1968-08-17
2654,Natasza,Warych,natasza.warych@gmail.com,+48758237426,Olsztyn,"63-834","2026-08-06",Newsletter,false,1965-07-06
2656,Dawid,Palonek,dawid.palonek@gmail.com,+48484328186,Bydgoszcz,"93-768","2025-11-14",Newsletter,false,1966-12-12
2657,Justyna,Rohde,justyna.rohde@gmail.com,+48724746072,Piła,"63-572","2025-06-04",Meta Ads,false,1987-12-28
2658,Kajetan,Bernatowicz,kajetan.bernatowicz@gmail.com,+48027329870,Elbląg,"54-705","2024-10-29",Organic,false,1969-07-15
2659,Fryderyk,Goworek,fryderyk.goworek@gmail.com,+48533740598,Opole,"75-241","2025-08-01",Meta Ads,false,1989-05-24
2660,Karina,Pyszczek,karina.pyszczek@o2.pl,+48541499144,Kraków,"85-978","2025-12-08",Newsletter,true,1965-02-19
2661,Radosław,Fogiel,radosław.fogiel@interia.pl,+48944171340,Suwałki,"30-897","2025-09-12",Influencer,false,1971-01-29
2662,Ada,Kołsut,ada.kołsut@o2.pl,+48811771185,Olsztyn,"81-402","2026-05-15",Meta Ads,true,1987-04-13
343,Arkadiusz,Tałaj,arkadiusz.tałaj@onet.pl,+48056226375,Suwałki,"50-013","2026-01-27",Influencer,false,1971-01-23
344,Tobiasz,Citko,tobiasz.citko@wp.pl,+48937465715,Kielce,"11-743","2025-07-05",Meta Ads,false,2003-05-11
345,Andrzej,Mleczek,andrzej.mleczek@wp.pl,+48888825694,Gdynia,"67-174","2026-08-06",Organic,false,1991-12-02
346,Alan,Karczmarz,alan.karczmarz@gmail.com,+48724853507,Wrocław,"35-309","2024-10-25",Google Ads,false,1969-10-27
347,Tymon,Burchardt,tymon.burchardt@interia.pl,+48945295807,Warszawa,"22-446","2025-04-19",Meta Ads,false,1970-03-22
350,Konrad,Wasilewicz,konrad.wasilewicz@gmail.com,+48499752714,Warszawa,"14-139","2025-03-20",Google Ads,false,1971-09-28
351,Ewa,Kloska,ewa.kloska@gmail.com,+48765998439,Kraków,"80-390","2026-01-11",Google Ads,false,1998-03-19
353,Gaja,Margol,gaja.margol@interia.pl,+48321082860,Katowice,"39-329","2026-06-11",Newsletter,false,1987-07-26
2663,Inga,Grodek,inga.grodek@o2.pl,+48271076059,Wrocław,"38-099","2025-03-18",Meta Ads,true,1967-03-14
1886,Leonard,Flaga,leonard.flaga@gmail.com,+48011108647,Toruń,"97-108","2025-08-05",Organic,true,1982-04-30
1926,Maciej,Horbacz,maciej.horbacz@wp.pl,+48609074929,Toruń,"54-664","2024-11-11",Newsletter,false,1998-09-02
897,Robert,Wolff,robert.wolff@gmail.com,+48053017295,Kraków,"71-270","2024-12-31",Organic,false,1968-02-29
898,Natasza,Niebudek,natasza.niebudek@gmail.com,+48463870501,Gdańsk,"44-375","2026-04-26",Meta Ads,false,1965-05-05
899,Kaja,Karpik,kaja.karpik@gmail.com,+48454993464,Kielce,"54-718","2026-06-19",Google Ads,false,1995-06-18
274,Adam,Gągała,adam.gągała@gmail.com,+48459400901,Łódź,"65-297","2025-10-17",Meta Ads,false,1968-01-03
279,Marianna,Wiraszka,marianna.wiraszka@wp.pl,+48630623407,Łódź,"64-049","2025-12-16",Newsletter,false,2007-02-16
292,Malwina,Boruń,malwina.boruń@gmail.com,+48734581202,Leszno,"90-619","2024-11-03",Meta Ads,false,1992-11-23
2664,Stefan,Giedrojć,stefangiedrojć@interia.pl,+48213443868,Opole,"58-334","2024-11-20",Organic,true,1968-09-15
2665,Kaja,Lindner,kaja.lindner@gmail.com,+48369370019,Leszno,"23-476","2026-06-07",Organic,false,2006-04-13
2666,Oliwier,Milczarczyk,oliwier.milczarczyk@gmail.com,+48904662022,Warszawa,"90-408","2025-05-03",Newsletter,false,1992-12-13
2667,Karina,Machniak,karina.machniak@gmail.com,+48593689657,Warszawa,"63-616","2025-10-26",Influencer,false,1977-06-06
2668,Marek,Kozaczuk,marek.kozaczuk@gmail.com,+48485515267,Kraków,"38-275","2026-03-30",Organic,false,1982-06-29
2669,Kalina,Surdyk,kalina.surdyk@gmail.com,+48920173377,Rzeszów,"72-791","2025-04-10",Google Ads,false,1972-09-21
2670,Alex,Małys,alex.małys@gmail.com,+48319486489,Lublin,"51-829","2025-12-28",Organic,false,1979-01-07
2671,Blanka,Porwoł,blanka.porwoł@wp.pl,+48730787307,Bydgoszcz,"07-275","2024-11-14",Meta Ads,false,1981-04-29
2672,Borys,Boba,borys.boba@onet.pl,+48821347183,Kraków,"82-839","2025-03-08",Newsletter,false,1958-01-05
2673,Adrianna,Dąbrówka,adrianna.dąbrówka@gmail.com,+48416509336,Warszawa,"29-587","2024-11-02",Organic,false,2002-01-02
2275,Dominik,Marach,dominik.marach@gmail.com,+48390841499,Łódź,"99-444","2024-10-06",Google Ads,false,1966-03-02
2674,Julita,Wałęsa,julita.wałęsa@onet.pl,+48635432995,Gdynia,"81-113","2026-03-30",Organic,false,2005-10-31
2675,Kornel,Babiuch,kornel.babiuch@onet.pl,+48368234906,Białystok,"78-553","2024-12-07",Meta Ads,true,1956-08-25
2676,Michał,Dryka,michał.dryka@gmail.com,+48422954910,Warszawa,"49-093","2025-12-05",Organic,false,1996-12-16
2618,Kornelia,Słomian,kornelia.słomian@gmail.com,+48416664255,Wrocław,do weryf,"2025-10-29",Meta Ads,false,2008-01-24
2634,Nikodem,Jambor,nikodem.jambor@wp.pl,+48050629529,Kraków,do weryf,"2025-09-05",Newsletter,true,1986-01-29
2635,Jędrzej,Słabosz,jędrzej.słabosz@gmail.com,+48103153801,Wrocław,do weryf,"2024-09-06",Meta Ads,false,1964-05-15
2687,Jeremi,Kurzac,jeremi.kurzac@interia.pl,+48473243394,Poznań,"11-079","2026-05-04",Meta Ads,false,1959-07-06
2689,Krystian,Armata,krystian.armata@onet.pl,+48885659405,Opole,"95-603","2025-11-23",Newsletter,false,1997-08-09
2286,Robert,Zacharek,robert.zacharek@gmail.com,+48354398936,Łódź,"07-095","2025-08-30",Meta Ads,true,2003-01-11
2691,Kazimierz,Drewicz,kazimierz.drewicz@interia.pl,+48031694831,Kielce,"66-762","2025-05-02",Newsletter,false,1956-11-01
2693,Aurelia,Wojtalewicz,aurelia.wojtalewicz@wp.pl,+48685526338,Konin,"49-299","2025-06-06",Meta Ads,false,1978-05-12
2694,Borys,Tomys,borys.tomys@o2.pl,+48534342545,Gdańsk,"72-286","2025-11-07",Referral,false,1981-03-19
2695,Ewelina,Lelito,ewelina.lelito@onet.pl,+48877228968,Warszawa,"32-392","2025-12-10",Organic,false,1956-07-04
2696,Sonia,Wilma,sonia.wilma@interia.pl,+48726190464,Warszawa,"51-975","2026-07-27",Referral,true,1975-05-08
2697,Inga,Waloszczyk,inga.waloszczyk@gmail.com,+48650101293,Częstochowa,"14-464","2025-01-28",Meta Ads,false,1967-06-21
2698,Szymon,Lepa,szymon.lepa@gmail.com,+48789794929,Kraków,"99-238","2026-01-07",Google Ads,false,1979-04-17
2699,Malwina,Wojtoń,malwina.wojtoń@gmail.com,+48999849255,Radom,"14-659","2025-09-15",Organic,true,1972-01-22
2700,Julian,Hamrol,julian.hamrol@wp.pl,+48606858641,Kraków,"81-086","2025-02-27",Organic,true,1960-08-25
2706,Kalina,Sierżant,kalina.sierżant@gmail.com,+48135629749,Szczecin,"01-275","2025-11-29",Meta Ads,false,1992-03-09
2707,Melania,Joniak,melania.joniak@wp.pl,+48571751767,Gorzów Wielkopolski,"63-559","2025-05-07",Organic,false,1982-01-31
2709,Dagmara,Sarota,dagmara.sarota@wp.pl,+48776908973,Bydgoszcz,"95-751","2026-07-28",Google Ads,true,1959-11-29
2711,Bartek,Fiedoruk,bartek.fiedoruk@o2.pl,+48418001383,Wrocław,"67-767","2026-01-20",Organic,false,1962-01-12
2712,Konrad,Myszor,konrad.myszor@wp.pl,+48760420945,Konin,"15-040","2025-06-05",Google Ads,false,2002-07-12
2713,Anastazja,Ciesiółka,anastazja.ciesiółka@gmail.com,+48039661923,Zielona Góra,"81-823","2025-04-11",Meta Ads,false,1983-05-26
2715,Gustaw,Pyć,gustaw.pyć@gmail.com,+48962184925,Radom,"56-302","2025-06-22",Meta Ads,true,1993-10-02
2716,Jeremi,Damek,jeremi.damek@onet.pl,+48297422655,Suwałki,"42-630","2025-10-15",Meta Ads,true,2002-09-28
2717,Sylwia,Cierpka,sylwia.cierpka@gmail.com,+48547767974,Kielce,"22-145","2025-10-18",Organic,false,1970-12-22
2718,Gabriel,Rolek,gabriel.rolek@interia.pl,+48463458035,Opole,"79-975","2025-08-01",Meta Ads,false,1993-06-18
2719,Eliza,Adrian,eliza.adrian@gmail.com,+48440646540,Rzeszów,"33-484","2024-11-01",Meta Ads,false,1980-02-16
2678,Franciszek,Nojek,franciszek.nojek@wp.pl,+48186239493,Gorzów Wielkopolski,"27-371","2025-09-01",Referral,false,1983-12-23
2680,Olaf,Portka,olaf.portka@gmail.com,+48654205253,Gdańsk,"21-933","2025-07-26",Newsletter,false,1975-05-30
2681,Klara,Maruszczak,klara.maruszczak@interia.pl,+48017405747,Wrocław,"71-751","2025-04-23",Referral,false,1968-10-10
2319,Mariusz,Fogiel,mariusz.fogiel@gmail.com,+48823643351,Łódź,"67-840","2025-02-10",Organic,false,1994-11-18
2323,Marianna,Błądek,marianna.błądek@gmail.com,+48936965767,Łódź,"82-400","2025-01-22",Organic,true,2007-05-25
2328,Gabriel,Gruszczyk,gabriel.gruszczyk@gmail.com,+48161855854,Łódź,"12-027","2025-12-10",Referral,false,1978-10-12
355,Alex,Góraj,alex.góraj@gmail.com,+48217232047,Konin,"95-712","2026-04-25",Newsletter,false,1989-02-20
1988,Kazimierz,Ruszczak,kazimierz.ruszczak@gmail.com,+48701349914,Toruń,"82-369","2025-02-25",Meta Ads,false,2001-11-20
55,Apolonia,Lemieszek,apolonia.lemieszek@wp.pl,+48101188522,Warszawa,"45-360","2025-06-06",Newsletter,false,1994-02-23
56,Tymon,Księżak,tymon.księżak@gmail.com,+48254757846,Warszawa,"14-150","2025-12-27",Referral,false,1969-02-28
58,Igor,Wojtalik,igor.wojtalik@interia.pl,+48877632024,Częstochowa,"99-644","2025-03-12",Meta Ads,false,1981-10-13
356,Aurelia,Hein,aurelia.hein@onet.pl,+48158957873,Olsztyn,"32-334","2025-10-18",Referral,false,1975-07-12
357,Kamila,Brejnak,kamila.brejnak@wp.pl,+48164551138,Warszawa,"15-955","2026-04-02",Meta Ads,false,1985-06-24
358,Tola,Hnat,tola.hnat@o2.pl,+48045479224,Kraków,"24-699","2025-03-04",Meta Ads,false,1996-04-12
363,Albert,Dybka,albert.dybka@gmail.com,+48460970373,Gdańsk,"58-613","2026-07-12",Meta Ads,false,1980-12-29
365,Sandra,Jaszczur,sandra.jaszczur@gmail.com,+48305864108,Kraków,"05-810","2024-11-09",Referral,false,2006-12-03
366,Julita,Moneta,julita.moneta@wp.pl,+48894022098,Warszawa,"82-937","2025-09-29",Meta Ads,true,1960-02-06
2682,Bartek,Kochanowicz,bartek.kochanowicz@interia.pl,+48979871056,Gdańsk,"03-774","2025-07-24",Organic,false,2005-06-08
2683,Paweł,Wypchło,paweł.wypchło@gmail.com,+48276072824,Gdynia,"51-811","2025-11-16",Organic,true,1981-04-18
2685,Witold,Hałat,witold.hałat@wp.pl,+48738358780,Gorzów Wielkopolski,"35-768","2026-06-24",Organic,true,1962-02-23
2686,Albert,Kołpak,albert.kołpak@o2.pl,+48439613484,Warszawa,"52-135","2026-04-30",Meta Ads,true,1998-12-19
2720,Kornel,Pyś,kornel.pyś@onet.pl,+48276135618,Konin,"93-873","2025-08-21",Meta Ads,true,2004-10-09
2724,Patryk,Rapa,patryk.rapa@gmail.com,+48381157905,Warszawa,"59-339","2025-11-19",Meta Ads,false,1960-08-12
2726,Melania,Garczyk,melania.garczyk@wp.pl,+48529013241,Gdańsk,"29-354","2025-05-02",Google Ads,true,1988-12-03
2728,Marianna,Stawczyk,marianna.stawczyk@o2.pl,+48351340944,Olsztyn,"94-314","2025-11-30",Meta Ads,false,1975-01-23
2729,Olga,Gula,olgagula@gmail.com,+48927002735,Rzeszów,"72-555","2026-02-20",Organic,false,1989-08-07
2730,Ksawery,Choroś,ksawery.choroś@onet.pl,+48831860527,Warszawa,"76-157","2025-05-10",Organic,true,1961-01-19
2731,Przemysław,Korkosz,przemysław.korkosz@gmail.com,+48271342809,Wrocław,"23-270","2026-07-29",Meta Ads,true,1985-06-20
2732,Hubert,Solis,hubert.solis@o2.pl,+48995864460,Kielce,"67-602","2026-03-27",Newsletter,false,1989-10-09
2733,Ernest,Skierka,ernest.skierka@gmail.com,+48897650946,Bydgoszcz,"74-791","2026-04-28",Organic,true,2000-10-28
2735,Lidia,Oślizło,lidia.oślizło@gmail.com,+48857445062,Kraków,"22-003","2025-02-09",Meta Ads,false,1997-02-11
2736,Przemysław,Walo,przemysław.walo@interia.pl,+48914670832,Leszno,"79-151","2025-03-19",Meta Ads,false,1963-03-11
2737,Lidia,Szarpak,lidia.szarpak@gmail.com,+48731079777,Suwałki,"01-332","2025-02-13",Google Ads,true,1959-09-19
2345,Inga,Durlik,inga.durlik@gmail.com,+48933362031,Łódź,"21-535","2026-02-18",Organic,false,1994-11-27
2738,Mikołaj,Rosłon,mikołaj.rosłon@gmail.com,+48902581580,Olsztyn,"66-827","2026-04-29",Meta Ads,false,1978-11-24
2739,Natasza,Loska,natasza.loska@gmail.com,+48497657461,Kraków,"39-513","2024-09-15",Meta Ads,false,1995-11-16
2741,Lidia,Kreczmer,lidia.kreczmer@wp.pl,+48934906647,Opole,"40-859","2025-02-17",Meta Ads,false,1983-04-06
2679,Damian,Srokosz,damian.srokosz@gmail.com,+48448825358,Olsztyn,do weryf,"2025-10-24",Referral,false,2001-02-28
2684,Damian,Maćków,damian.maćków@o2.pl,+48068331159,Radom,do weryf,"2026-08-06",Organic,true,1967-10-14
2705,Krystian,Rychert,krystian.rychert@o2.pl,+48121992117,Kraków,do weryf,"2025-08-19",Google Ads,false,1985-07-22
2708,Marek,Przewoźniak,marek.przewoźniak@gmail.com,+48732312129,Gdańsk,do weryf,"2024-12-16",Meta Ads,false,1981-03-12
2353,Eryk,Supeł,eryk.supeł@gmail.com,+48687501692,Łódź,"23-203","2025-08-20",Meta Ads,false,1992-01-04
2721,Leon,Korta,leon.korta@gmail.com,+48741963549,Częstochowa,do weryf,"2024-12-04",Meta Ads,false,1980-09-16
2723,Jan,Otremba,jan.otremba@wp.pl,+48187709067,Warszawa,do weryf,"2026-06-01",Influencer,false,1966-02-26
2748,Bruno,Dybał,bruno.dybał@gmail.com,+48454434087,Gdynia,"72-898","2025-06-15",Google Ads,false,2008-06-26
2749,Rafał,Pietraś,rafał.pietraś@gmail.com,+48876129090,Wrocław,"48-184","2024-11-19",Influencer,false,2005-01-20
2322,Kamila,Pikula,kamila.pikula@gmail.com,+48364682854,Łódź,do weryf,"2026-04-03",Meta Ads,false,2004-12-27
2750,Mateusz,Kraszkiewicz,mateusz.kraszkiewicz@wp.pl,+48417497623,Kraków,"57-370","2025-12-25",Newsletter,false,1983-06-22
2752,Leonard,Pokrzywa,leonard.pokrzywa@gmail.com,+48600780443,Szczecin,"65-944","2025-12-31",Organic,true,1956-04-13
2753,Jeremi,Kielan,jeremi.kielan@gmail.com,+48493563397,Gdańsk,"83-282","2026-01-02",Google Ads,true,1989-08-09
2754,Ewa,Szymonik,ewa.szymonik@gmail.com,+48352264469,Warszawa,"90-722","2024-09-19",Organic,true,1969-01-02
2755,Adam,Kukawka,adam.kukawka@wp.pl,+48605317731,Warszawa,"04-884","2026-07-29",Referral,true,1993-08-26
2365,Kornel,Drobnik,kornel.drobnik@wp.pl,+48590965358,Łódź,"60-582","2024-11-27",Meta Ads,false,1997-09-29
2756,Natasza,Bartela,natasza.bartela@wp.pl,+48474765220,Suwałki,"81-466","2026-03-30",Influencer,false,1981-07-31
2367,Bruno,Bugiel,bruno.bugiel@interia.pl,+48062846033,Łódź,"28-106","2026-02-18",Meta Ads,true,1985-04-29
2368,Igor,Pasiak,igor.pasiak@gmail.com,+48250360257,Łódź,"83-432","2025-02-27",Meta Ads,false,1991-10-01
2758,Paweł,Kuzia,paweł.kuzia@gmail.com,+48263521440,Warszawa,"48-030","2024-09-17",Organic,false,1988-01-30
2760,Adrian,Bartocha,adrian.bartocha@wp.pl,+48296396239,Kraków,"54-855","2026-03-27",Organic,true,2000-06-03
2761,Adam,Panicz,adam.panicz@gmail.com,+48452232608,Warszawa,"82-728","2026-04-15",Google Ads,false,1958-11-24
2762,Patryk,Tonder,patryk.tonder@o2.pl,+48326604085,Gorzów Wielkopolski,"70-285","2024-11-03",Influencer,false,2007-09-19
2375,Natan,Glazik,natanglazik@gmail.com,+48420285296,Łódź,"03-072","2024-10-20",Meta Ads,false,1980-07-01
2763,Eryk,Kurpanik,eryk.kurpanik@gmail.com,+48118593631,Kraków,"79-756","2026-01-08",Newsletter,false,1956-06-23
2764,Alex,Władyka,alex.władyka@o2.pl,+48866443093,Wrocław,"91-174","2026-07-05",Newsletter,false,2003-08-07
2379,Agnieszka,Neugebauer,agnieszka.neugebauer@gmail.com,+48922775057,Łódź,"83-991","2026-04-06",Meta Ads,true,2003-11-07
2383,Leonard,Stoltmann,leonard.stoltmann@gmail.com,+48326279250,Łódź,"69-006","2025-11-26",Organic,false,2005-02-07
367,Witold,Szok,witold.szok@gmail.com,+48257179753,Kraków,"86-364","2024-10-06",Google Ads,false,1964-05-30
2012,Hubert,Rosołek,hubert.rosołek@gmail.com,+48681706858,Toruń,"85-617","2025-12-31",Organic,false,1986-11-27
2025,Liwia,Hajdasz,liwia.hajdasz@o2.pl,+48353951048,Toruń,"37-290","2026-07-15",Organic,false,1992-07-03
60,Sylwia,Czuryło,sylwia.czuryło@gmail.com,+48017505634,Poznań,"82-640","2024-12-20",Google Ads,false,1972-09-21
61,Jędrzej,Barteczko,jędrzej.barteczko@wp.pl,+48745657591,Warszawa,"57-070","2026-07-24",Influencer,false,1980-06-12
62,Emil,Wyroślak,emil.wyroślak@gmail.com,+48622001417,Kraków,"36-606","2024-11-30",Meta Ads,true,1958-07-28
63,Dorota,Bródka,dorota.bródka@gmail.com,+48404994048,Warszawa,"40-473","2025-05-09",Organic,false,1979-07-19
75,Iwo,Indyka,iwo.indyka@wp.pl,+48095294205,Kraków,"85-988","2026-04-30",Organic,false,2003-08-19
368,Aleksander,Wojtoń,aleksander.wojtoń@onet.pl,+48309404870,Kraków,"83-694","2024-11-23",Google Ads,false,1989-11-15
369,Kornel,Wyroślak,kornel.wyroślak@gmail.com,+48163958148,Gdańsk,"56-109","2024-12-29",Google Ads,true,1956-02-26
2765,Julianna,Stefankiewicz,julianna.stefankiewicz@gmail.com,+48172852636,Rzeszów,"47-529","2025-12-08",Newsletter,true,1956-05-06
2767,Eryk,Haremza,eryk.haremza@o2.pl,+48972316731,Rzeszów,"98-514","2026-07-25",Referral,true,1963-05-31
2769,Konrad,Przeklasa,konrad.przeklasa@gmail.com,+48857427064,Warszawa,"65-420","2025-11-26",Meta Ads,false,1964-10-05
2770,Jakub,Witoń,jakub.witoń@wp.pl,+48495675900,Kielce,"36-575","2025-08-28",Meta Ads,false,1974-03-07
2771,Cyprian,Kozica,cyprian.kozica@gmail.com,+48163253860,Białystok,"73-857","2026-06-25",Meta Ads,false,1992-07-01
2772,Sylwia,Wowra,sylwia.wowra@interia.pl,+48699900538,Poznań,"12-120","2024-10-24",Google Ads,false,2004-04-01
2742,Liwia,Kiedrowicz,liwia.kiedrowicz@gmail.com,+48946413683,Konin,"78-863","2024-12-26",Influencer,false,1966-12-06
2743,Leon,Zybura,leon.zybura@gmail.com,+48205192208,Elbląg,"36-729","2025-01-19",Newsletter,false,1963-03-03
2744,Justyna,Frydrychowicz,justyna.frydrychowicz@wp.pl,+48347240170,Warszawa,"57-502","2026-03-02",Meta Ads,false,1992-06-08
2745,Iwo,Trawka,iwo.trawka@wp.pl,+48820198554,Kraków,"16-572","2025-10-15",Google Ads,true,2003-04-14
2746,Nataniel,Kubowicz,nataniel.kubowicz@interia.pl,+48546020691,Kielce,"04-887","2024-09-30",Google Ads,false,1974-12-23
2747,Roksana,Ufniarz,roksana.ufniarz@wp.pl,+48314642484,Warszawa,"86-355","2025-06-10",Meta Ads,false,1994-03-16
2774,Michał,Maszkiewicz,michał.maszkiewicz@interia.pl,+48586906241,Warszawa,"22-808","2025-12-17",Organic,false,1956-02-24
2776,Witold,Stryjek,witoldstryjek@gmail.com,+48040745562,Opole,"88-658","2025-11-22",Organic,false,2005-07-22
2777,Rafał,Piestrzeniewicz,rafał.piestrzeniewicz@gmail.com,+48909307772,Lublin,"97-756","2026-06-24",Meta Ads,true,1962-08-18
2780,Rafał,Wakuła,rafał.wakuła@gmail.com,+48218645545,Szczecin,"26-182","2025-05-07",Organic,false,2007-07-01
2781,Robert,Wieja,robert.wieja@gmail.com,+48519296889,Szczecin,"57-271","2024-09-28",Meta Ads,false,1960-06-29
2783,Angelika,Olearczyk,angelika.olearczyk@o2.pl,+48123152689,Warszawa,"81-704","2025-09-08",Influencer,true,1999-09-05
2785,Nicole,Karpik,nicole.karpik@gmail.com,+48736575334,Warszawa,"90-445","2026-04-22",Newsletter,false,1973-12-25
2786,Stefan,Działo,stefan.działo@wp.pl,+48964927178,Kraków,"44-717","2024-11-26",Organic,false,2006-12-05
2787,Bianka,Ciechowicz,bianka.ciechowicz@gmail.com,+48539176046,Kraków,"96-814","2024-11-10",Google Ads,false,1969-11-06
2790,Daniel,Buchalik,daniel.buchalik@gmail.com,+48015325447,Gdynia,"18-479","2025-02-21",Newsletter,false,1986-09-12
2791,Mariusz,Letkiewicz,mariusz.letkiewicz@onet.pl,+48403148241,Warszawa,"49-675","2026-05-03",Google Ads,true,1986-10-12
2792,Filip,Konstanty,filip.konstanty@gmail.com,+48857705234,Kraków,"90-108","2026-06-13",Meta Ads,false,1988-12-15
2793,Mateusz,Szuta,mateusz.szuta@o2.pl,+48326192030,Konin,"54-487","2025-05-21",Meta Ads,false,1973-05-02
2794,Oskar,Wolff,oskar.wolff@wp.pl,+48380086446,Warszawa,"46-314","2026-05-01",Meta Ads,false,1964-03-21
2795,Inga,Kałwa,inga.kałwa@interia.pl,+48551266633,Częstochowa,"97-023","2025-05-20",Influencer,false,1978-11-11
2796,Agnieszka,Siebert,agnieszka.siebert@gmail.com,+48394376236,Kraków,"74-712","2026-01-02",Google Ads,false,1978-08-25
2798,Natan,Mroczko,natan.mroczko@gmail.com,+48328703940,Konin,"87-411","2024-11-14",Organic,true,1971-07-04
2799,Jerzy,Fuławka,jerzy.fuławka@gmail.com,+48604820689,Kielce,"65-111","2026-06-18",Meta Ads,true,1977-11-27
2800,Cezary,Orzeszek,cezary.orzeszek@gmail.com,+48679258430,Radom,"52-608","2025-07-27",Google Ads,true,1957-02-08
2802,Anna Maria,Bicz,anna maria.bicz@gmail.com,+48313481703,Białystok,"73-770","2025-05-09",Meta Ads,false,1962-12-28
2803,Józef,Mik,józef.mik@o2.pl,+48558290270,Suwałki,"07-994","2024-09-30",Google Ads,false,1960-05-21
2804,Julian,Hołysz,julian.hołysz@gmail.com,+48948642111,Warszawa,"45-470","2024-11-17",Referral,false,1976-08-01
2805,Róża,Borysewicz,róża.borysewicz@wp.pl,+48671672793,Warszawa,"85-152","2025-08-03",Influencer,false,1966-03-20
2775,Mariusz,Nalewajek,mariusz.nalewajek@gmail.com,+48738258171,Radom,do weryf,"2026-03-18",Meta Ads,true,1993-12-25
2812,Łukasz,Fierek,łukasz.fierek@wp.pl,+48448426538,Kraków,"99-335","2026-06-14",Meta Ads,false,2003-03-11
2813,Kaja,Habdas,kaja.habdas@gmail.com,+48271855529,Szczecin,"51-547","2025-08-05",Meta Ads,false,1959-05-24
2814,Marika,Ryguła,marika.ryguła@gmail.com,+48464415470,Wrocław,"95-994","2025-07-30",Organic,true,1986-09-04
2815,Borys,Kaziród,borys.kaziród@onet.pl,+48688693102,Bydgoszcz,"78-183","2024-12-03",Organic,false,1996-04-16
2816,Leonard,Kucab,leonard.kucab@onet.pl,+48676614357,Gorzów Wielkopolski,"44-514","2025-03-23",Meta Ads,true,1999-03-25
2818,Rafał,Strojna,rafał.strojna@wp.pl,+48051923624,Poznań,"28-310","2025-11-08",Organic,false,1978-09-02
2819,Natan,Biernacik,natan.biernacik@gmail.com,+48396388701,Poznań,"84-185","2025-02-25",Influencer,false,1978-02-27
2820,Ryszard,Witoń,ryszard.witoń@wp.pl,+48536879748,Gdańsk,"50-692","2025-03-06",Google Ads,true,1999-02-15
2821,Filip,Kasica,filip.kasica@onet.pl,+48733320014,Elbląg,"54-184","2026-02-15",Google Ads,false,1964-04-06
2822,Eliza,Drożdżal,eliza.drożdżal@wp.pl,+48250936637,Kraków,"14-477","2025-04-09",Meta Ads,true,1998-04-29
2125,Oliwier,Rajman,oliwier.rajman@wp.pl,+48045191896,Toruń,"34-718","2026-02-25",Meta Ads,false,1968-09-14
259,Stanisław,Głowienka,stanisław.głowienka@gmail.com,+48496612406,Łódź,"09-957","2025-12-28",Meta Ads,false,1980-08-12
77,Nataniel,Korzekwa,nataniel.korzekwa@gmail.com,+48285459763,Częstochowa,"84-716","2024-10-18",Newsletter,false,1990-09-09
258,Kaja,Natanek,kaja.natanek@wp.pl,+48493980231,Lublin,"90-066","2024-12-19",Google Ads,false,1984-04-11
900,Dariusz,Warzybok,dariusz.warzybok@gmail.com,+48261701589,Gdańsk,"52-287","2025-09-20",Google Ads,false,1979-06-26
919,Alex,Bisaga,alex.bisaga@gmail.com,+48393799994,Gdańsk,"38-728","2025-08-07",Google Ads,false,1969-10-08
922,Klara,Klinkosz,klara.klinkosz@onet.pl,+48276069011,Poznań,"24-875","2026-02-01",Meta Ads,true,1956-10-26
2823,Mieszko,Oczko,mieszko.oczko@wp.pl,+48482518337,Poznań,"94-104","2025-01-27",Meta Ads,true,1990-05-10
2825,Aurelia,Krystkowiak,aurelia.krystkowiak@gmail.com,+48608318826,Wrocław,"50-703","2026-02-07",Meta Ads,false,1979-09-11
2826,Ada,Kala,ada.kala@gmail.com,+48477088604,Gdańsk,"86-412","2024-11-21",Organic,false,1977-12-26
2448,Tola,Trznadel,tola.trznadel@o2.pl,+48125637952,Łódź,"07-501","2025-06-15",Organic,false,1971-10-21
2827,Mikołaj,Świerkosz,mikołaj.świerkosz@gmail.com,+48294208197,Rzeszów,"55-265","2025-07-21",Organic,false,1994-12-04
2828,Oliwier,Halik,oliwier.halik@wp.pl,+48769314234,Warszawa,"58-515","2025-09-17",Referral,false,1975-05-10
2829,Lidia,Lisoń,lidia.lisoń@gmail.com,+48263324929,Warszawa,"43-865","2025-12-04",Referral,false,1983-12-14
2454,Borys,Płaneta,borys.płaneta@gmail.com,+48903661843,Łódź,"61-956","2025-12-18",Meta Ads,false,1974-05-23
370,Robert,Powierża,robert.powierża@gmail.com,+48542300532,Lublin,"66-765","2025-07-03",Organic,true,1983-02-03
371,Elżbieta,Bortkiewicz,elżbieta.bortkiewicz@wp.pl,+48140477979,Warszawa,"74-227","2025-06-21",Meta Ads,false,1979-03-22
373,Nela,Dawidczyk,nela.dawidczyk@onet.pl,+48090220052,Zielona Góra,"45-026","2026-01-15",Meta Ads,false,1981-03-07
375,Julian,Żynda,julian.żynda@onet.pl,+48776357399,Gdynia,"40-352","2025-04-08",Meta Ads,true,1979-09-23
376,Gabriel,Zastawny,gabriel.zastawny@o2.pl,+48210890083,Radom,"62-357","2025-03-05",Referral,false,1980-10-31
377,Monika,Stefankiewicz,monika.stefankiewicz@gmail.com,+48280332403,Poznań,"90-464","2026-02-09",Google Ads,false,1972-06-30
2830,Dariusz,Sieradzan,dariusz.sieradzan@gmail.com,+48226177905,Szczecin,"23-435","2025-11-15",Google Ads,true,1983-10-11
2831,Ernest,Cąkała,ernest.cąkała@gmail.com,+48807566199,Warszawa,"87-082","2026-03-03",Google Ads,false,1963-07-26
2428,Patryk,Dmoch,patryk.dmoch@onet.pl,+48918080877,Łódź,"39-824","2026-03-25",Google Ads,true,1994-08-12
2832,Natan,Karwala,natan.karwala@wp.pl,+48394747270,Kraków,"76-265","2024-10-26",Google Ads,false,1966-01-25
2833,Agnieszka,Roszko,agnieszka.roszko@gmail.com,+48508758590,Kraków,"07-476","2025-03-16",Meta Ads,false,1970-07-11
2834,Marcel,Godzwon,marcel.godzwon@gmail.com,+48741494940,Szczecin,"63-472","2025-02-25",Meta Ads,true,1975-01-19
2460,Marcelina,Cydzik,marcelina.cydzik@o2.pl,+48582038967,Łódź,"24-385","2025-08-08",Meta Ads,true,1997-01-23
2836,Szymon,Sporek,szymon.sporek@gmail.com,+48127489652,Gorzów Wielkopolski,"35-184","2025-03-03",Organic,false,1971-02-19
2806,Tymoteusz,Bok,tymoteusz.bok@gmail.com,+48152911610,Rzeszów,"40-083","2025-12-12",Google Ads,false,1965-05-18
2809,Mieszko,Dmoch,mieszko.dmoch@wp.pl,+48400181548,Suwałki,"61-564","2025-12-21",Organic,true,1991-12-30
2810,Bruno,Łuczyk,bruno.łuczyk@gmail.com,+48115075082,Katowice,"86-386","2025-12-19",Organic,false,1999-08-29
2811,Andrzej,Fuławka,andrzej.fuławka@o2.pl,+48095949303,Olsztyn,"13-397","2025-08-29",Meta Ads,true,1962-05-28
2837,Urszula,Gruchot,urszula.gruchot@gmail.com,+48961413884,Wrocław,"58-333","2025-03-28",Organic,false,1971-05-16
2838,Piotr,Andrys,piotr.andrys@onet.pl,+48868799507,Warszawa,"15-366","2025-09-23",Organic,false,1994-05-21
2840,Ewelina,Klamka,ewelina.klamka@onet.pl,+48762848394,Lublin,"17-745","2025-05-01",Meta Ads,true,1963-04-06
2841,Anastazja,Graś,anastazja.graś@gmail.com,+48662090771,Warszawa,"36-354","2025-12-17",Influencer,false,2007-02-08
2842,Andrzej,Żuberek,andrzej.żuberek@wp.pl,+48391004901,Poznań,"94-841","2025-04-04",Meta Ads,false,1983-05-06
2843,Róża,Masny,róża.masny@gmail.com,+48254086883,Gdańsk,"10-335","2025-03-27",Meta Ads,false,1975-05-09
2844,Tymon,Zera,tymon.zera@wp.pl,+48337629701,Kraków,"93-654","2025-10-30",Meta Ads,false,1998-08-28
2845,Oskar,Nogieć,oskar.nogieć@gmail.com,+48985975801,Warszawa,"66-743","2024-09-02",Referral,false,1959-10-08
2846,Emil,Gregorek,emil.gregorek@gmail.com,+48915431764,Poznań,"52-023","2024-10-28",Newsletter,false,1965-05-05
2847,Juliusz,Calik,juliusz.calik@gmail.com,+48925685051,Zielona Góra,"84-761","2025-06-23",Meta Ads,false,2002-05-23
2848,Kornelia,Przybycień,kornelia.przybycień@gmail.com,+48097806716,Kraków,"25-585","2026-06-29",Newsletter,false,1969-06-05
2849,Emil,Wnuczek,emil.wnuczek@gmail.com,+48277879036,Katowice,"66-553","2025-12-13",Google Ads,false,2000-11-14
2850,Andrzej,Praczyk,andrzej.praczyk@wp.pl,+48669968265,Gorzów Wielkopolski,"07-384","2024-11-06",Meta Ads,false,1985-12-25
2851,Przemysław,Pacholik,przemysław.pacholik@gmail.com,+48298556262,Olsztyn,"56-282","2026-04-23",Referral,false,1995-03-07
2854,Kalina,Magier,kalina.magier@gmail.com,+48876031308,Bydgoszcz,"03-801","2026-03-05",Organic,false,1977-07-21
2427,Anna Maria,Ułanowicz,anna maria.ułanowicz@onet.pl,+48459693839,Łódź,do weryf,"2025-09-26",Organic,false,1963-05-13
2855,Adrian,Miszkiel,adrian.miszkiel@wp.pl,+48283385475,Elbląg,"35-474","2025-05-01",Influencer,false,1987-05-07
2856,Alex,Rawa,alex.rawa@onet.pl,+48389798739,Rzeszów,"29-231","2024-12-18",Meta Ads,true,1956-07-20
2857,Arkadiusz,Michniak,arkadiusz.michniak@gmail.com,+48945132579,Kraków,"09-627","2025-09-06",Google Ads,false,1970-11-07
2858,Róża,Drynda,róża.drynda@gmail.com,+48162987609,Zielona Góra,"54-651","2025-10-23",Newsletter,false,1987-02-22
2859,Rozalia,Kiwior,rozalia.kiwior@o2.pl,+48377410707,Kraków,"61-953","2025-09-28",Organic,false,1985-02-24
2860,Cyprian,Ignatiuk,cyprian.ignatiuk@gmail.com,+48997064839,Warszawa,"41-355","2025-10-13",Meta Ads,false,1999-03-13
2142,Julianna,Czopik,julianna.czopik@interia.pl,+48988345585,Toruń,"78-381","2024-10-22",Newsletter,false,1968-03-22
925,Wiktor,Kubaczyk,wiktor.kubaczyk@gmail.com,+48998642462,Warszawa,"61-562","2024-12-22",Meta Ads,false,1958-06-13
266,Radosław,Wowra,radosław.wowra@gmail.com,+48137923929,Łódź,"87-737","2025-03-08",Meta Ads,false,1984-06-13
928,Fabian,Radziewicz,fabian.radziewicz@interia.pl,+48856468786,Gdańsk,"32-756","2025-07-05",Google Ads,false,1970-08-28
929,Hubert,Opioła,hubert.opioła@gmail.com,+48483587059,Gdańsk,"68-859","2025-10-17",Newsletter,true,1964-08-20
931,Lidia,Pancerz,lidia.pancerz@wp.pl,+48755637296,Wrocław,"70-958","2025-08-24",Organic,false,1970-01-12
932,Sara,Szpila,sara.szpila@wp.pl,+48631917750,Warszawa,"90-553","2025-05-19",Organic,true,1964-12-23
933,Gaja,Rajtar,gaja.rajtar@onet.pl,+48149852594,Białystok,"81-767","2025-08-22",Organic,true,1989-04-18
934,Sylwia,Roszko,sylwia.roszko@interia.pl,+48194878002,Warszawa,"68-656","2025-10-24",Google Ads,false,1989-06-28
2570,Adam,Smyl,adam.smyl@gmail.com,+48834527520,Lublin,"14-567","2025-06-09",Newsletter,false,1976-03-01
2503,Damian,Płócienniczak,damian.płócienniczak@wp.pl,+48322128566,Łódź,"13-682","2024-11-01",Meta Ads,true,1961-03-23
2861,Krystian,Szaruga,krystian.szaruga@wp.pl,+48349678476,Kraków,"96-511","2026-07-24",Organic,false,1966-10-04
2862,Alan,Beck,alan.beck@o2.pl,+48930218871,Warszawa,"50-262","2026-05-04",Google Ads,false,1976-12-13
2863,Anita,Gąbka,anita.gąbka@wp.pl,+48814946469,Warszawa,"81-499","2026-05-10",Meta Ads,true,1985-05-06
2864,Mieszko,Lewko,mieszko.lewko@o2.pl,+48415741753,Warszawa,"27-766","2026-03-31",Meta Ads,true,2007-10-18
2865,Leonard,Ciuba,leonard.ciuba@wp.pl,+48002634635,Wrocław,"38-769","2026-07-10",Newsletter,false,1972-04-22
2867,Maks,Sobiło,maks.sobiło@gmail.com,+48147630927,Leszno,"56-426","2025-02-24",Google Ads,false,2008-05-17
2868,Michał,Karpiak,michał.karpiak@gmail.com,+48854379260,Gdańsk,"37-570","2025-08-28",Referral,true,1995-01-12
2869,Marek,Mokwa,marek.mokwa@wp.pl,+48192779711,Olsztyn,"69-135","2026-04-29",Meta Ads,false,1975-08-27
2808,Dagmara,Ptok,dagmara.ptok@gmail.com,+48536986556,Poznań,do weryf,"2025-12-29",Meta Ads,true,1980-11-22
2514,Patryk,Kopciuch,patryk.kopciuch@wp.pl,+48348816696,Łódź,"05-830","2026-06-19",Google Ads,false,1963-01-17
2881,Artur,Kuśka,artur.kuśka@o2.pl,+48291386099,Opole,"79-635","2025-10-20",Organic,false,1982-04-10
2882,Maksymilian,Pierzak,maksymilian.pierzak@wp.pl,+48350788809,Gorzów Wielkopolski,"74-750","2024-11-21",Meta Ads,false,1977-04-05
2883,Michał,Stanuch,michał.stanuch@o2.pl,+48182262243,Kraków,"79-256","2026-03-30",Organic,false,1964-06-01
378,Radosław,Orman,radosław.orman@onet.pl,+48878750596,Kraków,"91-118","2024-10-31",Meta Ads,true,1956-10-16
379,Cyprian,Skolik,cyprian.skolik@gmail.com,+48469473941,Bydgoszcz,"14-694","2024-09-01",Google Ads,true,1997-12-31
380,Andrzej,Wiciak,andrzej.wiciak@gmail.com,+48171140163,Rzeszów,"23-566","2026-03-13",Meta Ads,false,1964-01-31
381,Melania,Rejmer,melania.rejmer@wp.pl,+48240121008,Warszawa,"60-238","2025-08-19",Referral,false,1997-11-16
382,Daniel,Dadej,daniel.dadej@gmail.com,+48707439779,Olsztyn,"82-674","2024-11-29",Google Ads,false,1978-07-01
383,Antoni,Wojniak,antoni.wojniak@wp.pl,+48639102377,Kraków,"79-905","2025-01-28",Meta Ads,true,1966-01-20
384,Tola,Kiełbus,tola.kiełbus@wp.pl,+48951316861,Gdańsk,"50-005","2026-06-28",Google Ads,false,1992-12-11
2884,Natasza,Frymus,natasza.frymus@gmail.com,+48509140166,Kraków,"12-975","2025-05-20",Meta Ads,false,1975-03-22
2886,Miłosz,Wasilewicz,miłosz.wasilewicz@gmail.com,+48552053489,Warszawa,"48-741","2026-01-08",Organic,false,2001-12-14
2887,Tymoteusz,Łuczyk,tymoteusz.łuczyk@onet.pl,+48014615441,Opole,"92-944","2024-12-04",Influencer,false,1966-03-08
2888,Adrian,Zioła,adrian.zioła@wp.pl,+48301941162,Katowice,"09-916","2026-05-08",Google Ads,true,1957-03-25
2889,Aurelia,Bazyluk,aurelia.bazyluk@gmail.com,+48230544925,Kraków,"59-251","2025-11-13",Organic,false,1991-10-31
2492,Sara,Kolbusz,sara.kolbusz@wp.pl,+48059323382,Łódź,"46-986","2025-11-12",Google Ads,true,1962-12-23
2890,Sara,Dybiec,sara.dybiec@wp.pl,+48997510527,Warszawa,"23-997","2025-06-27",Google Ads,false,1980-01-19
2891,Kamil,Haponiuk,kamil.haponiuk@onet.pl,+48679390080,Poznań,"78-858","2024-12-16",Google Ads,true,1973-02-24
2892,Damian,Pronobis,damian.pronobis@wp.pl,+48992816852,Kraków,"60-740","2026-06-28",Newsletter,true,2006-08-10
2893,Jan,Kalinka,jan.kalinka@wp.pl,+48926056521,Gdańsk,"05-699","2026-02-11",Meta Ads,false,1991-06-21
2895,Robert,Garczyk,robert.garczyk@wp.pl,+48438775330,Białystok,"92-551","2025-04-06",Organic,false,1962-01-03
2897,Stanisław,Bryndza,stanisław.bryndza@gmail.com,+48958241021,Gdańsk,"51-849","2025-12-24",Newsletter,false,1999-03-07
2901,Alan,Rubaj,alan.rubaj@o2.pl,+48326920102,Kielce,"53-673","2025-05-26",Google Ads,true,1973-08-09
2902,Andrzej,Dyjach,andrzejdyjach@gmail.com,+48189522926,Kielce,"62-216","2024-12-16",Influencer,false,1969-08-12
2903,Kornel,Monkiewicz,kornel.monkiewicz@gmail.com,+48214638416,Warszawa,"89-076","2025-11-02",Influencer,true,1979-11-19
2904,Marika,Dyrek,marika.dyrek@gmail.com,+48120099391,Wrocław,"32-776","2026-08-03",Influencer,true,1969-05-17
2905,Gustaw,Goik,gustaw.goik@gmail.com,+48934246254,Wrocław,"57-339","2025-03-08",Meta Ads,false,1997-04-29
2870,Marcel,Rawa,marcel.rawa@o2.pl,+48863202857,Katowice,"51-224","2025-09-04",Meta Ads,true,1966-10-17
2872,Blanka,Głownia,blanka.głownia@gmail.com,+48503224234,Warszawa,"53-361","2024-11-05",Meta Ads,false,1995-06-01
2873,Sandra,Czylok,sandra.czylok@gmail.com,+48016366489,Rzeszów,"77-286","2025-02-25",Meta Ads,false,1972-07-10
2874,Olgierd,Rosada,olgierd.rosada@o2.pl,+48868880552,Warszawa,"14-681","2026-01-03",Organic,true,2002-06-28
2875,Alex,Ornat,alex.ornat@onet.pl,+48689927036,Gdańsk,"69-546","2024-12-22",Meta Ads,true,1976-05-19
2876,Olga,Kuza,olga.kuza@gmail.com,+48116763095,Katowice,"97-476","2025-04-09",Newsletter,false,1970-10-08
2214,Gabriel,Langiewicz,gabriel.langiewicz@gmail.com,+48297617193,Toruń,"03-372","2024-11-30",Newsletter,false,1985-03-10
935,Fabian,Stawowczyk,fabian.stawowczyk@interia.pl,+48148709825,Częstochowa,"62-553","2024-12-16",Influencer,false,1967-08-19
289,Julianna,Gadzina,julianna.gadzina@gmail.com,+48892277731,Łódź,"86-573","2026-04-23",Meta Ads,true,1967-02-05
936,Dawid,Gogol,dawid.gogol@gmail.com,+48404288344,Radom,"40-375","2026-05-25",Newsletter,false,1977-06-10
293,Ewa,Gogacz,ewa.gogacz@wp.pl,+48817283337,Łódź,"71-330","2025-04-21",Influencer,false,1996-09-12
937,Marcin,Kiepura,marcin.kiepura@gmail.com,+48450903770,Piła,"02-001","2025-12-08",Meta Ads,true,1983-05-01
939,Marika,Rudyk,marika.rudyk@gmail.com,+48341354650,Poznań,"62-307","2024-11-13",Influencer,false,1956-01-29
940,Kornelia,Pajdak,kornelia.pajdak@o2.pl,+48429153477,Białystok,"38-612","2025-11-27",Meta Ads,false,1967-11-07
941,Jan,Hołota,jan.hołota@gmail.com,+48122476806,Kraków,"48-194","2024-11-30",Meta Ads,true,1977-06-01
943,Tobiasz,Pikula,tobiasz.pikula@gmail.com,+48586396446,Warszawa,"49-226","2025-09-13",Google Ads,false,1969-07-14
944,Kaja,Mętel,kaja.mętel@gmail.com,+48136526123,Gdańsk,"31-530","2025-05-21",Newsletter,false,1996-02-12
2877,Aniela,Ciuk,aniela.ciuk@onet.pl,+48374216702,Kraków,"23-410","2025-02-10",Google Ads,false,1970-11-18
2878,Ewelina,Ciechowicz,ewelina.ciechowicz@gmail.com,+48533535096,Leszno,"43-782","2025-04-15",Influencer,false,1980-03-09
2879,Tymoteusz,Ograbek,tymoteusz.ograbek@interia.pl,+48852671770,Wrocław,"13-393","2025-12-05",Referral,false,1986-05-06
2880,Sandra,Szram,sandra.szram@gmail.com,+48489764197,Warszawa,"53-194","2025-05-21",Meta Ads,true,1989-04-29
2907,Sebastian,Kramer,sebastian.kramer@gmail.com,+48731568851,Leszno,"67-296","2025-12-28",Organic,false,1956-12-20
2908,Leonard,Torbus,leonard.torbus@gmail.com,+48071863066,Warszawa,"47-731","2025-10-26",Meta Ads,false,1971-01-11
2909,Damian,Adamiuk,damian.adamiuk@wp.pl,+48745151425,Szczecin,"82-313","2026-04-08",Google Ads,false,1980-10-14
2910,Monika,Tekiela,monika.tekiela@wp.pl,+48804345621,Poznań,"38-159","2026-02-08",Meta Ads,false,1995-01-05
2911,Hubert,Pachla,hubert.pachla@gmail.com,+48606761215,Opole,"78-300","2024-10-17",Meta Ads,true,2001-02-17
2913,Janina,Świerkosz,janina.świerkosz@o2.pl,+48778201341,Gdynia,"19-599","2026-02-17",Google Ads,false,1956-03-26
2914,Dariusz,Hanzel,dariusz.hanzel@gmail.com,+48259756726,Elbląg,"66-764","2026-04-18",Newsletter,false,2001-09-19
2915,Eliza,Kacperek,eliza.kacperek@gmail.com,+48981646983,Warszawa,"62-634","2025-11-06",Meta Ads,false,2003-04-19
2916,Mieszko,Piersa,mieszko.piersa@onet.pl,+48787554297,Warszawa,"20-602","2026-04-04",Organic,false,2000-10-13
2917,Jędrzej,Sapała,jędrzej.sapała@wp.pl,+48726200206,Białystok,"48-388","2024-11-26",Google Ads,true,2001-06-18
2918,Ada,Pęksa,ada.pęksa@gmail.com,+48488428405,Szczecin,"22-892","2025-04-15",Meta Ads,false,1983-06-08
2920,Wiktor,Czupryn,wiktor.czupryn@gmail.com,+48327247182,Gdańsk,"29-317","2024-12-28",Meta Ads,false,1966-07-15
2922,Ignacy,Fijałek,ignacy.fijałek@gmail.com,+48555226877,Suwałki,"26-366","2026-03-25",Organic,false,1982-01-12
2923,Nicole,Nehring,nicole.nehring@gmail.com,+48872038408,Warszawa,"02-861","2026-04-18",Newsletter,false,1995-02-23
2924,Anna Maria,Rolak,anna maria.rolak@gmail.com,+48536912269,Warszawa,"30-760","2024-12-20",Organic,true,1966-04-30
2925,Filip,Frelich,filip.frelich@gmail.com,+48263539168,Kraków,"81-102","2026-04-10",Organic,false,2006-01-20
2927,Julita,Kasznia,julita.kasznia@wp.pl,+48686669241,Warszawa,"11-994","2025-09-29",Meta Ads,false,1997-11-19
2929,Grzegorz,Petrus,grzegorz.petrus@gmail.com,+48402481342,Warszawa,"84-879","2025-06-03",Meta Ads,true,1968-08-01
2930,Agnieszka,Rok,agnieszka.rok@wp.pl,+48754046365,Piła,"06-624","2024-12-30",Google Ads,false,1969-09-05
2932,Wiktor,Syroka,wiktor.syroka@gmail.com,+48469824026,Opole,"67-311","2025-09-15",Google Ads,false,1958-10-27
2933,Olaf,Ćwierz,olaf.ćwierz@gmail.com,+48175088694,Poznań,"75-780","2025-09-08",Organic,false,1986-05-27
332,Gaja,Pilich,gaja.pilich@gmail.com,+48693234949,Wrocław,do weryf,"2026-05-25",Meta Ads,true,1989-03-15
333,Aniela,Eckert,aniela.eckert@o2.pl,+48197181029,Gdańsk,do weryf,"2026-07-16",Google Ads,false,1984-11-27
348,Radosław,Poczta,radosław.poczta@wp.pl,+48527083577,Kraków,do weryf,"2025-08-26",Organic,true,1968-12-07
372,Kamila,Wowra,kamila.wowra@gmail.com,+48449515534,Poznań,do weryf,"2026-03-06",Meta Ads,false,1986-10-16
392,Tola,Więckiewicz,tola.więckiewicz@interia.pl,+48716397966,Rzeszów,"87-138","2026-03-19",Newsletter,false,1972-03-11
393,Tadeusz,Sobkiewicz,tadeusz.sobkiewicz@wp.pl,+48301242570,Opole,"15-188","2024-12-27",Google Ads,false,1975-05-19
394,Julian,Pitura,julian.pitura@wp.pl,+48774910616,Warszawa,"50-429","2024-12-20",Referral,false,1987-03-17
2940,Julianna,Ludwisiak,julianna.ludwisiak@o2.pl,+48454071541,Warszawa,"82-630","2026-05-01",Organic,true,1995-08-22
2941,Jakub,Wiszowata,jakub.wiszowata@wp.pl,+48304280698,Lublin,"97-417","2024-10-14",Google Ads,false,1987-06-20
2942,Anastazja,Gadzała,anastazja.gadzała@o2.pl,+48102086157,Konin,"23-337","2025-01-20",Google Ads,false,1982-06-25
2943,Ida,Kosno,ida.kosno@gmail.com,+48308195085,Wrocław,"83-307","2025-12-05",Newsletter,false,1969-08-06
2944,Ewelina,Niedźwiadek,ewelina.niedźwiadek@onet.pl,+48074831072,Warszawa,"44-282","2025-06-29",Influencer,false,1991-07-10
2945,Nela,Franik,nela.franik@gmail.com,+48207497763,Piła,"81-451","2026-05-08",Organic,true,1961-07-02
2946,Grzegorz,Cyroń,grzegorz.cyroń@wp.pl,+48215086221,Warszawa,"01-327","2025-03-01",Meta Ads,false,2002-12-11
2947,Apolonia,Graj,apolonia.graj@gmail.com,+48646618659,Warszawa,"64-168","2024-09-22",Referral,false,1965-01-26
2948,Kornelia,Beck,kornelia.beck@o2.pl,+48817510879,Warszawa,"39-097","2025-03-11",Meta Ads,false,2004-08-20
945,Jeremi,Wendt,jeremi.wendt@gmail.com,+48955652494,Suwałki,"84-761","2025-11-12",Meta Ads,true,1983-10-15
946,Cezary,Ziółko,cezary.ziółko@o2.pl,+48843306033,Warszawa,"25-874","2024-11-17",Google Ads,false,1959-03-23
948,Aniela,Białk,aniela.białk@wp.pl,+48926692253,Leszno,"90-638","2024-12-22",Newsletter,false,1981-09-02
949,Kazimierz,Kwoka,kazimierz.kwoka@wp.pl,+48801842627,Warszawa,"20-051","2026-08-06",Organic,true,2006-12-28
950,Michał,Lisik,michał.lisik@gmail.com,+48945506001,Kraków,"14-289","2025-10-13",Influencer,false,1969-11-11
951,Monika,Białasik,monika.białasik@interia.pl,+48743775566,Warszawa,"02-239","2025-12-09",Meta Ads,false,1960-05-17
312,Jacek,Młotek,jacek.młotek@onet.pl,+48611910759,Łódź,"37-018","2026-08-06",Google Ads,false,1982-03-19
953,Sonia,Olkowicz,sonia.olkowicz@wp.pl,+48242924507,Katowice,"60-714","2024-11-01",Newsletter,false,1997-07-17
2950,Grzegorz,Solarczyk,grzegorz.solarczyk@onet.pl,+48092875095,Wrocław,"14-782","2025-05-02",Organic,false,1967-11-18
2951,Norbert,Tarasek,norbert.tarasek@wp.pl,+48143188210,Warszawa,"40-328","2025-09-06",Organic,false,1996-03-20
2597,Dominik,Ziarek,dominik.ziarek@gmail.com,+48054282839,Łódź,"28-828","2025-04-12",Newsletter,false,1972-03-10
2952,Natasza,Cebo,natasza.cebo@gmail.com,+48462527696,Warszawa,"88-308","2026-05-26",Meta Ads,false,2004-10-03
2953,Nikodem,Zasępa,nikodem.zasępa@wp.pl,+48160000330,Poznań,"87-159","2026-06-16",Meta Ads,false,1972-10-02
2954,Eryk,Obarzanek,eryk.obarzanek@gmail.com,+48422808411,Lublin,"51-805","2025-02-08",Google Ads,true,1964-09-12
2955,Damian,Kuzior,damian.kuzior@onet.pl,+48196743492,Warszawa,"85-161","2025-07-06",Influencer,false,1972-11-08
2956,Eliza,Kuk,eliza.kuk@wp.pl,+48335952122,Leszno,"84-610","2025-10-07",Meta Ads,true,1997-05-26
2959,Maks,Kut,maks.kut@gmail.com,+48312242119,Gdańsk,"96-323","2025-01-14",Google Ads,false,1979-06-06
2960,Kaja,Tórz,kaja.tórz@wp.pl,+48222947727,Gdańsk,"51-781","2026-01-18",Google Ads,true,1977-09-14
2961,Olga,Stypuła,olga.stypuła@gmail.com,+48474792238,Warszawa,"53-363","2025-05-20",Meta Ads,false,1989-10-27
2962,Sebastian,Krzykała,sebastian.krzykała@interia.pl,+48906498184,Warszawa,"99-281","2024-09-09",Influencer,false,1956-08-17
2963,Ksawery,Skutnik,ksawery.skutnik@wp.pl,+48212371959,Wrocław,"85-734","2024-09-28",Influencer,false,1969-02-27
2934,Marcelina,Mikosz,marcelina.mikosz@onet.pl,+48999191519,Kraków,"69-903","2026-03-16",Organic,true,1997-01-04
2935,Alex,Dolega,alex.dolega@gmail.com,+48039531798,Gdańsk,"82-075","2026-03-03",Google Ads,false,1966-01-02
2936,Oliwier,Buszkiewicz,oliwier.buszkiewicz@gmail.com,+48630317616,Wrocław,"11-488","2025-10-02",Google Ads,false,1966-01-21
2612,Janina,Szara,janina.szara@gmail.com,+48458179126,Łódź,"18-621","2024-09-30",Organic,false,1969-05-22
2938,Nicole,Rychel,nicole.rychel@gmail.com,+48924206100,Leszno,"75-441","2024-12-22",Google Ads,false,2001-03-27
2939,Kamil,Prasek,kamil.prasek@wp.pl,+48263011815,Warszawa,"57-797","2024-10-07",Newsletter,false,1989-08-27
2966,Przemysław,Szpyt,przemysław.szpyt@gmail.com,+48110844571,Warszawa,"65-451","2024-09-12",Meta Ads,true,2000-12-26
2967,Dominik,Wziątek,dominik.wziątek@wp.pl,+48888401041,Kraków,"32-165","2025-12-09",Meta Ads,true,1972-11-05
2968,Malwina,Głowiak,malwina.głowiak@gmail.com,+48385517066,Poznań,"76-482","2025-03-05",Meta Ads,false,2006-01-20
2969,Aleksander,Panasewicz,aleksander.panasewicz@wp.pl,+48374704648,Suwałki,"85-400","2025-10-17",Meta Ads,false,1992-01-19
2970,Ada,Synak,ada.synak@gmail.com,+48911400211,Kielce,"36-622","2025-03-18",Meta Ads,true,1986-08-29
2971,Stanisław,Kroll,stanisław.kroll@gmail.com,+48479809158,Poznań,"08-655","2024-12-20",Meta Ads,false,1973-10-04
2972,Julita,Nyk,julita.nyk@wp.pl,+48771345816,Gorzów Wielkopolski,"57-946","2025-06-09",Meta Ads,false,1970-08-29
2973,Natasza,Hulbój,natasza.hulbój@wp.pl,+48255156535,Warszawa,"96-076","2025-01-07",Organic,false,1972-10-17
2974,Klara,Pal,klara.pal@gmail.com,+48093664313,Kielce,"20-895","2025-09-10",Organic,false,1963-07-26
2975,Radosław,Panasiewicz,radosław.panasiewicz@interia.pl,+48800965817,Gdańsk,"26-576","2024-12-01",Meta Ads,true,1960-04-04
2976,Andrzej,Dworniczak,andrzej.dworniczak@gmail.com,+48834505331,Warszawa,"74-560","2025-09-30",Organic,true,1996-01-09
2979,Jędrzej,Henke,jędrzej.henke@onet.pl,+48018141394,Białystok,"47-927","2026-02-18",Organic,true,1996-07-19
2982,Robert,Micał,robert.micał@onet.pl,+48124283152,Leszno,"78-766","2024-10-21",Google Ads,false,2005-01-10
2983,Sebastian,Murach,sebastian.murach@wp.pl,+48781765439,Gdynia,"83-421","2025-11-05",Meta Ads,false,1978-03-30
2985,Ida,Ścibior,ida.ścibior@gmail.com,+48684061903,Lublin,"03-580","2025-09-20",Meta Ads,true,1978-10-07
2986,Filip,Korek,filip.korek@gmail.com,+48995082473,Leszno,"42-810","2025-09-05",Meta Ads,false,1984-02-25
2987,Ryszard,Kuboń,ryszard.kuboń@gmail.com,+48428959417,Gorzów Wielkopolski,"43-650","2026-06-18",Google Ads,false,1959-02-25
2636,Stefan,Gul,stefan.gul@onet.pl,+48730118198,Łódź,"63-450","2024-11-05",Influencer,false,1967-06-13
2989,Kamil,Gryciuk,kamil.gryciuk@onet.pl,+48539369340,Kraków,"21-818","2025-11-27",Meta Ads,false,1982-10-23
395,Aurelia,Duczek,aurelia.duczek@gmail.com,+48548085191,Szczecin,"55-191","2025-12-23",Organic,false,1981-05-22
397,Dagmara,Kumorek,dagmara.kumorek@onet.pl,+48628937813,Suwałki,"63-296","2026-06-27",Meta Ads,false,1963-01-12
398,Jędrzej,Potoczek,jędrzej.potoczek@wp.pl,+48399678187,Warszawa,"58-635","2024-11-19",Meta Ads,false,1958-06-08
399,Maurycy,Rychel,maurycy.rychel@wp.pl,+48148008019,Wrocław,"63-140","2025-09-26",Influencer,false,1965-12-08
2614,Sandra,Wiertel,sandra.wiertel@gmail.com,+48268943333,Łódź,"19-590","2025-10-26",Google Ads,true,1981-10-15
2991,Rafał,Gregorczuk,rafał.gregorczuk@gmail.com,+48730854381,Poznań,"10-786","2026-07-26",Meta Ads,false,1991-11-05
2992,Jacek,Nieborak,jacek.nieborak@wp.pl,+48788087241,Gdańsk,"58-911","2026-02-11",Organic,false,2002-04-07
2994,Aurelia,Boba,aurelia.boba@o2.pl,+48948618442,Konin,"59-541","2026-04-29",Organic,true,1996-12-29
2995,Kornelia,Stark,kornelia.stark@wp.pl,+48398093067,Suwałki,"03-412","2025-06-19",Influencer,false,1986-01-21
2997,Kazimierz,Klekot,kazimierz.klekot@wp.pl,+48755706396,Warszawa,"20-266","2026-03-06",Meta Ads,false,2000-12-10
954,Kornel,Koczy,kornel.koczy@gmail.com,+48158745952,Częstochowa,"97-975","2026-08-06",Meta Ads,false,1963-05-04
955,Cezary,Sztuba,cezary.sztuba@wp.pl,+48013108683,Lublin,"51-074","2025-03-06",Meta Ads,false,1984-05-20
895,Jędrzej,Błażejewicz,jędrzej.błażejewicz@wp.pl,+48747284589,Lublin,do weryf,"2024-12-07",Meta Ads,false,1991-04-28
902,Oskar,Jakubiuk,oskar.jakubiuk@gmail.com,+48473027643,Kraków,do weryf,"2025-01-06",Influencer,false,1968-02-03
913,Tymoteusz,Tarach,tymoteusz.tarach@gmail.com,+48875806511,Gorzów Wielkopolski,do weryf,"2025-07-18",Meta Ads,false,1972-10-28
311,Bianka,Małys,bianka.małys@wp.pl,+48861627140,Łódź,do weryf,"2025-08-02",Meta Ads,false,1983-08-27
962,Radosław,Augustynek,radosław.augustynek@gmail.com,+48877989989,Zielona Góra,"47-909","2024-10-04",Newsletter,false,1958-05-10
2993,Krystian,Polnik,krystian.polnik@wp.pl,+48874352632,Rzeszów,do weryf,"2025-03-21",Organic,false,1965-03-23
3003,Krzysztof,Dziadura,krzysztof.dziadura@wp.pl,+48679245723,Poznań,"41-951","2026-01-18",Meta Ads,false,1967-10-16
3005,Jeremi,Starzak,jeremi.starzak@o2.pl,+48446916846,Gdańsk,"28-791","2024-09-06",Organic,true,1974-06-06
3006,Sebastian,Niedojadło,sebastian.niedojadło@gmail.com,+48559312522,Gdańsk,"57-127","2025-12-07",Newsletter,false,1999-10-22
3007,Albert,Ziemkiewicz,albert.ziemkiewicz@gmail.com,+48219754602,Częstochowa,"57-889","2024-12-23",Newsletter,false,1995-01-09
3008,Nikodem,Zapadka,nikodem.zapadka@gmail.com,+48480518920,Wrocław,"07-458","2024-11-20",Meta Ads,false,1978-11-02
3009,Konrad,Zarzeczna,konrad.zarzeczna@wp.pl,+48163414396,Warszawa,"99-390","2025-01-13",Newsletter,true,1986-11-17
3011,Eliza,Bubel,eliza.bubel@wp.pl,+48768418762,Lublin,"21-775","2025-08-19",Organic,false,1966-09-15
3012,Marika,Cyrulik,marika.cyrulik@gmail.com,+48175984174,Szczecin,"78-367","2024-10-10",Meta Ads,false,1995-05-01
3014,Dorota,Gamoń,dorota.gamoń@gmail.com,+48865971551,Rzeszów,"62-262","2025-12-03",Meta Ads,true,1982-07-23
3015,Agnieszka,Marcol,agnieszka.marcol@gmail.com,+48589624206,Gdańsk,"01-390","2025-03-30",Organic,false,1998-03-06
3016,Blanka,Złotek,blanka.złotek@gmail.com,+48916385518,Wrocław,"13-364","2025-03-27",Meta Ads,false,1974-09-11
3017,Fabian,Mateńko,fabian.mateńko@wp.pl,+48226496723,Kraków,"09-445","2025-07-10",Google Ads,true,2005-09-24
3018,Radosław,Radziewicz,radosław.radziewicz@onet.pl,+48805812687,Warszawa,"90-087","2025-11-23",Google Ads,false,1990-01-25
3020,Jacek,Lelonek,jacek.lelonek@wp.pl,+48089559446,Gdynia,"83-919","2024-12-02",Influencer,false,1972-09-23
3021,Julian,Hirsch,julian.hirsch@gmail.com,+48709831258,Gdynia,"32-182","2026-04-18",Newsletter,false,1985-07-08
3022,Hubert,Nojek,hubert.nojek@wp.pl,+48216525147,Leszno,"20-144","2025-02-11",Influencer,false,1992-06-07
3023,Piotr,Paliga,piotr.paliga@gmail.com,+48066176090,Piła,"77-822","2025-05-31",Meta Ads,false,1966-09-19
3024,Gustaw,Dzieża,gustaw.dzieża@interia.pl,+48570603185,Wrocław,"80-425","2026-05-10",Google Ads,false,1999-03-25
3025,Sandra,Felisiak,sandra.felisiak@onet.pl,+48772035720,Kraków,"23-959","2025-12-23",Organic,true,1983-01-30
3026,Krystian,Niedośpiał,krystian.niedośpiał@wp.pl,+48172745204,Białystok,"86-186","2025-04-22",Google Ads,false,1974-12-11
3027,Kamil,Bryczek,kamil.bryczek@o2.pl,+48820067746,Konin,"21-031","2025-12-27",Referral,false,1981-12-19
3000,Aurelia,Fijak,aurelia.fijak@gmail.com,+48835931991,Suwałki,"25-792","2025-03-22",Google Ads,true,1963-06-15
3001,Norbert,Bączkiewicz,norbert.bączkiewicz@interia.pl,+48829059922,Wrocław,"13-027","2025-03-29",Meta Ads,false,1983-11-13
3002,Maciej,Bidas,maciej.bidas@o2.pl,+48551498284,Warszawa,"17-554","2025-03-05",Google Ads,false,1974-01-24
3028,Norbert,Bondaruk,norbert.bondaruk@wp.pl,+48029852431,Gdańsk,"81-383","2024-09-06",Meta Ads,false,2003-10-09
3029,Błażej,Dankiewicz,błażej.dankiewicz@gmail.com,+48675062840,Kielce,"42-030","2026-01-17",Meta Ads,false,1997-02-09
3030,Kornel,Utrata,kornel.utrata@gmail.com,+48040653818,Częstochowa,"61-036","2025-08-16",Google Ads,false,1994-07-19
3031,Julian,Wielgos,julian.wielgos@gmail.com,+48063698492,Piła,"06-553","2026-03-30",Meta Ads,false,1975-07-31
3032,Anna Maria,Kapral,anna maria.kapral@o2.pl,+48357444581,Bydgoszcz,"21-103","2026-07-28",Organic,false,1956-05-21
3033,Artur,Baka,artur.baka@gmail.com,+48847545448,Leszno,"54-068","2026-06-17",Meta Ads,true,1961-07-21
3034,Lidia,Dłubak,lidia.dłubak@gmail.com,+48505942158,Katowice,"54-877","2026-06-17",Meta Ads,false,2003-03-14
3035,Monika,Hulbój,monika.hulbój@gmail.com,+48705427440,Warszawa,"78-829","2025-09-13",Organic,false,1989-05-07
3038,Patryk,Aleksa,patryk.aleksa@wp.pl,+48497251459,Warszawa,"64-767","2025-12-15",Influencer,false,1999-08-24
3039,Anita,Hyjek,anita.hyjek@gmail.com,+48646463219,Warszawa,"17-225","2026-05-28",Organic,true,1982-11-16
3040,Julian,Koss,julian.koss@wp.pl,+48081089321,Bydgoszcz,"85-085","2024-12-19",Google Ads,false,1994-12-26
3041,Olga,Sochaj,olga.sochaj@gmail.com,+48684264778,Szczecin,"79-108","2026-06-24",Meta Ads,false,1968-10-31
3042,Iwo,Kurach,iwo.kurach@gmail.com,+48961497358,Warszawa,"94-676","2026-03-11",Meta Ads,false,1971-07-22
3043,Marcelina,Dacko,marcelina.dacko@gmail.com,+48359309033,Warszawa,"76-533","2026-08-02",Influencer,false,1982-12-28
2704,Iwo,Giersz,iwo.giersz@wp.pl,+48461278499,Łódź,"40-759","2025-03-29",Google Ads,false,1973-07-02
3044,Cezary,Wiza,cezary.wiza@interia.pl,+48674761407,Leszno,"17-336","2026-05-29",Referral,false,1977-12-17
3046,Ernest,Siedlarz,ernest.siedlarz@gmail.com,+48784050813,Szczecin,"07-814","2024-11-01",Newsletter,true,1966-01-31
3047,Grzegorz,Makieła,grzegorz.makieła@wp.pl,+48010799361,Konin,"19-650","2024-11-30",Meta Ads,false,1957-05-27
2710,Paweł,Wójt,paweł.wójt@wp.pl,+48868213549,Łódź,"90-080","2025-09-19",Google Ads,false,1975-07-04
3048,Marek,Fiedoruk,marek.fiedoruk@o2.pl,+48236821662,Kraków,"51-331","2025-03-07",Meta Ads,true,1956-03-19
3049,Karina,Romejko,karina.romejko@o2.pl,+48626214458,Konin,"45-193","2025-11-16",Newsletter,false,1988-12-01
3050,Aurelia,Lejk,aurelia.lejk@o2.pl,+48107970754,Warszawa,"58-220","2026-03-07",Meta Ads,false,1979-08-13
3051,Błażej,Cydzik,błażej.cydzik@gmail.com,+48752000761,Gorzów Wielkopolski,"57-121","2026-05-07",Organic,false,1995-01-29
2400,Ernest,Pikor,ernest.pikor@gmail.com,+48384319117,Toruń,"80-526","2025-09-30",Meta Ads,false,1966-05-10
339,Norbert,Folga,norbert.folga@gmail.com,+48626994045,Łódź,"47-780","2025-11-12",Meta Ads,false,1969-11-22
78,Adrian,Kastelik,adrian.kastelik@gmail.com,+48716043240,Warszawa,"91-961","2026-03-09",Google Ads,true,1960-02-01
80,Hubert,Posłuszna,hubert.posłuszna@interia.pl,+48774162073,Warszawa,"90-849","2026-03-09",Influencer,true,2005-10-17
82,Olgierd,Gniewek,olgierd.gniewek@o2.pl,+48709269473,Kraków,"47-317","2025-01-15",Meta Ads,true,1965-02-23
3052,Ida,Staciwa,ida.staciwa@gmail.com,+48299097377,Poznań,"44-914","2025-11-10",Google Ads,false,1965-06-20
400,Ernest,Mordal,ernest.mordal@onet.pl,+48269825038,Szczecin,"65-669","2026-06-25",Meta Ads,false,1981-10-30
401,Marika,Ciochoń,marika.ciochoń@gmail.com,+48453781799,Gdynia,"91-861","2026-05-19",Google Ads,false,1979-02-13
402,Leon,Bohdanowicz,leon.bohdanowicz@wp.pl,+48186784231,Gorzów Wielkopolski,"73-032","2024-11-12",Referral,false,1997-10-11
403,Borys,Rusiniak,borys.rusiniak@wp.pl,+48402843874,Rzeszów,"05-282","2025-05-07",Meta Ads,false,1967-07-06
385,Gabriel,Widłak,gabriel.widłak@gmail.com,+48982098845,Szczecin,"97-721","2026-04-15",Meta Ads,false,1998-06-17
386,Wiktor,Roś,wiktor.roś@gmail.com,+48091554312,Gdynia,"14-819","2025-12-10",Influencer,false,2001-10-23
387,Daniel,Zaraś,daniel.zaraś@wp.pl,+48074273351,Gdańsk,"42-202","2025-08-10",Newsletter,false,1979-11-05
388,Błażej,Woroch,błażej.woroch@gmail.com,+48750128433,Warszawa,"63-541","2025-09-26",Meta Ads,false,2006-10-16
3055,Wiktor,Hein,wiktor.hein@gmail.com,+48448596276,Wrocław,"47-437","2024-11-07",Meta Ads,true,1989-08-21
3056,Inga,Byra,inga.byra@gmail.com,+48112221782,Częstochowa,"13-233","2025-04-10",Referral,false,2007-04-11
3058,Mieszko,Siemek,mieszko.siemek@gmail.com,+48342396142,Warszawa,"58-447","2024-10-16",Google Ads,false,1984-12-02
3059,Karol,Maślach,karol.maślach@gmail.com,+48243925252,Opole,"65-187","2025-04-25",Google Ads,false,1976-08-31
3060,Apolonia,Gasik,apolonia.gasik@gmail.com,+48802545162,Poznań,"19-861","2024-12-17",Newsletter,true,1991-09-01
3004,Nikodem,Danisz,nikodem.danisz@gmail.com,+48435761683,Warszawa,do weryf,"2025-01-16",Newsletter,false,1978-01-30
3071,Krzysztof,Zeman,krzysztof.zeman@gmail.com,+48914549147,Leszno,"97-421","2025-05-17",Meta Ads,true,1963-01-12
2722,Alex,Sobstyl,alex.sobstyl@gmail.com,+48996901021,Łódź,"23-154","2024-11-27",Meta Ads,true,1980-07-13
3072,Karina,Malka,karina.malka@gmail.com,+48234309895,Warszawa,"21-783","2025-07-19",Google Ads,false,2007-02-12
2725,Roksana,Sieg,roksana.sieg@wp.pl,+48629960332,Łódź,"21-069","2025-11-14",Meta Ads,true,1974-03-03
3073,Andrzej,Ziemann,andrzej.ziemann@gmail.com,+48691391160,Białystok,"21-662","2024-11-12",Organic,true,1977-10-20
2727,Eryk,Parda,eryk.parda@onet.pl,+48740788853,Łódź,"37-841","2026-06-30",Meta Ads,false,2003-11-27
3075,Artur,Mazik,artur.mazik@gmail.com,+48677752253,Warszawa,"18-915","2025-03-15",Organic,false,1976-11-14
3076,Janina,Kretek,janina.kretek@gmail.com,+48313648071,Gorzów Wielkopolski,"20-211","2024-12-15",Newsletter,false,1979-02-04
3077,Jacek,Pacholik,jacek.pacholik@interia.pl,+48640136001,Kraków,"42-012","2025-10-27",Meta Ads,false,1989-05-05
3078,Angelika,Witoń,angelika.witoń@gmail.com,+48765101078,Elbląg,"68-106","2025-09-27",Google Ads,false,1996-06-29
3079,Natasza,Gosek,natasza.gosek@o2.pl,+48044539366,Gdańsk,"85-449","2024-10-13",Meta Ads,false,1971-06-07
3080,Marcel,Migoń,marcel.migoń@gmail.com,+48976431609,Katowice,"96-625","2025-12-03",Influencer,true,1979-09-05
3081,Wojciech,Bobik,wojciech.bobik@gmail.com,+48929019747,Białystok,"97-933","2025-11-17",Meta Ads,false,1993-10-03
3083,Kamil,Chojna,kamil.chojna@gmail.com,+48285773486,Rzeszów,"60-437","2025-07-24",Meta Ads,false,1986-08-07
3084,Ada,Krauza,ada.krauza@gmail.com,+48292856132,Warszawa,"38-231","2025-12-30",Organic,false,1983-04-22
3085,Dawid,Wypiór,dawid.wypiór@wp.pl,+48731225087,Poznań,"78-983","2025-09-19",Meta Ads,false,1987-05-06
3089,Iwo,Fedyk,iwo.fedyk@interia.pl,+48261223694,Kraków,"66-337","2026-06-21",Google Ads,true,1977-11-01
3090,Iwo,Dyszy,iwo.dyszy@wp.pl,+48514488449,Warszawa,"11-014","2025-12-16",Meta Ads,true,1960-12-14
3091,Ada,Pelka,ada.pelka@wp.pl,+48561934135,Warszawa,"75-507","2024-10-31",Referral,false,1967-04-30
3093,Ada,Domka,ada.domka@gmail.com,+48907626356,Warszawa,"78-858","2026-05-13",Meta Ads,true,1985-07-28
3094,Eliza,Budzich,eliza.budzich@onet.pl,+48297305913,Warszawa,"86-392","2024-11-12",Influencer,false,1957-10-29
3096,Patryk,Pyć,patryk.pyć@gmail.com,+48755752729,Kielce,"98-245","2026-07-08",Google Ads,false,1974-09-17
3098,Mieszko,Dziewior,mieszko.dziewior@gmail.com,+48302768463,Gdańsk,"57-873","2026-06-05",Google Ads,false,1980-01-06
3100,Kornelia,Łachut,kornelia.łachut@gmail.com,+48862672725,Bydgoszcz,"04-222","2026-04-14",Newsletter,false,1985-08-23
2734,Jacek,Zawartka,jacek.zawartka@gmail.com,+48448507604,Łódź,do weryf,"2024-12-14",Organic,false,1988-03-27
3062,Krystian,Zbroszczyk,krystian.zbroszczyk@gmail.com,+48678354540,Lublin,"68-538","2025-07-01",Meta Ads,false,1958-01-31
3063,Ewelina,Godzik,ewelina.godzik@onet.pl,+48551286070,Warszawa,"70-236","2025-08-08",Google Ads,false,1992-05-12
3064,Liwia,Kumorek,liwia.kumorek@onet.pl,+48122793434,Kraków,"48-163","2025-06-08",Google Ads,false,1960-11-25
3065,Leon,Krzysztoszek,leon.krzysztoszek@wp.pl,+48629648528,Warszawa,"82-880","2026-07-11",Meta Ads,false,1988-05-11
3066,Krystian,Sommerfeld,krystian.sommerfeld@onet.pl,+48464636010,Katowice,"79-435","2024-12-24",Organic,false,2001-01-31
3068,Angelika,Picheta,angelika.picheta@wp.pl,+48682619114,Wrocław,"61-480","2026-01-08",Organic,true,1972-08-28
3069,Radosław,Pajda,radosław.pajda@wp.pl,+48686545176,Warszawa,"10-258","2025-10-15",Google Ads,false,1993-02-19
3070,Fabian,Radke,fabian.radke@gmail.com,+48258635418,Gdynia,"94-628","2026-06-16",Influencer,true,1987-01-28
3102,Klara,Florian,klara.florian@wp.pl,+48813558355,Kraków,"04-747","2025-06-02",Meta Ads,false,1979-10-18
3103,Iwo,Andruszko,iwo.andruszko@wp.pl,+48811218027,Poznań,"88-353","2025-11-02",Google Ads,false,1974-04-09
3104,Witold,Kleina,witold.kleina@onet.pl,+48094986530,Kraków,"58-803","2026-02-24",Meta Ads,true,1958-02-16
3105,Róża,Łachacz,róża.łachacz@o2.pl,+48901897823,Warszawa,"82-270","2024-09-07",Meta Ads,false,1996-05-01
3108,Tymoteusz,Usarek,tymoteusz.usarek@gmail.com,+48368128782,Olsztyn,"64-878","2025-04-28",Google Ads,false,1960-04-21
2422,Lidia,Barankiewicz,lidia.barankiewicz@gmail.com,+48917124361,Toruń,"43-022","2024-11-26",Meta Ads,true,1965-01-01
2500,Dorota,Wykręt,dorota.wykręt@gmail.com,+48938453333,Toruń,"85-539","2025-12-15",Influencer,false,1969-05-02
83,Bruno,Larysz,bruno.larysz@gmail.com,+48648980855,Gdańsk,"99-498","2026-04-18",Organic,false,1965-10-09
65,Tomasz,Grzelec,tomasz.grzelec@o2.pl,+48112782996,Warszawa,"77-520","2024-12-19",Google Ads,false,1975-12-22
963,Przemysław,Staniaszek,przemysław.staniaszek@o2.pl,+48015115972,Kraków,"31-649","2024-12-16",Influencer,true,1978-08-09
964,Bartek,Klinkosz,bartek.klinkosz@wp.pl,+48372030991,Olsztyn,"36-599","2026-05-24",Meta Ads,false,1961-12-08
965,Andrzej,Kus,andrzej.kus@gmail.com,+48944015065,Warszawa,"06-596","2025-12-22",Influencer,false,1997-02-13
967,Dawid,Pyszka,dawid.pyszka@wp.pl,+48681053178,Częstochowa,"21-512","2024-10-12",Meta Ads,true,1960-06-09
968,Natan,Andziak,natan.andziak@interia.pl,+48542165027,Kraków,"81-062","2025-12-23",Meta Ads,false,1958-10-06
3110,Olaf,Januchta,olaf.januchta@onet.pl,+48317819425,Szczecin,"40-104","2025-07-24",Google Ads,false,2004-01-18
2768,Cezary,Tlałka,cezary.tlałka@onet.pl,+48216066109,Łódź,"23-455","2025-06-06",Meta Ads,false,1957-12-14
389,Jędrzej,Habdas,jędrzej.habdas@wp.pl,+48594808891,Suwałki,"50-626","2026-07-07",Newsletter,false,1976-05-26
391,Tymoteusz,Ciaś,tymoteusz.ciaś@gmail.com,+48569080029,Kraków,"87-723","2024-12-16",Referral,true,1998-01-11
404,Stefan,Rozum,stefan.rozum@gmail.com,+48820387631,Poznań,"59-580","2025-11-13",Influencer,false,1994-12-13
405,Anastazja,Salach,anastazja.salach@wp.pl,+48304206324,Kraków,"66-116","2024-11-11",Meta Ads,false,1985-12-13
406,Cezary,Berek,cezary.berek@wp.pl,+48625786460,Lublin,"70-844","2026-07-13",Newsletter,false,2008-02-11
407,Rozalia,Labocha,rozalia.labocha@gmail.com,+48723058745,Kraków,"97-043","2026-06-28",Organic,false,1995-11-16
3111,Tomasz,Jaśkowiec,tomasz.jaśkowiec@o2.pl,+48406774398,Poznań,"52-321","2025-04-27",Newsletter,true,1988-07-20
3112,Daniel,Golisz,daniel.golisz@onet.pl,+48004570285,Opole,"49-208","2024-11-07",Meta Ads,false,1969-08-15
3113,Ada,Ciężka,ada.ciężka@gmail.com,+48318230051,Konin,"44-826","2024-11-26",Referral,true,1978-10-18
3114,Olgierd,Dejneka,olgierd.dejneka@gmail.com,+48287531276,Warszawa,"21-983","2024-09-25",Organic,true,1964-07-11
3115,Kacper,Duczmal,kacper.duczmal@gmail.com,+48031818395,Warszawa,"25-596","2025-07-19",Google Ads,true,1972-01-20
3116,Dorota,Gierat,dorota.gierat@onet.pl,+48037471106,Białystok,"83-574","2026-07-30",Newsletter,true,1971-04-18
3118,Igor,Augustynek,igor.augustynek@gmail.com,+48169673790,Poznań,"12-093","2026-07-17",Organic,false,1993-04-25
3119,Olga,Cichos,olga.cichos@gmail.com,+48543981337,Poznań,"34-150","2026-01-06",Meta Ads,true,1993-07-15
3120,Ewelina,Kurczak,ewelina.kurczak@interia.pl,+48403122712,Kraków,"51-137","2025-11-19",Meta Ads,false,2004-06-03
3121,Paweł,Szylar,paweł.szylar@gmail.com,+48805400712,Poznań,"95-835","2025-11-08",Meta Ads,true,2002-01-18
3122,Gustaw,Jeszka,gustaw.jeszka@gmail.com,+48347040367,Kraków,"73-995","2026-04-06",Meta Ads,false,1959-12-14
2782,Maks,Ciesielka,maks.ciesielka@gmail.com,+48401691838,Łódź,"47-358","2025-04-01",Referral,false,1996-07-13
3123,Artur,Bartuś,artur.bartuś@gmail.com,+48977851965,Gdynia,"06-252","2024-11-30",Google Ads,true,1984-08-21
3124,Jacek,Kwasek,jacek.kwasek@gmail.com,+48086629180,Gdańsk,"64-230","2025-09-01",Newsletter,false,1999-10-04
3125,Borys,Bryzek,borys.bryzek@gmail.com,+48085849154,Białystok,"29-451","2025-12-27",Google Ads,false,1989-12-07
3106,Miłosz,Oślizło,miłosz.oślizło@gmail.com,+48936808465,Kraków,do weryf,"2025-11-27",Meta Ads,true,2001-05-12
2788,Ida,Nijak,ida.nijak@gmail.com,+48698817458,Łódź,"27-265","2025-11-07",Meta Ads,true,1967-03-01
3133,Łukasz,Butrym,łukasz.butrym@wp.pl,+48449768364,Szczecin,"90-253","2025-11-27",Newsletter,true,1997-10-05
3216,Cyprian,Malecha,cyprian.malecha@wp.pl,+48683794130,Opole,"33-944","2024-12-17",Referral,false,1964-11-24
3134,Elżbieta,Błądek,elżbieta.błądek@gmail.com,+48111007469,Rzeszów,"13-940","2026-05-02",Google Ads,true,1997-02-27
3135,Dorota,Ciastek,dorota.ciastek@wp.pl,+48428700694,Suwałki,"61-549","2025-08-02",Organic,false,1972-03-17
3136,Olaf,Prasek,olaf.prasek@gmail.com,+48472638458,Gdynia,"45-735","2026-04-09",Influencer,true,1992-10-22
3137,Bianka,Drobot,bianka.drobot@gmail.com,+48752355921,Poznań,"29-477","2025-05-29",Google Ads,false,1969-11-10
3138,Mikołaj,Nalewajek,mikołaj.nalewajek@gmail.com,+48180452103,Radom,"80-449","2024-11-01",Google Ads,true,1981-12-10
2797,Blanka,Winnik,blanka.winnik@gmail.com,+48739951982,Łódź,"32-259","2025-08-06",Organic,true,1993-12-07
3139,Justyna,Kijanka,justyna.kijanka@wp.pl,+48644039588,Poznań,"22-023","2024-10-10",Meta Ads,false,1985-04-10
3140,Melania,Cierpka,melania.cierpka@gmail.com,+48860010219,Kraków,"08-918","2024-10-13",Meta Ads,false,1974-01-07
3141,Tymon,Morys,tymon.morys@gmail.com,+48974116311,Warszawa,"88-363","2025-05-15",Newsletter,true,1959-01-23
3142,Jacek,Sadlak,jacek.sadlak@gmail.com,+48674696642,Kraków,"33-971","2025-04-08",Newsletter,false,2003-02-10
3143,Antoni,Feliniak,antoni.feliniak@gmail.com,+48234826534,Kraków,"77-503","2025-12-17",Meta Ads,false,1978-06-06
3144,Łukasz,Pioch,łukasz.pioch@wp.pl,+48467369162,Poznań,"28-678","2026-01-18",Meta Ads,false,1979-07-23
3146,Nicole,Machowiak,nicole.machowiak@wp.pl,+48561970008,Kraków,"66-969","2024-12-02",Organic,false,1977-03-04
3147,Rozalia,Dzikiewicz,rozalia.dzikiewicz@gmail.com,+48195432393,Szczecin,"76-323","2025-02-03",Meta Ads,false,2001-04-27
3148,Mikołaj,Lisoń,mikołaj.lisoń@wp.pl,+48636930901,Warszawa,"97-367","2025-10-14",Meta Ads,true,1986-09-24
3149,Wojciech,Szkaradek,wojciech.szkaradek@gmail.com,+48962445040,Lublin,"09-543","2024-11-26",Google Ads,false,1977-07-10
3150,Miłosz,Pela,miłosz.pela@wp.pl,+48367574302,Kraków,"25-255","2024-11-19",Google Ads,false,2007-07-11
3151,Kajetan,Płodzień,kajetan.płodzień@gmail.com,+48157141378,Katowice,"24-031","2026-07-26",Meta Ads,false,1990-01-05
969,Marcin,Solich,marcin.solich@gmail.com,+48524328045,Gorzów Wielkopolski,"69-811","2025-10-02",Google Ads,false,1961-04-14
971,Mieszko,Łacina,mieszko.łacina@gmail.com,+48691866243,Rzeszów,"57-751","2025-04-07",Meta Ads,true,1965-10-27
972,Albert,Budzyń,albert.budzyń@wp.pl,+48442783917,Wrocław,"93-138","2024-12-31",Google Ads,true,1968-11-18
973,Maciej,Hewelt,maciej.hewelt@gmail.com,+48301518459,Szczecin,"91-449","2025-12-13",Google Ads,false,1985-03-23
974,Rozalia,Duchnik,rozalia.duchnik@interia.pl,+48003992711,Gorzów Wielkopolski,"63-195","2026-07-11",Referral,false,1985-08-18
957,Bartek,Smutek,bartek.smutek@o2.pl,+48950422491,Katowice,"99-732","2025-11-04",Google Ads,true,1968-10-15
2590,Marek,Łepek,marek.łepek@gmail.com,+48087102143,Toruń,"14-080","2025-03-25",Google Ads,false,1982-06-18
960,Fabian,Wężyk,fabian.wężyk@gmail.com,+48349030760,Warszawa,"21-645","2025-09-04",Meta Ads,false,1994-03-11
3152,Anastazja,Klus,anastazja.klus@gmail.com,+48940442697,Piła,"16-340","2026-03-09",Meta Ads,false,1960-04-25
3153,Olga,Panasiewicz,olga.panasiewicz@onet.pl,+48922833401,Radom,"90-972","2024-12-09",Google Ads,false,1991-12-02
3154,Kalina,Czubaszek,kalina.czubaszek@onet.pl,+48383466282,Warszawa,"90-486","2025-05-23",Meta Ads,false,1962-12-08
3156,Kornelia,Kielich,kornelia.kielich@wp.pl,+48096211173,Warszawa,"33-512","2026-03-17",Meta Ads,false,1960-05-27
3126,Przemysław,Luks,przemysław.luks@gmail.com,+48727333428,Kraków,"02-304","2025-11-28",Newsletter,false,1968-07-05
3127,Michał,Złotek,michał.złotek@wp.pl,+48950016322,Wrocław,"79-495","2026-04-13",Meta Ads,true,2000-01-03
3129,Daniel,Dorna,daniel.dorna@wp.pl,+48315451710,Kraków,"67-595","2025-12-07",Influencer,false,1976-10-10
3130,Aurelia,Orpel,aurelia.orpel@onet.pl,+48179057309,Warszawa,"50-765","2025-09-06",Meta Ads,true,1969-06-15
3131,Dariusz,Idzi,dariusz.idzi@wp.pl,+48626302868,Poznań,"34-442","2025-05-10",Meta Ads,false,1975-03-21
3132,Marek,Gregorowicz,marek.gregorowicz@o2.pl,+48287514571,Kraków,"70-366","2025-04-30",Organic,true,1959-09-05
3157,Robert,Gryka,robert.gryka@gmail.com,+48686155317,Kraków,"26-233","2025-09-08",Newsletter,false,1974-03-17
3159,Juliusz,Sidorczuk,juliusz.sidorczuk@gmail.com,+48750112021,Częstochowa,"78-063","2026-01-21",Google Ads,false,2007-08-23
3162,Antoni,Potok,antoni.potok@gmail.com,+48841955976,Białystok,"73-577","2025-05-10",Organic,false,1975-06-18
409,Witold,Brudny,witold.brudny@wp.pl,+48842019117,Kraków,"05-461","2024-11-16",Google Ads,false,1969-07-10
410,Dawid,Świerkot,dawid.świerkot@gmail.com,+48265125523,Zielona Góra,"16-795","2024-11-01",Meta Ads,false,1998-08-17
413,Gabriel,Łacina,gabriel.łacina@gmail.com,+48425590392,Radom,"08-584","2025-06-20",Organic,false,1974-03-10
416,Ida,Gładka,ida.gładka@gmail.com,+48780007198,Warszawa,"87-835","2024-10-29",Google Ads,false,1960-08-22
3163,Krzysztof,Felisiak,krzysztof.felisiak@gmail.com,+48238104169,Wrocław,"25-652","2025-08-27",Organic,false,1988-07-02
3164,Grzegorz,Szkup,grzegorz.szkup@wp.pl,+48590372077,Bydgoszcz,"28-354","2025-04-28",Organic,false,1960-09-25
3165,Marcin,Kryk,marcin.kryk@wp.pl,+48249946272,Warszawa,"48-588","2025-01-29",Newsletter,false,1964-12-21
3166,Monika,Stochaj,monika.stochaj@wp.pl,+48231390824,Poznań,"99-182","2025-05-30",Newsletter,false,1982-06-26
3168,Ignacy,Zawartka,ignacy.zawartka@gmail.com,+48379106980,Bydgoszcz,"40-958","2026-02-01",Meta Ads,false,1971-01-15
3170,Oskar,Wochna,oskar.wochna@gmail.com,+48257097790,Gdańsk,"25-618","2024-10-16",Referral,false,1963-10-28
3171,Natan,Gawliczek,natan.gawliczek@gmail.com,+48620212056,Poznań,"85-562","2025-11-23",Newsletter,false,1999-09-06
3173,Witold,Zielke,witold.zielke@interia.pl,+48120359066,Radom,"19-246","2026-03-01",Google Ads,false,2006-07-01
3174,Marika,Kulisz,marika.kulisz@onet.pl,+48494447711,Olsztyn,"52-043","2025-08-24",Google Ads,false,1974-08-02
3175,Malwina,Surdel,malwina.surdel@gmail.com,+48073091925,Wrocław,"85-725","2024-12-26",Google Ads,true,1995-08-04
3177,Kazimierz,Bugiel,kazimierz.bugiel@gmail.com,+48612095275,Gdańsk,"73-589","2025-12-10",Google Ads,false,1992-10-24
3183,Stefan,Stypka,stefan.stypka@o2.pl,+48732112180,Warszawa,"88-716","2025-12-31",Referral,false,1958-07-07
3184,Maciej,Łągiewka,maciej.łągiewka@interia.pl,+48968022566,Leszno,"12-315","2026-06-17",Meta Ads,false,2002-11-17
3186,Franciszek,Kopytko,franciszek.kopytko@o2.pl,+48412129894,Warszawa,"04-049","2024-12-26",Meta Ads,true,2006-11-01
3187,Ernest,Kulisz,ernest.kulisz@wp.pl,+48784468893,Warszawa,"46-988","2025-06-09",Google Ads,false,1984-02-05
3188,Justyna,Jargieło,justyna.jargieło@gmail.com,+48049506039,Warszawa,"66-537","2024-10-12",Meta Ads,false,2000-08-09
3181,Karol,Glenc,karol.glenc@gmail.com,+48907340232,Warszawa,do weryf,"2026-08-06",Meta Ads,false,1961-02-14
3189,Apolonia,Korda,apolonia.korda@o2.pl,+48517973404,Poznań,do weryf,"2025-05-05",Google Ads,false,1957-12-18
2852,Daniel,Kleina,daniel.kleina@gmail.com,+48424595790,Łódź,"65-688","2026-01-11",Meta Ads,false,1958-01-07
2853,Blanka,Swatek,blanka.swatek@o2.pl,+48184690534,Łódź,"87-292","2025-11-01",Influencer,true,1970-01-17
3201,Iwo,Kohnke,iwo.kohnke@gmail.com,+48123814966,Warszawa,"02-642","2025-03-29",Meta Ads,true,1992-04-19
3202,Maciej,Boduch,maciej.boduch@gmail.com,+48811078596,Białystok,"99-460","2024-12-08",Meta Ads,false,1962-06-05
3203,Artur,Drózd,artur.drózd@gmail.com,+48161438111,Białystok,"82-118","2026-06-01",Meta Ads,false,1961-09-14
3204,Marika,Bryja,marika.bryja@gmail.com,+48975022633,Kraków,"24-550","2024-09-14",Google Ads,false,1972-12-11
3205,Juliusz,Hanusiak,juliusz.hanusiak@wp.pl,+48980457238,Warszawa,"92-953","2025-06-24",Meta Ads,false,1992-06-06
3206,Ryszard,Jałowiec,ryszard.jałowiec@gmail.com,+48432566593,Elbląg,"37-292","2024-09-30",Meta Ads,false,2000-12-08
3207,Robert,Siekierka,robert.siekierka@o2.pl,+48178377827,Leszno,"98-123","2025-08-16",Referral,true,1976-07-10
3208,Ksawery,Bodziony,ksawery.bodziony@wp.pl,+48233644595,Kraków,"72-867","2025-09-12",Influencer,false,1981-12-27
3209,Hubert,Sito,hubert.sito@wp.pl,+48052099787,Kraków,"05-481","2025-03-24",Google Ads,false,1980-12-21
3210,Kamil,Proch,kamil.proch@gmail.com,+48202965030,Gdańsk,"05-854","2024-11-18",Meta Ads,true,1976-02-29
2578,Bartek,Kołton,bartek.kołton@gmail.com,+48464516522,Toruń,do weryf,"2025-05-02",Referral,false,1990-08-13
349,Witold,Jakubiuk,witold.jakubiuk@wp.pl,+48418324563,Łódź,"81-508","2025-09-02",Google Ads,false,1987-01-25
961,Krystyna,Horbacz,krystyna.horbacz@onet.pl,+48356758550,Olsztyn,"16-260","2025-02-16",Meta Ads,false,1981-02-06
975,Inga,Malisz,inga.malisz@gmail.com,+48566841907,Warszawa,"42-750","2024-12-29",Meta Ads,false,1980-06-02
2643,Agnieszka,Erdmann,agnieszka.erdmann@gmail.com,+48617584134,Toruń,"15-734","2026-03-27",Meta Ads,false,1993-01-11
352,Kornel,Szumiło,kornel.szumiło@wp.pl,+48381236015,Łódź,"43-441","2026-05-01",Meta Ads,false,1998-10-25
977,Gustaw,Pachowicz,gustaw.pachowicz@interia.pl,+48896088575,Wrocław,"34-555","2025-06-07",Influencer,false,1975-01-19
978,Jakub,Smykała,jakub.smykała@wp.pl,+48637019104,Rzeszów,"82-519","2025-07-31",Meta Ads,false,1975-09-07
979,Daniel,Krokosz,daniel.krokosz@gmail.com,+48934774235,Białystok,"03-635","2025-02-28",Google Ads,false,2001-01-03
3211,Karol,Irla,karol.irla@interia.pl,+48069653677,Gdańsk,"89-826","2025-05-17",Influencer,false,1959-03-02
3212,Justyna,Zapora,justyna.zapora@o2.pl,+48632314117,Warszawa,"48-449","2025-12-18",Meta Ads,false,1994-09-23
2866,Roksana,Madejczyk,roksana.madejczyk@o2.pl,+48028926995,Łódź,"20-640","2024-11-22",Meta Ads,true,1986-08-06
3213,Sara,Habdas,sara.habdas@wp.pl,+48352510063,Katowice,"99-043","2026-03-10",Influencer,false,1990-09-23
3214,Nela,Maszkiewicz,nela.maszkiewicz@wp.pl,+48111844386,Olsztyn,"25-787","2025-09-08",Meta Ads,false,1966-09-30
3217,Marcelina,Bubak,marcelina.bubak@wp.pl,+48944636059,Warszawa,"83-058","2025-03-04",Meta Ads,false,1976-05-02
3219,Eryk,Filak,eryk.filak@gmail.com,+48434085409,Poznań,"85-739","2025-02-18",Organic,false,1978-11-09
3220,Monika,Thiel,monika.thiel@wp.pl,+48326376556,Gdańsk,"32-617","2025-01-15",Meta Ads,false,1983-08-11
3221,Dagmara,Linkiewicz,dagmara.linkiewicz@gmail.com,+48656193160,Warszawa,"19-561","2025-09-12",Referral,false,2006-09-12
3223,Ewelina,Gruchot,ewelina.gruchot@gmail.com,+48627515098,Elbląg,"80-738","2026-07-10",Meta Ads,false,1964-08-07
3225,Jerzy,Kucz,jerzy.kucz@wp.pl,+48015317331,Kielce,"49-004","2025-11-28",Organic,true,1985-06-02
3226,Tobiasz,Sporysz,tobiasz.sporysz@gmail.com,+48418767415,Warszawa,"73-123","2026-03-12",Influencer,true,2001-01-06
3191,Borys,Kamieniak,borys.kamieniak@onet.pl,+48493873014,Gdańsk,"41-075","2025-05-03",Google Ads,true,1993-06-09
3192,Anastazja,Tereszkiewicz,anastazja.tereszkiewicz@gmail.com,+48319264298,Konin,"74-656","2025-04-23",Influencer,true,1988-02-01
3193,Aleksander,Baumgart,aleksander.baumgart@gmail.com,+48550306708,Częstochowa,"27-922","2025-11-12",Meta Ads,false,1992-02-18
3194,Aleks,Furgał,aleks.furgał@wp.pl,+48703961712,Poznań,"31-676","2026-05-09",Newsletter,false,1998-09-20
3195,Kornel,Wojtalik,kornel.wojtalik@onet.pl,+48175074891,Warszawa,"50-847","2024-10-19",Organic,true,1967-09-13
3196,Blanka,Orman,blanka.orman@gmail.com,+48666155256,Leszno,"20-146","2025-05-23",Google Ads,false,1987-05-01
3197,Robert,Omiotek,robert.omiotek@gmail.com,+48497763715,Kielce,"55-697","2024-11-27",Meta Ads,false,1985-11-01
3198,Fabian,Kierepka,fabian.kierepka@gmail.com,+48814126030,Radom,"84-755","2025-12-14",Google Ads,false,2004-01-10
2898,Maciej,Penkala,maciej.penkala@gmail.com,+48914315616,Łódź,"52-734","2026-02-16",Newsletter,false,2004-09-30
3227,Piotr,Torbus,piotr.torbus@interia.pl,+48632224326,Warszawa,"70-076","2025-10-24",Organic,false,1956-08-23
2906,Robert,Skonieczka,robert.skonieczka@onet.pl,+48855389374,Łódź,"36-609","2025-07-17",Organic,false,1957-06-27
417,Klara,Zeman,klara.zeman@gmail.com,+48595119219,Wrocław,"36-888","2025-01-26",Google Ads,false,1990-05-11
418,Adrian,Breguła,adrian.breguła@gmail.com,+48679276085,Poznań,"19-729","2026-06-07",Referral,false,1972-08-31
419,Witold,Koniec,witold.koniec@gmail.com,+48951805792,Kraków,"87-403","2026-06-25",Meta Ads,true,1981-07-15
420,Aurelia,Oskroba,aurelia.oskroba@gmail.com,+48538610194,Gdynia,"35-643","2026-02-12",Google Ads,true,1977-07-19
424,Tomasz,Jędra,tomasz.jędra@wp.pl,+48562616219,Warszawa,"59-651","2025-02-26",Influencer,false,1990-10-18
425,Maurycy,Nieradzik,maurycy.nieradzik@gmail.com,+48935446812,Szczecin,"09-815","2026-06-18",Google Ads,false,1983-12-02
426,Przemysław,Kiełbus,przemysław.kiełbus@o2.pl,+48452405673,Gdańsk,"28-507","2025-11-25",Google Ads,false,1969-10-29
427,Ryszard,Rogal,ryszard.rogal@gmail.com,+48724673986,Opole,"71-592","2024-10-19",Google Ads,true,1962-07-08
428,Ada,Oczkowicz,ada.oczkowicz@gmail.com,+48753794794,Kraków,"44-916","2026-06-29",Meta Ads,false,1991-10-09
3228,Lidia,Szałata,lidia.szałata@gmail.com,+48797892061,Warszawa,"83-396","2025-02-27",Meta Ads,true,1970-07-26
3231,Marcin,Uziębło,marcin.uziębło@gmail.com,+48751029656,Wrocław,"69-901","2025-03-25",Organic,false,1974-09-06
3236,Blanka,Szymanik,blanka.szymanik@gmail.com,+48204880932,Gdańsk,"81-362","2026-03-08",Influencer,true,1966-08-16
3237,Olga,Sąsiadek,olga.sąsiadek@o2.pl,+48111750488,Częstochowa,"54-472","2025-07-20",Meta Ads,false,1994-06-20
3238,Sara,Wota,sara.wota@wp.pl,+48184854099,Kraków,"60-373","2025-12-17",Google Ads,true,1973-07-01
3239,Blanka,Marcińczyk,blanka.marcińczyk@gmail.com,+48160500308,Wrocław,"93-543","2025-05-25",Google Ads,true,1966-07-05
3240,Przemysław,Kamieniak,przemysław.kamieniak@onet.pl,+48640360531,Warszawa,"25-583","2024-11-13",Meta Ads,true,1965-11-28
3242,Kalina,Zadora,kalina.zadora@wp.pl,+48310268254,Warszawa,"83-315","2025-10-04",Referral,true,1966-11-29
3243,Julian,Gumienna,julian.gumienna@gmail.com,+48916690295,Warszawa,"14-556","2026-07-01",Meta Ads,false,1990-03-01
3244,Radosław,Mazepa,radosław.mazepa@gmail.com,+48233716310,Kraków,"80-423","2024-10-03",Google Ads,false,1958-04-17
3245,Przemysław,Rogal,przemysław.rogal@interia.pl,+48018496388,Opole,"71-912","2025-09-29",Meta Ads,false,1963-11-25
3246,Ernest,Wydmuch,ernest.wydmuch@onet.pl,+48086961067,Gdańsk,"56-185","2025-04-26",Meta Ads,true,2005-08-02
980,Tadeusz,Salawa,tadeusz.salawa@gmail.com,+48551746321,Katowice,"93-065","2026-04-29",Organic,false,1990-06-26
981,Julita,Tatarczyk,julita.tatarczyk@wp.pl,+48392355540,Leszno,"50-195","2025-08-13",Google Ads,false,1983-05-16
361,Kalina,Beck,kalina.beck@wp.pl,+48460617545,Łódź,"64-143","2025-07-09",Organic,false,1989-02-28
982,Sonia,Szajner,sonia.szajner@gmail.com,+48278471630,Elbląg,"71-158","2025-10-12",Newsletter,true,1988-02-01
3248,Tymoteusz,Leszczuk,tymoteusz.leszczuk@gmail.com,+48768192771,Kraków,"96-697","2024-09-21",Newsletter,true,1985-06-15
3249,Marcin,Walocha,marcin.walocha@gmail.com,+48567705749,Warszawa,"52-589","2025-03-07",Google Ads,false,1997-01-13
3251,Adrian,Irla,adrian.irla@onet.pl,+48801049165,Warszawa,"63-324","2025-10-30",Meta Ads,false,1987-12-11
3252,Liwia,Reiter,liwia.reiter@gmail.com,+48444214734,Szczecin,"81-897","2025-07-15",Google Ads,false,1957-06-19
3253,Patryk,Wołodźko,patryk.wołodźko@interia.pl,+48863812587,Kraków,"09-088","2025-03-20",Meta Ads,false,1956-09-24
3218,Marcin,Siemion,marcin.siemion@gmail.com,+48650541837,Białystok,do weryf,"2024-12-23",Meta Ads,true,1967-07-14
3222,Adam,Duczmal,adam.duczmal@onet.pl,+48064776096,Poznań,do weryf,"2025-10-24",Meta Ads,false,1977-04-27
3224,Kazimierz,Kościołek,kazimierz.kościołek@onet.pl,+48967265056,Kraków,do weryf,"2024-12-27",Google Ads,false,2003-05-18
3259,Damian,Wawrzynkiewicz,damian.wawrzynkiewicz@gmail.com,+48105638149,Opole,"20-168","2025-05-26",Newsletter,false,1977-08-07
3260,Ewelina,Pawela,ewelina.pawela@gmail.com,+48065718657,Kraków,"53-163","2026-04-21",Organic,true,1985-05-13
3262,Witold,Kuryłowicz,witold.kuryłowicz@gmail.com,+48246079900,Warszawa,"85-969","2025-10-18",Meta Ads,false,1963-05-14
3263,Sara,Rawa,sara.rawa@gmail.com,+48638425317,Wrocław,"97-041","2025-01-03",Meta Ads,false,1962-10-13
3264,Fryderyk,Czak,fryderyk.czak@o2.pl,+48648263844,Piła,"49-489","2026-01-24",Meta Ads,false,1964-08-17
3265,Michał,Kabza,michał.kabza@interia.pl,+48061178345,Kraków,"89-838","2025-09-27",Google Ads,true,1974-10-20
3266,Monika,Pospiech,monika.pospiech@wp.pl,+48501555353,Rzeszów,"74-187","2026-03-04",Newsletter,false,1979-04-21
3267,Michał,Kloch,michał.kloch@o2.pl,+48443889147,Warszawa,"86-581","2026-02-03",Meta Ads,false,1973-10-26
3268,Natan,Leśko,natan.leśko@o2.pl,+48295531582,Gdańsk,"48-071","2024-12-11",Influencer,false,1964-12-27
3269,Radosław,Nytko,radosław.nytko@interia.pl,+48225046419,Gdańsk,"51-939","2025-12-22",Google Ads,false,1963-07-08
3270,Konrad,Wisła,konrad.wisła@gmail.com,+48681866651,Olsztyn,"42-300","2026-03-30",Organic,true,1993-04-20
3271,Karol,Szafarz,karol.szafarz@gmail.com,+48800308607,Olsztyn,"78-819","2025-04-25",Newsletter,false,1981-10-25
3272,Tola,Feluś,tola.feluś@gmail.com,+48850735491,Leszno,"22-374","2024-12-13",Newsletter,false,2000-09-17
3274,Szymon,Misiejuk,szymon.misiejuk@gmail.com,+48974448647,Elbląg,"41-928","2025-07-29",Meta Ads,true,1964-06-09
3275,Tadeusz,Gawłowicz,tadeusz.gawłowicz@o2.pl,+48519619167,Warszawa,"40-270","2025-04-20",Meta Ads,false,1979-05-22
3276,Kornelia,Ruchała,kornelia.ruchała@gmail.com,+48782243620,Poznań,"06-280","2025-10-05",Newsletter,false,1995-05-07
3277,Róża,Galos,róża.galos@gmail.com,+48968708998,Radom,"11-341","2024-12-14",Meta Ads,false,1984-10-24
3278,Adrian,Miąsik,adrian.miąsik@gmail.com,+48138436941,Konin,"80-011","2026-04-22",Newsletter,false,1994-07-13
3279,Kacper,Ficner,kacper.ficner@gmail.com,+48666474351,Olsztyn,"49-205","2025-02-25",Meta Ads,false,2003-07-15
3280,Fryderyk,Wódka,fryderyk.wódka@gmail.com,+48634068412,Gdańsk,"05-712","2025-01-21",Meta Ads,false,1991-03-17
3281,Albert,Gajowiak,albert.gajowiak@onet.pl,+48563040067,Katowice,"47-823","2025-08-06",Google Ads,false,1982-10-06
2949,Sara,Czupryn,sara.czupryn@wp.pl,+48424215786,Łódź,"82-704","2025-10-22",Meta Ads,false,1984-02-21
3283,Mieszko,Wikło,mieszko.wikło@wp.pl,+48710264463,Poznań,"34-566","2024-12-19",Google Ads,true,1965-10-26
2965,Arkadiusz,Jachna,arkadiusz.jachna@gmail.com,+48296394137,Łódź,"72-757","2025-08-10",Meta Ads,true,1966-03-02
430,Róża,Marcol,róża.marcol@gmail.com,+48108602070,Poznań,"16-952","2024-10-18",Newsletter,true,2001-01-19
431,Monika,Spadło,monika.spadło@gmail.com,+48928640546,Kraków,"01-982","2025-09-30",Influencer,false,1978-04-08
432,Adrian,Oleśkiewicz,adrian.oleśkiewicz@wp.pl,+48325905212,Warszawa,"84-310","2025-03-05",Meta Ads,false,1964-01-08
433,Jacek,Deluga,jacek.deluga@gmail.com,+48672792973,Kraków,"84-370","2025-05-30",Referral,true,1968-11-12
434,Mariusz,Krauz,mariusz.krauz@wp.pl,+48544908222,Kraków,"84-170","2024-12-26",Meta Ads,false,1958-05-04
435,Norbert,Mizia,norbert.mizia@gmail.com,+48984612182,Poznań,"90-774","2025-10-09",Meta Ads,false,1968-01-02
3284,Ryszard,Sadura,ryszard.sadura@gmail.com,+48357222560,Częstochowa,"11-936","2025-02-07",Organic,false,1979-06-10
3254,Mikołaj,Basa,mikołaj.basa@gmail.com,+48918873158,Olsztyn,"12-321","2025-03-11",Meta Ads,false,2004-12-20
2937,Rozalia,Żywica,rozalia.żywica@gmail.com,+48047761010,Łódź,"28-613","2026-02-15",Meta Ads,true,1981-06-02
3256,Norbert,Fogiel,norbert.fogiel@gmail.com,+48671292654,Poznań,"09-372","2026-04-02",Organic,false,1988-08-17
3257,Jędrzej,Kazubek,jędrzej.kazubek@gmail.com,+48508393747,Wrocław,"58-487","2026-07-31",Influencer,false,1973-07-17
3258,Tymoteusz,Wojciech,tymoteusz.wojciech@wp.pl,+48033783599,Radom,"39-104","2025-06-13",Meta Ads,false,1998-02-13
3285,Karol,Łacina,karol.łacina@gmail.com,+48010563993,Kraków,"86-936","2024-12-16",Organic,true,1972-06-25
3286,Apolonia,Szumna,apolonia.szumna@wp.pl,+48938450812,Kraków,"15-024","2025-12-19",Newsletter,true,1998-07-26
3288,Marcin,Mleczek,marcin.mleczek@onet.pl,+48895363032,Suwałki,"31-798","2025-07-24",Meta Ads,false,1960-03-23
3289,Igor,Rychel,igor.rychel@o2.pl,+48316306522,Warszawa,"93-014","2025-12-29",Referral,false,1994-08-18
3291,Róża,Goworek,róża.goworek@wp.pl,+48549166206,Kraków,"43-805","2024-11-25",Referral,true,1990-11-02
3293,Maksymilian,Mich,maksymilian.mich@wp.pl,+48197992928,Szczecin,"12-736","2026-03-06",Google Ads,true,2006-01-07
3294,Jakub,Orwat,jakub.orwat@gmail.com,+48287318836,Gdynia,"88-239","2024-12-11",Influencer,false,1966-09-26
3295,Maksymilian,Piskor,maksymilian.piskor@gmail.com,+48080968164,Zielona Góra,"42-641","2024-12-14",Referral,false,1983-08-26
3297,Daniel,Gradek,danielgradek@o2.pl,+48549942679,Suwałki,"37-750","2024-11-21",Google Ads,false,1991-06-07
3298,Stanisław,Bartuś,stanisław.bartuś@gmail.com,+48055307790,Kielce,"24-520","2026-02-04",Newsletter,true,1955-12-06
3299,Kajetan,Kliber,kajetan.kliber@gmail.com,+48559373733,Warszawa,"34-148","2025-07-08",Meta Ads,true,2002-02-20
2751,Jan,Szwałek,jan.szwałek@gmail.com,+48242412495,Toruń,"40-337","2025-12-19",Referral,false,1960-07-31
984,Angelika,Latko,angelika.latko@o2.pl,+48739256486,Częstochowa,"09-045","2024-12-29",Google Ads,false,1999-11-11
986,Eryk,Hajda,eryk.hajda@wp.pl,+48507981516,Suwałki,"05-585","2025-12-08",Organic,true,1989-08-10
987,Tobiasz,Suchenek,tobiasz.suchenek@wp.pl,+48211262080,Wrocław,"63-539","2024-12-10",Referral,false,1988-08-31
989,Wojciech,Sus,wojciech.sus@wp.pl,+48985854771,Zielona Góra,"27-672","2025-05-07",Meta Ads,false,1981-08-22
990,Maksymilian,Graboś,maksymilian.graboś@onet.pl,+48941794902,Wrocław,"82-063","2025-06-07",Meta Ads,false,1974-09-22
991,Urszula,Michnowicz,urszula.michnowicz@gmail.com,+48759096973,Wrocław,"48-814","2025-07-01",Google Ads,false,1993-02-21
992,Cezary,Czopik,cezary.czopik@wp.pl,+48737972906,Rzeszów,"06-752","2025-05-24",Organic,false,1959-04-29
993,Emil,Rajchel,emil.rajchel@wp.pl,+48647928163,Gdańsk,"28-984","2024-11-14",Organic,false,1983-02-16
3300,Aurelia,Kral,aurelia.kral@wp.pl,+48057903526,Wrocław,"90-127","2026-03-22",Google Ads,false,1992-11-05
3302,Olaf,Świgoń,olaf.świgoń@wp.pl,+48971054806,Opole,"51-651","2025-11-02",Meta Ads,false,1999-11-27
2984,Ada,Mostek,ada.mostek@wp.pl,+48958133220,Łódź,"07-852","2025-02-08",Organic,false,1983-08-08
3303,Gustaw,Wocial,gustaw.wocial@gmail.com,+48693375588,Gdynia,"53-519","2025-12-20",Meta Ads,false,1989-07-19
3304,Przemysław,Prostak,przemysław.prostak@gmail.com,+48565736178,Kraków,"33-845","2024-09-15",Meta Ads,true,1973-11-13
3305,Tadeusz,Potaczek,tadeusz.potaczek@gmail.com,+48514986407,Szczecin,"01-671","2025-03-27",Google Ads,true,2002-10-18
3306,Iwo,Hornik,iwo.hornik@gmail.com,+48095537616,Olsztyn,"97-166","2025-11-29",Meta Ads,true,1959-01-08
3307,Wiktor,Stój,wiktor.stój@gmail.com,+48922031139,Warszawa,"45-925","2024-09-22",Meta Ads,false,1994-06-10
3308,Kornelia,Kwinta,kornelia.kwinta@gmail.com,+48705439167,Wrocław,"87-783","2024-09-23",Google Ads,false,2003-03-23
3309,Adrianna,Rykała,adrianna.rykała@o2.pl,+48411328031,Rzeszów,"96-691","2026-04-09",Organic,false,1960-04-09
3310,Julianna,Miros,julianna.miros@gmail.com,+48087115943,Olsztyn,"47-715","2025-12-01",Meta Ads,false,1991-09-11
3311,Wiktor,Zięcik,wiktor.zięcik@interia.pl,+48106324940,Warszawa,"34-745","2025-02-16",Meta Ads,true,2000-02-07
3312,Aniela,Gabara,aniela.gabara@gmail.com,+48345611802,Gorzów Wielkopolski,"96-831","2025-12-11",Organic,false,1981-01-22
3313,Sonia,Morka,sonia.morka@wp.pl,+48259743362,Kraków,"98-501","2026-03-08",Meta Ads,false,1972-03-17
3314,Rafał,Bobel,rafał.bobel@gmail.com,+48679784165,Warszawa,"76-175","2025-03-11",Google Ads,false,1957-11-09
3315,Maks,Dąbrówka,maks.dąbrówka@wp.pl,+48270155622,Leszno,"60-902","2024-09-19",Meta Ads,true,1980-01-23
3317,Ernest,Giedrojć,ernest.giedrojć@gmail.com,+48130196153,Poznań,"04-895","2025-04-08",Influencer,true,1962-12-26
3282,Kaja,Kubrak,kaja.kubrak@interia.pl,+48461836596,Poznań,do weryf,"2025-08-04",Newsletter,false,1962-08-10
3301,Igor,Łągiewka,igor.łągiewka@gmail.com,+48311502105,Gdańsk,do weryf,"2026-01-20",Google Ads,false,1972-08-18
3010,Marcel,Jamroży,marcel.jamroży@wp.pl,+48631497503,Łódź,"23-519","2025-05-23",Google Ads,false,2004-01-01
3324,Sonia,Poreda,sonia.poreda@gmail.com,+48790463290,Kielce,"56-971","2026-08-06",Influencer,true,2000-09-24
3325,Ada,Szara,ada.szara@onet.pl,+48015049910,Piła,"08-362","2024-12-14",Organic,true,2006-07-21
3013,Alex,Gordon,alex.gordon@wp.pl,+48789845921,Łódź,"25-216","2026-07-07",Meta Ads,false,2007-10-23
3326,Krzysztof,Szaj,krzysztof.szaj@onet.pl,+48602477118,Olsztyn,"91-489","2025-10-18",Influencer,true,1987-10-23
3327,Julian,Brodowicz,julian.brodowicz@o2.pl,+48086954195,Warszawa,"67-966","2026-06-09",Meta Ads,false,1981-10-15
3328,Przemysław,Sobstyl,przemysław.sobstyl@gmail.com,+48571698950,Radom,"63-014","2024-11-29",Meta Ads,false,2006-04-23
3329,Damian,Gryga,damian.gryga@gmail.com,+48716263445,Rzeszów,"81-319","2026-07-26",Newsletter,true,1991-11-07
3331,Ryszard,Drobek,ryszard.drobek@o2.pl,+48876429816,Białystok,"93-383","2026-05-21",Google Ads,false,1998-05-17
3332,Hubert,Nyk,hubert.nyk@gmail.com,+48857022012,Gdańsk,"73-994","2024-12-15",Newsletter,false,1980-09-09
3333,Kacper,Pielach,kacper.pielach@gmail.com,+48879658086,Bydgoszcz,"48-428","2025-11-11",Google Ads,false,1968-08-21
3334,Arkadiusz,Puc,arkadiusz.puc@gmail.com,+48819689526,Leszno,"30-932","2026-02-03",Meta Ads,false,2001-10-21
2998,Janina,Krzosek,janina.krzosek@wp.pl,+48330479379,Łódź,"99-335","2024-12-27",Meta Ads,false,1983-10-24
436,Tomasz,Imiołczyk,tomasz.imiołczyk@gmail.com,+48318547032,Kraków,"13-002","2026-07-25",Meta Ads,false,1966-11-27
437,Igor,Grys,igor.grys@gmail.com,+48147009528,Białystok,"76-232","2025-09-06",Meta Ads,false,1983-02-15
438,Sara,Sroga,sara.sroga@gmail.com,+48075252438,Wrocław,"02-713","2024-10-15",Organic,false,1973-10-21
439,Ignacy,Kuster,ignacy.kuster@gmail.com,+48335468824,Leszno,"55-711","2025-11-25",Meta Ads,false,1962-08-07
3335,Jędrzej,Wojtaszak,jędrzej.wojtaszak@gmail.com,+48447222588,Poznań,"61-806","2026-08-06",Newsletter,false,1970-06-18
3337,Hubert,Przewoźniak,hubert.przewoźniak@interia.pl,+48050089159,Warszawa,"81-587","2026-02-20",Referral,false,2007-01-25
3338,Olaf,Cięciwa,olaf.cięciwa@gmail.com,+48119608125,Zielona Góra,"76-625","2025-04-01",Meta Ads,false,1968-02-27
3339,Witold,Wołoszyk,witold.wołoszyk@gmail.com,+48350485572,Warszawa,"73-482","2024-12-31",Meta Ads,false,2002-10-18
3340,Jędrzej,Pitura,jędrzej.pitura@wp.pl,+48588809189,Kraków,"13-394","2025-06-05",Organic,false,1995-05-10
3341,Kazimierz,Jaroszuk,kazimierz.jaroszuk@o2.pl,+48825643407,Suwałki,"68-503","2026-03-02",Organic,false,1980-02-13
3342,Cezary,Samul,cezary.samul@gmail.com,+48992122781,Wrocław,"58-399","2025-07-31",Google Ads,false,1996-10-19
3344,Stanisław,Kuk,stanisław.kuk@gmail.com,+48119344576,Wrocław,"32-229","2026-08-06",Meta Ads,true,1989-02-23
3345,Arkadiusz,Flieger,arkadiusz.flieger@onet.pl,+48366620898,Olsztyn,"80-495","2025-05-28",Google Ads,false,1985-05-17
2784,Piotr,Chołody,piotr.chołody@gmail.com,+48571867473,Toruń,"75-395","2026-06-22",Influencer,false,1963-11-06
994,Oskar,Wabik,oskar.wabik@gmail.com,+48508349037,Zielona Góra,"30-545","2025-03-26",Google Ads,true,1976-01-07
998,Róża,Pawliszyn,róża.pawliszyn@wp.pl,+48896467394,Szczecin,"86-438","2025-07-15",Meta Ads,true,2002-05-21
1001,Sara,Nicewicz,sara.nicewicz@gmail.com,+48486873382,Gorzów Wielkopolski,"41-564","2024-09-13",Google Ads,false,2008-02-22
1002,Arkadiusz,Tryc,arkadiusz.tryc@o2.pl,+48036724230,Gdynia,"48-423","2026-05-08",Google Ads,false,1996-02-05
1003,Kornelia,Sobolak,kornelia.sobolak@o2.pl,+48763263048,Radom,"93-332","2024-12-25",Organic,false,1987-11-04
1004,Sylwia,Hnat,sylwia.hnat@gmail.com,+48595162637,Gdańsk,"28-385","2025-01-25",Meta Ads,false,1996-03-06
3346,Jeremi,Kuryś,jeremi.kuryś@wp.pl,+48149030110,Lublin,"63-322","2025-11-30",Meta Ads,true,1987-08-25
3347,Julita,Pagacz,julita.pagacz@gmail.com,+48005151791,Konin,"83-193","2025-05-29",Google Ads,true,2006-05-10
3348,Gaja,Tomal,gaja.tomal@wp.pl,+48200837859,Piła,"16-303","2025-05-16",Meta Ads,false,1994-06-20
3318,Alex,Baumgart,alex.baumgart@gmail.com,+48653521882,Opole,"81-153","2024-11-19",Organic,false,1976-10-06
3319,Bartek,Sapeta,bartek.sapeta@gmail.com,+48449201632,Kraków,"85-928","2025-08-19",Influencer,false,1964-10-01
3321,Natasza,Grzela,natasza.grzela@gmail.com,+48155499858,Białystok,"35-346","2024-12-04",Google Ads,true,1966-01-28
3322,Sonia,Kapka,sonia.kapka@gmail.com,+48588461589,Kraków,"21-311","2025-02-12",Meta Ads,false,1999-07-29
3045,Tymon,Sygut,tymon.sygut@onet.pl,+48419259067,Łódź,"95-958","2025-02-27",Meta Ads,false,2000-09-07
3323,Krystyna,Grunt,krystyna.grunt@gmail.com,+48496026482,Gorzów Wielkopolski,"30-195","2025-01-01",Organic,true,1981-05-19
3349,Eryk,Piaseczna,eryk.piaseczna@gmail.com,+48917836972,Gdynia,"65-290","2025-12-30",Organic,false,1968-10-01
3352,Antoni,Ładniak,antoni.ładniak@interia.pl,+48966102727,Warszawa,"83-781","2026-02-21",Influencer,false,1977-12-06
3353,Leonard,Bobko,leonard.bobko@gmail.com,+48345456074,Białystok,"19-458","2024-11-07",Google Ads,true,1988-10-07
3355,Dominik,Kapciak,dominik.kapciak@gmail.com,+48540777979,Olsztyn,"59-283","2025-09-27",Meta Ads,false,1966-01-28
3356,Agnieszka,Wendt,agnieszka.wendt@gmail.com,+48044555385,Wrocław,"21-601","2024-09-07",Influencer,false,1962-05-29
3357,Kacper,Stanisławczyk,kacper.stanisławczyk@interia.pl,+48887375366,Bydgoszcz,"07-889","2025-02-11",Organic,true,1972-11-25
3359,Albert,Głownia,albert.głownia@o2.pl,+48619978131,Warszawa,"04-644","2024-09-17",Newsletter,false,1978-08-11
3360,Kazimierz,Wołkowicz,kazimierz.wołkowicz@gmail.com,+48992461010,Bydgoszcz,"23-335","2025-02-12",Google Ads,false,1988-02-02
3361,Filip,Zawiasa,filip.zawiasa@gmail.com,+48799053087,Szczecin,"37-332","2025-09-13",Influencer,true,1985-07-28
3362,Nicole,Kotlarek,nicole.kotlarek@wp.pl,+48449242195,Wrocław,"66-058","2025-10-15",Meta Ads,true,1993-11-26
3363,Adrian,Smagacz,adrian.smagacz@gmail.com,+48902576575,Kraków,"09-950","2026-06-02",Google Ads,false,1959-03-12
3364,Krystian,Noszczyk,krystian.noszczyk@gmail.com,+48511816661,Poznań,"67-168","2025-11-22",Google Ads,true,2005-06-03
3036,Fabian,Teodorowicz,fabian.teodorowicz@o2.pl,+48465292968,Łódź,do weryf,"2025-04-14",Organic,false,2003-06-13
3367,Anastazja,Trzop,anastazja.trzop@wp.pl,+48940107251,Gorzów Wielkopolski,"70-064","2026-03-20",Google Ads,false,1983-05-28
3368,Ewa,Leszcz,ewa.leszcz@gmail.com,+48110589066,Piła,"20-562","2024-12-01",Influencer,true,1999-03-17
3370,Robert,Sadza,robert.sadza@interia.pl,+48152348350,Opole,"31-058","2025-12-08",Organic,false,1989-10-07
3074,Tola,Solarczyk,tola.solarczyk@interia.pl,+48823510579,Łódź,"32-855","2025-11-02",Meta Ads,true,1974-03-02
3371,Dagmara,Drywa,dagmara.drywa@o2.pl,+48930252982,Poznań,"07-659","2025-10-10",Meta Ads,false,2000-04-08
3372,Artur,Kozon,artur.kozon@gmail.com,+48637287960,Warszawa,"06-044","2026-03-30",Google Ads,false,1967-03-15
3373,Jerzy,Fijak,jerzy.fijak@gmail.com,+48767438413,Radom,"18-513","2026-01-01",Organic,false,1972-07-11
3375,Apolonia,Truchel,apolonia.truchel@wp.pl,+48569801463,Lublin,"38-505","2026-08-06",Referral,false,1956-11-03
3376,Urszula,Leśna,urszula.leśna@gmail.com,+48807881147,Kraków,"09-042","2025-09-17",Meta Ads,false,1966-03-15
3377,Piotr,Radke,piotr.radke@interia.pl,+48098227812,Lublin,"30-597","2024-11-24",Organic,true,1981-08-23
3378,Nataniel,Jasnoch,nataniel.jasnoch@wp.pl,+48243151862,Warszawa,"11-596","2026-04-16",Influencer,true,2002-04-28
3379,Apolonia,Płocharczyk,apolonia.płocharczyk@gmail.com,+48655630228,Olsztyn,"22-407","2025-02-08",Newsletter,false,1966-11-15
3380,Julita,Piszcz,julita.piszcz@o2.pl,+48004242543,Gdańsk,"81-763","2026-02-01",Organic,true,1988-08-08
3381,Cezary,Roch,cezary.roch@gmail.com,+48865302323,Kraków,"48-524","2026-07-18",Organic,true,1976-03-07
3320,Tola,Zacharek,tola.zacharek@wp.pl,+48495261798,Poznań,do weryf,"2026-02-01",Organic,false,1956-06-18
3391,Fabian,Wika,fabian.wika@gmail.com,+48640639078,Katowice,"28-850","2025-08-30",Organic,true,1965-03-08
3392,Józef,Trzepizur,józef.trzepizur@o2.pl,+48721348535,Wrocław,"64-970","2026-03-25",Newsletter,true,1993-10-02
3092,Justyna,Wałaszek,justyna.wałaszek@gmail.com,+48075843058,Łódź,"35-107","2025-07-29",Organic,false,2008-06-14
3393,Arkadiusz,Wasilewicz,arkadiusz.wasilewicz@gmail.com,+48539944187,Radom,"51-617","2025-07-07",Google Ads,false,1995-07-20
3394,Marika,Zubel,marika.zubel@o2.pl,+48025910450,Warszawa,"72-612","2025-09-12",Google Ads,false,1970-09-19
3095,Dominik,Sypień,dominik.sypień@o2.pl,+48648160715,Łódź,"83-977","2026-08-06",Influencer,true,1960-10-26
441,Paweł,Tokarek,paweł.tokarek@wp.pl,+48248082224,Gorzów Wielkopolski,"41-377","2026-04-21",Google Ads,false,2002-04-16
442,Sebastian,Ostafin,sebastian.ostafin@gmail.com,+48951748452,Warszawa,"97-896","2025-06-15",Organic,false,1962-08-26
444,Leon,Wawrzyńczyk,leon.wawrzyńczyk@gmail.com,+48775470310,Warszawa,"45-740","2024-12-30",Influencer,false,1966-11-20
445,Krystian,Giersz,krystian.giersz@wp.pl,+48575665511,Warszawa,"79-704","2026-02-25",Meta Ads,false,1979-01-16
396,Julita,Kuczaj,julita.kuczaj@wp.pl,+48066271891,Gdańsk,do weryf,"2025-05-01",Google Ads,false,2008-08-04
2900,Błażej,Pacura,błażej.pacura@gmail.com,+48196486161,Toruń,"75-772","2025-12-27",Meta Ads,true,1997-07-20
1005,Juliusz,Pasierbek,juliuszpasierbek@gmail.com,+48373192018,Kielce,"58-459","2025-02-28",Organic,false,2006-06-20
1006,Jakub,Łaskawiec,jakub.łaskawiec@wp.pl,+48946297987,Gdynia,"05-292","2024-11-05",Organic,true,1987-03-04
1007,Eliza,Szpila,eliza.szpila@o2.pl,+48577728001,Katowice,"39-007","2025-11-18",Meta Ads,false,1971-07-07
1008,Borys,Kozłowicz,borys.kozłowicz@gmail.com,+48554545980,Radom,"41-023","2024-10-11",Organic,false,1996-06-26
411,Nikodem,Teter,nikodem.teter@gmail.com,+48955092628,Kraków,do weryf,"2026-06-15",Referral,true,1992-02-13
443,Julian,Mućka,julian.mućka@gmail.com,+48680424386,Częstochowa,do weryf,"2024-12-05",Meta Ads,false,1956-01-17
3395,Witold,Brańka,witold.brańka@wp.pl,+48760300945,Kraków,"79-110","2026-02-23",Organic,true,2002-06-21
3396,Antoni,Fogt,antoni.fogt@wp.pl,+48115567669,Białystok,"07-878","2025-12-11",Meta Ads,false,1956-03-10
3399,Rafał,Szachniewicz,rafał.szachniewicz@gmail.com,+48046075969,Warszawa,"95-898","2024-12-04",Google Ads,false,1975-05-10
3400,Konstanty,Grycz,konstanty.grycz@gmail.com,+48919360699,Warszawa,"84-023","2026-08-06",Organic,true,1971-05-12
3401,Filip,Płocharczyk,filip.płocharczyk@gmail.com,+48687404551,Kielce,"16-310","2024-11-13",Meta Ads,false,1963-02-10
3403,Antoni,Bobik,antoni.bobik@wp.pl,+48572230230,Warszawa,"61-179","2026-05-11",Meta Ads,true,1956-05-09
3404,Dawid,Bystrek,dawid.bystrek@onet.pl,+48046991044,Wrocław,"31-467","2025-01-30",Influencer,true,2001-09-11
3405,Elżbieta,Kryza,elżbieta.kryza@o2.pl,+48946210405,Warszawa,"72-280","2026-01-04",Meta Ads,true,1969-11-28
3406,Sylwia,Huczek,sylwia.huczek@gmail.com,+48188674748,Poznań,"09-749","2026-03-08",Google Ads,true,1992-04-05
3407,Przemysław,Samson,przemysław.samson@wp.pl,+48351151588,Kraków,"51-695","2026-04-06",Newsletter,false,1975-08-07
3408,Piotr,Klęczar,piotr.klęczar@gmail.com,+48779303879,Szczecin,"56-851","2026-08-06",Referral,true,1980-04-11
3410,Wiktor,Duras,wiktor.duras@wp.pl,+48432143850,Kraków,"36-727","2025-12-22",Meta Ads,false,1970-07-08
3411,Malwina,Szeszko,malwina.szeszko@gmail.com,+48870111583,Gdynia,"35-025","2024-11-15",Google Ads,false,1991-03-04
3412,Rafał,Kiljan,rafał.kiljan@wp.pl,+48265571952,Wrocław,"89-459","2025-05-03",Meta Ads,false,1998-07-18
3413,Aleksander,Fiutak,aleksander.fiutak@gmail.com,+48734538027,Wrocław,"73-856","2026-04-06",Google Ads,true,2001-01-06
3414,Melania,Kuffel,melania.kuffel@onet.pl,+48974787271,Warszawa,"63-811","2025-05-27",Referral,false,1967-11-13
3382,Ksawery,Jakimiak,ksawery.jakimiak@gmail.com,+48675961604,Gdynia,"78-263","2025-12-13",Meta Ads,false,1973-04-28
3383,Arkadiusz,Władyka,arkadiusz.władyka@wp.pl,+48270699365,Warszawa,"34-403","2025-11-23",Organic,true,1961-11-28
3386,Maciej,Goss,maciej.goss@o2.pl,+48866073011,Warszawa,"14-761","2025-04-14",Referral,false,2005-01-18
3387,Gabriel,Pagacz,gabriel.pagacz@wp.pl,+48792168705,Warszawa,"98-584","2025-11-27",Organic,false,1994-08-03
3390,Olaf,Krüger,olaf.krüger@gmail.com,+48562627091,Olsztyn,"33-223","2024-12-30",Referral,false,1982-09-07
3415,Franciszek,Kasper,franciszek.kasper@wp.pl,+48876432613,Katowice,"47-091","2025-11-12",Meta Ads,false,1987-04-17
3416,Agnieszka,Grześków,agnieszka.grześków@gmail.com,+48560376166,Gdańsk,"61-558","2025-09-20",Organic,true,1964-04-12
3418,Mieszko,Kubrak,mieszko.kubrak@wp.pl,+48345130583,Gorzów Wielkopolski,"23-595","2026-07-02",Organic,false,1976-11-21
3420,Anastazja,Kossak,anastazja.kossak@o2.pl,+48429713258,Wrocław,"70-418","2025-10-03",Newsletter,true,1974-09-10
3421,Kornelia,Bodziony,kornelia.bodziony@onet.pl,+48494074837,Kraków,"78-260","2026-04-26",Google Ads,false,2002-06-28
3422,Józef,Pałyga,józef.pałyga@gmail.com,+48040603601,Wrocław,"83-478","2025-08-31",Organic,false,1979-06-27
3423,Rozalia,Kuśmider,rozaliakuśmider@gmail.com,+48479825513,Warszawa,"88-169","2024-10-24",Newsletter,false,2002-10-02
3424,Cyprian,Lemanowicz,cyprian.lemanowicz@wp.pl,+48692539241,Zielona Góra,"81-149","2025-10-12",Meta Ads,false,1987-05-02
3425,Rozalia,Mitera,rozalia.mitera@o2.pl,+48913609997,Białystok,"96-164","2025-04-25",Organic,false,2000-09-14
3426,Anita,Lalak,anita.lalak@interia.pl,+48485526988,Olsztyn,"27-845","2024-11-22",Referral,false,1992-05-02
3428,Nela,Gronkiewicz,nela.gronkiewicz@interia.pl,+48290443540,Szczecin,"06-533","2025-09-28",Meta Ads,false,1961-02-04
3429,Jan,Gula,jan.gula@wp.pl,+48153965803,Warszawa,"71-681","2026-06-14",Newsletter,false,2005-07-15
3430,Olaf,Maron,olaf.maron@gmail.com,+48364344609,Gdynia,"91-807","2026-03-03",Google Ads,false,1973-05-06
3431,Oliwier,Matejczyk,oliwier.matejczyk@o2.pl,+48329937199,Gdańsk,"94-857","2025-12-14",Organic,false,1997-10-31
3434,Dominik,Walenciak,dominik.walenciak@gmail.com,+48230869909,Piła,"82-660","2024-12-05",Meta Ads,false,1979-08-22
3435,Rafał,Zawodnik,rafał.zawodnik@gmail.com,+48242159214,Opole,"01-915","2026-06-13",Newsletter,false,1997-08-28
3436,Dorota,Potok,dorota.potok@o2.pl,+48230625030,Poznań,"14-508","2024-12-05",Meta Ads,true,1963-03-31
3437,Wojciech,Kryza,wojciech.kryza@o2.pl,+48235368580,Lublin,"40-248","2025-03-16",Newsletter,true,1995-08-27
3438,Emil,Bejnarowicz,emil.bejnarowicz@wp.pl,+48704851776,Warszawa,"27-555","2025-09-29",Influencer,false,1989-06-03
3440,Nikodem,Mich,nikodem.mich@gmail.com,+48175228930,Kraków,"88-074","2024-12-10",Organic,false,1959-02-23
3441,Aniela,Nasiadka,aniela.nasiadka@gmail.com,+48601533420,Poznań,"55-968","2025-11-15",Meta Ads,false,1974-07-18
3444,Julianna,Siembab,julianna.siembab@onet.pl,+48952321209,Warszawa,"82-630","2025-05-15",Meta Ads,false,1987-01-16
3155,Cyprian,Janiuk,cyprian.janiuk@o2.pl,+48188542536,Łódź,"13-319","2025-04-26",Newsletter,true,1974-06-02
452,Kamila,Kapera,kamila.kapera@gmail.com,+48783174155,Warszawa,"83-056","2026-06-02",Newsletter,false,1997-02-19
453,Tadeusz,Karaśkiewicz,tadeusz.karaśkiewicz@gmail.com,+48223561296,Kraków,"50-116","2024-12-01",Referral,false,1968-05-16
454,Gaja,Matyka,gaja.matyka@o2.pl,+48825591230,Piła,"68-911","2025-04-27",Influencer,true,2007-06-01
455,Olgierd,Januchta,olgierd.januchta@gmail.com,+48172388332,Kielce,"17-397","2024-11-23",Organic,false,2001-03-21
456,Nicole,Browarczyk,nicole.browarczyk@interia.pl,+48988285137,Gdańsk,"47-560","2025-09-12",Google Ads,false,1991-10-17
457,Natasza,Wyłupek,natasza.wyłupek@gmail.com,+48143866520,Lublin,"10-018","2025-07-16",Influencer,false,1986-09-22
458,Bartek,Michnik,bartek.michnik@interia.pl,+48314604049,Warszawa,"28-041","2026-05-13",Newsletter,false,2004-06-29
1010,Anita,Pociask,anita.pociask@gmail.com,+48959952798,Olsztyn,"13-039","2025-11-09",Google Ads,false,1979-12-30
1011,Marcin,Nazimek,marcin.nazimek@wp.pl,+48172949436,Częstochowa,"34-376","2025-04-02",Newsletter,false,2002-09-30
1012,Witold,Starzak,witold.starzak@o2.pl,+48824957635,Lublin,"33-831","2025-12-01",Meta Ads,true,1971-07-06
1014,Igor,Korniak,igor.korniak@gmail.com,+48704575222,Piła,"42-812","2025-02-11",Referral,false,1981-03-03
1015,Ada,Windak,ada.windak@gmail.com,+48063073460,Warszawa,"89-720","2025-11-21",Meta Ads,false,1986-02-19
1017,Aurelia,Baumgart,aurelia.baumgart@gmail.com,+48211863093,Wrocław,"11-799","2025-09-22",Organic,true,1958-07-23
1018,Józef,Andrearczyk,józef.andrearczyk@interia.pl,+48919387029,Warszawa,"56-427","2025-06-15",Meta Ads,false,2004-11-24
1019,Ignacy,Kominiak,ignacy.kominiak@wp.pl,+48428918362,Gdańsk,"99-233","2025-02-06",Organic,true,1995-03-23
1020,Mateusz,Wojtaszak,mateusz.wojtaszak@gmail.com,+48421395136,Leszno,"81-392","2025-11-22",Influencer,true,1958-06-18
3452,Natasza,Loba,natasza.loba@gmail.com,+48224790813,Kraków,"42-318","2025-12-06",Organic,true,1984-11-19
3453,Aniela,Betlej,aniela.betlej@gmail.com,+48980609776,Warszawa,"79-421","2026-05-28",Organic,true,1960-08-17
3454,Hubert,Wandas,hubert.wandas@gmail.com,+48941099639,Wrocław,"87-800","2026-03-28",Organic,true,1957-02-02
3455,Dorota,Gleba,dorota.gleba@wp.pl,+48478776979,Kraków,"09-515","2024-12-12",Newsletter,false,1965-03-14
3456,Jacek,Duchnik,jacek.duchnik@gmail.com,+48537386735,Warszawa,"73-398","2025-03-25",Meta Ads,false,1998-01-24
3457,Julita,Supernak,julita.supernak@o2.pl,+48696734259,Wrocław,"93-050","2025-12-07",Meta Ads,false,1969-01-05
3459,Aniela,Zapaśnik,aniela.zapaśnik@gmail.com,+48885442224,Kraków,"21-041","2026-03-26",Influencer,true,1970-12-24
3462,Tobiasz,Sztuba,tobiasz.sztuba@gmail.com,+48118782732,Zielona Góra,"96-827","2024-11-23",Google Ads,false,1990-04-02
3463,Kajetan,Wygoda,kajetan.wygoda@gmail.com,+48462709751,Poznań,"49-045","2025-12-23",Organic,false,1971-08-13
3464,Artur,Barłóg,artur.barłóg@o2.pl,+48605613262,Opole,"88-598","2025-12-12",Meta Ads,false,2000-05-29
3465,Olaf,Dzienisz,olaf.dzienisz@gmail.com,+48530173776,Warszawa,"57-828","2026-04-03",Google Ads,false,1992-09-26
3467,Sylwia,Jurczuk,sylwia.jurczuk@gmail.com,+48871207721,Katowice,"57-509","2024-09-17",Google Ads,false,1975-01-11
3167,Sara,Ochnio,sara.ochnio@gmail.com,+48995236776,Łódź,"80-040","2024-09-30",Google Ads,true,2005-03-02
3469,Leonard,Krzysztoszek,leonard.krzysztoszek@gmail.com,+48466761553,Warszawa,"70-109","2024-11-15",Google Ads,false,1977-10-13
3470,Filip,Kość,filip.kość@gmail.com,+48337531615,Gdańsk,"56-571","2025-10-31",Newsletter,false,1992-10-20
3471,Krzysztof,Samson,krzysztof.samson@gmail.com,+48279508515,Rzeszów,"12-270","2026-06-15",Google Ads,false,2002-02-12
3172,Adrianna,Przybycień,adrianna.przybycień@gmail.com,+48974781575,Łódź,"86-568","2026-02-15",Influencer,false,1959-01-24
3472,Maurycy,Cimoch,maurycy.cimoch@onet.pl,+48210727077,Warszawa,"52-520","2025-05-15",Meta Ads,true,2004-04-26
3473,Sebastian,Łapacz,sebastian.łapacz@gmail.com,+48334093727,Elbląg,"04-166","2026-04-24",Meta Ads,false,1960-03-04
3474,Daniel,Kopała,daniel.kopała@gmail.com,+48408006821,Warszawa,"26-457","2024-09-30",Google Ads,false,1990-07-27
3475,Inga,Ścibior,inga.ścibior@o2.pl,+48369015310,Wrocław,"72-270","2024-12-16",Meta Ads,true,1980-12-03
3179,Ryszard,Filek,ryszard.filek@o2.pl,+48919858576,Łódź,"18-459","2026-05-15",Organic,true,1996-01-24
3182,Melania,Rogacz,melania.rogacz@gmail.com,+48874553058,Łódź,"79-399","2026-04-27",Meta Ads,false,1971-10-22
3478,Kamila,Godyń,kamila.godyń@gmail.com,+48760660623,Rzeszów,"48-062","2026-06-22",Influencer,false,1982-08-20
3445,Marika,Domżał,marika.domżał@gmail.com,+48309225220,Kraków,"64-328","2025-12-10",Organic,false,1974-03-23
3446,Juliusz,Gawłowicz,juliusz.gawłowicz@wp.pl,+48933652451,Opole,"61-882","2025-10-03",Meta Ads,false,1997-11-18
3447,Julita,Dumin,julita.dumin@o2.pl,+48365488203,Kielce,"13-433","2025-06-12",Google Ads,true,1992-02-03
3448,Nataniel,Woszczak,nataniel.woszczak@gmail.com,+48186049001,Warszawa,"63-028","2025-10-27",Google Ads,false,1975-09-25
3450,Tomasz,Bartocha,tomasz.bartocha@onet.pl,+48321605305,Warszawa,"32-742","2026-06-30",Google Ads,true,1999-08-15
3451,Patryk,Gawliczek,patryk.gawliczek@onet.pl,+48169810238,Częstochowa,"49-768","2024-10-09",Organic,false,1973-06-23
3200,Albert,Batóg,albert.batóg@wp.pl,+48081694427,Łódź,"25-837","2025-12-22",Meta Ads,true,1996-11-23
3481,Alex,Krefta,alex.krefta@gmail.com,+48493219909,Gorzów Wielkopolski,"62-821","2025-07-01",Referral,false,1966-11-30
3482,Lidia,Siembab,lidia.siembab@o2.pl,+48486638607,Częstochowa,"62-220","2026-06-07",Google Ads,false,1960-11-04
3483,Tobiasz,Lewek,tobiasz.lewek@gmail.com,+48619806011,Leszno,"82-643","2024-11-13",Organic,false,1984-04-16
3484,Wojciech,Tofil,wojciech.tofil@gmail.com,+48744780583,Białystok,"86-131","2024-12-02",Google Ads,false,2001-01-23
3486,Wojciech,Matwiejczyk,wojciech.matwiejczyk@gmail.com,+48326682516,Warszawa,"22-253","2025-06-19",Referral,false,1988-10-27
3487,Klara,Mirgos,klara.mirgos@onet.pl,+48871296203,Warszawa,"81-371","2025-02-28",Meta Ads,true,2005-04-16
3488,Błażej,Tomys,błażej.tomys@gmail.com,+48699674053,Częstochowa,"08-771","2026-05-04",Referral,false,1978-06-26
3489,Kazimierz,Staniewicz,kazimierz.staniewicz@gmail.com,+48266459027,Kraków,"51-029","2025-11-22",Meta Ads,false,1965-10-20
3490,Mariusz,Suszka,mariusz.suszka@gmail.com,+48450317940,Lublin,"58-621","2025-11-06",Meta Ads,false,1999-12-04
3491,Artur,Kalinka,artur.kalinka@onet.pl,+48568754973,Olsztyn,"17-491","2025-09-24",Meta Ads,false,1988-03-08
3492,Apolonia,Kobel,apolonia.kobel@gmail.com,+48243645212,Gdańsk,"53-662","2024-11-11",Google Ads,false,2001-10-21
3493,Damian,Frączkiewicz,damian.frączkiewicz@gmail.com,+48562159693,Kraków,"77-534","2025-07-02",Newsletter,false,1970-11-03
3494,Igor,Poreda,igor.poreda@wp.pl,+48905164863,Białystok,"77-032","2026-08-06",Newsletter,false,1977-09-17
3496,Maciej,Nyk,maciej.nyk@o2.pl,+48286661107,Olsztyn,"36-403","2026-05-24",Referral,false,1970-06-24
2978,Michał,Wasil,michał.wasil@gmail.com,+48766727462,Toruń,"99-789","2025-12-31",Meta Ads,true,1959-03-14
2980,Bruno,Wiencek,bruno.wiencek@gmail.com,+48863334173,Toruń,"42-480","2024-11-24",Newsletter,false,1967-08-30
3019,Tobiasz,Brachman,tobiasz.brachman@gmail.com,+48983356815,Toruń,"61-017","2024-11-30",Influencer,false,2006-01-06
988,Tola,Feliksiak,tola.feliksiak@gmail.com,+48348242389,Suwałki,do weryf,"2025-12-31",Meta Ads,false,1967-04-17
67,Anita,Ładniak,anita.ładniak@wp.pl,+48611330070,Lublin,"25-330","2024-12-26",Influencer,false,1987-08-30
68,Nela,Dawidczyk,nela.dawidczyk@gmail.com,+48869660130,Warszawa,"08-462","2024-10-27",Meta Ads,false,1961-01-29
69,Cyprian,Żelasko,cyprian.żelasko@wp.pl,+48658206266,Bydgoszcz,"11-517","2025-07-10",Meta Ads,false,1989-11-03
70,Maciej,Powązka,maciej.powązka@onet.pl,+48493684978,Poznań,"91-449","2024-09-23",Meta Ads,true,2008-02-13
71,Anna Maria,Zinkiewicz,anna maria.zinkiewicz@o2.pl,+48917233244,Warszawa,"79-163","2024-11-16",Newsletter,true,1974-11-18
459,Ewa,Lelito,ewa.lelito@o2.pl,+48777235495,Radom,"37-644","2026-06-06",Google Ads,false,1993-05-13
460,Urszula,Sypek,urszula.sypek@gmail.com,+48509888025,Częstochowa,"90-412","2025-05-05",Meta Ads,false,1959-12-18
461,Julita,Rapa,julita.rapa@gmail.com,+48096916707,Warszawa,"79-157","2025-08-24",Organic,true,1970-04-20
462,Fabian,Drozdowicz,fabian.drozdowicz@gmail.com,+48398406436,Wrocław,"66-944","2026-05-31",Influencer,true,1966-05-13
448,Jędrzej,Miąsko,jędrzej.miąsko@gmail.com,+48762018674,Wrocław,"18-254","2024-12-30",Meta Ads,false,1970-04-10
449,Karol,Krekora,karol.krekora@o2.pl,+48185879162,Gdańsk,"71-616","2025-03-03",Google Ads,true,1987-05-25
451,Emil,Fronczek,emil.fronczek@wp.pl,+48225708456,Katowice,"67-622","2026-06-21",Organic,false,1982-08-07
463,Marcin,Heinrich,marcin.heinrich@gmail.com,+48152809949,Warszawa,"42-401","2026-03-29",Newsletter,false,1986-09-04
3498,Norbert,Nesterowicz,norbert.nesterowicz@gmail.com,+48550302920,Warszawa,"61-524","2024-11-01",Google Ads,false,1981-06-13
3499,Julianna,Kryszczuk,julianna.kryszczuk@onet.pl,+48336287469,Warszawa,"72-946","2025-01-20",Meta Ads,true,1991-10-02
3500,Anita,Pusz,anita.pusz@gmail.com,+48152583524,Bydgoszcz,"61-346","2024-09-08",Newsletter,false,1960-06-01
3502,Wiktor,Wojtera,wiktor.wojtera@gmail.com,+48403439034,Kraków,"81-275","2024-11-27",Meta Ads,true,2005-02-08
3503,Stefan,Sieg,stefan.sieg@gmail.com,+48746915290,Piła,"66-234","2025-07-09",Meta Ads,false,1972-03-09
3504,Kazimierz,Gogacz,kazimierz.gogacz@o2.pl,+48982756431,Warszawa,"73-196","2025-12-04",Meta Ads,true,1974-01-24
3505,Norbert,Zimoląg,norbert.zimoląg@gmail.com,+48408603197,Katowice,"43-531","2026-05-20",Meta Ads,false,1991-06-06
3507,Rafał,Szymków,rafał.szymków@gmail.com,+48267268980,Kraków,"79-912","2026-06-16",Google Ads,true,1997-04-20
3508,Gustaw,Kunysz,gustaw.kunysz@wp.pl,+48599427915,Warszawa,"88-703","2024-10-14",Organic,true,1974-10-03
3476,Daniel,Turczyk,daniel.turczyk@gmail.com,+48758921189,Gdańsk,do weryf,"2024-09-01",Referral,false,1985-04-04
3495,Melania,Więckiewicz,melania.więckiewicz@interia.pl,+48035022989,Warszawa,do weryf,"2026-04-24",Organic,true,1996-10-11
3501,Marika,Czupryn,marika.czupryn@gmail.com,+48499911150,Białystok,do weryf,"2025-03-18",Organic,false,1988-04-06
3512,Natan,Janiuk,natan.janiuk@gmail.com,+48922157856,Gorzów Wielkopolski,"83-830","2025-02-19",Meta Ads,false,1981-12-07
3514,Nicole,Dziuda,nicole.dziuda@onet.pl,+48344780882,Wrocław,"69-350","2025-02-09",Google Ads,false,1963-05-08
3515,Wojciech,Szałaj,wojciech.szałaj@wp.pl,+48450400347,Radom,"16-990","2025-09-30",Google Ads,false,1975-07-21
3516,Krystyna,Gendek,krystyna.gendek@gmail.com,+48830207506,Warszawa,"01-069","2025-06-13",Google Ads,false,1965-08-10
3517,Juliusz,Karaśkiewicz,juliusz.karaśkiewicz@gmail.com,+48701782053,Poznań,"59-958","2025-09-17",Meta Ads,true,2008-02-10
3518,Janina,Drobot,janina.drobot@wp.pl,+48814914208,Elbląg,"36-524","2025-12-27",Newsletter,false,1985-09-02
3519,Konrad,Migała,konrad.migała@gmail.com,+48883642969,Poznań,"07-438","2025-05-10",Meta Ads,true,1988-11-19
3520,Marika,Gwizdek,marika.gwizdek@gmail.com,+48915783517,Kielce,"14-488","2025-02-23",Organic,false,1978-10-07
3521,Jędrzej,Kostro,jędrzej.kostro@o2.pl,+48837982626,Poznań,"18-186","2024-12-04",Meta Ads,true,1962-02-09
3522,Mikołaj,Saternus,mikołaj.saternus@o2.pl,+48815087421,Bydgoszcz,"09-285","2025-04-13",Google Ads,false,1961-04-16
3523,Julita,Wałek,julita.wałek@interia.pl,+48605771277,Gdańsk,"17-803","2026-01-27",Google Ads,false,1960-09-04
3524,Kaja,Kierepka,kaja.kierepka@gmail.com,+48574301420,Gorzów Wielkopolski,"06-913","2026-02-03",Organic,false,1990-08-04
3526,Jacek,Fit,jacek.fit@wp.pl,+48934854220,Warszawa,"56-247","2025-01-07",Meta Ads,false,1967-10-24
3190,Bruno,Hajda,bruno.hajda@o2.pl,+48088038970,Łódź,do weryf,"2026-01-07",Influencer,true,1965-06-09
3527,Anita,Gregorczuk,anita.gregorczuk@onet.pl,+48421973007,Opole,"35-951","2025-11-20",Google Ads,false,1984-11-19
3528,Marek,Miodek,marek.miodek@gmail.com,+48371280962,Zielona Góra,"03-567","2025-10-14",Organic,false,1986-07-21
3530,Kacper,Abramczuk,kacper.abramczuk@o2.pl,+48895018422,Wrocław,"12-585","2025-10-18",Influencer,false,1994-11-03
3531,Jeremi,Jośko,jeremi.jośko@o2.pl,+48159278428,Warszawa,"63-128","2025-08-04",Organic,false,1960-08-31
3532,Kalina,Michniak,kalina.michniak@gmail.com,+48684364270,Warszawa,"31-471","2025-10-17",Google Ads,true,1987-11-27
3533,Tymoteusz,Zimniak,tymoteusz.zimniak@gmail.com,+48043890011,Elbląg,"36-110","2025-12-31",Meta Ads,false,1955-10-06
3510,Elżbieta,Proć,elżbieta.proć@interia.pl,+48215045992,Wrocław,"23-121","2025-12-24",Meta Ads,true,1993-12-31
3535,Ernest,Hubert,ernest.hubert@gmail.com,+48438261291,Gdańsk,"28-238","2026-02-24",Meta Ads,false,1960-11-29
3536,Maksymilian,Stasica,maksymilian.stasica@gmail.com,+48751575524,Konin,"92-455","2024-11-07",Newsletter,false,1979-01-18
3537,Ernest,Langiewicz,ernest.langiewicz@wp.pl,+48046096190,Warszawa,"79-769","2024-10-04",Organic,true,1975-09-29
3053,Cyprian,Zemanek,cyprian.zemanek@o2.pl,+48838026870,Toruń,"63-791","2024-09-05",Google Ads,false,1984-09-08
72,Ryszard,Księżyk,ryszard.księżyk@gmail.com,+48082146373,Kraków,"53-794","2026-03-23",Google Ads,false,1973-07-12
995,Eryk,Front,eryk.front@gmail.com,+48088180021,Zielona Góra,do weryf,"2025-12-24",Meta Ads,false,1985-10-22
997,Dominik,Peda,dominik.peda@o2.pl,+48945936542,Piła,do weryf,"2025-03-06",Meta Ads,false,1974-07-26
3336,Cyprian,Roś,cyprian.roś@wp.pl,+48908395119,Piła,"43-716","2024-12-08",Meta Ads,true,1965-11-23
3538,Rozalia,Duc,rozalia.duc@gmail.com,+48710485819,Wrocław,"35-211","2026-08-06",Newsletter,false,2002-05-01
3539,Marika,Toborek,marika.toborek@wp.pl,+48239890798,Olsztyn,"68-351","2026-07-19",Google Ads,false,1972-08-31
3540,Sonia,Kierat,sonia.kierat@gmail.com,+48811236954,Kielce,"79-398","2024-10-16",Meta Ads,true,2000-01-09
3541,Gabriel,Kempka,gabriel.kempka@gmail.com,+48151901991,Lublin,"19-721","2025-06-23",Meta Ads,false,1959-09-11
3542,Albert,Moroń,albert.moroń@gmail.com,+48455035441,Warszawa,"52-213","2024-12-29",Meta Ads,false,1967-02-22
3543,Maks,Polasik,maks.polasik@onet.pl,+48848522479,Gdynia,"36-255","2025-08-14",Influencer,true,1993-06-27
3544,Jerzy,Kubasiak,jerzy.kubasiak@gmail.com,+48796717577,Wrocław,"77-899","2026-04-12",Meta Ads,false,1980-06-28
3545,Szymon,Migda,szymon.migda@wp.pl,+48625356706,Gdynia,"73-250","2026-07-22",Meta Ads,false,1989-10-21
464,Wiktor,Korzekwa,wiktor.korzekwa@interia.pl,+48868410436,Białystok,"90-448","2024-09-04",Organic,false,1994-04-14
465,Tadeusz,Drygas,tadeusz.drygas@wp.pl,+48967802941,Poznań,"32-089","2025-03-22",Meta Ads,false,2004-08-07
466,Oliwier,Fal,oliwier.fal@gmail.com,+48041149047,Rzeszów,"79-624","2025-06-11",Newsletter,false,1958-07-06
468,Mateusz,Sumera,mateusz.sumera@gmail.com,+48309084070,Elbląg,"64-976","2024-12-23",Organic,false,1973-12-20
3546,Wiktor,Sośniak,wiktor.sośniak@gmail.com,+48761313518,Wrocław,"92-820","2025-11-04",Meta Ads,false,1956-10-02
3547,Anita,Majerczyk,anita.majerczyk@o2.pl,+48352970576,Piła,"47-391","2025-04-01",Organic,false,1956-09-05
3548,Justyna,Gadzina,justyna.gadzina@onet.pl,+48402278686,Bydgoszcz,"58-932","2025-11-18",Google Ads,false,1978-01-27
3549,Justyna,Geisler,justyna.geisler@gmail.com,+48455519110,Konin,"45-235","2025-03-06",Organic,false,1969-11-09
3550,Robert,Kozon,robert.kozon@gmail.com,+48993358321,Bydgoszcz,"21-173","2026-06-28",Meta Ads,true,1967-03-18
3551,Janina,Glazik,janina.glazik@gmail.com,+48545719771,Warszawa,"67-614","2026-05-30",Meta Ads,false,1983-09-26
3552,Konrad,Prystupa,konrad.prystupa@o2.pl,+48133264033,Elbląg,"05-391","2025-10-13",Meta Ads,true,1974-12-01
3553,Olaf,Kasperczak,olaf.kasperczak@o2.pl,+48404920013,Bydgoszcz,"91-938","2025-04-06",Meta Ads,false,1964-01-04
3290,Cyprian,Cąkała,cyprian.cąkała@gmail.com,+48701576671,Łódź,"80-073","2026-01-04",Organic,false,1963-11-16
3554,Bianka,Filas,bianka.filas@onet.pl,+48997449452,Białystok,"33-082","2025-03-28",Meta Ads,false,1983-06-08
3292,Marcel,Waniek,marcel.waniek@wp.pl,+48241108270,Łódź,"91-143","2026-07-11",Organic,false,1966-03-03
3555,Juliusz,Hadam,juliusz.hadam@o2.pl,+48329240591,Kraków,"20-301","2024-09-06",Organic,false,1963-02-06
3556,Justyna,Widłak,justyna.widłak@gmail.com,+48011139422,Kraków,"24-235","2026-03-17",Organic,true,1977-04-18
3557,Leon,Koniecko,leon.koniecko@o2.pl,+48092535711,Szczecin,"09-238","2025-07-10",Organic,false,2001-10-20
3296,Lidia,Karol,lidia.karol@o2.pl,+48295547962,Łódź,"26-726","2024-11-05",Organic,false,2007-12-16
3558,Mikołaj,Dorobek,mikołaj.dorobek@onet.pl,+48039932234,Poznań,"84-802","2025-04-07",Google Ads,false,1997-02-28
3559,Kajetan,Nowotny,kajetan.nowotny@wp.pl,+48432846863,Kielce,"71-482","2025-07-25",Meta Ads,true,2005-07-10
3560,Leon,Księżak,leon.księżak@wp.pl,+48471269492,Leszno,"03-828","2026-03-11",Meta Ads,true,2006-07-19
3561,Igor,Rohde,igor.rohde@gmail.com,+48403001387,Warszawa,"99-104","2024-11-30",Meta Ads,true,1969-11-08
3562,Kajetan,Kręgiel,kajetan.kręgiel@interia.pl,+48150887816,Olsztyn,"16-798","2026-04-02",Google Ads,false,1980-02-10
3563,Leonard,Kuziora,leonard.kuziora@gmail.com,+48368375978,Piła,"23-157","2026-05-17",Meta Ads,true,1983-11-18
3564,Daniel,Słobodzian,daniel.słobodzian@gmail.com,+48078472375,Poznań,"02-334","2026-07-03",Meta Ads,false,2000-12-06
3565,Jeremi,Korab,jeremi.korab@onet.pl,+48468317120,Kraków,"03-513","2025-05-01",Newsletter,false,1982-05-02
3566,Adam,Pierchała,adam.pierchała@gmail.com,+48325507369,Zielona Góra,"18-172","2024-12-06",Meta Ads,false,1958-02-26
3567,Marcin,Łaszczyk,marcinłaszczyk@gmail.com,+48115270595,Kraków,"17-248","2025-05-14",Meta Ads,false,2001-04-07
3568,Leonard,Pasiak,leonard.pasiak@gmail.com,+48477131515,Warszawa,"36-474","2025-04-13",Newsletter,false,1968-08-15
3571,Róża,Czopik,róża.czopik@gmail.com,+48533488001,Szczecin,"63-694","2025-08-01",Google Ads,false,1995-07-28
3509,Rozalia,Martin,rozalia.martin@onet.pl,+48645989494,Wrocław,do weryf,"2024-09-20",Google Ads,true,1997-11-22
3580,Justyna,Berek,justyna.berek@gmail.com,+48692753600,Konin,"82-769","2025-04-07",Meta Ads,false,1963-05-25
3581,Tola,Baum,tola.baum@interia.pl,+48189988260,Warszawa,"98-768","2025-09-02",Meta Ads,false,1963-01-03
3582,Emil,Pioch,emil.pioch@gmail.com,+48902137435,Elbląg,"32-146","2024-09-28",Meta Ads,true,1956-06-18
3584,Roksana,Olkowicz,roksana.olkowicz@onet.pl,+48925107354,Poznań,"27-475","2025-01-28",Meta Ads,false,1962-07-04
3585,Mikołaj,Ambrożewicz,mikołaj.ambrożewicz@gmail.com,+48824738408,Warszawa,"19-919","2024-11-07",Newsletter,false,1989-07-08
3586,Oskar,Kapera,oskar.kapera@gmail.com,+48318233913,Kraków,"48-055","2025-02-03",Google Ads,false,1974-03-05
3587,Ernest,Zdonek,ernest.zdonek@gmail.com,+48844356142,Kraków,"84-894","2024-12-15",Referral,false,1978-07-25
3588,Gustaw,Litwa,gustaw.litwa@o2.pl,+48788744634,Opole,"66-565","2024-09-08",Newsletter,true,1980-11-18
3590,Dorota,Krzywonos,dorota.krzywonos@onet.pl,+48094625704,Piła,"02-104","2024-09-10",Meta Ads,false,1963-05-01
3595,Monika,Krauza,monika.krauza@o2.pl,+48238305726,Bydgoszcz,"63-444","2025-11-25",Google Ads,false,1996-01-26
3596,Piotr,Wielgat,piotr.wielgat@o2.pl,+48182264244,Częstochowa,"71-747","2025-12-16",Meta Ads,true,1995-04-16
3597,Dorota,Rohde,dorota.rohde@o2.pl,+48220471940,Gdynia,"20-956","2024-09-12",Meta Ads,false,1999-04-22
3598,Kornel,Andryszczyk,kornel.andryszczyk@gmail.com,+48921830841,Lublin,"92-451","2026-08-06",Influencer,false,1994-05-13
3107,Kazimierz,Cyrulik,kazimierz.cyrulik@wp.pl,+48686061872,Toruń,"52-772","2024-12-16",Meta Ads,false,1974-01-25
1031,Kornelia,Szaj,kornelia.szaj@gmail.com,+48112076779,Warszawa,"88-947","2025-05-06",Meta Ads,false,1986-02-15
1033,Rafał,Salawa,rafał.salawa@onet.pl,+48027422742,Warszawa,"45-609","2026-04-07",Referral,false,1990-05-02
1034,Norbert,Dziewit,norbert.dziewit@interia.pl,+48447306483,Kraków,"45-632","2025-11-22",Meta Ads,false,1999-02-21
1036,Jerzy,Bzymek,jerzy.bzymek@wp.pl,+48934959191,Lublin,"88-383","2025-04-08",Influencer,false,1963-11-11
1037,Karol,Tomaszkiewicz,karol.tomaszkiewicz@o2.pl,+48410427703,Olsztyn,"95-056","2026-03-30",Google Ads,false,1968-06-23
1038,Tymon,Tywoniuk,tymon.tywoniuk@gmail.com,+48973388643,Leszno,"37-015","2024-09-13",Organic,false,1973-10-15
1041,Angelika,Rembacz,angelika.rembacz@gmail.com,+48285002111,Poznań,"34-562","2025-05-07",Meta Ads,false,1981-03-12
1043,Janina,Nastały,janina.nastały@wp.pl,+48828460847,Gdańsk,"68-045","2025-12-31",Meta Ads,false,1969-02-18
3385,Ida,Dumin,ida.dumin@gmail.com,+48926545853,Wrocław,"52-210","2025-05-08",Referral,false,1965-05-23
3599,Cezary,Stanaszek,cezary.stanaszek@gmail.com,+48782246684,Piła,"19-781","2026-05-04",Meta Ads,false,2004-02-03
3600,Tomasz,Gałaj,tomasz.gałaj@wp.pl,+48440384684,Warszawa,"50-283","2026-05-22",Organic,false,1976-07-01
3601,Maciej,Sych,maciej.sych@wp.pl,+48673322951,Warszawa,"39-013","2025-11-08",Google Ads,false,2006-02-18
3602,Eryk,Szram,eryk.szram@wp.pl,+48646833017,Lublin,"73-199","2025-04-17",Meta Ads,false,1977-09-23
3603,Krystian,Kołak,krystian.kołak@wp.pl,+48453431694,Konin,"71-582","2026-05-11",Google Ads,false,1969-02-12
3604,Nikodem,Dzienis,nikodem.dzienis@gmail.com,+48222378565,Wrocław,"09-168","2025-03-23",Google Ads,false,2001-02-11
3572,Krystyna,Macheta,krystyna.macheta@gmail.com,+48319883156,Warszawa,"93-414","2026-05-09",Google Ads,false,2002-09-14
3573,Roksana,Chachaj,roksana.chachaj@onet.pl,+48449659168,Elbląg,"67-363","2024-09-23",Google Ads,true,1997-04-10
3574,Aurelia,Czenczek,aurelia.czenczek@wp.pl,+48102033863,Poznań,"96-415","2025-11-24",Meta Ads,false,1995-06-07
3576,Hubert,Sieczko,hubert.sieczko@gmail.com,+48860411707,Kraków,"05-212","2026-02-26",Organic,false,1959-06-27
3578,Klara,Ostafin,klara.ostafin@wp.pl,+48786260557,Gdańsk,"49-307","2026-01-24",Meta Ads,false,1975-05-25
3579,Jędrzej,Fura,jędrzej.fura@gmail.com,+48817270419,Gdańsk,"26-769","2026-06-12",Google Ads,true,1956-06-11
3605,Błażej,Białasik,błażej.białasik@wp.pl,+48725447487,Kraków,"62-806","2025-10-10",Organic,true,1959-02-05
469,Eliza,Pawlos,eliza.pawlos@gmail.com,+48685031260,Gdańsk,"93-266","2024-09-18",Referral,true,1964-06-11
471,Antoni,Grzenia,antoni.grzenia@gmail.com,+48076751802,Poznań,"55-279","2025-02-24",Referral,true,1983-05-12
473,Agnieszka,Pitura,agnieszka.pitura@gmail.com,+48342964209,Radom,"47-057","2025-01-16",Meta Ads,false,1982-01-27
475,Paweł,Głowienka,paweł.głowienka@gmail.com,+48555382616,Kraków,"74-691","2026-04-22",Influencer,false,1993-11-26
476,Olaf,Bejger,olaf.bejger@gmail.com,+48404272790,Kraków,"66-003","2025-08-03",Google Ads,false,1957-12-05
3607,Róża,Manista,róża.manista@gmail.com,+48061686610,Gdańsk,"44-632","2026-06-11",Meta Ads,true,1994-03-05
3608,Mariusz,Langiewicz,mariusz.langiewicz@gmail.com,+48907621143,Częstochowa,"61-979","2024-11-29",Newsletter,false,2006-04-17
3609,Aurelia,Dułak,aurelia.dułak@o2.pl,+48558904662,Suwałki,"71-911","2025-01-11",Google Ads,false,2003-05-14
3611,Julianna,Proć,julianna.proć@onet.pl,+48639555138,Radom,"88-286","2026-02-02",Referral,false,1998-04-29
3612,Andrzej,Pakos,andrzej.pakos@gmail.com,+48851015374,Gorzów Wielkopolski,"03-445","2025-11-08",Meta Ads,false,1981-03-20
3613,Kornel,Peszko,kornel.peszko@gmail.com,+48213416011,Warszawa,"39-511","2025-01-23",Organic,false,2007-02-25
3614,Olga,Irzyk,olga.irzyk@wp.pl,+48506310910,Warszawa,"76-308","2024-09-18",Google Ads,true,1998-01-31
3615,Juliusz,Łój,juliusz.łój@gmail.com,+48585711206,Rzeszów,"19-569","2026-02-21",Meta Ads,true,1967-06-13
3354,Dagmara,Ciuk,dagmara.ciuk@o2.pl,+48096173258,Łódź,"77-455","2024-12-11",Referral,false,1995-10-18
3616,Borys,Wójs,borys.wójs@wp.pl,+48015241088,Katowice,"32-476","2026-08-06",Google Ads,true,2003-07-28
3617,Oskar,Brachaczek,oskar.brachaczek@gmail.com,+48068353474,Poznań,"70-518","2026-03-06",Google Ads,true,1974-11-01
3619,Andrzej,Świgoń,andrzejświgoń@gmail.com,+48906406273,Olsztyn,"80-493","2026-05-07",Newsletter,true,2005-11-12
3358,Malwina,Bany,malwina.bany@onet.pl,+48632912807,Łódź,"19-323","2025-09-03",Organic,true,1999-09-06
3620,Wiktor,Berek,wiktor.berek@gmail.com,+48278594990,Poznań,"41-949","2025-06-23",Google Ads,false,2002-09-24
3621,Justyna,Kacperek,justyna.kacperek@wp.pl,+48482805791,Lublin,"56-158","2025-09-17",Organic,false,1977-07-19
3622,Antoni,Miotke,antoni.miotke@gmail.com,+48966366092,Kraków,"48-122","2025-08-29",Meta Ads,false,1971-12-02
3623,Ada,Kielich,ada.kielich@gmail.com,+48268509061,Warszawa,"63-951","2025-07-24",Meta Ads,false,2006-05-21
3625,Stefan,Ruszel,stefan.ruszel@gmail.com,+48087461654,Warszawa,"79-824","2025-09-09",Organic,false,1964-05-02
3627,Karol,Martyka,karol.martyka@gmail.com,+48623930221,Poznań,"11-085","2025-02-26",Meta Ads,false,1997-10-17
3628,Mateusz,Wojaczek,mateusz.wojaczek@onet.pl,+48290948109,Kraków,"70-439","2024-09-30",Influencer,false,1981-09-15
3366,Natan,Sacharczuk,natan.sacharczuk@gmail.com,+48154592071,Łódź,"53-352","2026-06-05",Meta Ads,false,1995-05-23
3630,Mikołaj,Borczyk,mikołaj.borczyk@o2.pl,+48019551356,Gdynia,"61-182","2025-01-28",Organic,true,1957-04-29
3632,Maurycy,Hapka,maurycy.hapka@wp.pl,+48892019496,Białystok,"74-090","2025-11-17",Google Ads,true,1957-09-26
3633,Fabian,Skierka,fabian.skierka@gmail.com,+48311359912,Warszawa,"13-040","2025-12-31",Organic,false,2008-05-26
3634,Karol,Kotlarek,karol.kotlarek@gmail.com,+48977914987,Katowice,"79-001","2026-02-25",Meta Ads,false,1999-02-18
3128,Urszula,Roch,urszula.roch@gmail.com,+48890129340,Toruń,"71-582","2024-10-09",Meta Ads,true,1965-10-13
408,Monika,Styrna,monika.styrna@interia.pl,+48347584324,Łódź,"28-436","2024-12-08",Organic,true,1961-01-08
1045,Jeremi,Lizoń,jeremi.lizoń@o2.pl,+48981928026,Bydgoszcz,"60-671","2026-05-06",Google Ads,false,2005-09-09
1046,Krzysztof,Wota,krzysztof.wota@gmail.com,+48204354143,Gdańsk,"85-278","2025-07-29",Meta Ads,false,1990-09-25
412,Marianna,Krzywonos,marianna.krzywonos@gmail.com,+48803005244,Łódź,"79-143","2024-12-08",Meta Ads,false,1997-03-11
1022,Arkadiusz,Ornat,arkadiusz.ornat@onet.pl,+48305627090,Gdynia,"90-227","2026-08-06",Google Ads,false,1963-09-18
1023,Kamila,Kuśnierek,kamila.kuśnierek@gmail.com,+48007114348,Kraków,"97-610","2025-11-19",Meta Ads,false,1986-01-31
1024,Tomasz,Powierża,tomasz.powierża@gmail.com,+48878256002,Warszawa,"56-297","2025-05-10",Organic,false,1997-04-10
3635,Eryk,Graboń,eryk.graboń@onet.pl,+48867106781,Warszawa,"22-919","2025-09-19",Google Ads,false,1976-04-23
3610,Kornel,Fitas,kornel.fitas@gmail.com,+48618894016,Kraków,do weryf,"2025-10-28",Google Ads,false,1983-07-06
3643,Blanka,Downar,blanka.downar@gmail.com,+48125159935,Wrocław,"31-814","2024-12-26",Meta Ads,true,2007-10-12
3644,Fabian,Hapka,fabian.hapka@gmail.com,+48045364886,Wrocław,"42-216","2025-06-02",Influencer,false,1968-05-08
3645,Krystian,Konieczek,krystian.konieczek@o2.pl,+48082651474,Radom,"20-038","2024-10-14",Organic,false,1959-10-22
3646,Julianna,Maciuszek,julianna.maciuszek@o2.pl,+48159591638,Lublin,"16-152","2026-08-06",Referral,false,1961-04-20
3649,Karina,Mrotek,karina.mrotek@gmail.com,+48980898219,Wrocław,"53-126","2025-11-30",Meta Ads,true,2004-11-17
3650,Bianka,Osipowicz,bianka.osipowicz@wp.pl,+48487178006,Warszawa,"76-310","2025-08-27",Meta Ads,true,2005-04-12
3651,Nikodem,Wenzel,nikodem.wenzel@gmail.com,+48656508428,Zielona Góra,"61-672","2024-09-10",Newsletter,false,1957-05-22
3652,Damian,Suszka,damian.suszka@wp.pl,+48987678885,Konin,"25-354","2025-11-17",Meta Ads,false,1959-02-04
3653,Filip,Świergiel,filip.świergiel@gmail.com,+48599025462,Częstochowa,"33-399","2025-12-22",Meta Ads,true,1965-06-25
3654,Sonia,Spychaj,sonia.spychaj@gmail.com,+48411747407,Gdańsk,"85-990","2025-06-18",Meta Ads,true,1976-08-30
3655,Kazimierz,Olearczyk,kazimierz.olearczyk@gmail.com,+48499867549,Poznań,"18-836","2026-02-12",Newsletter,false,1972-12-02
3656,Kaja,Parus,kaja.parus@gmail.com,+48169337104,Wrocław,"41-982","2025-01-11",Influencer,false,2004-02-13
3657,Nicole,Drej,nicole.drej@gmail.com,+48579875893,Gdańsk,"90-189","2024-12-04",Google Ads,false,1955-12-28
3658,Leon,Roczniak,leon.roczniak@gmail.com,+48475346493,Olsztyn,"54-096","2024-12-25",Meta Ads,true,1981-05-26
3659,Józef,Kramer,józef.kramer@interia.pl,+48477999336,Kraków,"06-906","2025-05-08",Meta Ads,false,1963-01-12
3660,Ida,Dzika,ida.dzika@gmail.com,+48690284747,Warszawa,"64-981","2026-04-15",Google Ads,false,1970-04-28
3631,Aleks,Dudzicz,aleks.dudzicz@gmail.com,+48000101224,Toruń,"47-696","2024-11-12",Google Ads,false,1991-12-08
3662,Mateusz,Fitas,mateusz.fitas@onet.pl,+48753584257,Opole,"47-729","2025-05-29",Organic,false,1973-10-09
3665,Dorota,Kapciak,dorota.kapciak@wp.pl,+48147087662,Kraków,"68-401","2025-01-21",Newsletter,false,2002-09-29
3402,Agnieszka,Więcławek,agnieszka.więcławek@onet.pl,+48963436641,Łódź,"27-124","2024-09-18",Referral,true,2004-04-28
3666,Tola,Block,tola.block@gmail.com,+48566042437,Warszawa,"79-202","2024-12-08",Meta Ads,false,1978-08-24
3667,Maciej,Freitag,maciej.freitag@o2.pl,+48840612529,Szczecin,"93-606","2026-07-15",Organic,false,1984-08-04
3669,Kacper,Ernst,kacper.ernst@wp.pl,+48878060896,Suwałki,"76-643","2026-08-06",Google Ads,false,2006-09-30
3638,Marcelina,Kudlak,marcelina.kudlak@gmail.com,+48797928008,Zielona Góra,"34-162","2026-03-16",Meta Ads,false,1989-09-12
3639,Ida,Prokopczyk,ida.prokopczyk@gmail.com,+48367122737,Warszawa,"64-622","2025-11-25",Meta Ads,false,1967-06-16
3640,Ryszard,Płaneta,ryszard.płaneta@gmail.com,+48677843445,Kraków,"51-873","2025-03-05",Google Ads,true,1973-07-18
3641,Miłosz,Kryza,miłosz.kryza@gmail.com,+48018978153,Białystok,"61-830","2026-08-06",Influencer,false,1979-07-31
478,Krystian,Komsta,krystian.komsta@gmail.com,+48503890950,Warszawa,"05-567","2026-08-06",Meta Ads,false,1998-02-28
480,Alex,Gmur,alex.gmur@gmail.com,+48674345216,Warszawa,"10-586","2024-12-20",Influencer,false,1975-05-10
481,Nela,Tekiela,nela.tekiela@gmail.com,+48999622690,Warszawa,"07-184","2025-03-10",Influencer,false,1967-06-04
482,Eliza,Jankowicz,eliza.jankowicz@gmail.com,+48057533288,Poznań,"52-071","2024-12-28",Meta Ads,false,2002-01-28
484,Agnieszka,Lorenz,agnieszka.lorenz@gmail.com,+48933096027,Lublin,"48-206","2026-06-11",Google Ads,true,1971-01-18
485,Emil,Trochim,emil.trochim@wp.pl,+48132535032,Suwałki,"80-249","2025-11-11",Influencer,false,1980-03-08
3642,Apolonia,Frydel,apolonia.frydel@o2.pl,+48115742682,Częstochowa,"38-670","2025-02-24",Referral,false,1992-12-29
3670,Wiktor,Dudziec,wiktor.dudziec@gmail.com,+48736735910,Leszno,"54-952","2025-04-27",Meta Ads,false,1980-02-29
3671,Anita,Mitek,anita.mitek@o2.pl,+48897290748,Poznań,"41-855","2025-12-05",Meta Ads,false,1986-11-30
3672,Aniela,Zygmuntowicz,aniela.zygmuntowicz@o2.pl,+48965654641,Bydgoszcz,"39-913","2024-12-10",Influencer,false,1990-02-26
3389,Tola,Kamyszek,tola.kamyszek@onet.pl,+48139402930,Łódź,"39-370","2025-12-24",Newsletter,false,1980-03-05
3673,Piotr,Łaś,piotr.łaś@gmail.com,+48327749166,Elbląg,"30-685","2025-02-24",Google Ads,false,2003-07-12
3674,Juliusz,Gryszkiewicz,juliusz.gryszkiewicz@o2.pl,+48203290784,Kraków,"34-005","2025-09-15",Meta Ads,false,1983-09-22
3675,Maciej,Świech,maciej.świech@gmail.com,+48649555872,Kraków,"58-245","2025-03-23",Meta Ads,true,1976-08-20
3676,Kornelia,Witaszek,kornelia.witaszek@gmail.com,+48958827819,Wrocław,"10-822","2024-12-27",Meta Ads,true,1998-03-03
3419,Roksana,Milczarczyk,roksana.milczarczyk@gmail.com,+48877071772,Łódź,"99-300","2024-10-18",Organic,false,1963-06-03
3678,Nela,Adamów,nela.adamów@gmail.com,+48425700941,Wrocław,"94-814","2024-09-18",Organic,true,1996-03-27
3680,Elżbieta,Kluczyk,elżbieta.kluczyk@gmail.com,+48805799165,Warszawa,"69-678","2025-08-31",Google Ads,false,1984-11-14
3234,Kornelia,Łacina,kornelia.łacina@wp.pl,+48399996623,Toruń,"39-148","2024-12-17",Meta Ads,false,1957-11-06
1025,Tymon,Tyka,tymon.tyka@onet.pl,+48278416348,Białystok,"44-085","2025-01-08",Google Ads,false,1980-10-25
1026,Franciszek,Hołota,franciszek.hołota@interia.pl,+48673117114,Kraków,"52-269","2025-02-10",Google Ads,false,1960-02-08
1027,Nela,Sapeta,nela.sapeta@o2.pl,+48960393223,Elbląg,"90-134","2025-08-14",Meta Ads,false,1995-12-26
1028,Karina,Ubysz,karina.ubysz@wp.pl,+48279497408,Gdynia,"26-500","2025-05-26",Referral,false,1976-07-18
1029,Anita,Hyjek,anita.hyjek@wp.pl,+48200965707,Warszawa,"72-631","2026-06-18",Google Ads,false,2008-06-10
1049,Oskar,Piotrowiak,oskar.piotrowiak@onet.pl,+48838851872,Gdynia,"63-888","2025-06-09",Google Ads,false,1987-03-30
1050,Dawid,Dadej,dawid.dadej@o2.pl,+48107386075,Poznań,"26-513","2025-08-20",Meta Ads,true,2006-11-02
1051,Melania,Kamieniak,melania.kamieniak@interia.pl,+48922373348,Bydgoszcz,"03-041","2025-05-10",Meta Ads,false,1968-09-15
1052,Liwia,Teterycz,liwia.teterycz@gmail.com,+48617092083,Wrocław,"43-502","2025-12-26",Meta Ads,false,1976-06-11
3681,Oliwier,Nesterowicz,oliwier.nesterowicz@gmail.com,+48383289335,Częstochowa,"31-948","2024-11-29",Meta Ads,false,2008-01-11
3685,Robert,Łuczka,robert.łuczka@onet.pl,+48056236900,Kraków,"85-300","2024-11-06",Meta Ads,true,1991-03-15
3686,Urszula,Flasza,urszula.flasza@gmail.com,+48707790295,Gdańsk,"55-209","2026-02-18",Referral,false,1994-03-29
3688,Rozalia,Domurad,rozalia.domurad@gmail.com,+48376041988,Leszno,"71-655","2025-02-04",Organic,true,1959-03-25
3689,Marcin,Humeniuk,marcin.humeniuk@gmail.com,+48808393490,Poznań,"16-874","2026-05-24",Meta Ads,true,2005-04-06
3690,Tadeusz,Perka,tadeusz.perka@interia.pl,+48941573445,Radom,"99-814","2025-12-25",Meta Ads,true,1995-10-17
3691,Jeremi,Komsta,jeremi.komsta@gmail.com,+48504017806,Konin,"15-784","2024-10-04",Meta Ads,false,1979-07-07
3692,Marcel,Męcik,marcel.męcik@gmail.com,+48495582801,Warszawa,"99-856","2026-03-17",Organic,true,1996-11-29
3693,Roksana,Pitura,roksana.pitura@interia.pl,+48802275782,Wrocław,"16-493","2025-08-03",Meta Ads,false,1990-12-31
3694,Konstanty,Mućko,konstanty.mućko@interia.pl,+48167913822,Gorzów Wielkopolski,"11-365","2026-04-03",Meta Ads,true,1997-05-31
3696,Iwo,Wabik,iwo.wabik@gmail.com,+48341660437,Kraków,"03-933","2025-12-04",Referral,true,2004-01-12
3697,Dawid,Burchardt,dawid.burchardt@wp.pl,+48495996595,Warszawa,"21-150","2026-08-06",Meta Ads,true,1973-09-22
3698,Angelika,Dulik,angelika.dulik@gmail.com,+48281124427,Katowice,"89-548","2025-01-09",Google Ads,false,1965-11-19
3699,Nataniel,Glapiak,nataniel.glapiak@o2.pl,+48846560363,Olsztyn,"44-874","2025-11-18",Referral,false,1976-03-24
3439,Rafał,Jurczuk,rafał.jurczuk@gmail.com,+48782214669,Łódź,"03-032","2025-02-04",Meta Ads,false,1971-04-10
3700,Kornelia,Hanc,kornelia.hanc@wp.pl,+48457252796,Warszawa,"66-795","2025-07-12",Organic,false,1998-08-15
3683,Ksawery,Makieła,ksawery.makieła@interia.pl,+48527529526,Katowice,do weryf,"2024-11-24",Organic,false,1959-10-26
3443,Tobiasz,Zadora,tobiasz.zadora@gmail.com,+48043314616,Łódź,"27-312","2024-10-13",Organic,true,1978-04-22
3706,Jakub,Zasępa,jakub.zasępa@onet.pl,+48456788776,Olsztyn,"46-018","2025-10-26",Referral,false,2007-12-11
3427,Maksymilian,Wizner,maksymilian.wizner@onet.pl,+48467234521,Łódź,do weryf,"2026-04-13",Organic,true,1961-07-10
3708,Jan,Puto,jan.puto@onet.pl,+48927634201,Poznań,"60-088","2025-07-12",Google Ads,true,1962-09-13
3709,Patryk,Paluszak,patryk.paluszak@gmail.com,+48406691531,Katowice,"67-575","2026-06-03",Organic,true,1996-03-14
3710,Tola,Nabiałek,tola.nabiałek@o2.pl,+48418953325,Kraków,"61-507","2025-05-05",Meta Ads,false,1984-12-07
3713,Julita,Michnowicz,julita.michnowicz@o2.pl,+48924236953,Wrocław,"55-301","2026-03-19",Influencer,false,1957-08-28
3714,Dominik,Bakun,dominik.bakun@o2.pl,+48664515438,Opole,"39-681","2025-09-14",Organic,false,2006-09-10
3716,Marcin,Stoch,marcin.stoch@o2.pl,+48827985790,Warszawa,"44-871","2025-05-20",Newsletter,false,1977-06-07
3717,Igor,Osman,igor.osman@o2.pl,+48389178910,Warszawa,"47-077","2026-05-12",Newsletter,false,1982-01-02
3460,Kornel,Prostak,kornel.prostak@wp.pl,+48151653557,Łódź,"15-704","2025-12-12",Newsletter,false,1963-10-19
3718,Radosław,Mizgała,radosław.mizgała@wp.pl,+48711351880,Bydgoszcz,"03-027","2025-01-04",Organic,true,2007-08-09
3719,Arkadiusz,Kurach,arkadiusz.kurach@o2.pl,+48334040884,Elbląg,"92-096","2025-02-05",Meta Ads,false,2001-09-05
3720,Anna Maria,Pernak,anna maria.pernak@gmail.com,+48674304499,Wrocław,"77-873","2024-10-15",Google Ads,false,1960-11-25
3721,Oliwier,Dycha,oliwier.dycha@gmail.com,+48167769168,Katowice,"34-787","2026-03-07",Referral,false,1973-04-14
3722,Marcel,Molka,marcel.molka@gmail.com,+48702228812,Wrocław,"74-218","2025-06-01",Referral,false,1986-06-15
3723,Maksymilian,Rusnak,maksymilian.rusnak@gmail.com,+48676199912,Zielona Góra,"07-284","2025-01-28",Organic,false,1972-02-08
3724,Krystyna,Dejneka,krystyna.dejneka@wp.pl,+48778833143,Wrocław,"70-935","2025-01-28",Meta Ads,true,2001-02-19
3726,Bianka,Suchenek,bianka.suchenek@gmail.com,+48526749579,Katowice,"39-103","2026-04-19",Google Ads,false,2003-01-18
486,Tola,Neugebauer,tola.neugebauer@wp.pl,+48906553998,Rzeszów,"99-795","2025-06-13",Meta Ads,false,1965-12-14
487,Inga,Parkitna,inga.parkitna@gmail.com,+48653934799,Kraków,"32-155","2026-06-03",Organic,true,1955-12-07
488,Kalina,Buśko,kalina.buśko@o2.pl,+48034281762,Warszawa,"30-555","2024-10-13",Google Ads,true,1973-12-15
489,Mateusz,Grzenia,mateusz.grzenia@wp.pl,+48789846511,Kraków,"01-778","2024-12-23",Meta Ads,true,1990-06-07
490,Norbert,Uliasz,norbert.uliasz@gmail.com,+48152906275,Elbląg,"27-543","2025-10-16",Newsletter,true,2007-09-14
491,Sandra,Kabala,sandra.kabala@wp.pl,+48748832380,Częstochowa,"08-996","2025-11-20",Newsletter,true,2008-06-08
492,Konstanty,Gruszczyk,konstanty.gruszczyk@gmail.com,+48921746794,Bydgoszcz,"06-944","2024-10-03",Google Ads,false,1967-11-12
1053,Damian,Buława,damian.buława@wp.pl,+48683546330,Olsztyn,"45-701","2025-06-08",Meta Ads,false,1974-03-31
1054,Emil,Księżak,emil.księżak@gmail.com,+48857652642,Warszawa,"65-283","2026-07-17",Newsletter,false,1998-08-17
1059,Olaf,Krzysztofek,olaf.krzysztofek@gmail.com,+48235376981,Radom,"31-587","2025-04-04",Meta Ads,false,1963-09-10
1061,Gabriel,Jancewicz,gabriel.jancewicz@wp.pl,+48172494639,Gdańsk,"18-595","2026-04-18",Meta Ads,false,1984-04-15
3727,Maciej,Otremba,maciej.otremba@wp.pl,+48309504975,Kraków,"54-096","2025-10-03",Google Ads,true,1990-06-19
3729,Julianna,Bosek,julianna.bosek@o2.pl,+48694334097,Suwałki,"14-913","2025-07-27",Meta Ads,false,1980-11-15
3701,Bruno,Falba,bruno.falba@gmail.com,+48442411517,Elbląg,"25-636","2024-10-16",Newsletter,false,1989-05-20
3702,Julianna,Pajek,julianna.pajek@gmail.com,+48124396949,Lublin,"90-069","2024-09-20",Meta Ads,false,2007-05-02
3703,Olaf,Cofała,olaf.cofała@gmail.com,+48477708624,Kraków,"85-957","2024-11-19",Google Ads,true,2003-12-24
3730,Natasza,Jośko,natasza.jośko@gmail.com,+48271314711,Warszawa,"47-416","2025-05-19",Meta Ads,false,1984-04-26
3731,Błażej,Szuta,błażej.szuta@gmail.com,+48851129756,Warszawa,"76-963","2026-06-06",Meta Ads,true,1985-05-04
3732,Witold,Chachuła,witold.chachuła@wp.pl,+48147371052,Suwałki,"43-173","2024-11-27",Organic,false,1965-05-28
3733,Nicole,Wichary,nicole.wichary@wp.pl,+48276455237,Kraków,"14-646","2025-06-25",Meta Ads,false,1998-08-24
3734,Natasza,Owsiak,natasza.owsiak@gmail.com,+48662841789,Gorzów Wielkopolski,"94-726","2025-04-04",Referral,false,1962-04-23
3736,Jeremi,Wiertelak,jeremi.wiertelak@gmail.com,+48137791652,Kraków,"94-795","2025-07-04",Meta Ads,false,2000-03-19
3737,Anastazja,Łasica,anastazja.łasica@wp.pl,+48046019618,Olsztyn,"31-061","2025-09-12",Newsletter,false,1978-05-16
3738,Tobiasz,Hennig,tobiasz.hennig@interia.pl,+48271429095,Poznań,"68-300","2024-11-26",Google Ads,false,1973-11-03
3739,Olga,Sołtysek,olga.sołtysek@gmail.com,+48561846708,Suwałki,"53-933","2025-09-23",Meta Ads,true,1986-03-31
3740,Cezary,Lubera,cezary.lubera@gmail.com,+48799415973,Kraków,"79-877","2025-01-03",Organic,false,2002-09-29
3742,Oliwier,Lejk,oliwier.lejk@gmail.com,+48591684153,Warszawa,"76-196","2024-10-31",Meta Ads,false,1995-03-06
3743,Hubert,Winek,hubert.winek@gmail.com,+48783057461,Poznań,"24-834","2026-02-07",Organic,true,1989-07-23
3744,Ignacy,Uliczka,ignacy.uliczka@gmail.com,+48050032610,Radom,"32-136","2025-06-23",Meta Ads,true,1993-04-13
3745,Jerzy,Synak,jerzy.synak@gmail.com,+48370732123,Konin,"96-048","2025-11-03",Google Ads,true,1994-05-09
3746,Ewa,Szczepaniuk,ewa.szczepaniuk@onet.pl,+48870851005,Wrocław,"28-284","2026-01-15",Organic,false,2006-06-12
3747,Aurelia,Minkiewicz,aurelia.minkiewicz@gmail.com,+48744298836,Lublin,"84-216","2025-12-22",Meta Ads,false,1993-08-10
3750,Leonard,Stanuch,leonard.stanuch@gmail.com,+48257863438,Warszawa,"53-388","2025-05-07",Meta Ads,false,1990-07-20
3751,Jacek,Panicz,jacek.panicz@gmail.com,+48623491672,Kraków,"85-207","2025-11-16",Meta Ads,false,2001-01-21
3752,Tymon,Tereszkiewicz,tymon.tereszkiewicz@gmail.com,+48284451345,Wrocław,"50-362","2025-08-02",Meta Ads,false,1965-07-23
3754,Franciszek,Świętoń,franciszek.świętoń@gmail.com,+48144684254,Kraków,"01-444","2026-05-24",Meta Ads,true,1980-03-01
3755,Stanisław,Kucewicz,stanisław.kucewicz@onet.pl,+48721043192,Kielce,"08-767","2024-12-08",Google Ads,false,1979-11-28
3756,Aleks,Jakoniuk,aleks.jakoniuk@gmail.com,+48096393206,Katowice,"53-114","2024-11-21",Organic,false,2002-04-22
3758,Bartek,Wojtczuk,bartek.wojtczuk@wp.pl,+48451383051,Wrocław,"98-543","2025-03-10",Google Ads,true,1959-01-21
3759,Agnieszka,Malisz,agnieszka.malisz@gmail.com,+48875181420,Opole,"39-660","2024-09-30",Google Ads,false,1967-06-26
3760,Ksawery,Puc,ksawery.puc@wp.pl,+48987526815,Wrocław,"36-860","2026-05-08",Google Ads,false,1980-11-13
3761,Tobiasz,Kostek,tobiasz.kostek@gmail.com,+48402363685,Zielona Góra,"21-492","2025-01-23",Google Ads,false,1967-04-14
3764,Kamil,Parafiniuk,kamil.parafiniuk@o2.pl,+48135491684,Kielce,"93-380","2026-02-08",Organic,false,1983-04-06
3725,Krystyna,Roś,krystyna.roś@wp.pl,+48593316591,Leszno,do weryf,"2026-05-31",Meta Ads,false,1971-05-07
3763,Borys,Zyzik,borys.zyzik@gmail.com,+48969754661,Radom,do weryf,"2025-12-23",Meta Ads,true,2005-02-04
3782,Krystyna,Krzyszczak,krystyna.krzyszczak@gmail.com,+48635445956,Gdynia,"92-139","2026-03-23",Meta Ads,false,1967-04-18
3783,Bruno,Owsiak,bruno.owsiak@onet.pl,+48424123667,Zielona Góra,"48-100","2025-11-01",Organic,false,1957-07-14
3784,Mateusz,Kulon,mateusz.kulon@gmail.com,+48720810471,Poznań,"53-124","2025-03-30",Organic,false,2008-02-19
3786,Cyprian,Ufnal,cyprian.ufnal@wp.pl,+48889082013,Kraków,"79-122","2024-11-13",Referral,false,1960-07-20
3787,Iwo,Miąsko,iwo.miąsko@gmail.com,+48505070156,Częstochowa,"77-550","2025-12-02",Google Ads,false,1995-02-26
3788,Tadeusz,Sych,tadeusz.sych@o2.pl,+48386601057,Gorzów Wielkopolski,"61-706","2026-01-04",Google Ads,false,1970-04-13
3789,Leon,Szrama,leon.szrama@gmail.com,+48587481899,Poznań,"97-713","2026-07-31",Meta Ads,false,1994-03-20
3790,Marika,Leoniuk,marika.leoniuk@wp.pl,+48582131844,Poznań,"28-815","2025-02-14",Referral,false,1977-06-03
3791,Kornel,Dmoch,kornel.dmoch@gmail.com,+48493102881,Szczecin,"12-516","2024-09-15",Influencer,true,1986-06-27
3792,Aurelia,Grunt,aurelia.grunt@gmail.com,+48323442832,Katowice,"01-438","2025-10-14",Organic,false,1992-07-03
3794,Szymon,Jamroz,szymon.jamroz@gmail.com,+48624713205,Częstochowa,"13-643","2026-03-06",Google Ads,false,1985-11-23
3797,Konrad,Grys,konrad.grys@gmail.com,+48025750524,Poznań,"38-472","2025-09-05",Google Ads,false,1958-11-04
3799,Gabriel,Rubaj,gabriel.rubaj@gmail.com,+48947314582,Wrocław,"81-775","2026-04-11",Newsletter,false,2002-03-31
3529,Borys,Nazar,borys.nazar@gmail.com,+48173808695,Łódź,"50-209","2025-08-18",Organic,true,1984-04-21
493,Angelika,Ziółko,angelika.ziółko@onet.pl,+48424942327,Piła,"90-918","2025-05-17",Google Ads,true,1975-05-04
494,Karol,Kudełka,karol.kudełka@gmail.com,+48771406473,Wrocław,"13-518","2025-11-12",Organic,false,1962-09-02
3511,Aleks,Nehring,aleks.nehring@o2.pl,+48945923969,Łódź,"32-211","2025-03-08",Referral,false,1987-04-19
3534,Norbert,Nazarewicz,norbert.nazarewicz@gmail.com,+48867900138,Łódź,"75-882","2024-11-23",Organic,true,1987-05-19
3800,Radosław,Chołody,radosław.chołody@wp.pl,+48654128435,Rzeszów,"88-443","2025-07-05",Meta Ads,false,1963-10-02
3801,Wiktor,Jażdżyk,wiktor.jażdżyk@onet.pl,+48978574434,Warszawa,"21-486","2026-03-05",Organic,true,1975-08-20
3802,Alan,Ludwiniak,alan.ludwiniak@wp.pl,+48851434879,Poznań,"05-546","2025-10-06",Referral,true,1964-11-15
1063,Anna Maria,Szpila,anna maria.szpila@wp.pl,+48620742331,Gdynia,"56-931","2024-10-27",Google Ads,true,2007-04-25
1064,Tymon,Bacia,tymon.bacia@gmail.com,+48544111561,Elbląg,"73-940","2026-04-06",Meta Ads,true,1963-12-21
1066,Daniel,Siergiej,daniel.siergiej@interia.pl,+48301333356,Opole,"19-745","2025-12-02",Newsletter,true,1957-02-26
1067,Alex,Bobik,alex.bobik@gmail.com,+48584348211,Kielce,"53-985","2025-10-01",Organic,false,1977-05-23
1068,Sara,Pasieczna,sara.pasieczna@gmail.com,+48296280701,Poznań,"82-956","2026-04-09",Newsletter,true,1994-09-23
3803,Sandra,Siekierka,sandra.siekierka@gmail.com,+48896761867,Opole,"11-783","2026-02-11",Influencer,false,1963-12-11
3804,Wojciech,Kusek,wojciech.kusek@gmail.com,+48945949865,Poznań,"54-112","2025-04-26",Meta Ads,false,1978-08-18
3806,Liwia,Kolendo,liwiakolendo@gmail.com,+48884478729,Kraków,"75-338","2025-02-18",Referral,false,2002-07-29
3807,Damian,Pawlonka,damian.pawlonka@gmail.com,+48174540446,Białystok,"77-546","2025-10-22",Newsletter,true,1990-08-08
3765,Oskar,Borysiuk,oskar.borysiuk@wp.pl,+48988005008,Olsztyn,"85-529","2024-12-14",Meta Ads,false,1997-12-19
3766,Olga,Sidorczuk,olga.sidorczuk@o2.pl,+48227508471,Warszawa,"09-581","2025-01-05",Newsletter,false,2006-04-29
3767,Dominik,Frączkiewicz,dominik.frączkiewicz@wp.pl,+48511578355,Warszawa,"37-259","2025-09-29",Newsletter,false,1998-07-06
3769,Liwia,Janiuk,liwia.janiuk@onet.pl,+48782791574,Warszawa,"81-509","2025-03-19",Meta Ads,false,2007-05-27
3773,Kaja,Helak,kaja.helak@gmail.com,+48826635510,Olsztyn,"90-824","2026-03-21",Meta Ads,false,1970-01-03
3776,Konrad,Kolman,konrad.kolman@gmail.com,+48112059605,Gdańsk,"32-333","2025-11-08",Organic,false,1958-01-08
3777,Natan,Błażejczak,natan.błażejczak@gmail.com,+48871397559,Poznań,"61-778","2026-08-04",Meta Ads,true,1968-05-17
3781,Roksana,Makosz,roksana.makosz@gmail.com,+48379791237,Kraków,"69-757","2026-05-27",Google Ads,false,1959-06-11
3808,Przemysław,Szkopek,przemysław.szkopek@wp.pl,+48142665566,Częstochowa,"55-177","2024-12-04",Meta Ads,false,1987-12-23
3809,Sara,Kosidło,sara.kosidło@gmail.com,+48260863935,Poznań,"41-267","2025-07-23",Organic,false,1987-09-23
3810,Michał,Hyjek,michał.hyjek@wp.pl,+48594201063,Zielona Góra,"52-303","2025-03-31",Newsletter,false,1975-07-01
3811,Julita,Bobko,julita.bobko@gmail.com,+48085157056,Poznań,"12-896","2025-02-13",Google Ads,false,1986-05-30
3812,Hubert,Wawrzynkiewicz,hubert.wawrzynkiewicz@o2.pl,+48730850055,Gdańsk,"07-236","2026-07-06",Google Ads,false,1994-08-28
3813,Ewelina,Berdzik,ewelina.berdzik@wp.pl,+48519439733,Warszawa,"15-574","2024-12-10",Organic,false,1980-12-31
3814,Elżbieta,Kamieniak,elżbieta.kamieniak@o2.pl,+48099668195,Gdańsk,"95-837","2026-03-29",Newsletter,true,1962-10-05
3816,Hubert,Kopyt,hubert.kopyt@wp.pl,+48224005369,Kielce,"07-521","2024-09-02",Meta Ads,true,2001-01-31
3818,Karol,Kózka,karol.kózka@gmail.com,+48882287278,Elbląg,"68-551","2025-02-04",Newsletter,true,1960-07-20
3819,Robert,Kloska,robert.kloska@gmail.com,+48252912661,Białystok,"71-140","2024-10-14",Meta Ads,true,1999-06-27
3820,Aleksander,Ciepła,aleksander.ciepła@gmail.com,+48488782776,Białystok,"63-871","2025-05-28",Organic,false,2000-01-02
3821,Sebastian,Rolek,sebastian.rolek@gmail.com,+48708879837,Zielona Góra,"29-716","2026-06-09",Google Ads,false,1989-04-26
3822,Eliza,Radzewicz,eliza.radzewicz@wp.pl,+48972455984,Warszawa,"80-453","2024-09-11",Newsletter,true,1959-05-19
3823,Inga,Koczy,inga.koczy@gmail.com,+48975056906,Elbląg,"95-779","2025-11-17",Meta Ads,true,1972-08-26
3824,Leon,Dzikiewicz,leon.dzikiewicz@wp.pl,+48662999556,Warszawa,"36-868","2025-09-14",Meta Ads,false,1973-06-29
3825,Filip,Truchel,filip.truchel@interia.pl,+48677558659,Gdańsk,"02-799","2026-05-10",Google Ads,false,1957-01-15
3826,Szymon,Deneka,szymon.deneka@o2.pl,+48410459196,Wrocław,"93-032","2024-11-25",Newsletter,false,1960-01-11
3828,Maksymilian,Bohdanowicz,maksymilian.bohdanowicz@gmail.com,+48403910566,Bydgoszcz,"89-195","2025-12-17",Organic,true,1981-01-28
3780,Sebastian,Słaba,sebastian.słaba@gmail.com,+48752948124,Suwałki,do weryf,"2025-10-24",Meta Ads,true,1957-12-02
3805,Leon,Bogumił,leon.bogumił@gmail.com,+48389670323,Gdańsk,do weryf,"2026-04-28",Organic,true,1993-06-03
3827,Leon,Siciarz,leon.siciarz@interia.pl,+48524496087,Elbląg,do weryf,"2025-12-29",Influencer,true,1989-05-11
3832,Aleks,Kosiak,aleks.kosiak@gmail.com,+48269961630,Warszawa,"21-088","2024-10-10",Google Ads,true,1984-07-09
3833,Tymon,Kapałka,tymon.kapałka@wp.pl,+48662629159,Wrocław,"86-591","2025-07-08",Meta Ads,true,1984-03-20
3834,Stefan,Waszczyk,stefan.waszczyk@o2.pl,+48938969560,Warszawa,"67-933","2025-05-16",Meta Ads,true,1996-04-19
3836,Maciej,Bartel,maciej.bartel@onet.pl,+48662438978,Wrocław,"49-481","2025-07-03",Google Ads,false,1957-09-25
3837,Justyna,Mleczak,justyna.mleczak@gmail.com,+48546337388,Kielce,"04-046","2025-05-15",Organic,false,1987-05-10
3839,Mieszko,Satora,mieszkosatora@gmail.com,+48941451916,Warszawa,"44-091","2026-08-06",Meta Ads,false,1974-10-02
3841,Sylwia,Becker,sylwia.becker@gmail.com,+48805470730,Suwałki,"31-423","2026-06-18",Google Ads,false,1963-07-04
3842,Cezary,Gumuła,cezary.gumuła@wp.pl,+48148107958,Bydgoszcz,"30-330","2025-08-25",Google Ads,false,1975-03-08
3844,Aurelia,Mokwa,aurelia.mokwa@gmail.com,+48332629086,Olsztyn,"94-043","2026-04-22",Organic,true,1984-11-17
3845,Maciej,Miozga,maciej.miozga@onet.pl,+48378781535,Opole,"61-055","2025-04-18",Organic,false,1977-02-24
3592,Angelika,Wiese,angelika.wiese@o2.pl,+48205255561,Łódź,"04-460","2024-11-07",Meta Ads,false,1976-12-22
3594,Mikołaj,Kara,mikołaj.kara@gmail.com,+48810917629,Łódź,"67-600","2026-05-11",Influencer,false,1962-02-16
3846,Tadeusz,Siudek,tadeusz.siudek@gmail.com,+48531596979,Olsztyn,"78-877","2025-06-10",Influencer,false,1988-02-24
3847,Róża,Prygiel,róża.prygiel@interia.pl,+48628696634,Wrocław,"46-806","2025-06-01",Google Ads,true,2008-07-12
3848,Anna Maria,Kurach,anna maria.kurach@wp.pl,+48608552378,Elbląg,"17-067","2025-05-17",Organic,false,1958-10-24
3849,Franciszek,Plaskota,franciszek.plaskota@wp.pl,+48162247737,Leszno,"51-259","2026-06-21",Newsletter,true,1999-11-05
3850,Marcel,Kolman,marcel.kolman@gmail.com,+48022512361,Białystok,"72-938","2026-04-16",Google Ads,false,1983-08-25
3851,Jan,Piejko,jan.piejko@gmail.com,+48748239151,Częstochowa,"81-751","2024-11-26",Influencer,false,1969-04-21
3852,Kajetan,Łasica,kajetan.łasica@gmail.com,+48449965040,Wrocław,"61-511","2024-11-29",Google Ads,false,2002-04-05
3853,Witold,Wisz,witold.wisz@o2.pl,+48727034434,Gdynia,"25-388","2025-06-15",Organic,false,1993-08-29
3432,Krystyna,Gryszkiewicz,krystyna.gryszkiewicz@gmail.com,+48509559492,Toruń,"67-673","2024-09-21",Google Ads,true,1999-01-09
1069,Krystian,Citko,krystian.citko@wp.pl,+48087586696,Wrocław,"25-110","2024-11-28",Newsletter,false,1962-07-26
1071,Nicole,Block,nicole.block@gmail.com,+48992901127,Suwałki,"30-611","2025-10-05",Newsletter,true,1967-11-25
1072,Szymon,Koterba,szymon.koterba@gmail.com,+48722230963,Wrocław,"11-705","2026-07-22",Meta Ads,false,1996-12-04
1074,Mariusz,Zacharek,mariusz.zacharek@gmail.com,+48328593121,Poznań,"50-504","2025-04-05",Organic,false,1980-09-16
446,Przemysław,Śmieszek,przemysław.śmieszek@wp.pl,+48958324207,Łódź,"13-144","2025-02-25",Meta Ads,false,1995-06-23
1075,Miłosz,Śmieja,miłosz.śmieja@gmail.com,+48731603410,Radom,"29-034","2025-11-19",Meta Ads,true,1977-04-01
477,Bartek,Szyca,bartek.szyca@gmail.com,+48575478914,Wrocław,"06-484","2025-06-13",Meta Ads,false,1974-11-20
3854,Rafał,Kliszcz,rafał.kliszcz@o2.pl,+48365233657,Bydgoszcz,"83-066","2024-11-22",Meta Ads,true,1976-10-11
496,Adrian,Ufnal,adrian.ufnal@gmail.com,+48965455297,Częstochowa,"38-268","2025-11-14",Meta Ads,false,2000-09-10
497,Kamila,Wichary,kamila.wichary@gmail.com,+48761482179,Rzeszów,"95-335","2025-03-04",Meta Ads,false,1972-06-14
498,Jeremi,Molak,jeremi.molak@onet.pl,+48669329206,Gdynia,"10-967","2024-11-23",Meta Ads,true,1966-05-04
499,Janina,Kandzia,janina.kandzia@o2.pl,+48341863776,Kraków,"20-109","2025-06-17",Meta Ads,false,1964-04-22
500,Roksana,Bartel,roksana.bartel@gmail.com,+48606923069,Warszawa,"53-124","2024-11-21",Google Ads,false,1983-12-31
501,Nikodem,Terka,nikodem.terka@interia.pl,+48993734427,Rzeszów,"40-475","2026-07-08",Meta Ads,false,1969-08-22
3855,Andrzej,Kowalak,andrzej.kowalak@gmail.com,+48151343250,Białystok,"87-068","2025-11-19",Google Ads,false,1963-02-04
3856,Blanka,Graban,blanka.graban@wp.pl,+48870269324,Kraków,"87-303","2024-11-06",Meta Ads,true,1994-01-27
3575,Anna Maria,Wielgos,anna maria.wielgos@onet.pl,+48313016555,Łódź,"22-516","2026-02-05",Meta Ads,true,2001-01-24
3829,Oskar,Świerkot,oskar.świerkot@wp.pl,+48707989527,Gdynia,"69-664","2025-12-25",Meta Ads,false,1975-04-15
3830,Szymon,Wikło,szymon.wikło@gmail.com,+48598940667,Gdańsk,"20-362","2026-06-18",Referral,false,1972-03-05
3857,Angelika,Szałata,angelika.szałata@wp.pl,+48014844438,Katowice,"83-686","2025-09-23",Google Ads,true,1990-12-12
3858,Norbert,Wielgos,norbert.wielgos@gmail.com,+48533099684,Wrocław,"39-163","2024-09-20",Organic,false,1956-09-09
3606,Roksana,Kuba,roksana.kuba@onet.pl,+48809514288,Łódź,"87-506","2024-11-27",Google Ads,false,1961-08-25
3859,Sandra,Golisz,sandra.golisz@gmail.com,+48468779810,Opole,"92-134","2025-03-13",Newsletter,false,1975-02-11
3860,Liwia,Hartman,liwia.hartman@gmail.com,+48530142892,Warszawa,"28-107","2025-12-13",Meta Ads,true,1972-01-02
3861,Iwo,Malarczyk,iwo.malarczyk@wp.pl,+48305348218,Gorzów Wielkopolski,"60-895","2025-08-02",Meta Ads,true,1957-10-03
3862,Tobiasz,Fyda,tobiasz.fyda@gmail.com,+48928389931,Warszawa,"81-400","2026-08-03",Google Ads,false,1963-11-25
3863,Mariusz,Ropiak,mariusz.ropiak@wp.pl,+48684673026,Gdańsk,"38-888","2026-05-03",Referral,false,2001-11-21
3864,Daniel,Gendera,daniel.gendera@gmail.com,+48532762231,Warszawa,"30-739","2025-04-27",Newsletter,false,1991-05-30
3865,Cyprian,Jaszczur,cyprian.jaszczur@gmail.com,+48487495990,Warszawa,"88-192","2024-10-23",Newsletter,false,1971-03-03
3866,Michał,Sprycha,michał.sprycha@onet.pl,+48642198816,Bydgoszcz,"11-482","2026-04-03",Google Ads,false,1975-08-04
3867,Klara,Jenek,klara.jenek@gmail.com,+48409543151,Kraków,"36-884","2026-06-09",Meta Ads,false,1970-12-30
3869,Michał,Burzec,michał.burzec@gmail.com,+48557022786,Warszawa,"29-749","2024-11-29",Meta Ads,false,1961-05-15
3870,Tadeusz,Romankiewicz,tadeusz.romankiewicz@gmail.com,+48640265778,Lublin,"90-513","2026-08-06",Influencer,false,1983-02-02
3871,Jacek,Trzpil,jacek.trzpil@interia.pl,+48339405152,Szczecin,"93-996","2025-02-17",Organic,true,1962-09-17
3872,Stanisław,Piekacz,stanisław.piekacz@gmail.com,+48947847884,Warszawa,"89-349","2025-12-01",Organic,false,1957-08-01
3873,Adam,Piotrkowicz,adampiotrkowicz@wp.pl,+48510479584,Gdańsk,"38-245","2026-06-13",Google Ads,false,1966-06-10
3874,Przemysław,Radke,przemysław.radke@gmail.com,+48012299042,Wrocław,"98-844","2025-01-23",Organic,false,1974-05-31
3875,Anna Maria,Cibor,anna maria.cibor@o2.pl,+48249730891,Elbląg,"76-323","2026-06-02",Google Ads,true,2002-06-03
3876,Marcel,Janasz,marcel.janasz@wp.pl,+48698501272,Kielce,"94-228","2025-03-01",Meta Ads,true,1998-05-09
3877,Paweł,Kasperczak,paweł.kasperczak@onet.pl,+48386255105,Gdańsk,"13-729","2026-08-06",Google Ads,true,1987-05-22
3878,Anna Maria,Kowara,anna maria.kowara@gmail.com,+48946803965,Gdańsk,"93-900","2025-02-28",Organic,false,1997-04-29
3879,Inga,Jacak,inga.jacak@gmail.com,+48519678254,Bydgoszcz,"78-204","2026-07-22",Meta Ads,false,1968-05-16
3880,Tomasz,Goworek,tomasz.goworek@onet.pl,+48226016710,Poznań,"87-203","2024-10-01",Meta Ads,false,1981-09-13
3882,Maciej,Morawiak,maciej.morawiak@gmail.com,+48208281471,Warszawa,"53-876","2025-09-02",Google Ads,false,1957-06-08
3884,Sonia,Krauza,sonia.krauza@o2.pl,+48064664339,Olsztyn,"42-399","2024-12-03",Meta Ads,false,1960-08-24
3885,Nela,Szarzec,nela.szarzec@gmail.com,+48502491854,Wrocław,"53-798","2025-12-27",Influencer,true,1984-11-17
3886,Anna Maria,Gamrat,anna maria.gamrat@wp.pl,+48937092315,Lublin,"02-011","2024-12-05",Meta Ads,false,2003-11-27
3890,Józef,Łuczyk,józef.łuczyk@gmail.com,+48583176141,Rzeszów,"82-720","2024-09-12",Meta Ads,false,1981-12-15
3843,Franciszek,Zaranek,franciszek.zaranek@gmail.com,+48988628767,Poznań,do weryf,"2025-11-04",Organic,false,1964-08-13
3898,Kalina,Kwarciak,kalina.kwarciak@gmail.com,+48535024968,Kielce,"22-835","2025-10-12",Organic,false,1993-11-29
3899,Przemysław,Fronczyk,przemysławfronczyk@gmail.com,+48972658127,Wrocław,"78-518","2024-11-26",Influencer,false,1963-06-07
3901,Igor,Baka,igor.baka@gmail.com,+48702798588,Katowice,"33-957","2024-12-17",Organic,false,1957-07-12
3902,Gustaw,Zatoń,gustaw.zatoń@wp.pl,+48596135905,Olsztyn,"67-549","2026-03-22",Meta Ads,false,1977-03-06
3449,Ada,Dering,ada.dering@gmail.com,+48552715553,Toruń,"12-487","2025-05-21",Google Ads,false,1968-12-16
1076,Bartek,Kalisiak,bartek.kalisiak@gmail.com,+48259211008,Gdynia,"53-228","2026-06-19",Organic,true,1994-12-10
1077,Ksawery,Ropiak,ksawery.ropiak@gmail.com,+48198804816,Warszawa,"27-068","2026-04-17",Organic,false,1964-12-24
1078,Monika,Maślach,monika.maślach@gmail.com,+48054952383,Bydgoszcz,"79-502","2026-08-06",Influencer,false,1992-01-20
1082,Gaja,Jałowiec,gaja.jałowiec@gmail.com,+48841061260,Olsztyn,"68-657","2026-03-12",Meta Ads,true,2002-01-05
1083,Piotr,Koniecko,piotr.koniecko@interia.pl,+48917812420,Leszno,"14-463","2025-03-28",Google Ads,false,1979-10-24
1039,Kamil,Ścibisz,kamil.ścibisz@gmail.com,+48137622624,Warszawa,do weryf,"2026-05-09",Google Ads,false,1956-10-19
1057,Kamila,Moczko,kamila.moczko@gmail.com,+48870692850,Warszawa,do weryf,"2024-11-06",Organic,true,1994-04-12
3903,Maciej,Grymuza,maciej.grymuza@wp.pl,+48561333591,Gdańsk,"47-646","2025-02-19",Meta Ads,false,1956-09-20
3904,Natan,John,natan.john@o2.pl,+48271704661,Suwałki,"64-959","2025-06-11",Organic,false,1976-07-22
3905,Justyna,Bancerz,justyna.bancerz@onet.pl,+48588281080,Warszawa,"96-048","2025-04-25",Meta Ads,false,1983-02-13
3906,Patryk,Hermann,patryk.hermann@gmail.com,+48342570662,Gdańsk,"96-132","2026-04-02",Meta Ads,true,1978-03-14
3908,Angelika,Mielke,angelika.mielke@gmail.com,+48928755244,Rzeszów,"27-370","2025-10-23",Newsletter,true,1976-04-18
3909,Dawid,Czermak,dawid.czermak@gmail.com,+48089423489,Częstochowa,"98-028","2024-11-16",Meta Ads,false,1976-01-26
3912,Cyprian,Goliszek,cyprian.goliszek@wp.pl,+48101253037,Kraków,"07-838","2025-06-23",Meta Ads,false,1978-05-17
3915,Julian,Milewczyk,julian.milewczyk@o2.pl,+48796989545,Warszawa,"27-538","2025-09-03",Influencer,false,1999-08-29
3916,Aleks,Bodych,aleks.bodych@wp.pl,+48209492357,Konin,"06-119","2025-08-22",Google Ads,false,1968-06-04
502,Ignacy,Wiech,ignacy.wiech@gmail.com,+48055104043,Radom,"21-827","2025-07-14",Google Ads,false,1991-12-16
503,Maciej,Wołos,maciej.wołos@wp.pl,+48734092400,Konin,"42-152","2025-03-14",Organic,false,1960-06-05
504,Witold,Goliszek,witold.goliszek@onet.pl,+48211230569,Wrocław,"51-526","2026-02-07",Meta Ads,false,1958-03-10
505,Radosław,Szykuła,radosław.szykuła@gmail.com,+48887494068,Elbląg,"23-032","2025-08-21",Google Ads,true,2006-01-21
506,Aniela,Romankiewicz,aniela.romankiewicz@onet.pl,+48506872607,Warszawa,"96-564","2025-03-16",Organic,false,1968-11-01
507,Marcelina,Dziedzina,marcelina.dziedzina@gmail.com,+48223203027,Warszawa,"18-125","2026-03-17",Meta Ads,false,1956-03-24
3637,Anna Maria,Ośka,anna maria.ośka@gmail.com,+48110272092,Poznań,"79-292","2026-06-24",Google Ads,false,1962-12-10
3918,Cyprian,Pilarek,cyprian.pilarek@o2.pl,+48812350774,Bydgoszcz,"31-489","2025-12-30",Meta Ads,true,2001-04-29
3919,Krystyna,Drobisz,krystyna.drobisz@o2.pl,+48455589569,Wrocław,"68-140","2024-11-25",Influencer,true,1977-03-10
3920,Bruno,Duszkiewicz,bruno.duszkiewicz@gmail.com,+48560365300,Katowice,"83-384","2026-03-22",Meta Ads,false,1988-03-01
3921,Marcel,Lesisz,marcel.lesisz@gmail.com,+48065166339,Kraków,"14-684","2025-06-02",Newsletter,false,1975-03-27
3893,Leonard,Różak,leonard.różak@gmail.com,+48200211900,Kraków,"45-138","2025-06-08",Influencer,true,2002-07-19
3895,Anna Maria,Kęsek,anna maria.kęsek@o2.pl,+48971704283,Opole,"99-589","2025-08-03",Meta Ads,false,1970-10-18
3896,Rozalia,Flisiak,rozalia.flisiak@gmail.com,+48645053737,Warszawa,"29-237","2026-05-04",Organic,false,1976-08-20
3922,Kacper,Szkatuła,kacper.szkatuła@o2.pl,+48744849040,Poznań,"07-520","2024-10-26",Referral,false,1975-02-10
3923,Sylwia,Krzyśko,sylwia.krzyśko@wp.pl,+48556413536,Gdańsk,"91-067","2026-03-20",Organic,false,1998-03-03
3924,Stefan,Panasiewicz,stefan.panasiewicz@gmail.com,+48635149464,Poznań,"24-958","2025-05-30",Meta Ads,true,1956-06-06
3677,Julita,Nocek,julita.nocek@wp.pl,+48205466834,Łódź,"70-963","2025-02-13",Influencer,true,1977-09-06
3925,Aniela,Micał,aniela.micał@gmail.com,+48468338684,Leszno,"75-827","2024-11-24",Influencer,false,1964-05-15
3679,Norbert,Smardz,norbert.smardz@gmail.com,+48478833812,Łódź,"77-680","2025-12-21",Meta Ads,false,1958-04-23
3928,Gustaw,Brodawka,gustaw.brodawka@gmail.com,+48515713668,Gdynia,"71-658","2026-05-03",Google Ads,false,1987-08-23
3929,Agnieszka,Kośnik,agnieszka.kośnik@wp.pl,+48901972015,Gdynia,"67-303","2026-07-23",Influencer,false,1963-04-16
3930,Dariusz,Szmuc,dariusz.szmuc@gmail.com,+48038328136,Piła,"50-653","2026-05-28",Meta Ads,true,2006-01-18
3933,Eryk,Przewoźna,eryk.przewoźna@onet.pl,+48652912776,Kraków,"25-111","2026-03-31",Google Ads,false,1965-05-25
3934,Artur,Kozar,artur.kozar@gmail.com,+48914212181,Szczecin,"19-795","2025-05-30",Meta Ads,false,2006-12-17
3936,Kalina,Czerniec,kalina.czerniec@interia.pl,+48635131492,Opole,"90-024","2025-11-30",Meta Ads,true,2008-01-25
3937,Lidia,Kowalak,lidia.kowalak@gmail.com,+48731172522,Warszawa,"51-656","2025-05-03",Meta Ads,false,1961-10-31
3938,Urszula,Gamrat,urszula.gamrat@onet.pl,+48539639643,Konin,"04-658","2026-05-04",Meta Ads,false,1979-01-08
3939,Przemysław,Ostapczuk,przemysław.ostapczuk@gmail.com,+48599285140,Katowice,"72-966","2025-09-29",Organic,false,2008-04-25
3940,Olaf,Roskosz,olaf.roskosz@gmail.com,+48324621920,Bydgoszcz,"78-226","2025-07-08",Organic,false,1972-11-10
3941,Olgierd,Cierpka,olgierd.cierpka@gmail.com,+48176605914,Olsztyn,"32-921","2026-08-06",Meta Ads,false,2005-12-13
3695,Maks,Ambrozik,maksambrozik@wp.pl,+48862526086,Łódź,"50-826","2025-11-02",Organic,false,1965-08-17
3942,Sebastian,Szrama,sebastian.szrama@onet.pl,+48170075952,Warszawa,"72-776","2025-08-05",Meta Ads,false,1956-07-09
3944,Kalina,Więcławek,kalina.więcławek@wp.pl,+48708963438,Warszawa,"85-121","2025-09-18",Newsletter,false,2007-08-15
3945,Sylwia,Ligas,sylwia.ligas@interia.pl,+48346994419,Radom,"56-350","2026-03-31",Google Ads,false,1957-03-07
3946,Tymon,Gołofit,tymon.gołofit@gmail.com,+48431369940,Szczecin,"76-782","2026-02-15",Referral,false,1974-08-10
3947,Tymon,Ślimak,tymon.ślimak@o2.pl,+48517170257,Kielce,"85-273","2026-03-16",Google Ads,false,1960-07-20
1094,Miłosz,Czenczek,miłosz.czenczek@gmail.com,+48064471726,Warszawa,"94-127","2025-10-07",Influencer,true,1960-06-05
73,Mikołaj,Imiela,mikołaj.imiela@onet.pl,+48120830154,Białystok,"81-663","2026-02-14",Meta Ads,false,1973-05-01
3948,Krystyna,Pietraś,krystyna.pietraś@gmail.com,+48339624676,Warszawa,"74-388","2025-12-20",Organic,false,1973-11-12
3949,Wojciech,Kut,wojciech.kut@gmail.com,+48120762246,Białystok,"28-016","2025-02-10",Organic,true,1985-05-15
3707,Mariusz,Kosman,mariusz.kosman@gmail.com,+48436082490,Łódź,"44-426","2024-09-16",Google Ads,false,1995-05-02
3950,Marianna,Mikosz,marianna.mikosz@wp.pl,+48673465775,Lublin,"87-851","2026-04-02",Influencer,false,1991-12-08
3951,Tymon,Obarzanek,tymon.obarzanek@gmail.com,+48733197603,Wrocław,"25-827","2026-05-10",Referral,false,1983-08-10
3952,Anita,Wieczerzak,anita.wieczerzak@wp.pl,+48119738014,Gdańsk,"97-124","2024-12-24",Meta Ads,false,1968-12-12
3711,Bianka,Mizia,bianka.mizia@o2.pl,+48342536945,Łódź,"98-349","2025-11-25",Google Ads,true,1961-12-10
3712,Filip,Ceran,filip.ceran@wp.pl,+48691514548,Łódź,"82-325","2026-02-17",Meta Ads,false,1968-08-20
3954,Tadeusz,Kulon,tadeusz.kulon@gmail.com,+48026877334,Warszawa,"99-319","2026-07-14",Newsletter,true,2000-08-19
4019,Natan,Preuss,natan.preuss@gmail.com,+48136398012,Radom,"95-625","2026-04-22",Organic,false,1982-09-28
3715,Sebastian,Boduch,sebastian.boduch@gmail.com,+48684028973,Łódź,"34-836","2026-04-28",Influencer,true,1975-09-18
3953,Eryk,Klemczak,eryk.klemczak@wp.pl,+48230249584,Szczecin,do weryf,"2024-11-02",Google Ads,false,1984-04-17
3962,Konstanty,Koczy,konstanty.koczy@wp.pl,+48114442129,Lublin,"38-645","2026-01-02",Meta Ads,false,1987-09-28
3964,Angelika,Kraszkiewicz,angelika.kraszkiewicz@gmail.com,+48925486192,Gdańsk,"75-973","2025-11-22",Meta Ads,false,1979-02-03
3966,Borys,Czajor,borys.czajor@o2.pl,+48264485311,Kraków,"36-277","2025-08-19",Google Ads,false,1956-06-26
3967,Anastazja,Sulich,anastazja.sulich@gmail.com,+48414844819,Opole,"57-614","2024-12-21",Influencer,true,1970-07-07
3968,Miłosz,Łaciak,miłosz.łaciak@gmail.com,+48605658336,Opole,"92-966","2025-02-10",Google Ads,false,1979-05-24
508,Borys,Świerszcz,borys.świerszcz@o2.pl,+48203870641,Gorzów Wielkopolski,"26-844","2026-05-26",Meta Ads,false,1976-10-28
509,Karol,Tolak,karol.tolak@gmail.com,+48732801300,Warszawa,"76-266","2025-12-18",Google Ads,false,2004-03-21
510,Igor,Linek,igor.linek@gmail.com,+48354295105,Kielce,"09-203","2024-10-21",Organic,false,2003-06-06
467,Tymoteusz,Kostro,tymoteusz.kostro@o2.pl,+48514178838,Gdynia,do weryf,"2025-01-14",Meta Ads,false,1962-11-13
3969,Sebastian,Mizia,sebastian.mizia@gmail.com,+48599766450,Zielona Góra,"52-782","2024-11-11",Google Ads,false,2001-05-03
3970,Adrian,Wlazły,adrian.wlazły@wp.pl,+48449640485,Częstochowa,"18-353","2024-12-07",Meta Ads,false,1956-08-16
3705,Leonard,Sajewicz,leonard.sajewicz@o2.pl,+48077851458,Łódź,"06-038","2025-10-18",Meta Ads,false,1979-08-07
3971,Tomasz,Karkocha,tomasz.karkocha@gmail.com,+48838951250,Rzeszów,"63-743","2026-07-20",Google Ads,false,1988-09-27
3973,Krzysztof,Mandrysz,krzysztof.mandrysz@o2.pl,+48915457830,Kraków,"34-024","2025-02-13",Meta Ads,true,1976-08-25
3975,Eryk,Bicz,eryk.bicz@gmail.com,+48636243794,Olsztyn,"26-465","2025-11-08",Organic,false,1967-11-24
3977,Ksawery,Matyszczak,ksawery.matyszczak@o2.pl,+48007199522,Rzeszów,"52-112","2026-03-08",Meta Ads,false,1980-05-10
3978,Maksymilian,Franas,maksymilian.franas@gmail.com,+48110606983,Kraków,"02-210","2026-03-02",Meta Ads,false,2000-08-15
3735,Apolonia,Kamieniarz,apolonia.kamieniarz@gmail.com,+48683446427,Łódź,"53-006","2025-08-26",Google Ads,false,1991-09-17
3979,Leon,Gajcy,leon.gajcy@gmail.com,+48007129274,Warszawa,"14-081","2025-01-27",Referral,false,1987-07-21
3980,Jakub,Dorobisz,jakub.dorobisz@wp.pl,+48885831555,Warszawa,"15-225","2025-03-23",Meta Ads,false,1995-05-13
3981,Marek,Haremza,marek.haremza@gmail.com,+48619697472,Gorzów Wielkopolski,"66-686","2026-06-09",Organic,false,1972-06-08
3983,Albert,Hajduga,albert.hajduga@wp.pl,+48813961796,Kraków,"25-224","2025-12-12",Organic,false,1979-04-24
3984,Inga,Łuszczyk,inga.łuszczyk@gmail.com,+48079804129,Wrocław,"40-271","2024-10-07",Meta Ads,false,1987-01-01
3985,Alan,Kurda,alan.kurda@wp.pl,+48736006545,Leszno,"75-331","2025-06-06",Meta Ads,false,1958-02-16
3986,Ewa,Pałgan,ewa.pałgan@interia.pl,+48420873440,Kraków,"66-045","2025-10-24",Meta Ads,false,2007-03-03
3988,Marek,Żelazek,marek.żelazek@onet.pl,+48316808821,Zielona Góra,"27-699","2025-07-07",Google Ads,false,1968-11-07
3990,Julian,Szramka,julian.szramka@gmail.com,+48952709437,Warszawa,"95-810","2025-04-26",Meta Ads,false,1982-01-28
3955,Jeremi,Franków,jeremi.franków@gmail.com,+48635188164,Zielona Góra,"06-876","2026-05-04",Meta Ads,false,1957-02-26
3956,Leon,Siembab,leon.siembab@gmail.com,+48650414607,Katowice,"97-230","2026-05-27",Meta Ads,false,1955-08-24
3748,Bartek,Stroka,bartek.stroka@o2.pl,+48181377147,Łódź,"14-350","2025-07-10",Google Ads,false,1966-07-13
3957,Ida,Ślimak,ida.ślimak@wp.pl,+48895396803,Szczecin,"77-401","2026-05-31",Meta Ads,false,2003-09-08
3958,Tobiasz,Strzelczak,tobiasz.strzelczak@onet.pl,+48255417057,Wrocław,"08-120","2025-10-26",Meta Ads,true,1999-10-13
3959,Tobiasz,Makoś,tobiasz.makoś@wp.pl,+48591376461,Poznań,"26-077","2025-11-21",Organic,true,1959-11-25
3960,Eryk,Nocek,eryk.nocek@gmail.com,+48925794596,Rzeszów,"79-343","2025-10-19",Organic,true,1999-03-31
3961,Szymon,Wawryniuk,szymon.wawryniuk@gmail.com,+48540537373,Częstochowa,"09-385","2024-10-27",Meta Ads,false,1983-07-27
3991,Ida,Gonsior,ida.gonsior@gmail.com,+48342000257,Katowice,"24-077","2026-02-07",Meta Ads,false,1956-05-03
3992,Miłosz,Luberda,miłosz.luberda@gmail.com,+48577456147,Gdańsk,"12-900","2026-04-29",Referral,true,1981-08-25
3994,Robert,Szulczyk,robert.szulczyk@gmail.com,+48039672827,Opole,"54-176","2026-04-15",Organic,false,1985-12-09
3995,Cyprian,Balcewicz,cyprian.balcewicz@o2.pl,+48071131327,Konin,"63-804","2024-11-02",Google Ads,true,1994-05-08
3996,Monika,Duszkiewicz,monika.duszkiewicz@wp.pl,+48433787261,Wrocław,"98-437","2026-04-10",Newsletter,false,2001-07-11
3997,Jerzy,Szarpak,jerzy.szarpak@gmail.com,+48761428443,Leszno,"70-249","2024-11-10",Google Ads,false,2002-01-21
3998,Ida,Wojtalik,ida.wojtalik@gmail.com,+48369954755,Wrocław,"70-698","2024-10-03",Google Ads,false,2008-05-18
3999,Kalina,Wojtyna,kalina.wojtyna@wp.pl,+48597235687,Gdynia,"44-235","2025-11-23",Meta Ads,false,1985-12-07
4000,Aniela,Jamroz,aniela.jamroz@gmail.com,+48799655131,Olsztyn,"03-505","2025-07-25",Organic,false,1997-03-26
4001,Julianna,Staniczek,julianna.staniczek@wp.pl,+48954122919,Konin,"93-652","2026-06-09",Meta Ads,true,1978-04-25
4002,Ignacy,Fal,ignacy.fal@gmail.com,+48100811583,Wrocław,"62-717","2025-04-12",Google Ads,true,1958-10-31
3785,Julianna,Nickel,julianna.nickel@gmail.com,+48305239575,Łódź,"58-915","2025-10-07",Organic,true,1966-09-04
3647,Adrianna,Chruszcz,adrianna.chruszcz@gmail.com,+48169885878,Toruń,"20-741","2025-11-13",Google Ads,false,1959-06-27
74,Kornel,Klamka,kornel.klamka@gmail.com,+48304852367,Olsztyn,"72-695","2026-06-19",Newsletter,false,1976-01-31
84,Sebastian,Kowalak,sebastian.kowalak@gmail.com,+48254019696,Poznań,"10-303","2026-01-28",Google Ads,false,2000-05-08
85,Oskar,Jędraszczyk,oskar.jędraszczyk@gmail.com,+48093789683,Suwałki,"99-553","2026-08-06",Meta Ads,true,1999-11-10
1096,Ernest,Fugiel,ernest.fugiel@gmail.com,+48304916653,Gdańsk,"66-627","2025-02-13",Referral,true,2005-12-07
1097,Albert,Galica,albert.galica@interia.pl,+48957984443,Leszno,"49-045","2024-11-22",Meta Ads,true,1996-04-24
1099,Tymon,Soliwoda,tymon.soliwoda@o2.pl,+48725809543,Warszawa,"99-730","2024-12-04",Google Ads,false,1958-04-25
495,Kamila,Koj,kamila.koj@gmail.com,+48159679879,Częstochowa,"76-582","2025-12-11",Newsletter,false,1958-11-23
4006,Alan,Jagieło,alan.jagieło@gmail.com,+48552018335,Warszawa,"29-645","2025-04-24",Meta Ads,true,1974-02-09
4007,Damian,Palus,damian.palus@gmail.com,+48080487864,Warszawa,"51-696","2025-12-09",Google Ads,false,2001-11-21
4008,Dariusz,Kołaczek,dariusz.kołaczek@interia.pl,+48220027715,Szczecin,"43-553","2026-02-14",Organic,false,2008-01-03
4009,Paweł,Klebba,paweł.klebba@interia.pl,+48827046048,Bydgoszcz,"34-415","2026-04-17",Google Ads,true,1985-10-10
4010,Wojciech,Zinkiewicz,wojciech.zinkiewicz@gmail.com,+48136497193,Warszawa,"84-789","2026-07-23",Meta Ads,true,2005-04-05
4011,Wojciech,Polewka,wojciech.polewka@gmail.com,+48988296636,Suwałki,"18-336","2025-02-01",Google Ads,false,1985-09-10
4012,Agnieszka,Wiekiera,agnieszka.wiekiera@wp.pl,+48309545116,Gdańsk,"77-978","2025-12-21",Meta Ads,false,1957-09-07
4014,Kornelia,Ksel,kornelia.ksel@gmail.com,+48182514778,Poznań,"78-555","2025-12-26",Meta Ads,false,1970-11-25
4015,Inga,Drej,inga.drej@wp.pl,+48600008290,Radom,"03-976","2025-08-01",Organic,true,1963-12-27
4016,Piotr,Kruś,piotr.kruś@gmail.com,+48762533965,Leszno,"43-818","2026-08-06",Organic,true,1957-05-23
4018,Iwo,Kierat,iwo.kierat@gmail.com,+48300426037,Wrocław,"38-664","2026-07-21",Organic,true,1962-06-26
3963,Kazimierz,Majdak,kazimierz.majdak@onet.pl,+48319322371,Kraków,do weryf,"2025-09-02",Referral,false,1996-08-07
4004,Tymon,Łuckiewicz,tymon.łuckiewicz@gmail.com,+48739253890,Szczecin,do weryf,"2025-09-17",Meta Ads,false,1996-02-12
4013,Tola,Kopytko,tola.kopytko@gmail.com,+48973981541,Piła,do weryf,"2025-05-14",Meta Ads,false,1969-10-29
522,Sylwia,Ornat,sylwia.ornat@o2.pl,+48126304916,Warszawa,"42-398","2025-04-20",Meta Ads,false,1969-12-05
523,Szymon,Rećko,szymon.rećko@o2.pl,+48658163724,Gdynia,"77-225","2025-10-19",Google Ads,true,1957-02-23
525,Janina,Warchał,janina.warchał@o2.pl,+48625972050,Kraków,"21-103","2025-12-21",Meta Ads,false,1968-09-24
528,Tobiasz,Litwa,tobiasz.litwa@gmail.com,+48698072246,Konin,"23-181","2025-05-18",Meta Ads,false,1968-02-18
530,Tola,Zimoń,tola.zimoń@onet.pl,+48844179490,Szczecin,"91-718","2025-11-09",Meta Ads,false,1974-03-27
531,Nicole,Torbus,nicole.torbus@gmail.com,+48162650979,Warszawa,"19-577","2025-03-20",Referral,true,2005-11-10
532,Anastazja,Bilik,anastazja.bilik@wp.pl,+48624201280,Olsztyn,"40-180","2024-11-14",Google Ads,true,1981-08-03
533,Tomasz,Waniek,tomasz.waniek@gmail.com,+48412573936,Gdańsk,"30-617","2026-04-21",Meta Ads,false,1967-03-11
511,Sara,Kowalówka,sara.kowalówka@gmail.com,+48271806736,Konin,"17-095","2025-10-16",Google Ads,false,2003-07-26
3771,Bianka,Getka,bianka.getka@onet.pl,+48012248828,Łódź,"73-350","2024-11-10",Meta Ads,true,1955-09-03
512,Kornel,Plaskota,kornel.plaskota@gmail.com,+48631566639,Kraków,"06-965","2026-02-10",Referral,true,1980-01-11
4028,Rozalia,Wojaczek,rozalia.wojaczek@wp.pl,+48866049107,Częstochowa,"80-589","2025-09-29",Organic,false,2004-02-09
4030,Adrian,Gregorowicz,adriangregorowicz@gmail.com,+48056671993,Warszawa,"67-591","2026-06-25",Google Ads,false,1965-12-28
4032,Anna Maria,Dzienis,anna maria.dzienis@wp.pl,+48890076253,Warszawa,"52-659","2025-05-05",Google Ads,true,1965-06-19
4033,Marek,Bany,marek.bany@o2.pl,+48752273677,Warszawa,"07-713","2025-06-09",Meta Ads,true,1969-11-13
4035,Fryderyk,Wilma,fryderyk.wilma@o2.pl,+48264395798,Katowice,"80-340","2026-03-09",Meta Ads,true,1991-12-07
4037,Konstanty,Kleinschmidt,konstanty.kleinschmidt@gmail.com,+48714122721,Suwałki,"70-181","2025-10-07",Meta Ads,false,1996-11-06
4041,Witold,Wojtaszak,witold.wojtaszak@gmail.com,+48698051982,Wrocław,"18-700","2025-12-07",Meta Ads,true,1983-10-30
4042,Aurelia,Kurzaj,aurelia.kurzaj@wp.pl,+48035088327,Warszawa,"35-809","2025-06-25",Newsletter,false,1976-05-03
4044,Anita,Tokarek,anita.tokarek@gmail.com,+48843695885,Konin,"44-415","2024-10-05",Meta Ads,false,1964-04-23
4046,Ewelina,Wawrzeńczyk,ewelina.wawrzeńczyk@gmail.com,+48975924155,Rzeszów,"44-740","2025-04-17",Newsletter,false,2008-01-13
4047,Karina,Latoszek,karina.latoszek@gmail.com,+48432056061,Kraków,"44-399","2025-02-19",Referral,false,1964-06-25
4048,Aurelia,Nazar,aurelia.nazar@gmail.com,+48738541200,Wrocław,"52-969","2025-12-05",Organic,false,1986-10-26
4049,Borys,Majnusz,borys.majnusz@gmail.com,+48983267356,Częstochowa,"68-623","2026-02-04",Meta Ads,false,1997-01-09
4050,Leonard,Noszczyk,leonard.noszczyk@gmail.com,+48009201373,Suwałki,"29-882","2025-01-22",Organic,true,2008-02-22
4052,Dariusz,Siara,dariusz.siara@o2.pl,+48646753826,Konin,"83-502","2026-04-18",Google Ads,false,1983-02-06
4053,Ernest,Nieradzik,ernest.nieradzik@gmail.com,+48072613205,Warszawa,"72-333","2024-09-03",Organic,false,1956-06-03
4022,Piotr,Kryszczuk,piotr.kryszczuk@gmail.com,+48665415811,Gdynia,"84-452","2025-07-09",Google Ads,false,1960-06-14
4024,Malwina,Kraszkiewicz,malwina.kraszkiewicz@o2.pl,+48448188365,Poznań,"70-788","2025-05-07",Organic,true,2007-02-13
4025,Daniel,Kwasek,daniel.kwasek@onet.pl,+48636713961,Gdynia,"79-463","2024-09-15",Google Ads,false,1970-03-01
4027,Marcelina,Karaśkiewicz,marcelina.karaśkiewicz@onet.pl,+48702990894,Olsztyn,"79-545","2025-09-02",Meta Ads,true,1981-09-11
4054,Kazimierz,Laszkiewicz,kazimierz.laszkiewicz@gmail.com,+48652546528,Szczecin,"63-792","2026-06-24",Google Ads,false,1991-08-23
1100,Norbert,Ostapczuk,norbert.ostapczuk@wp.pl,+48575367098,Poznań,"94-788","2025-09-15",Meta Ads,false,2006-07-12
1101,Stefan,Domek,stefan.domek@gmail.com,+48880979034,Poznań,"24-121","2026-04-12",Google Ads,false,2003-03-21
1102,Ksawery,Staś,ksawery.staś@onet.pl,+48327079764,Gdańsk,"80-784","2025-12-05",Meta Ads,false,1969-01-03
1103,Róża,Wochna,róża.wochna@onet.pl,+48027649972,Warszawa,"64-557","2026-03-16",Organic,false,1998-05-23
1105,Agnieszka,Wyroba,agnieszka.wyroba@gmail.com,+48402376627,Warszawa,"57-082","2025-05-13",Newsletter,false,1987-06-17
1106,Jan,Pronobis,jan.pronobis@wp.pl,+48628676072,Suwałki,"71-285","2025-05-20",Referral,false,1988-06-11
1107,Dagmara,Kornet,dagmara.kornet@wp.pl,+48520819605,Częstochowa,"27-051","2024-12-27",Meta Ads,false,1965-05-23
1108,Adam,Złotnik,adam.złotnik@gmail.com,+48713080227,Elbląg,"45-038","2024-10-12",Google Ads,false,1963-04-20
3775,Sylwia,Lampart,sylwia.lampart@onet.pl,+48957580619,Łódź,do weryf,"2024-09-10",Newsletter,true,1975-09-24
4055,Robert,Wojtak,robert.wojtak@onet.pl,+48958687626,Warszawa,"01-199","2025-11-02",Meta Ads,false,1971-11-05
4056,Ignacy,Nazarko,ignacy.nazarko@o2.pl,+48648131323,Wrocław,"87-916","2025-03-15",Google Ads,false,1982-09-30
4058,Karina,Świtaj,karina.świtaj@gmail.com,+48680315971,Zielona Góra,"07-204","2024-09-26",Google Ads,false,1983-03-28
4059,Józef,Uroda,józef.uroda@wp.pl,+48522620264,Kraków,"31-276","2025-01-30",Organic,false,1997-08-25
4062,Arkadiusz,Garncarek,arkadiusz.garncarek@interia.pl,+48253157170,Konin,"14-222","2024-12-21",Influencer,false,1994-03-25
4063,Dariusz,Fogt,dariusz.fogt@gmail.com,+48141344168,Leszno,"28-838","2025-09-28",Meta Ads,false,1977-10-29
4064,Anna Maria,Kręcisz,anna maria.kręcisz@gmail.com,+48287203455,Opole,"31-818","2025-11-10",Meta Ads,true,1978-03-09
4066,Krystian,Duchnik,krystian.duchnik@wp.pl,+48880043999,Warszawa,"83-822","2024-09-18",Newsletter,true,1961-05-18
3838,Jakub,Maligłówka,jakub.maligłówka@gmail.com,+48589830623,Łódź,"34-908","2025-06-09",Influencer,false,1968-08-11
4067,Dawid,Myszak,dawid.myszak@gmail.com,+48334228164,Kielce,"46-182","2024-09-15",Meta Ads,true,1979-10-18
4069,Melania,Saj,melania.saj@gmail.com,+48395607196,Leszno,"78-751","2026-01-31",Meta Ads,false,1999-11-06
4071,Ida,Czura,ida.czura@gmail.com,+48730532100,Poznań,"72-878","2026-03-17",Organic,false,1996-03-31
4072,Blanka,Przewoźnik,blanka.przewoźnik@wp.pl,+48761397758,Olsztyn,"18-958","2025-06-05",Newsletter,false,1973-02-17
4074,Janina,Lemanowicz,janina.lemanowicz@interia.pl,+48685425889,Poznań,"54-812","2025-09-26",Meta Ads,false,1995-07-29
4075,Julita,Basaj,julita.basaj@gmail.com,+48094388871,Kraków,"36-306","2025-12-26",Newsletter,true,2001-04-24
4076,Sebastian,Sobków,sebastian.sobków@onet.pl,+48965420203,Poznań,"91-346","2025-02-11",Influencer,true,1982-08-21
513,Alan,Pasiak,alan.pasiak@gmail.com,+48458992416,Gdańsk,"56-842","2024-11-19",Meta Ads,false,1993-12-28
514,Sonia,Rzońca,sonia.rzońca@gmail.com,+48077932756,Kraków,"49-700","2025-01-26",Organic,false,1978-03-17
515,Maks,Kozłowicz,maks.kozłowicz@gmail.com,+48743259856,Gdynia,"24-282","2026-05-15",Organic,true,1970-06-05
4077,Konstanty,Macheta,konstanty.macheta@wp.pl,+48498050296,Zielona Góra,"81-348","2024-11-26",Meta Ads,false,1994-06-09
3831,Oliwier,Joniak,oliwier.joniak@gmail.com,+48810096319,Łódź,"65-662","2026-03-29",Meta Ads,false,1970-12-16
4078,Kaja,Pachuta,kaja.pachuta@o2.pl,+48313992259,Kraków,"41-807","2025-10-19",Google Ads,false,1993-05-14
4079,Stefan,Latoszek,stefan.latoszek@gmail.com,+48955397697,Warszawa,"65-132","2025-04-20",Meta Ads,true,1971-09-26
4080,Ignacy,Bartocha,ignacy.bartocha@wp.pl,+48374843946,Kraków,"89-439","2025-06-09",Meta Ads,false,2007-10-28
4081,Szymon,Margol,szymon.margol@wp.pl,+48508703338,Wrocław,"01-904","2025-11-02",Organic,true,1957-09-06
4082,Marcin,Hałka,marcin.hałka@wp.pl,+48953721267,Bydgoszcz,"40-382","2025-08-22",Meta Ads,true,1989-06-21
4083,Julianna,Chachaj,julianna.chachaj@o2.pl,+48561934152,Gdańsk,"30-075","2025-11-30",Google Ads,true,2006-05-24
4060,Dawid,Paździora,dawid.paździora@gmail.com,+48607095020,Warszawa,do weryf,"2024-11-11",Newsletter,false,1976-07-03
4088,Ryszard,Kojder,ryszard.kojder@wp.pl,+48059217881,Warszawa,"37-872","2025-12-11",Newsletter,false,1983-02-22
4089,Ernest,Durys,ernest.durys@interia.pl,+48568692053,Konin,"76-635","2026-05-09",Meta Ads,true,2008-05-03
4090,Marika,Klama,marika.klama@interia.pl,+48020154487,Kraków,"64-987","2025-06-09",Influencer,false,2000-08-30
4092,Monika,Tymczyszyn,monika.tymczyszyn@gmail.com,+48082708132,Katowice,"38-659","2026-02-09",Organic,true,1977-07-01
4093,Jan,Fijoł,jan.fijoł@o2.pl,+48751241994,Kraków,"47-867","2025-10-04",Organic,false,1982-11-27
4094,Leon,Bany,leon.bany@interia.pl,+48130644528,Elbląg,"37-215","2024-10-04",Meta Ads,true,2005-12-06
4095,Krzysztof,Matacz,krzysztof.matacz@wp.pl,+48886589043,Wrocław,"28-825","2026-05-02",Meta Ads,false,1998-09-18
4096,Inga,Smolec,inga.smolec@onet.pl,+48006251795,Gorzów Wielkopolski,"14-755","2024-09-08",Newsletter,true,1962-09-06
4097,Wiktor,Byra,wiktor.byra@wp.pl,+48170622156,Warszawa,"26-622","2026-02-28",Google Ads,false,1963-03-09
4099,Albert,Klęk,albert.klęk@gmail.com,+48281436831,Warszawa,"02-907","2026-07-25",Newsletter,false,1960-05-10
4101,Bianka,Szramka,bianka.szramka@interia.pl,+48017232189,Częstochowa,"45-025","2025-11-29",Meta Ads,false,1983-10-26
4102,Natasza,Bodek,natasza.bodek@onet.pl,+48347155059,Gdańsk,"67-724","2025-06-17",Organic,false,1960-03-18
4104,Marcelina,Piekarek,marcelina.piekarek@gmail.com,+48896687774,Warszawa,"34-765","2024-11-12",Meta Ads,false,2007-03-08
4105,Melania,Siewiera,melania.siewiera@o2.pl,+48514893185,Zielona Góra,"35-496","2025-10-09",Meta Ads,true,1962-10-14
4106,Marcin,Gotfryd,marcin.gotfryd@gmail.com,+48993531853,Opole,"74-965","2025-08-26",Meta Ads,false,1957-04-29
4107,Julian,Łakota,julian.łakota@o2.pl,+48007661938,Warszawa,"12-524","2024-11-16",Google Ads,false,1998-11-17
3881,Łukasz,Postawa,łukasz.postawa@gmail.com,+48984702545,Łódź,"83-331","2025-12-11",Google Ads,false,2008-07-26
4108,Agnieszka,Pietraś,agnieszka.pietraś@gmail.com,+48890472428,Warszawa,"85-568","2025-11-25",Referral,true,1968-05-16
3757,Julian,Latacz,julian.latacz@gmail.com,+48666323810,Toruń,"36-182","2025-11-29",Organic,false,1978-03-07
3762,Łukasz,Stosik,łukasz.stosik@wp.pl,+48374194126,Toruń,"31-661","2026-06-11",Google Ads,true,1981-05-07
3796,Aleksander,Pela,aleksander.pela@gmail.com,+48676725416,Toruń,"23-201","2025-02-08",Meta Ads,true,1999-06-11
1110,Kornel,Malcher,kornel.malcher@gmail.com,+48627310626,Warszawa,"07-112","2026-08-06",Meta Ads,false,1977-09-10
1085,Maciej,Kozdroń,maciej.kozdroń@onet.pl,+48629460632,Opole,"50-529","2026-03-19",Meta Ads,false,1996-02-24
1086,Franciszek,Warczak,franciszek.warczak@gmail.com,+48400486437,Gorzów Wielkopolski,"38-451","2024-10-20",Newsletter,false,1976-09-09
1087,Emil,Mszyca,emil.mszyca@gmail.com,+48574729893,Lublin,"37-473","2025-05-09",Referral,true,1964-06-02
3883,Igor,Tlałka,igor.tlałka@onet.pl,+48739751663,Łódź,"97-627","2025-08-27",Influencer,true,1995-12-13
4084,Adrian,Dynia,adrian.dynia@wp.pl,+48168809852,Kielce,"15-819","2025-10-14",Meta Ads,true,1972-11-14
4085,Alex,Wiszowaty,alex.wiszowaty@gmail.com,+48154604133,Warszawa,"27-006","2026-01-18",Meta Ads,false,1972-10-06
4086,Karina,Hałat,karina.hałat@wp.pl,+48081257275,Bydgoszcz,"67-209","2025-12-21",Influencer,false,1989-03-02
3887,Nikodem,Kajstura,nikodem.kajstura@wp.pl,+48186054433,Łódź,"04-831","2025-10-19",Google Ads,true,1957-02-25
4109,Paweł,Jodko,paweł.jodko@gmail.com,+48181875969,Kielce,"07-563","2026-01-19",Organic,false,2001-08-27
3891,Ryszard,Zawalich,ryszard.zawalich@gmail.com,+48912252055,Łódź,"77-123","2024-12-09",Newsletter,false,2006-06-30
4110,Monika,Łapacz,monika.łapacz@gmail.com,+48104990798,Gorzów Wielkopolski,"83-481","2026-02-03",Meta Ads,false,1964-11-24
4111,Róża,Bugno,róża.bugno@o2.pl,+48781918647,Olsztyn,"28-204","2026-05-03",Meta Ads,false,1979-01-26
4112,Przemysław,Sopata,przemysław.sopata@onet.pl,+48708172752,Wrocław,"84-597","2025-06-16",Newsletter,false,2006-10-29
4113,Antoni,Kopyto,antoni.kopyto@gmail.com,+48151866365,Warszawa,"24-177","2026-07-15",Referral,false,1963-10-27
4114,Nicole,Jantos,nicole.jantos@gmail.com,+48183990375,Gdańsk,"28-759","2026-05-09",Meta Ads,false,1977-06-05
4116,Janina,Buczko,janina.buczko@gmail.com,+48232224120,Piła,"82-311","2024-11-02",Organic,true,1968-02-12
4117,Krystyna,Stanaszek,krystyna.stanaszek@gmail.com,+48222340387,Gdynia,"31-919","2025-06-19",Meta Ads,true,1964-06-03
4118,Dariusz,Pawliszyn,dariusz.pawliszyn@gmail.com,+48185156479,Elbląg,"32-809","2025-05-16",Organic,false,1986-03-17
4119,Rozalia,Łukowiak,rozalia.łukowiak@o2.pl,+48415368976,Warszawa,"41-570","2025-10-12",Meta Ads,false,2005-05-26
3907,Kacper,Truchan,kacper.truchan@wp.pl,+48485704961,Łódź,"25-896","2024-11-22",Meta Ads,false,2008-01-30
4120,Cezary,Feluś,cezary.feluś@gmail.com,+48169681116,Leszno,"16-501","2025-11-23",Referral,false,1994-01-04
4122,Miłosz,Putek,miłosz.putek@onet.pl,+48058722360,Kielce,"51-297","2025-09-10",Google Ads,false,1968-09-10
3911,Oskar,Nikel,oskar.nikel@gmail.com,+48663621240,Łódź,"99-224","2026-05-11",Organic,false,1969-01-21
4123,Michał,Zasępa,michał.zasępa@wp.pl,+48055209384,Opole,"43-268","2024-11-22",Meta Ads,false,2001-06-18
4126,Janina,Groborz,janina.groborz@gmail.com,+48675494874,Poznań,"01-192","2026-07-18",Organic,false,1985-11-10
4127,Monika,Miśko,monika.miśko@o2.pl,+48219860960,Kielce,"21-057","2024-11-08",Newsletter,true,1973-02-21
4128,Gaja,Cyrek,gaja.cyrek@onet.pl,+48519018181,Rzeszów,"98-540","2026-07-12",Newsletter,false,2003-11-11
4129,Kamil,Okraska,kamil.okraska@gmail.com,+48205897060,Szczecin,"63-725","2024-11-06",Newsletter,true,2003-01-19
4131,Eliza,Macias,eliza.macias@gmail.com,+48743234358,Wrocław,"17-153","2024-10-31",Google Ads,false,1957-01-30
4132,Oskar,Cieciura,oskar.cieciura@o2.pl,+48701433852,Warszawa,"47-407","2025-12-12",Newsletter,false,1994-03-30
516,Krystian,Klucznik,krystian.klucznik@gmail.com,+48535673455,Gdynia,"79-635","2024-09-28",Meta Ads,false,1988-04-18
517,Gustaw,Grosz,gustaw.grosz@wp.pl,+48561976630,Suwałki,"53-904","2026-02-26",Organic,false,1984-10-12
519,Ksawery,Dynia,ksawery.dynia@wp.pl,+48829594399,Częstochowa,"68-256","2025-07-16",Google Ads,false,1989-01-09
534,Anna Maria,Aleksa,anna maria.aleksa@gmail.com,+48060999501,Radom,"01-340","2025-04-07",Meta Ads,false,2004-03-30
4133,Mikołaj,Koronkiewicz,mikołaj.koronkiewicz@o2.pl,+48671338281,Bydgoszcz,"25-178","2026-04-05",Influencer,true,1957-08-04
4134,Aleksander,Bobrowicz,aleksander.bobrowicz@gmail.com,+48068518813,Poznań,"98-568","2025-06-01",Meta Ads,true,1981-07-05
4135,Roksana,Nojek,roksana.nojek@gmail.com,+48529845969,Warszawa,"65-519","2026-06-18",Google Ads,false,2001-05-14
4136,Monika,Mitoraj,monika.mitoraj@wp.pl,+48089335912,Warszawa,"88-216","2025-11-21",Meta Ads,true,1992-05-04
4137,Mariusz,Kononowicz,mariusz.kononowicz@gmail.com,+48602570040,Warszawa,"66-366","2025-11-26",Google Ads,false,1965-05-19
4138,Ewelina,Kandora,ewelina.kandora@gmail.com,+48741365716,Kraków,"08-818","2026-04-14",Organic,true,2000-01-02
3926,Anita,Krzyżostaniak,anita.krzyżostaniak@gmail.com,+48372719294,Łódź,"81-431","2025-11-16",Meta Ads,false,1996-03-24
4139,Maciej,Bazydło,maciej.bazydło@gmail.com,+48351128490,Rzeszów,"03-285","2025-03-24",Google Ads,false,2007-06-06
4140,Marek,Drewniok,marek.drewniok@gmail.com,+48190097688,Gdańsk,"83-084","2025-04-21",Meta Ads,false,1998-10-10
4141,Anita,Salawa,anita.salawa@wp.pl,+48277579270,Leszno,"15-472","2026-05-30",Meta Ads,false,1959-02-11
3931,Witold,Lenarcik,witold.lenarcik@gmail.com,+48859897941,Łódź,"43-579","2024-09-17",Meta Ads,false,1961-01-18
4142,Miłosz,Mol,miłoszmol@gmail.com,+48879417045,Lublin,"94-585","2026-05-10",Google Ads,false,2003-03-21
4143,Tomasz,Nowek,tomasz.nowek@interia.pl,+48525968609,Wrocław,"20-659","2026-08-06",Meta Ads,false,1986-03-09
4144,Julianna,Breś,julianna.breś@gmail.com,+48183228021,Gdańsk,"45-680","2026-05-07",Organic,true,1956-11-13
4145,Emil,Straszak,emil.straszak@wp.pl,+48138781929,Gdańsk,"62-284","2024-11-15",Organic,true,1990-03-31
4146,Apolonia,Handzel,apolonia.handzel@gmail.com,+48945489865,Warszawa,"08-627","2026-03-05",Meta Ads,false,1999-03-25
4147,Jan,Winek,jan.winek@interia.pl,+48527337705,Opole,"54-482","2025-06-27",Meta Ads,false,1959-12-22
4121,Marcelina,Wojtarowicz,marcelina.wojtarowicz@gmail.com,+48608149947,Radom,do weryf,"2026-02-11",Meta Ads,false,1981-09-23
1090,Nela,Mikusek,nela.mikusek@gmail.com,+48874907881,Wrocław,"24-798","2026-01-03",Organic,false,1986-08-16
1091,Inga,Samiec,inga.samiec@onet.pl,+48934678919,Gorzów Wielkopolski,"51-424","2025-04-14",Meta Ads,false,1972-09-26
1092,Szymon,Soliwoda,szymon.soliwoda@gmail.com,+48291054904,Gorzów Wielkopolski,"59-605","2025-11-09",Influencer,false,2003-02-12
1093,Ksawery,Morawiak,ksawery.morawiak@gmail.com,+48507297691,Warszawa,"59-093","2025-11-01",Organic,true,1968-11-06
1111,Kajetan,Jereczek,kajetan.jereczek@gmail.com,+48341493756,Gdańsk,"87-292","2024-12-23",Meta Ads,false,1987-12-26
1112,Gaja,Kaczmarkiewicz,gaja.kaczmarkiewicz@gmail.com,+48939416352,Poznań,"72-182","2024-10-07",Meta Ads,true,2006-10-23
1113,Elżbieta,Kuchciak,elżbieta.kuchciak@gmail.com,+48569768153,Lublin,"05-096","2026-02-23",Influencer,false,1996-04-29
1114,Kazimierz,Frost,kazimierz.frost@onet.pl,+48422721174,Gdynia,"49-840","2025-02-09",Organic,false,1959-03-07
1115,Marianna,Flisek,marianna.flisek@gmail.com,+48005893517,Częstochowa,"71-067","2026-04-07",Organic,false,1971-02-11
1117,Anna Maria,Rzeszut,anna maria.rzeszut@interia.pl,+48988162053,Warszawa,"68-215","2026-07-26",Meta Ads,false,1992-06-22
4156,Liwia,Wiza,liwia.wiza@wp.pl,+48345265223,Wrocław,"57-955","2024-11-02",Google Ads,true,1968-10-10
4157,Bruno,Janowiak,bruno.janowiak@gmail.com,+48080820082,Bydgoszcz,"38-586","2026-02-13",Meta Ads,true,1965-10-17
3943,Ryszard,Towarek,ryszard.towarek@gmail.com,+48714830692,Łódź,"01-919","2024-12-07",Google Ads,false,1973-11-11
4158,Fryderyk,Staciwa,fryderyk.staciwa@gmail.com,+48033261081,Piła,"27-550","2025-11-02",Organic,false,1956-04-21
4160,Emil,Parzonka,emil.parzonka@onet.pl,+48920856695,Suwałki,"67-107","2025-02-12",Meta Ads,false,1963-07-11
4161,Ryszard,Latuszek,ryszard.latuszek@wp.pl,+48338602204,Olsztyn,"13-093","2026-04-06",Google Ads,false,1970-09-02
4162,Dagmara,Olszyna,dagmara.olszyna@onet.pl,+48194985325,Kielce,"51-641","2025-12-11",Meta Ads,true,1983-05-30
4163,Natan,Magryta,natan.magryta@gmail.com,+48483687656,Leszno,"02-591","2025-10-14",Meta Ads,false,1990-11-02
4164,Łukasz,Wojaczek,łukasz.wojaczek@gmail.com,+48487004177,Warszawa,"77-294","2025-11-28",Referral,false,1975-07-02
4165,Kacper,Merda,kacper.merda@gmail.com,+48937675824,Warszawa,"76-199","2024-11-21",Influencer,false,1992-09-23
4166,Dariusz,Knieć,dariusz.knieć@interia.pl,+48487884698,Kraków,"93-390","2025-07-23",Meta Ads,true,2000-02-05
4168,Bruno,Kajak,bruno.kajak@wp.pl,+48165227060,Radom,"86-583","2024-12-27",Google Ads,false,1987-03-12
4170,Kacper,Pyc,kacper.pyc@gmail.com,+48917088878,Poznań,"13-235","2026-06-07",Google Ads,true,2006-12-12
4171,Ignacy,Iwanow,ignacy.iwanow@gmail.com,+48219664803,Lublin,"36-196","2025-05-17",Organic,false,1978-01-22
4172,Maurycy,Salach,maurycysalach@o2.pl,+48185610523,Kraków,"42-553","2024-12-03",Organic,true,1975-01-11
4173,Norbert,Irla,norbert.irla@gmail.com,+48204730367,Olsztyn,"17-218","2025-11-26",Referral,false,2000-06-14
4174,Robert,Koj,robert.koj@wp.pl,+48890042014,Wrocław,"96-798","2026-05-09",Newsletter,false,1963-11-15
4175,Julian,Sommer,julian.sommer@gmail.com,+48767759163,Piła,"07-433","2026-02-20",Newsletter,true,1962-02-13
4176,Miłosz,Majos,miłosz.majos@gmail.com,+48156335971,Warszawa,"30-571","2026-05-08",Meta Ads,false,1981-10-27
4177,Stanisław,Szóstak,stanisław.szóstak@gmail.com,+48102664077,Katowice,"77-635","2025-09-01",Influencer,false,1958-11-08
4178,Karol,Raźniak,karol.raźniak@o2.pl,+48683580825,Szczecin,"55-883","2026-02-21",Meta Ads,false,1986-11-28
4149,Tymon,Joszko,tymon.joszko@onet.pl,+48206333451,Lublin,"07-649","2025-07-06",Google Ads,false,1963-08-05
4150,Krystian,Reich,krystian.reich@onet.pl,+48031386546,Szczecin,"27-162","2025-10-07",Meta Ads,true,1961-11-07
4152,Mikołaj,Kandziora,mikołaj.kandziora@o2.pl,+48299524593,Warszawa,"78-790","2025-03-23",Google Ads,true,1995-02-19
4153,Dawid,Lindner,dawid.lindner@interia.pl,+48231049572,Gdańsk,"15-392","2024-10-29",Influencer,false,1976-12-08
4179,Klara,Bobel,klara.bobel@wp.pl,+48560092170,Warszawa,"17-130","2024-11-02",Influencer,false,2001-03-05
4180,Liwia,Fijałek,liwia.fijałek@wp.pl,+48899963098,Warszawa,"14-351","2025-04-19",Google Ads,true,1972-07-10
4182,Borys,Solich,borys.solich@interia.pl,+48115088656,Gorzów Wielkopolski,"91-888","2025-09-16",Meta Ads,false,1970-09-22
4183,Witold,Rycerz,witold.rycerz@gmail.com,+48319776610,Katowice,"16-018","2026-06-13",Organic,false,1988-04-01
4185,Aniela,Frost,aniela.frost@gmail.com,+48276532139,Szczecin,"55-915","2024-11-07",Newsletter,false,1997-04-19
4186,Wiktor,Berus,wiktor.berus@gmail.com,+48363287740,Kielce,"57-605","2024-12-13",Meta Ads,true,1991-06-25
3989,Paweł,Gryta,paweł.gryta@gmail.com,+48626767359,Łódź,"61-548","2025-11-08",Newsletter,false,1961-05-02
535,Ksawery,Dziugieł,ksawery.dziugieł@gmail.com,+48155537909,Suwałki,"17-349","2025-12-03",Google Ads,false,1993-08-05
536,Kazimierz,Mejer,kazimierz.mejer@wp.pl,+48027455308,Wrocław,"03-152","2025-07-10",Meta Ads,false,1986-09-08
537,Julian,Dziwak,julian.dziwak@wp.pl,+48053006423,Gorzów Wielkopolski,"15-867","2024-12-09",Meta Ads,false,1983-06-28
538,Dariusz,Młyńczak,dariusz.młyńczak@gmail.com,+48845506454,Elbląg,"48-722","2025-11-02",Google Ads,false,2005-07-08
539,Ewa,Kabza,ewa.kabza@gmail.com,+48519732714,Gorzów Wielkopolski,"13-345","2024-10-31",Organic,false,1971-08-03
541,Ada,Januszewicz,adajanuszewicz@gmail.com,+48827111092,Białystok,"41-179","2025-10-12",Google Ads,true,1993-01-28
542,Melania,Kuczaj,melania.kuczaj@gmail.com,+48781252516,Warszawa,"79-806","2025-06-04",Meta Ads,true,1974-07-04
543,Julianna,Marko,julianna.marko@gmail.com,+48632137247,Radom,"23-388","2026-02-14",Meta Ads,true,1971-11-09
4187,Nataniel,Doroszkiewicz,nataniel.doroszkiewicz@onet.pl,+48894915951,Warszawa,"37-436","2025-04-05",Influencer,false,2000-04-20
4188,Witold,Gubernat,witoldgubernat@gmail.com,+48706746874,Gdańsk,"62-862","2025-03-13",Google Ads,false,1961-03-27
3868,Aurelia,Ładziak,aurelia.ładziak@gmail.com,+48789473930,Toruń,"68-518","2026-03-14",Meta Ads,false,2004-02-28
3889,Gaja,Osada,gaja.osada@wp.pl,+48860029156,Toruń,"02-251","2026-07-18",Meta Ads,false,1992-01-30
3897,Malwina,Pytko,malwina.pytko@gmail.com,+48333705413,Toruń,"04-601","2025-12-26",Meta Ads,false,1962-12-23
3914,Ada,Guściora,ada.guściora@gmail.com,+48357219974,Toruń,"98-575","2026-06-13",Google Ads,false,1989-09-26
1118,Adam,Gieroń,adam.gieroń@gmail.com,+48010879726,Wrocław,"74-748","2025-06-15",Organic,false,2007-07-03
1119,Liwia,Malcher,liwia.malcher@onet.pl,+48749573767,Kraków,"62-742","2025-12-15",Referral,false,1992-02-04
1120,Stefan,Klekot,stefan.klekot@gmail.com,+48172761751,Warszawa,"78-869","2025-07-01",Meta Ads,true,1972-05-14
4189,Iwo,Tołoczko,iwo.tołoczko@o2.pl,+48505212872,Wrocław,"56-003","2025-11-17",Organic,false,1961-06-15
4190,Dagmara,Mejer,dagmara.mejer@o2.pl,+48823550519,Opole,"99-122","2026-05-21",Organic,true,1997-11-07
4192,Klara,Dumała,klara.dumała@o2.pl,+48170147888,Warszawa,"30-103","2025-11-03",Influencer,false,1979-05-30
4193,Jacek,Bryda,jacekbryda@o2.pl,+48814652991,Warszawa,"12-501","2026-04-18",Google Ads,false,1964-03-04
4194,Eliza,Kolbusz,eliza.kolbusz@onet.pl,+48452302510,Piła,"70-014","2025-09-18",Organic,false,1982-12-27
4195,Dariusz,Frelek,dariusz.frelek@gmail.com,+48338537235,Rzeszów,"14-152","2024-12-28",Organic,true,1987-01-04
4196,Dominik,Żołna,dominik.żołna@o2.pl,+48146374333,Wrocław,"91-063","2025-09-02",Meta Ads,true,1980-02-28
4197,Konrad,Doruch,konrad.doruch@wp.pl,+48672596941,Katowice,"06-419","2025-10-22",Meta Ads,false,1979-08-08
4198,Witold,Serwa,witold.serwa@wp.pl,+48078908485,Wrocław,"60-730","2026-01-13",Organic,false,1967-09-28
4199,Maksymilian,Witaszek,maksymilian.witaszek@gmail.com,+48058185443,Częstochowa,"37-370","2024-12-20",Organic,false,2007-01-02
4200,Jacek,Kabala,jacek.kabala@gmail.com,+48895377926,Warszawa,"39-205","2025-05-18",Referral,true,1998-01-19
4201,Tymoteusz,Początek,tymoteusz.początek@wp.pl,+48082989814,Warszawa,"91-202","2025-04-13",Google Ads,true,1956-11-27
4203,Liwia,Buza,liwia.buza@gmail.com,+48078302576,Gdynia,"46-458","2025-07-16",Newsletter,false,1978-03-03
4204,Marianna,Zbrzeźniak,marianna.zbrzeźniak@wp.pl,+48228115126,Konin,"33-509","2026-02-20",Meta Ads,false,1957-03-02
4205,Ignacy,Zubowicz,ignacy.zubowicz@o2.pl,+48394518423,Leszno,"01-342","2026-02-15",Google Ads,true,1966-02-20
4003,Sonia,Pastucha,sonia.pastucha@o2.pl,+48057925593,Łódź,"52-531","2025-03-26",Influencer,false,1996-12-05
4005,Albert,Czerner,albert.czerner@gmail.com,+48480870721,Łódź,"19-087","2025-07-03",Meta Ads,true,1990-07-08
4206,Ksawery,Błażejak,ksawery.błażejak@wp.pl,+48278818173,Wrocław,"52-161","2025-02-16",Meta Ads,false,1999-03-12
4207,Monika,Litwińczuk,monika.litwińczuk@wp.pl,+48824698201,Gdynia,"56-911","2025-10-18",Organic,false,1976-06-16
4208,Krystian,Drozdowicz,krystian.drozdowicz@onet.pl,+48607915783,Rzeszów,"46-600","2026-05-19",Google Ads,false,1958-12-28
4211,Kaja,Śleziak,kaja.śleziak@wp.pl,+48258153443,Kraków,"40-989","2024-12-17",Influencer,true,1973-02-06
4148,Tola,Wietecha,tola.wietecha@o2.pl,+48815448684,Warszawa,do weryf,"2026-08-06",Google Ads,true,2006-11-14
4209,Tadeusz,Bela,tadeusz.bela@onet.pl,+48180013544,Poznań,do weryf,"2025-07-31",Organic,true,2000-11-04
4220,Sonia,Gryszkiewicz,sonia.gryszkiewicz@gmail.com,+48702319408,Częstochowa,"78-542","2025-10-24",Organic,false,2008-01-19
4221,Artur,Skolik,artur.skolik@gmail.com,+48443714412,Warszawa,"09-204","2025-05-26",Google Ads,false,1980-02-24
4222,Monika,Woronko,monika.woronko@gmail.com,+48568842615,Kraków,"16-834","2026-06-21",Organic,false,1977-07-26
4223,Dagmara,Bittner,dagmara.bittner@gmail.com,+48182895447,Warszawa,"38-105","2025-06-11",Meta Ads,true,1977-05-16
4224,Fryderyk,Słabosz,fryderyk.słabosz@gmail.com,+48680891555,Opole,"20-222","2025-10-29",Meta Ads,false,1981-04-19
4225,Franciszek,Jany,franciszek.jany@o2.pl,+48832853262,Warszawa,"62-585","2025-07-09",Google Ads,false,1969-09-13
4226,Jerzy,Zaguła,jerzy.zaguła@gmail.com,+48456420527,Warszawa,"23-781","2025-10-01",Meta Ads,false,1972-09-04
4227,Grzegorz,Janczarek,grzegorz.janczarek@gmail.com,+48416411160,Gdańsk,"95-706","2025-07-03",Meta Ads,false,2006-11-06
4228,Tola,Kastelik,tola.kastelik@wp.pl,+48666111114,Konin,"38-597","2024-10-30",Organic,true,1985-09-21
4229,Oliwier,Kuder,oliwier.kuder@gmail.com,+48576487285,Gorzów Wielkopolski,"58-827","2026-05-28",Google Ads,false,1956-05-15
4031,Piotr,Bancerz,piotr.bancerz@wp.pl,+48068477739,Łódź,"83-545","2024-12-03",Influencer,true,1972-06-18
4230,Błażej,Pastuszko,błażej.pastuszko@gmail.com,+48247614226,Warszawa,"56-869","2025-07-12",Referral,false,2007-12-18
4231,Sebastian,Kwasek,sebastian.kwasek@onet.pl,+48362112393,Kielce,"28-479","2025-11-17",Meta Ads,false,1958-04-18
4234,Antoni,Kornak,antoni.kornak@wp.pl,+48718199251,Częstochowa,"85-643","2025-01-23",Organic,false,1969-05-07
4236,Anita,Kręcichwost,anita.kręcichwost@gmail.com,+48239338164,Bydgoszcz,"77-517","2024-11-27",Meta Ads,false,2002-07-01
4237,Janina,Zagozda,janina.zagozda@wp.pl,+48875161692,Zielona Góra,"19-919","2026-06-22",Meta Ads,false,1961-07-12
4238,Sara,Dulewicz,sara.dulewicz@gmail.com,+48815100200,Kraków,"94-857","2024-12-11",Google Ads,true,1984-01-31
4239,Julianna,Wojciech,julianna.wojciech@onet.pl,+48226863836,Lublin,"85-521","2024-12-01",Meta Ads,false,1957-03-19
4240,Wojciech,Podleśna,wojciech.podleśna@gmail.com,+48036741297,Poznań,"52-916","2024-12-15",Meta Ads,false,1969-05-18
544,Gustaw,Jonczyk,gustaw.jonczyk@onet.pl,+48276498256,Warszawa,"23-747","2026-04-08",Google Ads,false,1955-09-09
545,Anita,Maćczak,anita.maćczak@gmail.com,+48948504893,Warszawa,"99-989","2026-02-20",Google Ads,false,1985-09-02
546,Grzegorz,Plona,grzegorz.plona@gmail.com,+48245324927,Warszawa,"41-944","2024-10-11",Meta Ads,false,1998-06-18
547,Borys,Jaśkowiec,borys.jaśkowiec@onet.pl,+48675322879,Elbląg,"73-107","2024-12-04",Google Ads,false,2005-03-29
548,Julian,Bogaczyk,julian.bogaczyk@o2.pl,+48997522925,Kraków,"96-080","2025-09-14",Meta Ads,false,1968-03-17
550,Józef,Fras,józef.fras@gmail.com,+48434180054,Rzeszów,"02-272","2026-04-01",Organic,false,1966-09-16
4241,Ewelina,Nazimek,ewelina.nazimek@gmail.com,+48932122668,Konin,"21-777","2024-09-26",Meta Ads,false,1961-12-19
3894,Igor,Witoń,igor.witoń@gmail.com,+48077671803,Toruń,"78-073","2025-01-04",Google Ads,false,1998-06-13
3927,Anita,Słoka,anita.słoka@gmail.com,+48125213654,Toruń,"49-891","2026-05-20",Meta Ads,false,1996-12-18
3935,Olga,Letkiewicz,olga.letkiewicz@wp.pl,+48432388261,Toruń,"72-984","2025-11-04",Newsletter,true,2005-04-14
1121,Anna Maria,Jędraszek,anna maria.jędraszek@gmail.com,+48414877207,Kraków,"80-363","2025-11-03",Meta Ads,false,2004-09-24
1123,Anastazja,Słoka,anastazja.słoka@interia.pl,+48422262789,Radom,"24-905","2024-12-23",Google Ads,false,1987-11-23
1126,Urszula,Pyza,urszula.pyza@gmail.com,+48911419975,Kraków,"06-342","2026-03-22",Influencer,false,1974-02-15
1128,Juliusz,Broncel,juliusz.broncel@gmail.com,+48634020367,Wrocław,"09-316","2025-12-12",Organic,false,1971-07-06
4214,Marcel,Deryło,marcel.deryło@onet.pl,+48423384377,Warszawa,"05-021","2026-04-14",Newsletter,true,1995-04-18
4215,Błażej,Maruszczyk,błażej.maruszczyk@wp.pl,+48276244740,Kraków,"31-557","2026-08-06",Meta Ads,false,1996-04-24
4026,Igor,Starek,igor.starek@wp.pl,+48338449161,Łódź,"09-737","2025-09-27",Google Ads,false,1988-11-13
4216,Bianka,Kuropatwa,bianka.kuropatwa@gmail.com,+48046596800,Lublin,"92-577","2025-12-12",Referral,false,1995-09-25
4217,Jeremi,Panasiewicz,jeremi.panasiewicz@wp.pl,+48471276943,Warszawa,"01-323","2026-06-20",Meta Ads,true,1968-10-22
4218,Wiktor,Grubba,wiktor.grubba@gmail.com,+48595304427,Leszno,"23-044","2026-04-14",Newsletter,false,1969-02-19
4219,Nela,Pytlarz,nela.pytlarz@gmail.com,+48237627149,Warszawa,"76-305","2026-04-12",Meta Ads,false,1989-11-12
4057,Aurelia,Ślęczka,aurelia.ślęczka@gmail.com,+48225699362,Łódź,"15-936","2025-01-28",Newsletter,false,1981-02-05
4242,Maurycy,Margas,maurycy.margas@interia.pl,+48341413641,Częstochowa,"66-756","2026-02-27",Newsletter,false,2004-09-24
4243,Anita,Szumiło,anita.szumiło@gmail.com,+48303797242,Kraków,"65-383","2026-05-06",Google Ads,false,1978-10-16
4244,Mateusz,Brojek,mateusz.brojek@gmail.com,+48013839433,Kraków,"23-064","2025-11-03",Google Ads,false,1998-08-16
4245,Robert,Dziduch,robert.dziduch@gmail.com,+48496353480,Kraków,"06-429","2024-12-16",Organic,false,1980-09-25
4247,Rafał,Ciećko,rafał.ciećko@gmail.com,+48124793599,Wrocław,"73-088","2025-08-17",Google Ads,false,1971-06-22
4248,Olga,Walo,olga.walo@gmail.com,+48074590880,Gorzów Wielkopolski,"98-664","2026-07-26",Organic,true,1990-12-31
4249,Damian,Pitura,damian.pitura@o2.pl,+48376238291,Suwałki,"64-691","2025-02-04",Organic,false,1998-11-27
4068,Liwia,Smutek,liwia.smutek@wp.pl,+48226129486,Łódź,"90-606","2024-09-08",Influencer,false,1983-05-09
4250,Jeremi,Lenc,jeremi.lenc@gmail.com,+48951824008,Gdańsk,"22-615","2026-01-22",Google Ads,false,1991-02-16
4251,Melania,Andrejczuk,melania.andrejczuk@gmail.com,+48105739696,Kraków,"20-475","2025-06-13",Organic,true,1994-01-31
4252,Kamila,Kaja,kamila.kaja@gmail.com,+48389264618,Olsztyn,"86-953","2025-03-01",Meta Ads,false,2000-07-15
4073,Marianna,Żołnierczyk,marianna.żołnierczyk@gmail.com,+48198630761,Łódź,"08-979","2025-07-03",Organic,true,1972-10-16
4254,Ignacy,Bekus,ignacy.bekus@gmail.com,+48722493138,Kraków,"12-810","2024-10-16",Google Ads,false,1986-05-22
4255,Kamil,Szafarz,kamil.szafarz@gmail.com,+48757188707,Gdynia,"55-046","2026-03-29",Organic,true,1981-10-18
4256,Bianka,Majtyka,bianka.majtyka@wp.pl,+48755267863,Gdańsk,"32-182","2025-01-31",Google Ads,false,1981-06-07
4258,Maks,Łuczkiewicz,maks.łuczkiewicz@gmail.com,+48312758842,Wrocław,"59-595","2024-10-30",Influencer,false,1997-11-18
4259,Ewa,Ulewicz,ewa.ulewicz@gmail.com,+48858496237,Gorzów Wielkopolski,"38-656","2026-07-15",Google Ads,false,1957-12-27
4263,Krystian,Bobak,krystian.bobak@gmail.com,+48238382823,Kraków,"57-012","2026-07-05",Influencer,true,1963-09-13
4264,Natan,Noszczyk,natan.noszczyk@wp.pl,+48948173369,Elbląg,"50-146","2025-08-23",Organic,false,1964-01-24
4265,Maurycy,Ryznar,maurycy.ryznar@gmail.com,+48780474596,Poznań,"98-249","2026-01-31",Meta Ads,false,1999-05-08
4266,Kalina,Kurzydło,kalina.kurzydło@o2.pl,+48944832286,Gdańsk,"70-560","2025-05-16",Meta Ads,true,1962-03-22
4268,Ewelina,Pitala,ewelina.pitala@onet.pl,+48258137470,Gdańsk,"65-234","2025-06-11",Newsletter,false,1988-02-21
4045,Maksymilian,Frymus,maksymilian.frymus@gmail.com,+48952014084,Łódź,do weryf,"2025-08-03",Organic,true,1972-12-21
4269,Justyna,Matla,justyna.matla@gmail.com,+48390913228,Lublin,"34-405","2024-12-16",Newsletter,false,1981-01-04
4087,Kaja,Zwara,kaja.zwara@gmail.com,+48856358175,Łódź,"95-187","2025-09-15",Newsletter,false,1991-09-28
4270,Anna Maria,Ślebioda,anna maria.ślebioda@o2.pl,+48916631586,Białystok,"78-590","2026-08-06",Organic,false,1959-03-17
4271,Michał,Markiel,michał.markiel@gmail.com,+48204269005,Zielona Góra,"09-092","2024-11-18",Google Ads,false,1971-06-28
4272,Bruno,Dąbkiewicz,bruno.dąbkiewicz@wp.pl,+48395267383,Warszawa,"15-601","2025-11-07",Google Ads,false,2003-02-01
4273,Witold,Hallmann,witold.hallmann@gmail.com,+48107413639,Warszawa,"85-774","2025-11-26",Meta Ads,true,2007-11-30
4274,Miłosz,Grześków,miłosz.grześków@gmail.com,+48762681729,Gdańsk,"27-732","2025-09-12",Google Ads,false,1977-03-09
4287,Jakub,Szyma,jakub.szyma@o2.pl,+48936884708,Warszawa,"52-473","2025-12-02",Google Ads,false,1999-10-06
4288,Tymon,Rzucidło,tymon.rzucidło@gmail.com,+48033305990,Rzeszów,"35-082","2025-01-11",Referral,false,1979-01-25
4289,Klara,Kacperczyk,klara.kacperczyk@gmail.com,+48421932832,Kraków,"14-807","2025-09-28",Google Ads,true,1967-08-07
4291,Albert,Listwan,albert.listwan@gmail.com,+48180990733,Konin,"70-433","2025-12-05",Meta Ads,false,1988-04-08
4292,Julita,Chromy,julita.chromy@wp.pl,+48815048664,Poznań,"32-716","2025-05-27",Google Ads,false,2007-04-14
4100,Andrzej,Dubis,andrzej.dubis@interia.pl,+48573274148,Łódź,"34-502","2024-10-12",Google Ads,false,1964-01-31
4294,Dorota,Czubaszek,dorota.czubaszek@o2.pl,+48018134166,Gdańsk,"73-320","2025-07-17",Meta Ads,false,1992-02-05
4295,Tomasz,Job,tomasz.job@wp.pl,+48311191135,Zielona Góra,"44-603","2024-12-24",Google Ads,false,1969-06-09
4103,Agnieszka,Aleksandrzak,agnieszka.aleksandrzak@gmail.com,+48213877892,Łódź,"24-922","2025-04-27",Google Ads,true,1974-02-24
551,Krzysztof,Gorol,krzysztof.gorol@onet.pl,+48112752733,Szczecin,"33-806","2026-04-27",Newsletter,true,1961-04-27
4034,Antoni,Nastały,antoni.nastały@wp.pl,+48092663873,Toruń,"47-774","2025-04-30",Meta Ads,false,2008-04-21
4036,Nicole,Kuzia,nicole.kuzia@gmail.com,+48185613702,Toruń,"04-690","2025-09-09",Google Ads,false,1962-03-18
1129,Krystyna,Kłoczko,krystyna.kłoczko@gmail.com,+48788203172,Warszawa,"99-007","2024-11-17",Newsletter,false,1961-08-17
1130,Józef,Lica,józef.lica@o2.pl,+48435903730,Gorzów Wielkopolski,"51-742","2025-12-14",Newsletter,false,1985-09-30
1131,Antoni,Olbrych,antoni.olbrych@gmail.com,+48919260796,Bydgoszcz,"23-199","2025-09-02",Influencer,false,1973-02-10
1132,Natan,Keler,natan.keler@gmail.com,+48369625248,Wrocław,"62-939","2026-05-15",Organic,false,1980-09-28
1134,Róża,Franiak,róża.franiak@gmail.com,+48425582401,Kraków,"69-918","2024-10-24",Meta Ads,false,1973-05-10
1136,Sylwia,Bazela,sylwia.bazela@gmail.com,+48910979691,Gdynia,"87-324","2024-09-04",Meta Ads,false,1985-01-07
1137,Kacper,Wlizło,kacper.wlizło@gmail.com,+48207455712,Opole,"74-702","2025-05-13",Meta Ads,true,1973-03-05
1138,Maks,Ciepłuch,maks.ciepłuch@onet.pl,+48345466229,Szczecin,"20-288","2025-10-27",Newsletter,false,2000-02-26
552,Jakub,Jacak,jakub.jacak@gmail.com,+48854758632,Wrocław,"50-449","2025-03-22",Meta Ads,true,1994-06-04
554,Nataniel,Szatko,nataniel.szatko@gmail.com,+48267071292,Katowice,"49-104","2025-07-07",Influencer,true,1999-07-10
4297,Łukasz,Serzysko,łukasz.serzysko@gmail.com,+48428491002,Częstochowa,"77-696","2025-04-06",Meta Ads,true,1965-03-01
4298,Malwina,Sadlik,malwina.sadlik@gmail.com,+48966934006,Poznań,"32-714","2026-04-08",Influencer,true,2004-10-26
4299,Aleksander,Zmarzły,aleksander.zmarzły@wp.pl,+48835324108,Poznań,"15-073","2026-02-20",Organic,false,1980-09-28
4300,Kaja,Pietrusiewicz,kaja.pietrusiewicz@wp.pl,+48311422832,Częstochowa,"94-064","2025-11-11",Newsletter,true,1967-08-18
4302,Ewa,Magier,ewa.magier@gmail.com,+48098644987,Kraków,"54-322","2024-12-30",Google Ads,false,1968-10-07
4303,Hubert,Dmoch,hubert.dmoch@gmail.com,+48204794052,Opole,"66-594","2026-02-21",Newsletter,true,1969-05-15
4304,Mariusz,Pierzak,mariusz.pierzak@onet.pl,+48230978516,Wrocław,"08-389","2025-08-11",Meta Ads,false,1981-04-29
4305,Franciszek,Langa,franciszek.langa@o2.pl,+48866213403,Gdynia,"77-672","2025-01-23",Organic,false,1990-02-12
4306,Emil,Zemanek,emil.zemanek@wp.pl,+48124943322,Kraków,"18-306","2024-12-31",Meta Ads,false,1983-09-15
4308,Albert,Strug,albert.strug@gmail.com,+48512641061,Warszawa,"88-886","2026-02-12",Influencer,false,1970-02-11
4309,Dagmara,Jeszka,dagmara.jeszka@gmail.com,+48995463270,Kielce,"56-442","2025-01-24",Referral,false,1981-12-18
4310,Franciszek,Słyk,franciszek.słyk@onet.pl,+48791630491,Gorzów Wielkopolski,"56-269","2025-09-19",Google Ads,true,1964-03-03
4275,Jerzy,Matus,jerzy.matus@wp.pl,+48747531811,Warszawa,"61-737","2025-12-11",Newsletter,false,1977-03-14
4276,Jakub,Larysz,jakub.larysz@gmail.com,+48908902555,Białystok,"24-255","2024-11-09",Google Ads,false,1957-11-30
4277,Juliusz,Pabisiak,juliusz.pabisiak@onet.pl,+48525160462,Wrocław,"72-524","2025-10-26",Newsletter,false,1960-08-06
4279,Olgierd,Widłak,olgierd.widłak@wp.pl,+48887264665,Warszawa,"97-310","2026-06-25",Organic,true,1981-11-11
4282,Antoni,Szlachcic,antoni.szlachcic@gmail.com,+48681464652,Szczecin,"73-427","2024-09-06",Meta Ads,false,1976-11-26
4283,Wiktor,Kapcia,wiktor.kapcia@gmail.com,+48328098494,Warszawa,"97-759","2025-03-01",Google Ads,true,1981-04-05
4284,Wiktor,Buksa,wiktorbuksa@wp.pl,+48692550365,Warszawa,"67-130","2024-12-13",Meta Ads,false,1992-09-15
4286,Maciej,Oleksa,maciej.oleksa@interia.pl,+48810158432,Warszawa,"70-980","2025-01-01",Newsletter,false,2003-09-12
4130,Arkadiusz,Nazimek,arkadiusz.nazimek@gmail.com,+48604332780,Łódź,"75-975","2025-01-13",Meta Ads,false,1985-03-09
4311,Fabian,Skrzecz,fabian.skrzecz@gmail.com,+48126729404,Radom,"55-886","2025-07-24",Organic,false,1974-11-24
4313,Aniela,Bruś,aniela.bruś@gmail.com,+48995603411,Warszawa,"40-787","2026-05-21",Meta Ads,false,1972-07-01
4314,Borys,Mędrala,borys.mędrala@wp.pl,+48309357713,Piła,"65-825","2026-05-29",Meta Ads,false,1987-11-08
4316,Robert,Fitrzyk,robert.fitrzyk@gmail.com,+48198264243,Katowice,"52-897","2024-09-22",Google Ads,false,1975-10-20
4317,Adrian,Warzybok,adrian.warzybok@wp.pl,+48834466895,Warszawa,"82-189","2025-06-10",Meta Ads,false,1996-06-05
4320,Mikołaj,Zysk,mikołaj.zysk@gmail.com,+48788420523,Wrocław,"89-955","2025-11-11",Organic,false,1991-05-21
4321,Miłosz,Liss,miłosz.liss@gmail.com,+48727124257,Szczecin,"24-122","2024-11-30",Referral,false,1964-11-12
4322,Gustaw,Troć,gustaw.troć@gmail.com,+48069169463,Kraków,"98-818","2025-11-14",Newsletter,false,1979-07-19
4325,Antoni,Hanc,antoni.hanc@gmail.com,+48342031577,Radom,"11-182","2025-04-18",Organic,false,1970-06-26
4326,Oskar,Trybuś,oskar.trybuś@gmail.com,+48384629480,Kraków,"48-933","2025-12-15",Meta Ads,false,2007-02-18
4327,Nela,Dulik,nela.dulik@gmail.com,+48442181197,Wrocław,"33-547","2024-10-05",Meta Ads,true,1997-10-30
4329,Julita,Kurzak,julita.kurzak@onet.pl,+48977997206,Gdańsk,"14-486","2025-12-28",Influencer,true,1986-10-20
4330,Ewa,Grodek,ewa.grodek@wp.pl,+48018720562,Gdynia,"92-507","2025-01-17",Meta Ads,false,2008-02-26
4331,Hubert,Kraszkiewicz,hubert.kraszkiewicz@wp.pl,+48220350566,Lublin,"11-178","2026-03-31",Newsletter,false,1986-03-22
4333,Adrianna,Chochół,adrianna.chochół@gmail.com,+48232479429,Gdynia,"92-419","2025-11-09",Meta Ads,true,1997-08-07
4334,Leon,Nehring,leon.nehring@wp.pl,+48881925727,Olsztyn,"55-078","2025-04-17",Meta Ads,true,1963-05-27
4336,Olaf,Mycek,olaf.mycek@onet.pl,+48690533590,Warszawa,"98-906","2025-11-07",Google Ads,false,1980-12-19
4337,Olaf,Jas,olaf.jas@gmail.com,+48744640296,Poznań,"45-714","2025-07-24",Meta Ads,false,1986-10-19
4338,Ernest,Szyma,ernest.szyma@gmail.com,+48827291752,Olsztyn,"97-546","2025-12-24",Meta Ads,false,1958-02-22
4339,Bianka,Gorol,bianka.gorol@gmail.com,+48520976306,Warszawa,"82-173","2025-06-06",Meta Ads,false,1975-02-15
4061,Dawid,Niklewicz,dawid.niklewicz@gmail.com,+48463874654,Toruń,"38-465","2025-11-26",Influencer,false,1961-04-17
1139,Natan,Strug,natan.strug@gmail.com,+48492868888,Gorzów Wielkopolski,"81-548","2024-11-14",Meta Ads,true,2000-03-30
1140,Anita,Szkatuła,anita.szkatuła@gmail.com,+48280025769,Wrocław,"50-192","2026-01-03",Newsletter,false,1987-02-21
1141,Norbert,Kuciak,norbert.kuciak@gmail.com,+48489877872,Gdańsk,"41-727","2024-09-04",Organic,true,1957-04-09
1142,Klara,Śmieszek,klara.śmieszek@onet.pl,+48158627651,Szczecin,"64-899","2024-12-06",Meta Ads,false,1968-03-10
1143,Aniela,Grymuza,aniela.grymuza@gmail.com,+48588813706,Warszawa,"39-222","2025-10-22",Influencer,true,1983-06-05
1145,Ksawery,Samol,ksawery.samol@gmail.com,+48834498973,Katowice,"57-519","2026-06-13",Google Ads,false,1956-11-30
4355,Witold,Pudełek,witold.pudełek@gmail.com,+48472849573,Warszawa,"06-262","2025-12-20",Google Ads,true,1973-01-11
4357,Olaf,Stanuch,olaf.stanuch@gmail.com,+48212569001,Kraków,"93-559","2026-03-09",Meta Ads,false,1982-04-04
4360,Paweł,Tłuczek,paweł.tłuczek@gmail.com,+48015722845,Gdynia,"09-733","2024-11-28",Google Ads,false,2001-11-04
4361,Monika,Dziełak,monika.dziełak@wp.pl,+48579467943,Opole,"65-294","2024-12-14",Google Ads,false,1982-11-06
4362,Krzysztof,Kwapis,krzysztof.kwapis@gmail.com,+48482028319,Olsztyn,"55-354","2025-04-15",Google Ads,true,2008-01-04
4363,Konstanty,Piguła,konstanty.piguła@o2.pl,+48478951250,Konin,"33-939","2025-06-17",Meta Ads,false,1991-02-09
4365,Ewelina,Kuświk,ewelina.kuświk@o2.pl,+48283703646,Konin,"69-901","2026-02-14",Meta Ads,true,1974-10-05
4366,Wiktor,Buchalik,wiktor.buchalik@onet.pl,+48817154333,Wrocław,"78-635","2024-11-30",Meta Ads,false,1967-02-13
4367,Bianka,Łuczkiewicz,bianka.łuczkiewicz@interia.pl,+48975037465,Bydgoszcz,"02-658","2025-04-20",Influencer,true,1991-12-19
4368,Kazimierz,Karłowicz,kazimierz.karłowicz@gmail.com,+48086238209,Kielce,"83-611","2026-04-29",Meta Ads,false,1962-02-17
4370,Julita,Reiter,julita.reiter@gmail.com,+48029139559,Radom,"50-824","2026-06-05",Newsletter,false,1988-07-26
4371,Elżbieta,Wójt,elżbieta.wójt@gmail.com,+48462876350,Rzeszów,"76-541","2026-08-06",Google Ads,false,1982-11-12
4373,Norbert,Sura,norbert.sura@gmail.com,+48232332300,Warszawa,"62-593","2025-03-14",Organic,false,1992-11-09
555,Aurelia,Semenowicz,aurelia.semenowicz@gmail.com,+48279842025,Warszawa,"98-704","2024-11-19",Newsletter,false,1967-07-21
556,Aniela,Gowin,aniela.gowin@o2.pl,+48805844199,Piła,"05-302","2024-09-08",Google Ads,true,1956-08-28
557,Robert,Błaszyk,robert.błaszyk@gmail.com,+48358921465,Kraków,"10-351","2026-07-19",Meta Ads,true,1964-08-11
558,Albert,Linkiewicz,albert.linkiewicz@gmail.com,+48887187069,Szczecin,"94-077","2025-01-15",Influencer,false,1984-08-03
559,Tomasz,Reszke,tomasz.reszke@wp.pl,+48218463990,Kraków,"77-629","2025-01-17",Google Ads,false,2002-12-08
560,Antoni,Raźniak,antoni.raźniak@gmail.com,+48590639637,Wrocław,"84-169","2024-11-04",Google Ads,false,1987-10-14
4376,Dawid,Kurzac,dawid.kurzac@o2.pl,+48149866155,Kraków,"94-613","2025-11-09",Meta Ads,false,1984-03-28
4377,Fryderyk,Palej,fryderyk.palej@gmail.com,+48604137322,Rzeszów,"33-180","2025-11-05",Organic,false,1969-10-15
4341,Dagmara,Leszcz,dagmara.leszcz@gmail.com,+48947403840,Kraków,"97-239","2024-12-27",Meta Ads,false,1982-04-12
4344,Leonard,Suchoń,leonard.suchoń@gmail.com,+48945924049,Olsztyn,"84-479","2026-02-04",Meta Ads,false,1973-07-15
4345,Tymon,Kominiak,tymon.kominiak@wp.pl,+48872805797,Gdańsk,"26-866","2026-03-20",Meta Ads,true,2002-03-28
4347,Adrianna,Sobel,adrianna.sobel@onet.pl,+48858600891,Poznań,"99-551","2026-07-06",Google Ads,false,1988-03-06
4349,Karol,Kunka,karol.kunka@gmail.com,+48044122057,Wrocław,"57-923","2026-06-04",Meta Ads,false,1996-08-05
4350,Gabriel,Pelka,gabriel.pelka@interia.pl,+48240480016,Kraków,"86-301","2025-12-13",Google Ads,true,1989-10-13
4184,Olga,Wąsek,olga.wąsek@wp.pl,+48706280313,Łódź,"73-937","2026-05-07",Meta Ads,false,1996-04-27
4351,Leon,Pyrkosz,leon.pyrkosz@gmail.com,+48590724878,Elbląg,"22-032","2025-12-03",Google Ads,true,1965-10-01
4378,Gabriel,Stwora,gabriel.stwora@gmail.com,+48661992398,Warszawa,"72-665","2026-02-07",Organic,false,1967-08-05
4380,Paweł,Barteczko,paweł.barteczko@gmail.com,+48965151618,Kielce,"15-662","2026-04-28",Organic,false,1990-07-20
4381,Sonia,Dziadkowiec,sonia.dziadkowiec@gmail.com,+48775281510,Warszawa,"51-943","2025-12-05",Organic,false,1998-11-22
4382,Nicole,Mol,nicole.mol@gmail.com,+48154538520,Kielce,"23-530","2025-10-30",Meta Ads,false,2001-07-17
4383,Franciszek,Lukas,franciszek.lukas@gmail.com,+48645827504,Wrocław,"74-571","2026-05-24",Google Ads,false,2004-07-29
4385,Bartek,Pawlukiewicz,bartek.pawlukiewicz@gmail.com,+48954311465,Warszawa,"30-180","2024-12-12",Meta Ads,false,2002-09-17
4386,Kacper,Pakosz,kacper.pakosz@gmail.com,+48139886109,Radom,"89-535","2025-06-09",Influencer,true,1976-01-19
4387,Justyna,Kubasiak,justynakubasiak@gmail.com,+48950345304,Elbląg,"15-047","2025-08-31",Meta Ads,false,2003-10-30
4388,Apolonia,Świergiel,apolonia.świergiel@wp.pl,+48898813214,Piła,"81-612","2024-10-24",Meta Ads,false,1991-03-09
4390,Marcel,Godyń,marcel.godyń@gmail.com,+48934676729,Konin,"71-086","2024-11-20",Influencer,false,1998-12-10
4391,Rafał,Pacia,rafał.pacia@gmail.com,+48931791799,Wrocław,"50-816","2025-12-29",Google Ads,false,1960-07-09
4392,Stanisław,Cyba,stanisław.cyba@gmail.com,+48809257182,Wrocław,"31-920","2025-09-11",Meta Ads,false,1984-11-27
4393,Alex,Foremniak,alexforemniak@o2.pl,+48797266843,Warszawa,"32-657","2024-09-13",Meta Ads,true,2005-08-06
4394,Julianna,Białczyk,juliannabiałczyk@wp.pl,+48413453167,Elbląg,"97-049","2026-06-13",Meta Ads,false,1997-04-06
4395,Jacek,Sąsiadek,jacek.sąsiadek@gmail.com,+48905970673,Bydgoszcz,"97-785","2026-04-14",Google Ads,false,2000-12-22
4202,Sylwia,Nazarewicz,sylwia.nazarewicz@gmail.com,+48753271374,Łódź,"24-358","2026-07-22",Meta Ads,true,1983-10-11
4396,Sebastian,Gasik,sebastian.gasik@o2.pl,+48612076563,Katowice,"41-317","2025-09-11",Google Ads,true,1977-04-03
4397,Julianna,Klatka,julianna.klatka@interia.pl,+48115475305,Szczecin,"87-810","2025-01-23",Meta Ads,false,1960-10-08
4402,Michał,Goik,michał.goik@gmail.com,+48902477317,Rzeszów,"06-447","2026-07-04",Meta Ads,false,1978-07-15
4124,Aurelia,Teter,aurelia.teter@gmail.com,+48708609861,Toruń,"64-626","2026-04-08",Influencer,false,1993-07-08
1146,Karina,Sass,karina.sass@gmail.com,+48981433140,Opole,"20-195","2025-12-17",Organic,false,1973-08-15
524,Konstanty,Franczuk,konstanty.franczuk@interia.pl,+48980213246,Łódź,"61-543","2025-12-12",Organic,false,1974-07-16
1147,Karina,Pela,karina.pela@gmail.com,+48146564655,Rzeszów,"68-318","2025-12-22",Google Ads,true,1996-09-12
4403,Tobiasz,Midura,tobiasz.midura@gmail.com,+48596622731,Olsztyn,"35-095","2025-10-23",Referral,false,1959-07-05
4353,Wojciech,Władyka,wojciech.władyka@wp.pl,+48701147536,Kraków,do weryf,"2024-12-21",Organic,false,1993-06-13
4372,Marcin,Mielke,marcin.mielke@gmail.com,+48643281928,Lublin,do weryf,"2024-11-25",Newsletter,false,1987-05-03
4411,Sylwia,Dankiewicz,sylwia.dankiewicz@o2.pl,+48908847268,Konin,"52-164","2024-11-19",Google Ads,false,1976-03-07
4412,Róża,Wrochna,róża.wrochna@wp.pl,+48002031523,Warszawa,"02-541","2026-04-01",Meta Ads,false,1968-01-01
4413,Kornelia,Jachna,kornelia.jachna@gmail.com,+48412982764,Gdynia,"72-533","2025-11-02",Google Ads,false,2003-03-05
4415,Ada,Kilar,ada.kilar@gmail.com,+48087849145,Warszawa,"79-075","2026-06-09",Organic,false,1974-11-22
4416,Leonard,Rolek,leonard.rolek@gmail.com,+48881238176,Kraków,"76-440","2024-10-27",Organic,false,1965-03-02
4417,Agnieszka,Cich,agnieszka.cich@gmail.com,+48584411547,Warszawa,"10-584","2025-09-05",Influencer,false,1979-09-07
4418,Albert,Karpeta,albert.karpeta@gmail.com,+48647724462,Wrocław,"89-609","2025-05-01",Newsletter,true,1968-02-22
4419,Michał,Rej,michał.rej@onet.pl,+48137024441,Gdańsk,"17-442","2025-11-17",Meta Ads,false,2002-04-19
4421,Daniel,Ciećko,danielciećko@interia.pl,+48628350029,Kraków,"02-310","2025-02-17",Meta Ads,false,2007-06-02
4422,Bianka,Pyzel,bianka.pyzel@wp.pl,+48845487298,Warszawa,"01-780","2025-10-23",Organic,true,2005-08-10
4423,Anita,Frost,anita.frost@gmail.com,+48043749285,Olsztyn,"18-964","2025-12-07",Referral,true,1959-06-16
4424,Marcelina,Sadlik,marcelina.sadlik@gmail.com,+48438495324,Piła,"43-523","2024-11-24",Meta Ads,false,1972-04-03
4427,Ernest,Smela,ernest.smela@gmail.com,+48084767131,Opole,"24-803","2026-07-09",Organic,false,1959-07-20
4428,Rozalia,Beck,rozalia.beck@wp.pl,+48381410237,Poznań,"83-565","2025-04-05",Meta Ads,false,1963-04-06
4429,Tomasz,Jasionek,tomasz.jasionek@gmail.com,+48452062207,Gdańsk,"92-607","2024-11-15",Organic,false,1976-12-11
4430,Sebastian,Gnyp,sebastian.gnyp@gmail.com,+48593558246,Piła,"35-182","2025-09-28",Organic,false,1964-03-21
4235,Inga,Welenc,inga.welenc@gmail.com,+48072837704,Łódź,"11-241","2025-12-09",Meta Ads,false,1975-03-04
4432,Mikołaj,Pieczyrak,mikołaj.pieczyrak@gmail.com,+48492423674,Zielona Góra,"91-903","2026-07-02",Meta Ads,true,2008-05-14
561,Justyna,Szczerbiak,justyna.szczerbiak@gmail.com,+48334691058,Warszawa,"07-104","2026-06-25",Newsletter,false,1973-02-21
562,Rafał,Melka,rafał.melka@gmail.com,+48707556593,Poznań,"90-568","2025-10-31",Newsletter,true,1993-11-11
563,Rozalia,Bobrowicz,rozalia.bobrowicz@gmail.com,+48674364372,Warszawa,"85-289","2025-12-21",Influencer,true,1971-05-11
565,Marika,Kusek,marika.kusek@gmail.com,+48571099450,Katowice,"07-370","2025-04-04",Organic,true,1955-10-18
567,Ksawery,Rawa,ksawery.rawa@o2.pl,+48007548281,Gdańsk,"04-212","2024-10-01",Referral,false,1964-08-25
568,Aleks,Chachuła,aleks.chachuła@interia.pl,+48165909269,Poznań,"61-865","2024-12-02",Newsletter,false,1961-09-19
4433,Błażej,Hanzel,błażej.hanzel@gmail.com,+48472409093,Szczecin,"94-376","2024-10-30",Google Ads,true,1969-09-18
4434,Adrian,Szlęk,adrian.szlęk@gmail.com,+48975577298,Kraków,"71-355","2026-02-21",Organic,false,1991-09-09
4435,Mariusz,Niemira,mariusz.niemira@gmail.com,+48365093861,Kraków,"06-327","2025-09-02",Organic,false,1978-08-28
4404,Kamila,Berus,kamila.berus@onet.pl,+48011640998,Warszawa,"39-889","2026-05-25",Organic,false,1960-03-07
4405,Tomasz,Dyda,tomasz.dyda@o2.pl,+48380521116,Kraków,"29-289","2025-11-14",Organic,false,1955-09-05
4406,Adrianna,Dusik,adrianna.dusik@onet.pl,+48499573397,Lublin,"42-103","2025-07-19",Influencer,true,1976-09-24
4407,Tola,Paściak,tola.paściak@o2.pl,+48441003115,Bydgoszcz,"99-634","2026-04-25",Meta Ads,false,1980-06-22
4409,Eryk,Kałwak,eryk.kałwak@gmail.com,+48841965588,Lublin,"54-562","2026-05-19",Organic,false,1966-04-26
4410,Bianka,Pachołek,bianka.pachołek@gmail.com,+48888666091,Warszawa,"49-548","2025-03-05",Google Ads,true,1994-01-20
4436,Dorota,Byra,dorota.byra@gmail.com,+48538441797,Warszawa,"01-866","2025-05-27",Meta Ads,true,1986-03-25
4437,Hubert,Usarek,hubert.usarek@wp.pl,+48953075976,Gdańsk,"47-509","2024-10-26",Meta Ads,true,1999-08-12
4438,Aurelia,Wożniak,aurelia.wożniak@gmail.com,+48233688072,Radom,"94-051","2025-11-23",Meta Ads,false,1958-12-14
4439,Blanka,Muskała,blanka.muskała@wp.pl,+48505930002,Rzeszów,"91-921","2025-11-19",Organic,false,1973-09-24
4440,Jacek,Moryc,jacekmoryc@onet.pl,+48044702131,Olsztyn,"59-176","2025-02-25",Google Ads,true,1966-10-17
4441,Łukasz,Widłak,łukasz.widłak@o2.pl,+48730810128,Wrocław,"61-182","2026-06-18",Google Ads,false,1982-04-05
4442,Melania,Fac,melania.fac@gmail.com,+48543286646,Wrocław,"42-909","2025-03-16",Google Ads,false,1993-10-25
4443,Konstanty,Durlik,konstanty.durlik@gmail.com,+48541799144,Konin,"08-092","2025-07-10",Meta Ads,false,1981-04-29
4445,Aniela,Seidel,aniela.seidel@gmail.com,+48603988642,Elbląg,"12-140","2024-11-02",Newsletter,false,2008-04-05
4446,Wojciech,Rubacha,wojciech.rubacha@onet.pl,+48841930692,Wrocław,"70-947","2026-06-29",Google Ads,false,2004-12-13
4447,Mariusz,Cichowlas,mariusz.cichowlas@gmail.com,+48379026008,Białystok,"62-068","2025-05-03",Meta Ads,false,1958-09-19
4448,Nataniel,Gabrych,nataniel.gabrych@gmail.com,+48666232242,Gdynia,"83-715","2024-10-06",Google Ads,false,1995-07-05
4260,Sandra,Famuła,sandra.famuła@gmail.com,+48456461719,Łódź,"82-290","2024-12-28",Organic,false,1999-11-09
4262,Marianna,Ziemkiewicz,marianna.ziemkiewicz@gmail.com,+48704211967,Łódź,"35-464","2026-03-29",Organic,false,1982-09-19
4449,Stanisław,Walo,stanisław.walo@gmail.com,+48435814816,Olsztyn,"15-589","2025-05-01",Referral,false,1975-04-20
4451,Dominik,Rozumek,dominik.rozumek@wp.pl,+48578783040,Gdańsk,"85-089","2025-09-06",Meta Ads,false,1972-04-15
4452,Marianna,Wywiał,marianna.wywiał@gmail.com,+48472429006,Kraków,"96-902","2025-12-13",Meta Ads,false,1957-11-27
4453,Olgierd,Sadza,olgierd.sadza@gmail.com,+48631994049,Poznań,"57-055","2024-10-19",Organic,false,1999-02-06
4455,Kornelia,Siebert,kornelia.siebert@o2.pl,+48411193245,Warszawa,"41-697","2026-03-06",Google Ads,false,1956-05-16
4191,Ida,Fraś,ida.fraś@onet.pl,+48256611058,Toruń,"05-213","2026-07-20",Google Ads,false,1957-01-02
526,Tadeusz,Wojsa,tadeusz.wojsa@gmail.com,+48870375570,Łódź,"69-836","2026-07-26",Google Ads,false,1997-07-13
1160,Ryszard,Panasiewicz,ryszard.panasiewicz@gmail.com,+48286544856,Warszawa,"32-176","2026-05-26",Organic,false,1959-05-16
87,Adrian,Fryś,adrian.fryś@gmail.com,+48620095144,Warszawa,"49-158","2025-01-06",Newsletter,false,1964-03-11
89,Marek,Kuska,marek.kuska@wp.pl,+48945268726,Kraków,"79-292","2026-03-07",Referral,true,1995-06-22
90,Adrianna,Sztaba,adrianna.sztaba@wp.pl,+48161097761,Warszawa,"69-245","2024-12-01",Newsletter,true,1971-12-30
91,Natasza,Wawrzyk,natasza.wawrzyk@onet.pl,+48177834664,Warszawa,"25-377","2024-10-13",Google Ads,true,1991-07-19
4456,Karina,Wiaderek,karina.wiaderek@gmail.com,+48681534940,Zielona Góra,"90-850","2024-10-02",Meta Ads,false,2007-12-17
4459,Julian,Sierpień,julian.sierpień@gmail.com,+48241743217,Piła,"73-535","2026-04-10",Newsletter,false,1980-06-01
4460,Tola,Dziób,tola.dziób@gmail.com,+48560961779,Gdańsk,"74-219","2025-04-18",Meta Ads,true,2001-06-14
4461,Klara,Natanek,klara.natanek@gmail.com,+48850114744,Warszawa,"17-610","2025-11-22",Newsletter,false,1969-03-22
4464,Lidia,Garncarek,lidia.garncarek@gmail.com,+48545181710,Opole,"40-831","2024-12-18",Meta Ads,false,1984-02-18
4465,Bruno,Ufniarz,bruno.ufniarz@onet.pl,+48962512016,Kraków,"93-793","2024-11-06",Newsletter,false,1959-05-06
4466,Robert,Kapustka,robert.kapustka@wp.pl,+48527662478,Poznań,"06-158","2025-03-25",Google Ads,false,1974-03-29
4467,Melania,Ligenza,melania.ligenza@gmail.com,+48292257254,Warszawa,"79-413","2025-09-07",Meta Ads,false,1967-05-08
4420,Maurycy,Grochola,maurycy.grochola@gmail.com,+48582801434,Kraków,do weryf,"2026-03-03",Newsletter,false,1986-03-12
4425,Ignacy,Kudłacik,ignacy.kudłacik@gmail.com,+48897517691,Leszno,do weryf,"2026-03-28",Google Ads,false,1971-01-03
4444,Eliza,Molka,eliza.molka@onet.pl,+48698951727,Lublin,do weryf,"2025-10-23",Referral,false,1969-06-21
4476,Olga,Wołoch,olgawołoch@interia.pl,+48379653953,Katowice,"70-049","2025-01-26",Meta Ads,false,1973-02-16
4479,Maks,Kwinta,maks.kwinta@gmail.com,+48668435904,Piła,"47-984","2024-12-14",Google Ads,false,1976-08-21
4480,Gabriel,Sopata,gabriel.sopata@gmail.com,+48541080764,Leszno,"24-747","2026-05-02",Meta Ads,true,1999-04-21
4296,Jędrzej,Haponiuk,jędrzej.haponiuk@gmail.com,+48196822361,Łódź,"85-051","2025-11-03",Organic,false,1961-06-16
4481,Gaja,Tecław,gaja.tecław@gmail.com,+48245269722,Zielona Góra,"70-960","2026-04-11",Newsletter,false,1973-04-05
4482,Arkadiusz,Łuczkiewicz,arkadiusz.łuczkiewicz@gmail.com,+48515159389,Gdynia,"06-506","2024-10-24",Influencer,false,1988-12-05
4483,Fabian,Józefczak,fabian.józefczak@gmail.com,+48385482167,Wrocław,"04-683","2024-11-15",Meta Ads,true,2008-01-27
4484,Paweł,Soczówka,paweł.soczówka@wp.pl,+48120937370,Kraków,"30-103","2025-08-29",Organic,true,2006-01-01
4485,Oskar,Bociek,oskar.bociek@o2.pl,+48817639370,Kraków,"65-964","2025-11-11",Meta Ads,true,1976-02-26
4486,Kacper,Garczarek,kacper.garczarek@wp.pl,+48513248131,Rzeszów,"43-825","2025-02-20",Meta Ads,false,1971-03-24
569,Ewa,Gilewicz,ewagilewicz@gmail.com,+48812892037,Suwałki,"63-917","2026-04-16",Organic,false,1990-08-19
570,Tomasz,Monkiewicz,tomasz.monkiewicz@gmail.com,+48516692374,Kielce,"70-397","2026-02-18",Organic,false,1965-05-24
571,Fryderyk,Nyk,fryderyk.nyk@gmail.com,+48694998453,Konin,"24-457","2025-04-30",Organic,false,1957-12-16
572,Monika,Bobko,monika.bobko@wp.pl,+48525786466,Częstochowa,"34-232","2025-05-26",Organic,false,1999-12-18
573,Sylwia,Hamera,sylwia.hamera@gmail.com,+48424240314,Gdańsk,"20-771","2025-09-10",Newsletter,false,1992-07-04
574,Patryk,Szczudło,patryk.szczudło@gmail.com,+48517616324,Warszawa,"86-353","2024-09-26",Meta Ads,false,1998-06-06
584,Krzysztof,Rej,krzysztof.rej@gmail.com,+48612636643,Warszawa,"50-570","2024-10-08",Meta Ads,true,1976-08-27
585,Arkadiusz,Cłapa,arkadiusz.cłapa@wp.pl,+48183676324,Suwałki,"36-533","2025-04-10",Meta Ads,true,1979-11-17
586,Bartek,Bryczek,bartek.bryczek@interia.pl,+48727568701,Warszawa,"90-639","2026-02-17",Google Ads,false,1986-09-26
587,Sandra,Tomaszkiewicz,sandra.tomaszkiewicz@gmail.com,+48524584309,Kraków,"54-154","2025-10-04",Meta Ads,false,1963-06-13
4278,Józef,Bas,józef.bas@onet.pl,+48062504574,Opole,"90-023","2025-03-22",Google Ads,true,2003-10-29
4488,Kajetan,Rozum,kajetan.rozum@gmail.com,+48433739879,Warszawa,"82-025","2025-11-30",Meta Ads,false,1977-02-13
4489,Leonard,Duszkiewicz,leonard.duszkiewicz@gmail.com,+48435032634,Warszawa,"41-838","2025-04-04",Google Ads,false,2004-05-08
4490,Cezary,Mironiuk,cezary.mironiuk@gmail.com,+48840402715,Elbląg,"11-699","2024-09-18",Meta Ads,false,1964-12-24
4491,Jakub,Siwka,jakub.siwka@onet.pl,+48973015241,Zielona Góra,"11-683","2026-02-27",Meta Ads,false,1962-10-05
4492,Monika,Górkiewicz,monika.górkiewicz@gmail.com,+48650872056,Białystok,"73-366","2024-12-07",Organic,true,2001-10-22
4493,Stanisław,Pesta,stanisław.pesta@gmail.com,+48752088993,Kraków,"21-881","2026-04-15",Google Ads,false,1977-09-24
4495,Grzegorz,Ludwin,grzegorz.ludwin@gmail.com,+48719489144,Kraków,"45-990","2025-10-28",Meta Ads,false,1997-11-20
4496,Julianna,Kuliberda,julianna.kuliberda@gmail.com,+48418753422,Opole,"57-649","2026-05-24",Newsletter,true,2002-10-19
4497,Natan,Płaneta,natan.płaneta@o2.pl,+48657951839,Katowice,"57-290","2026-04-28",Newsletter,false,1957-12-01
4498,Anastazja,Dmoch,anastazja.dmoch@wp.pl,+48381180744,Leszno,"98-454","2025-05-06",Newsletter,false,1992-12-01
4468,Grzegorz,Misiaszek,grzegorz.misiaszek@wp.pl,+48378689632,Kraków,"60-914","2025-11-04",Influencer,false,1971-04-29
4469,Olgierd,Mila,olgierd.mila@gmail.com,+48163596865,Gdynia,"33-537","2026-03-01",Influencer,false,1996-02-01
4470,Tadeusz,Staciwa,tadeusz.staciwa@gmail.com,+48492198236,Kraków,"20-431","2025-11-13",Influencer,false,1983-09-07
4475,Olaf,Ostafin,olaf.ostafin@wp.pl,+48510561131,Gdańsk,"81-993","2026-04-13",Google Ads,false,2000-08-20
4323,Malwina,Tadla,malwina.tadla@interia.pl,+48260469728,Łódź,"85-486","2024-12-25",Organic,true,1972-01-22
4477,Mikołaj,Olma,mikołaj.olma@wp.pl,+48878969013,Poznań,"57-950","2024-09-22",Google Ads,false,1970-04-05
4500,Maks,Ciastek,maks.ciastek@o2.pl,+48040493429,Katowice,"96-605","2026-02-15",Meta Ads,false,1991-04-28
4246,Lidia,Węgier,lidia.węgier@wp.pl,+48914193877,Toruń,"12-849","2025-03-10",Influencer,true,2000-04-02
93,Fryderyk,Dudczak,fryderyk.dudczak@wp.pl,+48536462431,Warszawa,"68-429","2024-09-25",Meta Ads,false,2006-10-22
95,Mikołaj,Walocha,mikołaj.walocha@gmail.com,+48656751451,Wrocław,"62-896","2025-05-18",Google Ads,false,1975-04-09
97,Karol,Fuławka,karol.fuławka@gmail.com,+48329005140,Poznań,"21-280","2025-10-03",Meta Ads,false,1979-05-30
101,Marek,Chwalisz,marek.chwalisz@gmail.com,+48621192682,Kraków,"11-384","2024-10-29",Meta Ads,false,1967-06-30
1169,Natasza,Płócienniczak,natasza.płócienniczak@gmail.com,+48681623001,Wrocław,"29-148","2025-10-20",Organic,true,2001-03-26
1170,Robert,Penkala,robert.penkala@gmail.com,+48510737391,Warszawa,"51-188","2026-05-02",Meta Ads,false,1992-09-03
4501,Antoni,Podeszwa,antoni.podeszwa@gmail.com,+48261797685,Gdańsk,"86-770","2025-06-09",Referral,false,1999-07-19
4328,Tobiasz,Jędruch,tobiasz.jędruch@onet.pl,+48425350330,Łódź,"01-779","2025-06-17",Meta Ads,false,2003-07-14
4502,Franciszek,Rychel,franciszek.rychel@wp.pl,+48453524603,Warszawa,"51-295","2024-12-27",Newsletter,true,2006-05-04
4504,Elżbieta,Szynkiewicz,elżbieta.szynkiewicz@gmail.com,+48855764345,Warszawa,"01-285","2024-12-11",Meta Ads,false,1974-01-18
4505,Filip,Majzner,filip.majzner@gmail.com,+48073933735,Zielona Góra,"28-439","2024-09-17",Google Ads,false,1958-01-04
4507,Patryk,Cieloch,patryk.cieloch@o2.pl,+48599133874,Gdańsk,"84-345","2025-11-10",Organic,true,2002-04-06
4508,Tymoteusz,Hnat,tymoteusz.hnat@gmail.com,+48953567296,Katowice,"46-355","2025-12-14",Organic,true,1995-11-16
4509,Andrzej,Pyziak,andrzej.pyziak@gmail.com,+48817007972,Gdynia,"88-581","2025-03-25",Influencer,false,1973-08-22
4510,Aleksander,Paprotny,aleksander.paprotny@o2.pl,+48313002688,Kraków,"50-073","2025-03-12",Google Ads,true,1957-05-10
4511,Kalina,Kleban,kalina.kleban@gmail.com,+48368698966,Bydgoszcz,"73-964","2025-04-26",Newsletter,false,1986-03-17
4512,Kacper,Joszko,kacper.joszko@gmail.com,+48098230137,Kraków,"74-439","2025-12-28",Google Ads,false,2005-07-27
4354,Rozalia,Juśkiewicz,rozalia.juśkiewicz@gmail.com,+48093927652,Łódź,"09-622","2024-09-12",Google Ads,true,1997-02-24
4513,Krystyna,Rycerz,krystyna.rycerz@o2.pl,+48088386176,Konin,"10-560","2024-10-25",Meta Ads,false,1976-02-06
4356,Eryk,Muc,erykmuc@o2.pl,+48879047494,Łódź,"50-624","2025-04-17",Meta Ads,false,2008-04-18
4515,Tadeusz,Wojewódka,tadeusz.wojewódka@gmail.com,+48935319710,Gdańsk,"65-274","2024-12-01",Google Ads,false,1992-05-25
4517,Stefan,Dyka,stefan.dyka@gmail.com,+48485941266,Kraków,"75-716","2024-12-19",Organic,true,2006-08-24
4518,Mariusz,Kurzac,mariusz.kurzac@onet.pl,+48403681713,Konin,"29-022","2026-02-22",Meta Ads,true,1955-09-28
4519,Marika,Łapot,marika.łapot@wp.pl,+48365322017,Poznań,"49-777","2024-12-28",Newsletter,false,2000-07-17
4520,Damian,Rezler,damian.rezler@gmail.com,+48210984602,Katowice,"42-009","2024-10-09",Meta Ads,false,1967-02-23
4524,Daniel,Turczyk,daniel.turczyk@wp.pl,+48391901700,Warszawa,"08-643","2025-12-16",Organic,false,1965-06-29
4364,Olgierd,Piejko,olgierd.piejko@gmail.com,+48848514362,Łódź,"34-438","2025-04-30",Referral,false,1958-06-06
4526,Norbert,Folta,norbert.folta@onet.pl,+48967970718,Olsztyn,"13-072","2026-04-26",Meta Ads,false,1956-05-26
588,Julianna,Sypuła,julianna.sypuła@gmail.com,+48142488838,Konin,"98-988","2026-03-31",Google Ads,true,2005-05-25
591,Ernest,Rompa,ernest.rompa@gmail.com,+48304728805,Gorzów Wielkopolski,"63-586","2025-11-12",Meta Ads,true,1987-11-14
592,Piotr,Jarczak,piotr.jarczak@gmail.com,+48968662345,Kraków,"36-413","2025-08-10",Influencer,false,1963-03-21
593,Blanka,Bernatowicz,blanka.bernatowicz@gmail.com,+48504699124,Kielce,"51-911","2024-10-23",Influencer,true,2002-03-07
575,Klara,Golisz,klara.golisz@gmail.com,+48225724113,Leszno,"76-233","2025-01-04",Google Ads,false,1984-12-08
576,Tobiasz,Budych,tobiasz.budych@wp.pl,+48938531142,Poznań,"67-429","2024-12-26",Google Ads,false,2006-10-10
4343,Filip,Kocaj,filip.kocaj@gmail.com,+48431856339,Białystok,"55-261","2025-03-04",Meta Ads,true,1971-10-15
4527,Filip,Szałata,filip.szałata@gmail.com,+48873124382,Zielona Góra,"06-659","2025-03-28",Organic,false,2003-01-12
4528,Sandra,Pałęga,sandra.pałęga@gmail.com,+48281127997,Kraków,"87-048","2025-09-01",Organic,false,1974-06-22
4529,Jan,Melaniuk,jan.melaniuk@wp.pl,+48606312970,Lublin,"98-983","2025-08-08",Organic,false,1984-04-08
4530,Klara,Białczyk,klara.białczyk@gmail.com,+48733690230,Piła,"33-249","2025-04-07",Referral,true,1956-05-01
4474,Eryk,Matyjaszek,eryk.matyjaszek@gmail.com,+48093428361,Konin,do weryf,"2025-06-22",Organic,true,1964-12-20
4514,Monika,Fołta,monika.fołta@gmail.com,+48381836338,Poznań,do weryf,"2026-06-24",Organic,false,1996-11-04
4523,Daniel,Lesiewicz,daniel.lesiewicz@gmail.com,+48674782514,Zielona Góra,do weryf,"2025-05-20",Referral,false,1984-01-26
4536,Tola,Młyńczyk,tola.młyńczyk@wp.pl,+48512122657,Suwałki,"55-320","2024-12-19",Google Ads,false,1964-06-21
4379,Aniela,Przewoźnik,aniela.przewoźnik@wp.pl,+48756169071,Łódź,"67-242","2024-11-14",Newsletter,false,1968-03-22
4537,Aleksander,Mitek,aleksander.mitek@o2.pl,+48718731846,Lublin,"31-430","2025-05-08",Newsletter,false,1991-02-28
4538,Kajetan,Skomra,kajetan.skomra@o2.pl,+48273543784,Poznań,"02-906","2026-07-19",Influencer,false,1992-05-22
4540,Juliusz,Szaruga,juliusz.szaruga@gmail.com,+48390478188,Warszawa,"60-912","2025-12-03",Organic,false,1956-11-25
4541,Gaja,Chruszcz,gaja.chruszcz@gmail.com,+48797502767,Wrocław,"01-930","2026-01-01",Newsletter,false,1979-03-06
4542,Tomasz,Kara,tomasz.kara@onet.pl,+48922583855,Szczecin,"45-863","2025-07-27",Google Ads,false,1964-03-09
4543,Krystyna,Cichowlas,krystyna.cichowlas@gmail.com,+48684806452,Warszawa,"24-194","2026-06-18",Meta Ads,true,1978-06-18
4544,Alan,Berg,alan.berg@gmail.com,+48131160682,Częstochowa,"83-815","2026-01-25",Organic,false,1987-10-27
4545,Alan,Prucnal,alan.prucnal@gmail.com,+48304885986,Katowice,"46-929","2025-07-11",Meta Ads,false,2003-11-06
4389,Dagmara,Dziurdzia,dagmara.dziurdzia@wp.pl,+48966820016,Łódź,"87-493","2026-07-08",Influencer,true,1993-06-26
4546,Marcel,Dzidek,marcel.dzidek@gmail.com,+48875376007,Olsztyn,"74-932","2025-10-11",Organic,true,1981-07-03
4281,Filip,Jeżyna,filip.jeżyna@wp.pl,+48429289972,Toruń,"25-714","2026-07-26",Google Ads,false,1970-12-02
4358,Tymon,Sadura,tymon.sadura@gmail.com,+48871715840,Toruń,"80-916","2025-04-25",Organic,false,1967-10-03
1171,Kornel,Małysiak,kornel.małysiak@onet.pl,+48312446536,Leszno,"42-465","2025-03-22",Google Ads,false,1981-06-07
1172,Wiktor,Buchalik,wiktor.buchalik@wp.pl,+48533933546,Lublin,"15-360","2025-12-10",Meta Ads,false,1980-12-18
1173,Alan,Sochaj,alan.sochaj@gmail.com,+48903536141,Piła,"99-357","2024-12-07",Referral,true,1987-08-19
1175,Dominik,Kopyto,dominik.kopyto@gmail.com,+48413927359,Opole,"72-666","2025-04-13",Referral,false,1959-05-10
1149,Eliza,Berendt,eliza.berendt@gmail.com,+48253436351,Konin,"17-211","2024-09-15",Meta Ads,false,1993-12-30
1150,Róża,Goss,róża.goss@gmail.com,+48981570233,Leszno,"92-886","2024-11-29",Meta Ads,false,1983-04-13
1151,Jan,Biegała,jan.biegała@wp.pl,+48774245193,Kraków,"06-704","2025-09-24",Organic,false,2000-07-18
1152,Dawid,Borkiewicz,dawid.borkiewicz@gmail.com,+48664953892,Częstochowa,"60-911","2025-12-04",Organic,false,1958-01-15
1153,Angelika,Peda,angelika.peda@gmail.com,+48880806988,Kielce,"85-764","2025-06-11",Influencer,false,1972-02-27
1154,Aurelia,Krauza,aurelia.krauza@gmail.com,+48411786568,Warszawa,"40-655","2026-01-24",Meta Ads,false,2002-11-17
1155,Kazimierz,Bubak,kazimierz.bubak@gmail.com,+48276935273,Kraków,"25-294","2025-09-09",Meta Ads,true,1970-04-04
4548,Dominik,Tomzik,dominik.tomzik@gmail.com,+48364865666,Leszno,"15-516","2025-11-30",Referral,false,1978-09-24
4551,Natasza,Klinkosz,natasza.klinkosz@gmail.com,+48660537955,Warszawa,"91-708","2025-03-12",Meta Ads,false,1960-08-02
4552,Dagmara,Kocurek,dagmara.kocurek@interia.pl,+48718445665,Warszawa,"06-726","2024-12-29",Organic,false,1958-04-06
4553,Natan,Gumieniak,natan.gumieniak@gmail.com,+48313581153,Lublin,"62-548","2024-09-01",Google Ads,false,1996-03-04
4555,Marcin,Doruch,marcin.doruch@gmail.com,+48463517654,Warszawa,"75-492","2026-05-01",Meta Ads,false,2003-04-03
4557,Mikołaj,Szrama,mikołaj.szrama@onet.pl,+48311626175,Kraków,"13-527","2025-12-08",Meta Ads,false,1962-11-30
4558,Malwina,Świgoń,malwinaświgoń@gmail.com,+48305625349,Warszawa,"01-056","2025-11-13",Meta Ads,false,1965-01-03
4400,Jakub,Lipowicz,jakub.lipowicz@gmail.com,+48886475497,Łódź,"36-967","2025-02-02",Google Ads,false,1973-01-20
4559,Bruno,Grzelec,bruno.grzelec@o2.pl,+48332865164,Kraków,"38-550","2026-04-30",Meta Ads,false,1962-05-08
4531,Oliwier,Janasik,oliwier.janasik@gmail.com,+48042673378,Kraków,"50-403","2026-05-27",Meta Ads,false,1979-02-17
4532,Łukasz,Małas,łukasz.małas@gmail.com,+48372591591,Kraków,"01-289","2024-12-28",Meta Ads,true,2003-02-08
4534,Sylwia,Paleń,sylwia.paleń@gmail.com,+48076557361,Poznań,"70-462","2025-10-06",Meta Ads,false,1972-09-23
4535,Sylwia,Siewert,sylwia.siewert@o2.pl,+48795060688,Gdynia,"24-090","2025-11-14",Meta Ads,true,1964-08-28
4560,Olaf,Samiec,olaf.samiec@gmail.com,+48474978256,Rzeszów,"85-969","2025-08-18",Meta Ads,false,1963-11-02
4561,Iwo,Watras,iwo.watras@gmail.com,+48629615944,Warszawa,"36-286","2026-05-22",Referral,false,1981-06-03
4414,Sylwia,Wita,sylwia.wita@gmail.com,+48480310328,Łódź,"61-542","2026-05-23",Meta Ads,false,2008-05-01
4562,Konstanty,Rompa,konstanty.rompa@gmail.com,+48334398342,Warszawa,"28-749","2025-04-05",Organic,false,1962-07-29
4563,Anna Maria,Pajek,anna maria.pajek@gmail.com,+48610561414,Wrocław,"15-068","2026-06-20",Meta Ads,false,1977-12-07
4564,Olgierd,Roś,olgierd.roś@gmail.com,+48679646912,Kraków,"78-728","2025-12-11",Google Ads,false,1965-12-30
4565,Mateusz,Tekiela,mateusz.tekiela@o2.pl,+48777733573,Szczecin,"17-754","2025-02-20",Meta Ads,false,1988-11-03
4566,Bartek,Szymańczyk,bartek.szymańczyk@o2.pl,+48477466084,Suwałki,"05-650","2025-10-05",Meta Ads,true,1966-08-11
4567,Franciszek,Dorawa,franciszek.dorawa@o2.pl,+48190478143,Warszawa,"92-713","2025-09-04",Influencer,true,1963-07-04
4568,Adrian,Trepka,adrian.trepka@gmail.com,+48897604018,Poznań,"92-450","2024-11-04",Meta Ads,false,1981-12-28
4569,Hubert,Juraszczyk,hubert.juraszczyk@gmail.com,+48771115912,Poznań,"14-250","2025-11-25",Influencer,true,1975-05-12
4570,Eryk,Podsiadła,eryk.podsiadła@wp.pl,+48778210088,Warszawa,"98-134","2025-03-14",Meta Ads,false,1982-04-10
4431,Malwina,Potyrała,malwina.potyrała@gmail.com,+48331235094,Łódź,"66-602","2024-11-02",Meta Ads,false,1959-07-17
577,Lidia,Dorobek,lidia.dorobek@gmail.com,+48069130086,Wrocław,"31-488","2025-02-20",Newsletter,true,1971-06-08
578,Ewa,Choina,ewa.choina@gmail.com,+48680049116,Kraków,"92-036","2026-03-07",Organic,false,1982-03-17
579,Eliza,Nitkiewicz,eliza.nitkiewicz@gmail.com,+48302855378,Warszawa,"74-694","2025-02-04",Influencer,false,2007-09-07
581,Leon,Leszkiewicz,leon.leszkiewicz@gmail.com,+48735049810,Leszno,"25-130","2025-09-05",Referral,true,1957-11-09
582,Maksymilian,Olszowa,maksymilian.olszowa@o2.pl,+48772342207,Szczecin,"56-207","2026-05-22",Newsletter,false,2008-06-14
583,Tymon,Fraszczyk,tymon.fraszczyk@gmail.com,+48444014841,Warszawa,"77-265","2025-01-21",Google Ads,false,1972-07-17
4571,Urszula,Gajowiak,urszula.gajowiak@gmail.com,+48226504383,Białystok,"07-417","2024-10-04",Meta Ads,false,1969-01-10
4572,Konrad,Minkiewicz,konrad.minkiewicz@interia.pl,+48124231831,Warszawa,"88-845","2026-07-16",Organic,false,1958-08-22
4574,Ewa,Prokopiak,ewa.prokopiak@gmail.com,+48034364133,Rzeszów,"13-626","2026-05-05",Organic,false,1984-01-26
4576,Miłosz,Ciarka,miłosz.ciarka@wp.pl,+48002223456,Wrocław,"12-426","2025-04-27",Organic,false,1991-10-11
4577,Wojciech,Mulawa,wojciech.mulawa@gmail.com,+48698195449,Kielce,"39-388","2025-09-03",Google Ads,false,2001-06-14
4426,Tomasz,Uliczka,tomasz.uliczka@gmail.com,+48332633808,Toruń,"96-142","2025-11-07",Google Ads,false,1981-06-22
1158,Melania,Chylak,melania.chylak@wp.pl,+48729746243,Konin,"14-212","2026-04-15",Google Ads,false,1984-05-07
1177,Tadeusz,Namysł,tadeusz.namysł@gmail.com,+48892685515,Warszawa,"32-562","2025-03-03",Meta Ads,false,1964-01-09
1178,Karina,Cylwik,karina.cylwik@wp.pl,+48766806190,Kraków,"09-349","2024-12-12",Meta Ads,true,1966-08-19
1183,Patryk,Michnowicz,patryk.michnowicz@wp.pl,+48651813608,Warszawa,"57-181","2025-03-18",Meta Ads,true,1971-12-03
1184,Olga,Osiadacz,olga.osiadacz@gmail.com,+48360120432,Gdańsk,"77-112","2026-01-22",Meta Ads,true,1991-12-05
1185,Gaja,Miros,gaja.miros@gmail.com,+48894857903,Warszawa,"49-336","2026-07-09",Referral,true,1981-10-17
1186,Stanisław,Wiech,stanisław.wiech@gmail.com,+48050693609,Radom,"28-837","2025-06-20",Organic,false,1962-12-16
1187,Elżbieta,Wiekiera,elżbieta.wiekiera@gmail.com,+48355129424,Warszawa,"82-830","2026-04-02",Referral,true,1955-08-09
590,Julita,Bobik,julita.bobik@gmail.com,+48041535318,Warszawa,"45-899","2026-03-25",Organic,false,1977-05-16
4578,Maciej,Siewert,maciej.siewert@gmail.com,+48657669733,Częstochowa,"21-597","2025-12-26",Influencer,false,1995-04-19
4579,Liwia,Walkusz,liwia.walkusz@gmail.com,+48549970769,Kraków,"16-967","2026-07-28",Google Ads,false,1997-03-17
4581,Krzysztof,Bojdo,krzysztof.bojdo@wp.pl,+48521020352,Białystok,"50-402","2026-05-02",Meta Ads,false,1964-03-11
4583,Ada,Romańczyk,ada.romańczyk@gmail.com,+48561687167,Olsztyn,"65-058","2025-12-06",Google Ads,true,1975-01-15
4584,Dagmara,Mielke,dagmara.mielke@gmail.com,+48937217158,Leszno,"48-993","2026-06-15",Meta Ads,true,2000-03-07
4585,Kamila,Kudłacik,kamila.kudłacik@interia.pl,+48035072988,Katowice,"97-899","2025-05-06",Organic,false,2002-10-25
4586,Ernest,Duszkiewicz,ernest.duszkiewicz@o2.pl,+48067558999,Warszawa,"90-404","2026-07-14",Organic,true,2004-11-17
4587,Karol,Wojewodzic,karol.wojewodzic@gmail.com,+48782470322,Wrocław,"66-824","2025-12-21",Meta Ads,false,1976-06-17
4589,Juliusz,Mendyka,juliusz.mendyka@gmail.com,+48683743132,Gorzów Wielkopolski,"84-038","2026-05-16",Newsletter,false,1978-12-19
4590,Kornelia,Maćczak,kornelia.maćczak@gmail.com,+48628410757,Rzeszów,"26-702","2025-08-17",Google Ads,false,1971-10-28
4591,Rafał,Ochał,rafał.ochał@gmail.com,+48590110641,Konin,"29-582","2025-07-30",Referral,false,1977-09-08
4592,Mateusz,Miętus,mateusz.miętus@o2.pl,+48209516037,Rzeszów,"83-620","2025-10-04",Meta Ads,false,1975-07-28
4593,Agnieszka,Warczak,agnieszka.warczak@gmail.com,+48287211476,Kraków,"17-867","2024-11-05",Influencer,false,1964-07-19
4601,Kalina,Skała,kalina.skała@gmail.com,+48388321686,Szczecin,"82-246","2026-03-24",Organic,true,1993-12-26
4602,Karol,Pieczarka,karol.pieczarka@gmail.com,+48055765794,Warszawa,"77-585","2026-07-18",Organic,true,1991-10-12
4603,Błażej,Warmuz,błażej.warmuz@interia.pl,+48396576004,Zielona Góra,"26-574","2025-11-24",Referral,true,1973-07-21
4604,Tadeusz,Więcławek,tadeusz.więcławek@gmail.com,+48756824718,Białystok,"18-738","2025-02-20",Google Ads,false,2006-10-11
4605,Ryszard,Kubasiewicz,ryszard.kubasiewicz@gmail.com,+48486702480,Konin,"24-911","2026-06-14",Organic,false,1974-12-22
4607,Robert,Garncarek,robert.garncarek@gmail.com,+48740725372,Wrocław,"05-829","2025-10-20",Meta Ads,false,1992-02-21
4458,Melania,Mytnik,melania.mytnik@interia.pl,+48534334041,Łódź,"42-716","2024-11-06",Meta Ads,false,1971-02-15
4608,Igor,Fiołek,igor.fiołek@gmail.com,+48418176975,Poznań,"91-855","2025-12-01",Meta Ads,true,1974-12-26
4609,Liwia,Chorążewicz,liwia.chorążewicz@gmail.com,+48716074841,Warszawa,"52-029","2026-06-21",Meta Ads,false,1975-05-30
4610,Cezary,Milcarz,cezary.milcarz@gmail.com,+48039131926,Warszawa,"60-798","2025-12-22",Meta Ads,false,1994-03-02
4612,Agnieszka,Gryka,agnieszka.gryka@gmail.com,+48975083882,Warszawa,"76-730","2025-12-17",Google Ads,false,2003-01-10
4613,Cezary,Zagrajek,cezary.zagrajek@interia.pl,+48243104604,Warszawa,"99-966","2024-10-10",Newsletter,false,2003-05-17
4616,Ernest,Preś,ernest.preś@gmail.com,+48416104505,Częstochowa,"77-796","2024-12-08",Organic,false,1982-03-30
4617,Wiktor,Hartman,wiktor.hartman@wp.pl,+48141283207,Częstochowa,"27-928","2024-09-23",Meta Ads,true,1970-06-15
4618,Maksymilian,Wojtalik,maksymilian.wojtalik@wp.pl,+48969137119,Wrocław,"44-293","2024-11-06",Google Ads,false,1975-03-15
4620,Norbert,Handke,norbert.handke@gmail.com,+48192910566,Białystok,"12-835","2026-03-25",Influencer,true,1973-09-14
4621,Blanka,Andrys,blanka.andrys@gmail.com,+48755083788,Rzeszów,"19-331","2026-08-06",Newsletter,true,1997-04-13
4478,Franciszek,Dubik,franciszek.dubik@wp.pl,+48538213854,Łódź,"47-460","2025-11-01",Referral,false,1988-06-13
4622,Mariusz,Buszko,mariusz.buszko@o2.pl,+48452788204,Kraków,"49-407","2025-04-03",Referral,false,1971-08-10
4623,Adrianna,Ulewicz,adrianna.ulewicz@gmail.com,+48662982640,Wrocław,"15-874","2025-11-20",Google Ads,false,2004-06-30
4625,Julianna,Piesik,julianna.piesik@interia.pl,+48271379688,Olsztyn,"35-186","2024-12-03",Meta Ads,false,1975-12-28
4627,Inga,Han,inga.han@onet.pl,+48403125055,Warszawa,"26-254","2026-02-19",Referral,true,1997-08-09
4594,Łukasz,Witko,łukasz.witko@wp.pl,+48306998265,Warszawa,"16-091","2025-07-29",Newsletter,false,1971-04-04
4595,Tymon,Kurzyna,tymon.kurzyna@gmail.com,+48476040175,Konin,"28-805","2026-04-09",Google Ads,false,1977-05-17
4596,Sebastian,Pawlonka,sebastian.pawlonka@gmail.com,+48941074815,Kraków,"95-352","2024-09-24",Newsletter,false,2005-06-17
4597,Dagmara,Juraszczyk,dagmara.juraszczyk@wp.pl,+48790193404,Poznań,"42-273","2025-02-06",Meta Ads,false,1991-04-17
4598,Oskar,Stachewicz,oskar.stachewicz@gmail.com,+48745514289,Szczecin,"66-871","2024-09-24",Meta Ads,false,1982-10-18
4599,Maciej,Maraszek,maciej.maraszek@gmail.com,+48099921410,Wrocław,"95-505","2025-06-06",Organic,false,2005-11-25
4600,Gaja,Grabas,gaja.grabas@gmail.com,+48393882442,Warszawa,"80-101","2026-01-14",Organic,false,1994-10-23
1188,Tymon,Zuziak,tymon.zuziak@onet.pl,+48220923809,Gorzów Wielkopolski,"20-464","2025-10-15",Meta Ads,false,1983-10-02
1190,Alex,Wijata,alex.wijata@gmail.com,+48668840003,Wrocław,"73-814","2025-12-19",Google Ads,false,2003-12-30
1191,Emil,Sadownik,emil.sadownik@gmail.com,+48087207632,Lublin,"92-938","2025-09-22",Organic,true,1973-11-03
1192,Dawid,Sypuła,dawid.sypuła@gmail.com,+48883474495,Warszawa,"02-627","2025-11-24",Meta Ads,true,2007-11-17
1193,Olga,Hirsch,olga.hirsch@wp.pl,+48439497086,Warszawa,"17-873","2026-05-31",Meta Ads,false,1971-03-10
1194,Leonard,Toczko,leonard.toczko@gmail.com,+48311635655,Piła,"07-001","2025-06-17",Organic,true,1992-11-15
4628,Damian,Dubis,damian.dubis@gmail.com,+48896608241,Bydgoszcz,"15-309","2024-11-18",Meta Ads,true,1996-10-06
4494,Franciszek,Drozdowicz,franciszek.drozdowicz@gmail.com,+48045391458,Łódź,"41-114","2025-06-23",Organic,false,1973-06-21
596,Fabian,Bak,fabian.bak@wp.pl,+48638629885,Lublin,"63-879","2024-11-14",Google Ads,false,1992-06-29
597,Oskar,Ścieszka,oskar.ścieszka@gmail.com,+48670520680,Warszawa,"30-138","2025-12-04",Organic,false,1971-07-10
600,Kalina,Bejger,kalina.bejger@gmail.com,+48842090876,Poznań,"63-778","2025-11-18",Newsletter,false,1982-12-20
601,Mariusz,Dub,mariusz.dub@onet.pl,+48394791548,Opole,"08-528","2025-07-17",Meta Ads,false,1997-07-18
602,Wiktor,Witoń,wiktorwitoń@gmail.com,+48839213554,Kraków,"91-519","2026-04-08",Google Ads,false,1976-12-22
605,Franciszek,Kanik,franciszek.kanik@gmail.com,+48949058909,Kraków,"91-204","2025-09-01",Newsletter,false,1970-02-11
4629,Fabian,Kluczyk,fabian.kluczyk@gmail.com,+48449965690,Wrocław,"92-830","2026-04-26",Influencer,true,1958-07-21
4473,Iwo,Jeżyk,iwo.jeżyk@o2.pl,+48942697303,Łódź,"39-954","2025-07-10",Meta Ads,false,1984-04-26
4630,Nicole,Kunda,nicolekunda@onet.pl,+48711445928,Konin,"29-674","2026-03-31",Meta Ads,true,1996-06-03
4631,Artur,Piłka,artur.piłka@wp.pl,+48293729285,Wrocław,"88-926","2024-09-24",Meta Ads,false,1956-07-20
4633,Liwia,Prokopczuk,liwia.prokopczuk@gmail.com,+48183464150,Elbląg,"46-942","2024-10-03",Organic,false,1964-06-12
4634,Ignacy,Kawala,ignacy.kawala@gmail.com,+48043478364,Warszawa,"48-748","2025-04-04",Meta Ads,false,1984-09-09
4639,Sonia,Wejman,sonia.wejman@gmail.com,+48099190508,Wrocław,"15-510","2025-05-03",Meta Ads,false,1965-11-16
4640,Miłosz,Kominiak,miłosz.kominiak@gmail.com,+48409114978,Gorzów Wielkopolski,"83-957","2024-10-30",Influencer,true,1998-11-02
4641,Szymon,Domurad,szymondomurad@wp.pl,+48680935965,Lublin,"68-421","2025-03-09",Google Ads,true,1997-10-26
4643,Aurelia,Jas,aurelia.jas@gmail.com,+48431017452,Poznań,"52-699","2025-06-25",Google Ads,false,1972-10-05
4645,Stanisław,Bona,stanisław.bona@wp.pl,+48797311273,Elbląg,"06-948","2024-11-13",Google Ads,true,1996-01-17
4506,Ryszard,Kokosza,ryszard.kokosza@gmail.com,+48438310205,Łódź,"10-556","2024-09-13",Google Ads,true,1971-06-28
4646,Maurycy,Dulik,maurycy.dulik@gmail.com,+48934713252,Warszawa,"20-834","2026-03-28",Google Ads,false,1978-11-17
4647,Julita,Siedlaczek,julita.siedlaczek@wp.pl,+48898631402,Warszawa,"04-950","2026-08-05",Referral,true,2005-03-17
4649,Piotr,Orkisz,piotr.orkisz@interia.pl,+48142237252,Warszawa,"20-496","2025-05-13",Meta Ads,false,2000-12-24
4650,Kajetan,Osipowicz,kajetan.osipowicz@gmail.com,+48754744323,Wrocław,"17-068","2025-11-18",Meta Ads,false,1971-12-25
4652,Ignacy,Barszczak,ignacy.barszczak@gmail.com,+48206861253,Gdynia,"04-619","2025-05-18",Organic,true,1971-07-22
4655,Leon,Rajczyk,leon.rajczyk@onet.pl,+48737160387,Konin,"26-125","2025-07-10",Influencer,false,1966-02-04
4657,Kamila,Balas,kamila.balas@gmail.com,+48365038550,Katowice,"93-028","2026-07-17",Organic,true,1987-06-12
4606,Adam,Knysak,adam.knysak@o2.pl,+48839520663,Warszawa,do weryf,"2026-02-03",Newsletter,true,1967-07-08
4619,Julita,Wieja,julita.wieja@wp.pl,+48858909971,Warszawa,do weryf,"2025-11-14",Google Ads,false,1973-03-11
4624,Bartek,Groń,bartek.groń@gmail.com,+48015683606,Białystok,do weryf,"2026-06-18",Meta Ads,false,1968-04-17
4669,Sonia,Rurka,sonia.rurka@gmail.com,+48788121389,Wrocław,"16-783","2026-02-12",Organic,true,1982-05-25
4670,Damian,Dąbkiewicz,damian.dąbkiewicz@gmail.com,+48107616212,Leszno,"26-391","2025-04-13",Meta Ads,false,1957-08-21
4522,Fryderyk,Rudzik,fryderyk.rudzik@wp.pl,+48737344664,Łódź,"33-134","2026-04-27",Referral,true,2003-03-27
4671,Bartek,Szyba,bartek.szyba@wp.pl,+48783440210,Opole,"16-160","2026-01-06",Google Ads,false,1976-08-09
4672,Maks,Glazik,maks.glazik@onet.pl,+48496547785,Warszawa,"71-228","2024-11-23",Organic,false,2002-12-03
4673,Dagmara,Gebauer,dagmara.gebauer@o2.pl,+48003151297,Warszawa,"72-648","2026-03-15",Meta Ads,false,2006-07-30
4675,Justyna,Leoniak,justyna.leoniak@o2.pl,+48575822675,Elbląg,"98-269","2025-03-09",Organic,false,1983-11-27
4676,Robert,Bidas,robertbidas@gmail.com,+48624440508,Elbląg,"52-490","2025-11-07",Organic,false,1966-03-18
4677,Sara,Narożny,saranarożny@wp.pl,+48718669511,Radom,"34-135","2025-11-21",Meta Ads,false,1963-04-15
4678,Przemysław,Jakóbik,przemysław.jakóbik@onet.pl,+48706146388,Warszawa,"20-146","2024-12-23",Influencer,true,2006-01-25
4681,Sylwia,Golda,sylwia.golda@onet.pl,+48541205341,Wrocław,"92-836","2025-10-05",Organic,true,1990-11-03
4682,Daniel,Ciemięga,daniel.ciemięga@onet.pl,+48215520812,Gdynia,"94-982","2026-05-07",Meta Ads,true,1974-05-06
4683,Adam,Glegoła,adam.glegoła@wp.pl,+48063548847,Białystok,"24-841","2026-06-07",Google Ads,true,2002-09-07
4685,Tobiasz,Brózda,tobiasz.brózda@gmail.com,+48460578822,Warszawa,"82-810","2026-02-07",Organic,true,1993-11-12
4686,Andrzej,Świątkiewicz,andrzej.świątkiewicz@wp.pl,+48836861462,Kraków,"83-118","2025-06-22",Meta Ads,false,1983-10-08
4539,Róża,Lipowicz,róża.lipowicz@gmail.com,+48485776057,Łódź,"46-534","2025-01-22",Influencer,true,1965-06-25
4689,Jędrzej,Guźniczak,jędrzej.guźniczak@gmail.com,+48575787712,Katowice,"72-973","2025-05-24",Referral,false,1971-10-03
4691,Wojciech,Kucharzyk,wojciech.kucharzyk@gmail.com,+48164622842,Elbląg,"50-179","2024-09-20",Google Ads,false,1976-11-11
4692,Adam,Beker,adam.beker@wp.pl,+48672020912,Kraków,"37-680","2025-12-25",Google Ads,true,1976-10-03
4693,Anita,Sugier,anita.sugier@gmail.com,+48199142552,Warszawa,"93-485","2026-04-18",Referral,false,1990-05-29
4697,Krzysztof,Gęsiarz,krzysztof.gęsiarz@o2.pl,+48241266580,Rzeszów,"12-439","2026-02-07",Google Ads,false,2007-05-25
4698,Cezary,Bereś,cezarybereś@wp.pl,+48703245951,Zielona Góra,"10-580","2025-03-22",Newsletter,false,1996-03-20
4547,Jan,Migda,jan.migda@gmail.com,+48230182633,Toruń,"47-580","2025-12-02",Referral,false,1960-08-07
1195,Maurycy,Chwała,maurycy.chwała@gmail.com,+48163460728,Kielce,"37-887","2026-05-14",Meta Ads,false,1957-03-31
1196,Kornelia,Budrewicz,kornelia.budrewicz@gmail.com,+48214527361,Suwałki,"76-404","2026-02-18",Google Ads,false,1988-09-24
1197,Fryderyk,Gołofit,fryderyk.gołofit@gmail.com,+48298888960,Lublin,"49-446","2025-08-09",Referral,true,1984-06-26
1198,Tymoteusz,Ciapa,tymoteusz.ciapa@onet.pl,+48318918218,Wrocław,"18-193","2025-11-12",Organic,true,1985-01-12
1199,Olgierd,Merda,olgierd.merda@gmail.com,+48196322104,Wrocław,"54-158","2025-04-19",Google Ads,false,1970-11-19
4699,Cyprian,Skupin,cyprian.skupin@gmail.com,+48309168213,Bydgoszcz,"55-279","2025-04-12",Meta Ads,false,1956-06-28
4701,Bruno,Mosur,bruno.mosur@gmail.com,+48106890839,Konin,"42-462","2025-10-27",Google Ads,true,1984-08-04
4550,Julianna,Wójs,julianna.wójs@wp.pl,+48383737911,Łódź,"41-583","2025-04-05",Referral,false,1995-04-29
4658,Daniel,Cal,daniel.cal@o2.pl,+48449264318,Warszawa,"93-647","2026-03-17",Organic,false,2000-12-17
4659,Witold,Jonak,witold.jonak@wp.pl,+48250967298,Wrocław,"17-737","2024-10-30",Google Ads,false,1975-05-24
4660,Maks,Fularczyk,maks.fularczyk@o2.pl,+48377668496,Częstochowa,"85-700","2025-04-13",Organic,false,1966-11-23
4556,Apolonia,Wajdzik,apolonia.wajdzik@gmail.com,+48545881484,Łódź,"43-985","2025-12-01",Newsletter,false,2002-05-06
611,Anita,Żabierek,anita.żabierek@gmail.com,+48105135224,Warszawa,"28-878","2026-06-30",Meta Ads,true,1967-04-30
612,Artur,Kuban,artur.kuban@wp.pl,+48401245839,Wrocław,"27-276","2025-05-10",Influencer,false,1990-02-17
613,Ida,Ważny,ida.ważny@gmail.com,+48941641535,Kraków,"99-699","2026-01-06",Influencer,false,1956-01-25
614,Adrian,Chachaj,adrianchachaj@gmail.com,+48760303773,Warszawa,"23-616","2024-09-07",Meta Ads,false,1998-01-15
615,Artur,Deryło,artur.deryło@gmail.com,+48067934625,Warszawa,"78-825","2024-12-02",Meta Ads,false,2005-07-29
4661,Marek,Kochel,marek.kochel@gmail.com,+48809645075,Konin,"22-155","2025-07-05",Google Ads,true,1989-07-06
4533,Józef,Spadło,józef.spadło@gmail.com,+48073457462,Łódź,"43-773","2024-11-26",Influencer,false,2002-01-18
4662,Sara,Lenik,sara.lenik@gmail.com,+48171313920,Białystok,"90-631","2025-03-12",Meta Ads,false,1965-09-02
4665,Borys,Hein,borys.hein@gmail.com,+48028711056,Olsztyn,"46-231","2026-01-05",Meta Ads,false,1962-06-11
4667,Filip,Mulawa,filip.mulawa@gmail.com,+48578293835,Kielce,"51-094","2025-02-17",Meta Ads,false,2003-09-09
4668,Bianka,Dziuda,bianka.dziuda@gmail.com,+48287864450,Konin,"06-524","2026-05-22",Google Ads,true,1965-07-12
4702,Maurycy,Sieczko,maurycy.sieczko@gmail.com,+48603246811,Poznań,"24-062","2024-12-15",Referral,true,1980-11-19
4703,Jakub,Pieczyrak,jakub.pieczyrak@gmail.com,+48771780839,Poznań,"18-019","2025-03-10",Meta Ads,false,1969-01-13
4704,Justyna,Kwak,justyna.kwak@o2.pl,+48375409514,Warszawa,"86-016","2026-05-18",Meta Ads,true,1959-05-13
4707,Andrzej,Gregorczuk,andrzej.gregorczuk@gmail.com,+48641540914,Warszawa,"92-441","2026-02-19",Influencer,false,2003-08-12
4708,Olga,Bociek,olga.bociek@wp.pl,+48153614788,Piła,"69-581","2026-06-25",Google Ads,false,1989-11-25
4709,Olga,Szołtysik,olga.szołtysik@gmail.com,+48686415993,Leszno,"73-978","2024-12-10",Influencer,true,1983-04-30
4710,Przemysław,Bródka,przemysław.bródka@gmail.com,+48107660403,Warszawa,"22-437","2026-02-27",Meta Ads,false,1981-08-05
4712,Daniel,Broś,daniel.broś@wp.pl,+48816871020,Konin,"57-668","2025-12-06",Google Ads,false,1976-03-26
4713,Antoni,Nalewajek,antoni.nalewajek@interia.pl,+48451031283,Leszno,"44-713","2025-07-15",Meta Ads,true,1986-03-01
4717,Fabian,Naczk,fabian.naczk@gmail.com,+48377418867,Opole,"15-618","2024-09-04",Google Ads,false,1960-06-15
4718,Fryderyk,Cymer,fryderyk.cymer@wp.pl,+48686777254,Zielona Góra,"40-193","2025-11-13",Organic,true,1957-03-25
4719,Ida,Kudra,ida.kudra@gmail.com,+48651706718,Olsztyn,"93-805","2025-05-15",Organic,false,1986-03-29
4575,Adrian,Wojtiuk,adrian.wojtiuk@onet.pl,+48386848499,Łódź,"10-701","2025-12-29",Meta Ads,true,1956-10-22
4720,Józef,Ulewicz,józef.ulewicz@o2.pl,+48759348121,Elbląg,"30-128","2025-06-29",Google Ads,true,1963-04-07
4722,Szymon,Chaba,szymon.chaba@gmail.com,+48111431620,Rzeszów,"45-498","2025-03-04",Newsletter,true,1998-05-25
4666,Kaja,Kołak,kaja.kołak@gmail.com,+48420328749,Warszawa,do weryf,"2026-08-06",Organic,false,1974-02-22
4680,Aleks,Pokrzywa,aleks.pokrzywa@gmail.com,+48654662108,Zielona Góra,do weryf,"2025-06-21",Meta Ads,false,1985-04-15
4695,Lidia,Hermanowicz,lidia.hermanowicz@gmail.com,+48290403861,Wrocław,do weryf,"2025-07-28",Newsletter,false,1968-12-02
4700,Tomasz,Wyskiel,tomasz.wyskiel@gmail.com,+48329476552,Gdynia,do weryf,"2025-12-13",Organic,false,1986-12-29
4715,Sandra,Nicewicz,sandra.nicewicz@gmail.com,+48506024650,Wrocław,do weryf,"2026-04-02",Google Ads,false,1989-05-18
4729,Ernest,Kieca,ernest.kieca@gmail.com,+48366548593,Warszawa,"45-437","2026-04-21",Google Ads,false,1992-03-13
4730,Filip,Linka,filip.linka@onet.pl,+48821257660,Rzeszów,"43-034","2026-02-21",Meta Ads,false,1956-10-25
4731,Andrzej,Bulak,andrzej.bulak@gmail.com,+48217928504,Konin,"41-716","2025-04-25",Referral,false,1967-04-15
4732,Konrad,Wdowczyk,konrad.wdowczyk@onet.pl,+48977272190,Gdańsk,"76-757","2025-09-30",Influencer,true,1976-01-22
4733,Jeremi,Sapa,jeremi.sapa@wp.pl,+48385160910,Suwałki,"55-632","2024-10-30",Meta Ads,false,1965-06-23
4734,Marcelina,Krzyszczak,marcelina.krzyszczak@interia.pl,+48957952466,Opole,"11-113","2024-12-13",Organic,false,2002-05-19
4736,Fryderyk,Kutnik,fryderyk.kutnik@gmail.com,+48631409212,Piła,"42-211","2024-11-23",Organic,false,1958-03-22
4737,Leonard,Siebert,leonard.siebert@gmail.com,+48486990443,Wrocław,"60-737","2026-04-18",Google Ads,false,1956-01-07
4738,Leonard,Łepek,leonard.łepek@gmail.com,+48230476625,Warszawa,"15-166","2025-12-13",Meta Ads,false,1983-08-20
4740,Marek,Kiedrowicz,marek.kiedrowicz@onet.pl,+48357924523,Kielce,"41-629","2025-12-07",Influencer,false,1970-12-18
4742,Józef,Cieciora,józef.cieciora@wp.pl,+48026038704,Wrocław,"51-358","2025-10-03",Organic,false,2004-06-29
4743,Klara,Szrama,klara.szrama@gmail.com,+48282230808,Gdynia,"56-254","2025-11-30",Organic,false,1971-06-02
4744,Kornel,Narożny,kornel.narożny@interia.pl,+48015598243,Warszawa,"34-896","2026-08-06",Organic,true,2003-05-10
4611,Sylwia,Rajch,sylwia.rajch@interia.pl,+48007318150,Toruń,"35-512","2025-05-29",Referral,false,1973-02-16
1200,Hubert,Hulbój,hubert.hulbój@gmail.com,+48571632131,Wrocław,"02-074","2026-08-06",Referral,false,1989-12-17
1201,Julian,Głowiak,julian.głowiak@gmail.com,+48258914229,Kielce,"63-674","2025-12-26",Meta Ads,false,1978-09-28
1203,Agnieszka,Kozubal,agnieszka.kozubal@onet.pl,+48702992468,Poznań,"90-619","2025-04-24",Meta Ads,false,2004-11-25
1204,Grzegorz,Grochola,grzegorz.grochola@gmail.com,+48047373862,Opole,"66-435","2025-11-29",Meta Ads,false,1984-11-08
1205,Aniela,Szajek,aniela.szajek@wp.pl,+48703482051,Warszawa,"46-232","2024-10-07",Meta Ads,false,1965-06-10
4745,Aleks,Skup,aleks.skup@gmail.com,+48560674783,Kraków,"29-315","2025-11-16",Newsletter,true,1993-03-05
4746,Wojciech,Konat,wojciech.konat@gmail.com,+48832239833,Warszawa,"40-627","2024-09-29",Meta Ads,false,1962-01-09
4747,Nicole,Klos,nicole.klos@wp.pl,+48916051864,Warszawa,"76-251","2025-12-13",Newsletter,false,1995-07-03
4748,Andrzej,Goska,andrzej.goska@o2.pl,+48141856016,Suwałki,"91-968","2026-05-25",Organic,false,2001-01-20
4749,Jacek,Maculewicz,jacek.maculewicz@gmail.com,+48432768358,Wrocław,"58-292","2026-03-20",Referral,false,1967-08-06
4750,Jeremi,Sałuda,jeremi.sałuda@gmail.com,+48428139177,Olsztyn,"53-271","2025-11-11",Meta Ads,false,1956-07-03
4751,Melania,Siwa,melania.siwa@gmail.com,+48097902685,Białystok,"19-230","2025-12-18",Newsletter,false,1958-02-15
4752,Kornel,Gustaw,kornel.gustaw@o2.pl,+48245973218,Kielce,"54-132","2026-08-06",Organic,true,1987-09-07
4723,Jeremi,Małyszek,jeremi.małyszek@gmail.com,+48203894364,Kraków,"73-656","2026-06-18",Newsletter,false,1979-10-08
4725,Sebastian,Browarczyk,sebastian.browarczyk@onet.pl,+48010690586,Kraków,"72-476","2025-12-19",Meta Ads,false,1976-07-25
4726,Fabian,Rząca,fabian.rząca@gmail.com,+48172234844,Konin,"86-781","2025-12-20",Meta Ads,false,1978-08-31
4727,Blanka,Brudny,blanka.brudny@wp.pl,+48869379732,Zielona Góra,"74-459","2025-02-25",Meta Ads,false,1987-01-11
4728,Fabian,Mielke,fabian.mielke@onet.pl,+48320562537,Wrocław,"12-430","2025-04-01",Google Ads,false,1998-11-09
616,Jacek,Sojda,jacek.sojda@gmail.com,+48255783891,Częstochowa,"49-873","2025-08-03",Google Ads,false,1974-01-28
617,Iwo,Walkusz,iwo.walkusz@interia.pl,+48629764073,Radom,"60-310","2026-05-05",Meta Ads,false,1991-06-27
620,Radosław,Frymus,radosław.frymus@gmail.com,+48846043865,Zielona Góra,"14-494","2025-08-18",Organic,false,1958-12-23
621,Jacek,Działa,jacek.działa@gmail.com,+48764451448,Konin,"42-883","2025-08-15",Newsletter,false,1970-04-09
622,Radosław,Kulisz,radosław.kulisz@gmail.com,+48667902585,Bydgoszcz,"20-530","2024-11-16",Organic,false,1996-03-01
623,Adam,Łacina,adam.łacina@gmail.com,+48308937000,Częstochowa,"77-414","2026-03-29",Referral,false,1990-08-09
624,Sebastian,Głowiak,sebastian.głowiak@wp.pl,+48919883050,Opole,"04-672","2025-02-14",Meta Ads,true,1981-12-15
4754,Ewelina,Hynek,ewelina.hynek@o2.pl,+48989079287,Kraków,"99-904","2025-12-13",Google Ads,false,1983-04-13
4755,Jeremi,Dziechciarz,jeremi.dziechciarz@gmail.com,+48020158733,Opole,"32-162","2025-03-08",Organic,false,1961-01-31
4756,Mateusz,Głowienka,mateusz.głowienka@wp.pl,+48295171991,Warszawa,"98-585","2025-11-30",Organic,false,1979-03-18
4757,Stanisław,Duszczak,stanisław.duszczak@gmail.com,+48217566042,Piła,"23-118","2025-11-12",Influencer,false,2001-03-13
4758,Aleksander,Wojewódka,aleksander.wojewódka@gmail.com,+48178883075,Warszawa,"42-309","2024-11-07",Google Ads,false,2003-04-04
4759,Eliza,Malisz,eliza.malisz@onet.pl,+48863792525,Kraków,"25-294","2024-12-16",Google Ads,false,1988-12-31
4760,Klara,Kościołek,klara.kościołek@gmail.com,+48572889461,Elbląg,"44-484","2025-11-05",Organic,true,1998-01-06
4761,Adrian,Matula,adrian.matula@gmail.com,+48931483976,Suwałki,"17-039","2024-11-10",Newsletter,false,1968-07-19
4762,Maciej,Plich,maciej.plich@wp.pl,+48120965813,Gdynia,"36-581","2025-02-26",Meta Ads,false,1978-07-15
4763,Emil,Baumgart,emil.baumgart@wp.pl,+48222393704,Warszawa,"09-152","2026-04-26",Google Ads,false,1993-12-10
4765,Maurycy,Łój,maurycy.łój@gmail.com,+48992505130,Warszawa,"18-798","2025-08-28",Organic,false,1961-09-05
4767,Gaja,Kruzel,gaja.kruzel@wp.pl,+48000766125,Kraków,"25-339","2025-01-24",Referral,false,1986-06-17
4769,Maksymilian,Sasak,maksymilian.sasak@gmail.com,+48177793711,Szczecin,"79-224","2025-11-24",Newsletter,true,2005-08-25
4637,Kajetan,Orwat,kajetan.orwat@wp.pl,+48250023712,Łódź,"65-817","2025-02-06",Meta Ads,false,1980-01-04
4770,Robert,Zegadło,robert.zegadło@gmail.com,+48655140665,Kraków,"47-566","2026-02-02",Newsletter,false,1971-05-29
4771,Robert,Durczok,robert.durczok@gmail.com,+48819544881,Białystok,"42-407","2026-05-16",Google Ads,false,1976-02-26
4772,Karol,Szmajda,karol.szmajda@gmail.com,+48403635657,Warszawa,"29-957","2026-06-27",Newsletter,false,1984-04-28
4773,Leonard,Wawryniuk,leonard.wawryniuk@onet.pl,+48029350516,Kraków,"27-304","2026-02-10",Google Ads,true,2002-10-12
4779,Ewa,Kucewicz,ewa.kucewicz@o2.pl,+48724491554,Opole,"70-852","2025-12-13",Organic,false,1957-01-29
4780,Bianka,Lenc,bianka.lenc@onet.pl,+48466312037,Warszawa,"84-322","2024-10-18",Meta Ads,false,1993-04-07
4781,Julian,Iskierka,julian.iskierka@gmail.com,+48160672928,Warszawa,"36-391","2026-04-10",Organic,false,1995-07-09
4782,Franciszek,Furgała,franciszek.furgała@gmail.com,+48910455127,Kraków,"84-092","2025-02-01",Influencer,false,1989-11-13
4783,Ada,Liedtke,ada.liedtke@gmail.com,+48284540280,Warszawa,"37-066","2025-06-21",Organic,false,1980-04-13
4784,Rafał,Grądziel,rafał.grądziel@wp.pl,+48649283947,Gdynia,"39-213","2025-12-05",Meta Ads,false,2000-03-12
4654,Ewa,Bytner,ewa.bytner@onet.pl,+48843323538,Łódź,"81-711","2025-10-30",Meta Ads,false,1960-03-13
4785,Adam,Czupryna,adam.czupryna@o2.pl,+48266958329,Warszawa,"30-550","2025-06-29",Meta Ads,true,1997-09-03
4656,Mieszko,Żyrek,mieszko.żyrek@gmail.com,+48894787171,Łódź,"91-158","2025-11-26",Google Ads,false,1983-01-20
4766,Marcelina,Borkiewicz,marcelina.borkiewicz@wp.pl,+48596287418,Elbląg,do weryf,"2026-06-12",Meta Ads,false,1974-06-23
4786,Dariusz,Kałek,dariusz.kałek@o2.pl,+48025993644,Radom,do weryf,"2025-06-15",Google Ads,true,1998-10-17
4797,Adam,Gierek,adam.gierek@interia.pl,+48294922207,Kraków,"36-658","2026-03-12",Influencer,true,1975-03-20
4798,Adam,Kiedrowicz,adam.kiedrowicz@gmail.com,+48281493362,Częstochowa,"23-933","2025-11-21",Meta Ads,false,1967-10-30
4651,Alex,Wowra,alex.wowra@o2.pl,+48318985599,Toruń,"85-868","2025-12-11",Meta Ads,false,2005-09-13
4688,Paweł,Żabka,paweł.żabka@gmail.com,+48429204059,Toruń,"31-007","2024-12-27",Meta Ads,true,1981-05-01
1206,Jan,Mijas,jan.mijas@gmail.com,+48919649896,Warszawa,"64-868","2024-09-13",Meta Ads,true,1994-05-02
1207,Nela,Maksym,nela.maksym@wp.pl,+48867687481,Kielce,"53-949","2025-07-09",Meta Ads,true,1984-07-17
1208,Dariusz,Kielan,dariusz.kielan@gmail.com,+48428909517,Bydgoszcz,"05-582","2025-04-20",Meta Ads,false,1981-03-17
1209,Leonard,Mikusek,leonard.mikusek@o2.pl,+48887612345,Poznań,"75-494","2025-06-16",Google Ads,false,2006-07-27
1210,Maksymilian,Iwanow,maksymilian.iwanow@gmail.com,+48261028593,Warszawa,"94-749","2025-02-17",Google Ads,false,1983-06-30
1211,Konstanty,Bobko,konstanty.bobko@gmail.com,+48406234904,Olsztyn,"67-081","2024-12-03",Organic,false,1983-05-02
1148,Julian,Kulus,julian.kulus@wp.pl,+48920182006,Gdańsk,do weryf,"2025-05-30",Meta Ads,false,2007-08-28
4799,Elżbieta,Romankiewicz,elżbieta.romankiewicz@gmail.com,+48818834232,Konin,"99-265","2024-11-01",Organic,false,1998-11-06
4800,Alan,Dubel,alan.dubel@gmail.com,+48651790915,Warszawa,"04-222","2025-11-23",Google Ads,false,1969-12-13
4801,Adrian,Karwot,adrian.karwot@interia.pl,+48485683393,Warszawa,"17-554","2024-12-21",Meta Ads,false,1971-04-14
4802,Krzysztof,Tyczka,krzysztof.tyczka@gmail.com,+48846528864,Warszawa,"75-829","2025-09-09",Google Ads,false,1994-11-21
4803,Kacper,Miara,kacper.miara@gmail.com,+48460393418,Suwałki,"59-735","2025-09-19",Organic,false,1964-03-27
4806,Klara,Trepczyk,klara.trepczyk@gmail.com,+48380796382,Konin,"34-677","2025-02-26",Referral,false,2002-05-26
4808,Anastazja,Pabisiak,anastazja.pabisiak@o2.pl,+48697254534,Katowice,"34-424","2026-05-23",Meta Ads,false,1961-03-16
4809,Grzegorz,Gorgol,grzegorz.gorgol@o2.pl,+48679441093,Warszawa,"07-396","2024-12-11",Organic,true,1974-08-30
4811,Marcin,Małysiak,marcin.małysiak@interia.pl,+48907291014,Gdańsk,"87-481","2024-12-27",Google Ads,false,1988-12-05
4813,Maciej,Sysło,maciej.sysło@gmail.com,+48685677124,Warszawa,"75-801","2025-07-02",Meta Ads,true,1992-01-24
4814,Ernest,Nieszporek,ernest.nieszporek@gmail.com,+48224222981,Warszawa,"98-547","2025-04-11",Google Ads,true,1970-07-12
4815,Juliusz,Krasa,juliusz.krasa@gmail.com,+48404374716,Konin,"93-758","2025-04-30",Google Ads,false,1963-05-30
4816,Witold,Stachów,witold.stachów@gmail.com,+48995372052,Bydgoszcz,"32-643","2026-04-13",Meta Ads,false,1965-07-16
4817,Anita,Kulus,anita.kulus@wp.pl,+48300047976,Poznań,"10-814","2025-10-06",Influencer,false,1965-06-20
4819,Róża,Józwik,róża.józwik@gmail.com,+48998895166,Konin,"06-242","2026-05-28",Meta Ads,false,1992-07-13
4690,Marcel,Złotnik,marcel.złotnik@gmail.com,+48100787512,Łódź,"72-332","2025-11-09",Google Ads,false,1963-06-19
626,Piotr,Rasała,piotr.rasała@onet.pl,+48063641706,Warszawa,"91-586","2026-06-08",Meta Ads,false,1998-11-05
627,Cyprian,Holeksa,cyprian.holeksa@gmail.com,+48074198796,Kraków,"92-228","2026-06-19",Organic,false,1991-12-21
628,Lidia,Pachnik,lidia.pachnik@onet.pl,+48638687399,Olsztyn,"46-520","2025-09-30",Organic,true,1971-07-04
629,Alan,Fogiel,alan.fogiel@wp.pl,+48339230345,Gdańsk,"85-898","2025-12-07",Influencer,false,1985-03-08
630,Gustaw,Karyś,gustaw.karyś@wp.pl,+48729354144,Wrocław,"61-132","2026-02-17",Google Ads,true,1994-11-12
631,Melania,Husak,melania.husak@o2.pl,+48505627676,Warszawa,"24-970","2024-11-10",Meta Ads,false,1991-08-15
632,Józef,Bielat,józef.bielat@o2.pl,+48007373755,Częstochowa,"12-228","2025-11-01",Meta Ads,false,1974-06-04
633,Norbert,Dębosz,norbert.dębosz@gmail.com,+48756494193,Wrocław,"43-381","2024-09-01",Meta Ads,false,1969-05-28
4821,Wojciech,Grochola,wojciech.grochola@gmail.com,+48894533906,Kraków,"07-884","2025-04-20",Meta Ads,false,1999-04-16
4822,Aleks,Kuczaj,aleks.kuczaj@wp.pl,+48635313490,Gdynia,"05-818","2026-07-07",Meta Ads,true,1988-12-12
4823,Artur,Ciarka,artur.ciarka@gmail.com,+48343227592,Opole,"20-361","2024-09-15",Meta Ads,true,1961-01-30
4788,Natan,Korbut,natan.korbut@gmail.com,+48959116041,Kraków,"97-945","2025-05-03",Organic,true,1995-10-24
4663,Angelika,Klos,angelika.klos@gmail.com,+48836931057,Łódź,"78-179","2025-12-19",Meta Ads,false,1955-09-02
4790,Jerzy,Sroga,jerzy.sroga@onet.pl,+48268212684,Katowice,"18-017","2026-06-26",Organic,false,1962-09-20
4791,Blanka,Sasak,blanka.sasak@wp.pl,+48325461380,Wrocław,"14-221","2025-06-05",Google Ads,false,1966-06-06
4792,Mateusz,Olchawa,mateusz.olchawa@wp.pl,+48591250070,Lublin,"03-225","2025-06-13",Meta Ads,false,1966-01-18
4795,Mateusz,Myszor,mateusz.myszor@o2.pl,+48811202010,Konin,"55-146","2025-02-09",Google Ads,true,1996-09-19
4825,Kamil,Stój,kamil.stój@wp.pl,+48405161408,Konin,"14-177","2026-05-23",Newsletter,false,1964-11-23
4826,Anastazja,Drewniok,anastazja.drewniok@gmail.com,+48774436126,Bydgoszcz,"96-261","2025-02-05",Organic,false,1968-10-31
4705,Sonia,Prokopczyk,sonia.prokopczyk@wp.pl,+48872764815,Łódź,"18-747","2025-12-31",Meta Ads,false,1990-08-30
4706,Krystian,Gospodarek,krystian.gospodarek@o2.pl,+48905616756,Łódź,"10-964","2026-08-06",Google Ads,false,1966-04-16
4827,Dagmara,Grochola,dagmara.grochola@gmail.com,+48478865717,Opole,"24-168","2025-02-01",Google Ads,false,1956-09-24
4828,Aleks,Halama,aleks.halama@gmail.com,+48834664924,Poznań,"19-116","2025-03-29",Referral,false,1975-07-04
4829,Albert,Stachewicz,albert.stachewicz@wp.pl,+48549632474,Gdańsk,"42-702","2025-11-01",Meta Ads,false,1998-07-29
4830,Tola,Kielich,tola.kielich@wp.pl,+48499908818,Poznań,"83-392","2025-06-27",Referral,true,2000-08-24
4711,Karina,Słaba,karina.słaba@wp.pl,+48241767125,Łódź,"11-818","2024-09-24",Influencer,true,1987-07-01
4833,Gustaw,Pacyga,gustaw.pacyga@gmail.com,+48881487495,Suwałki,"57-899","2025-12-30",Meta Ads,true,2003-07-21
4834,Kacper,Teterycz,kacper.teterycz@gmail.com,+48557925835,Gdańsk,"65-861","2024-12-25",Google Ads,false,1983-01-29
4835,Apolonia,Pniak,apolonia.pniak@gmail.com,+48016299895,Szczecin,"75-945","2026-06-19",Meta Ads,false,1973-02-11
4836,Jeremi,Cholewka,jeremi.cholewka@wp.pl,+48133845936,Rzeszów,"03-824","2025-02-20",Newsletter,true,1964-05-27
1218,Gaja,Breś,gaja.breś@wp.pl,+48569981252,Gorzów Wielkopolski,"39-745","2024-11-26",Google Ads,true,1997-03-15
1220,Anita,Gomuła,anita.gomuła@gmail.com,+48019024774,Warszawa,"85-299","2026-03-28",Google Ads,false,1998-06-20
589,Dominik,Zbrożek,dominik.zbrożek@wp.pl,+48393445551,Łódź,"13-805","2026-07-23",Google Ads,false,1970-10-04
102,Alex,Berg,alex.berg@gmail.com,+48681721128,Warszawa,"92-666","2025-02-22",Organic,false,1973-05-13
103,Tymon,Matla,tymon.matla@wp.pl,+48195594672,Częstochowa,"05-294","2025-12-26",Referral,false,2004-03-20
104,Natasza,Szeja,natasza.szeja@gmail.com,+48405710758,Kraków,"18-778","2026-05-23",Referral,false,1992-12-27
105,Adrianna,Zapora,adrianna.zapora@wp.pl,+48720850505,Warszawa,"01-928","2025-07-05",Meta Ads,true,1959-10-17
106,Juliusz,Maruszczak,juliusz.maruszczak@gmail.com,+48601446074,Zielona Góra,"20-562","2025-11-02",Referral,true,2005-06-05
108,Emil,Smutek,emil.smutek@gmail.com,+48752215165,Kraków,"07-245","2026-03-03",Meta Ads,true,1977-11-05
4837,Mariusz,Szkaradek,mariusz.szkaradek@wp.pl,+48986552049,Rzeszów,"88-387","2024-11-20",Meta Ads,false,1996-03-11
4838,Nataniel,Cabała,nataniel.cabała@onet.pl,+48557726532,Warszawa,"79-785","2024-11-25",Organic,false,2001-12-20
4839,Rafał,Rurka,rafał.rurka@o2.pl,+48513049167,Warszawa,"88-459","2025-10-08",Newsletter,false,1981-12-05
4840,Grzegorz,Lepa,grzegorz.lepa@gmail.com,+48784638493,Wrocław,"55-650","2024-11-08",Organic,true,1990-06-19
4841,Damian,Niedojadło,damian.niedojadło@gmail.com,+48201582394,Warszawa,"77-759","2024-11-03",Meta Ads,true,1972-05-15
4844,Nicole,Kusek,nicole.kusek@wp.pl,+48395818233,Gdynia,"03-429","2025-11-06",Google Ads,false,1959-11-12
4846,Łukasz,Jop,łukasz.jop@wp.pl,+48856300414,Bydgoszcz,"84-378","2026-02-24",Organic,false,1985-12-12
4847,Damian,Barteczko,damian.barteczko@gmail.com,+48547633028,Gorzów Wielkopolski,"76-293","2025-02-14",Google Ads,false,1961-10-18
4848,Kazimierz,Kurda,kazimierz.kurda@gmail.com,+48033129174,Warszawa,"99-421","2025-01-09",Meta Ads,true,1967-03-03
4849,Krystian,Kosowicz,krystian.kosowicz@wp.pl,+48699977806,Warszawa,"41-324","2026-07-18",Referral,false,1995-09-28
4850,Elżbieta,Mizak,elżbieta.mizak@gmail.com,+48305825819,Gdynia,"30-447","2024-09-10",Influencer,true,1968-07-18
4807,Marcelina,Lelonek,marcelina.lelonek@gmail.com,+48076367298,Kraków,do weryf,"2025-01-26",Meta Ads,false,2004-03-19
4864,Arkadiusz,Michnik,arkadiusz.michnik@interia.pl,+48471716569,Gdynia,"72-551","2024-11-10",Meta Ads,false,1958-09-11
4865,Fabian,Raczkiewicz,fabian.raczkiewicz@gmail.com,+48584300015,Kraków,"97-137","2025-12-01",Organic,true,1999-12-19
4735,Sylwia,Fijałek,sylwia.fijałek@gmail.com,+48917012308,Łódź,"46-141","2025-08-28",Meta Ads,false,1985-10-08
4867,Nela,Rejek,nela.rejek@wp.pl,+48513140839,Warszawa,"57-654","2025-06-16",Google Ads,false,1983-05-23
4868,Andrzej,Paczos,andrzej.paczos@gmail.com,+48618402210,Radom,"41-534","2024-12-04",Google Ads,true,1972-12-10
4871,Gaja,Mrotek,gaja.mrotek@interia.pl,+48504747812,Wrocław,"93-133","2024-09-26",Meta Ads,false,1967-02-18
4873,Justyna,Lepka,justyna.lepka@onet.pl,+48133815124,Katowice,"19-184","2026-07-01",Google Ads,false,1959-07-29
4874,Grzegorz,Stosik,grzegorz.stosik@gmail.com,+48628244710,Zielona Góra,"40-707","2024-11-23",Meta Ads,false,1958-12-26
4875,Ryszard,Heller,ryszard.heller@gmail.com,+48158707377,Poznań,"79-260","2025-12-26",Google Ads,false,1983-10-15
4879,Kalina,Drynda,kalina.drynda@wp.pl,+48115342528,Olsztyn,"79-609","2025-07-17",Influencer,false,2007-05-14
4753,Malwina,Korniak,malwina.korniak@gmail.com,+48000286158,Łódź,"28-590","2024-11-13",Meta Ads,true,1991-01-20
634,Gustaw,Roj,gustaw.roj@gmail.com,+48910160901,Warszawa,"16-482","2025-08-29",Meta Ads,true,1958-06-10
636,Eryk,Męcik,eryk.męcik@gmail.com,+48814698365,Kraków,"16-889","2024-12-23",Influencer,false,1991-09-03
637,Liwia,Pilarek,liwia.pilarek@gmail.com,+48797865306,Wrocław,"53-056","2025-05-25",Influencer,true,2001-10-01
638,Krystian,Pusz,krystian.pusz@onet.pl,+48184143910,Kielce,"26-351","2025-06-14",Influencer,false,1977-04-13
650,Leon,Jarosiewicz,leon.jarosiewicz@onet.pl,+48405666797,Warszawa,"06-306","2025-08-23",Google Ads,false,2005-11-12
651,Agnieszka,Rode,agnieszka.rode@wp.pl,+48060040125,Gdynia,"67-611","2025-11-27",Newsletter,false,1983-05-17
4724,Ryszard,Domoń,ryszard.domoń@gmail.com,+48205480394,Łódź,"01-729","2024-12-25",Meta Ads,false,1958-03-29
4881,Miłosz,Jagiełka,miłosz.jagiełka@gmail.com,+48520168306,Leszno,"90-204","2026-07-03",Google Ads,false,1961-06-21
4882,Krystyna,Danilczuk,krystyna.danilczuk@o2.pl,+48850273895,Rzeszów,"08-225","2026-02-01",Meta Ads,false,2001-12-24
4883,Kaja,Dąbrówka,kaja.dąbrówka@gmail.com,+48749243652,Warszawa,"03-756","2025-11-10",Organic,false,1992-01-26
4885,Konrad,Nitek,konrad.nitek@onet.pl,+48464751085,Lublin,"21-553","2025-04-23",Google Ads,true,1973-06-09
4886,Inga,Pituła,inga.pituła@gmail.com,+48415735159,Rzeszów,"25-894","2026-07-24",Organic,false,1960-09-13
4889,Jakub,Idec,jakub.idec@gmail.com,+48085954241,Wrocław,"71-706","2025-01-28",Meta Ads,true,1964-03-04
4890,Urszula,Miecznik,urszula.miecznik@gmail.com,+48812687412,Poznań,"79-176","2024-10-22",Organic,false,1990-07-29
4891,Sylwia,Cymbała,sylwia.cymbała@o2.pl,+48097177556,Gdańsk,"79-064","2026-07-18",Meta Ads,false,1958-10-03
4892,Ewa,Kręgiel,ewa.kręgiel@gmail.com,+48072621377,Zielona Góra,"90-443","2025-03-17",Referral,false,1964-04-15
4894,Olaf,Rok,olaf.rok@wp.pl,+48708209650,Szczecin,"72-911","2024-11-14",Google Ads,false,1966-07-22
4851,Marcin,Bandyk,marcin.bandyk@gmail.com,+48529941511,Suwałki,"53-177","2026-05-02",Organic,true,1999-05-30
4854,Ida,Łuszczak,ida.łuszczak@gmail.com,+48567484559,Gdańsk,"83-685","2025-04-04",Meta Ads,true,1984-10-23
4857,Ewelina,Jargiło,ewelina.jargiło@gmail.com,+48532985923,Warszawa,"29-722","2025-11-26",Meta Ads,true,2000-12-09
4858,Wiktor,Tatarczyk,wiktor.tatarczyk@gmail.com,+48195572457,Gdańsk,"83-086","2025-03-10",Newsletter,false,1964-12-18
4764,Artur,Mały,artur.mały@wp.pl,+48526614990,Łódź,"07-843","2025-04-09",Meta Ads,true,1957-01-17
4774,Rafał,Pawlonka,rafał.pawlonka@interia.pl,+48330645805,Toruń,"53-162","2025-01-07",Google Ads,false,2005-01-12
109,Róża,Siedlaczek,róża.siedlaczek@wp.pl,+48040502233,Wrocław,"15-857","2026-07-05",Google Ads,false,2003-07-27
110,Gaja,Klejna,gaja.klejna@gmail.com,+48593031575,Warszawa,"03-648","2025-02-07",Meta Ads,false,1982-11-29
1222,Igor,Kielczyk,igor.kielczyk@gmail.com,+48571619037,Poznań,"36-259","2026-02-11",Google Ads,false,1962-08-14
1223,Konstanty,Kurzydło,konstanty.kurzydło@wp.pl,+48704739728,Warszawa,"33-015","2025-12-30",Google Ads,false,1994-11-22
1224,Tymoteusz,Kolendo,tymoteusz.kolendo@gmail.com,+48168521243,Lublin,"95-155","2025-12-22",Meta Ads,true,1990-07-13
1225,Leonard,Smolec,leonard.smolec@wp.pl,+48715557606,Gdańsk,"23-268","2025-08-03",Google Ads,false,1997-01-25
4859,Krystian,Kroczak,krystian.kroczak@onet.pl,+48011920200,Szczecin,"23-801","2025-10-01",Meta Ads,false,1959-08-21
4861,Mariusz,Lempart,mariusz.lempart@wp.pl,+48383827768,Rzeszów,"20-891","2024-10-09",Organic,false,1978-09-03
4862,Urszula,Młotek,urszula.młotek@gmail.com,+48651192763,Białystok,"64-412","2024-09-15",Meta Ads,false,1971-05-22
4863,Mateusz,Uliasz,mateusz.uliasz@onet.pl,+48708273852,Warszawa,"98-597","2025-07-11",Meta Ads,true,1961-05-30
4866,Jakub,Kolbusz,jakub.kolbusz@gmail.com,+48951288290,Elbląg,"50-182","2024-12-18",Google Ads,false,1985-10-21
4896,Gabriel,Neska,gabriel.neska@wp.pl,+48621549539,Bydgoszcz,"62-418","2024-09-03",Organic,false,2003-04-21
4898,Rozalia,Mudlaff,rozalia.mudlaff@gmail.com,+48691240277,Warszawa,"97-848","2024-11-04",Influencer,true,1996-04-19
4900,Bianka,Teterycz,bianka.teterycz@gmail.com,+48080240163,Bydgoszcz,"14-001","2026-01-22",Organic,false,2007-03-05
4901,Rafał,Czupryna,rafał.czupryna@wp.pl,+48664717032,Wrocław,"85-518","2024-12-29",Google Ads,false,1997-07-10
4902,Ksawery,Karczmarek,ksawery.karczmarek@wp.pl,+48074055473,Leszno,"29-735","2025-10-11",Newsletter,true,1987-11-11
4905,Wiktor,Kliszcz,wiktor.kliszcz@gmail.com,+48954188644,Poznań,"62-334","2026-04-17",Google Ads,true,1993-02-17
4906,Michał,Gołofit,michał.gołofit@wp.pl,+48053410657,Białystok,"62-505","2025-05-10",Referral,true,1976-01-13
4909,Julita,Damek,julita.damek@onet.pl,+48557534094,Szczecin,"13-877","2025-05-23",Meta Ads,false,1990-04-08
4910,Cezary,Wylegała,cezary.wylegała@gmail.com,+48758984783,Warszawa,"99-077","2026-05-19",Meta Ads,false,1988-07-08
4912,Róża,Ułanowicz,róża.ułanowicz@onet.pl,+48372519400,Kraków,"89-114","2026-07-12",Google Ads,true,1974-04-09
4914,Witold,Migoń,witold.migoń@wp.pl,+48029490538,Warszawa,"89-307","2024-11-28",Organic,true,1974-02-21
4796,Mieszko,Myrcik,mieszko.myrcik@gmail.com,+48180621579,Łódź,"41-256","2025-06-28",Referral,false,2003-03-23
4915,Sonia,Kubowicz,sonia.kubowicz@wp.pl,+48563782091,Wrocław,"95-692","2024-12-13",Organic,false,1956-06-23
4872,Grzegorz,Sieradzan,grzegorz.sieradzan@o2.pl,+48207902547,Kraków,do weryf,"2024-10-23",Google Ads,false,1993-06-25
4904,Artur,Mitoraj,artur.mitoraj@gmail.com,+48011105156,Olsztyn,do weryf,"2024-12-13",Referral,false,1994-08-31
4907,Aleksander,Gregorek,aleksander.gregorek@o2.pl,+48424954244,Warszawa,do weryf,"2025-05-29",Google Ads,false,1993-12-07
4926,Melania,Smoter,melania.smoter@gmail.com,+48311884317,Katowice,"71-801","2025-11-23",Organic,true,1987-02-23
4927,Norbert,Przystupa,norbert.przystupa@gmail.com,+48410347567,Kraków,"88-510","2026-02-05",Influencer,false,1969-02-07
4928,Maks,Rychcik,maks.rychcik@wp.pl,+48674080644,Warszawa,"80-872","2025-06-13",Meta Ads,true,1985-11-09
4930,Dorota,Kopiczko,dorotakopiczko@o2.pl,+48304626719,Konin,"39-116","2025-05-12",Google Ads,false,1977-05-17
4931,Andrzej,Jerzyk,andrzejjerzyk@wp.pl,+48640041531,Olsztyn,"59-532","2025-01-13",Referral,true,2005-08-12
4932,Cyprian,Wałęsa,cyprian.wałęsa@gmail.com,+48097832033,Warszawa,"52-751","2026-01-26",Meta Ads,false,1986-06-01
4810,Rozalia,Sadza,rozalia.sadza@gmail.com,+48017089810,Łódź,"69-894","2025-06-08",Meta Ads,true,2004-05-19
4933,Ewelina,Szczypek,ewelina.szczypek@gmail.com,+48138480803,Katowice,"49-300","2025-06-21",Newsletter,false,1996-09-29
4812,Natan,Mortka,natan.mortka@gmail.com,+48331958332,Łódź,"09-185","2026-02-21",Meta Ads,false,1963-11-03
4934,Ewelina,Faryna,ewelina.faryna@gmail.com,+48559206826,Wrocław,"34-297","2026-08-03",Meta Ads,true,1972-05-06
4935,Leon,Waraksa,leon.waraksa@gmail.com,+48705366867,Wrocław,"82-528","2025-04-02",Influencer,false,1998-04-29
4936,Mateusz,Słyk,mateusz.słyk@o2.pl,+48704029983,Suwałki,"22-122","2026-06-22",Meta Ads,false,1999-11-21
4937,Filip,Sumera,filip.sumera@onet.pl,+48725865880,Warszawa,"52-143","2026-06-10",Google Ads,true,2006-07-16
652,Justyna,Staręga,justyna.staręga@gmail.com,+48017767323,Kraków,"88-138","2024-09-11",Google Ads,false,1973-10-04
4787,Konstanty,Maciejko,konstanty.maciejko@wp.pl,+48092862739,Łódź,"51-347","2024-10-21",Google Ads,false,1965-03-13
653,Marika,Koterba,marika.koterba@gmail.com,+48246175414,Radom,"97-193","2025-11-13",Referral,false,1964-05-01
654,Olga,Patalas,olga.patalas@wp.pl,+48205842911,Radom,"30-230","2025-11-10",Google Ads,false,1994-02-19
655,Adrian,Mzyk,adrian.mzyk@gmail.com,+48226047616,Gdańsk,"94-023","2025-03-04",Newsletter,false,1986-11-06
656,Alan,Baranowicz,alan.baranowicz@onet.pl,+48448339354,Elbląg,"47-729","2024-11-25",Meta Ads,true,1990-01-27
657,Piotr,Strug,piotr.strug@wp.pl,+48927603971,Wrocław,"82-262","2024-11-30",Meta Ads,false,1996-06-21
659,Michał,Jacak,michałjacak@o2.pl,+48467768426,Lublin,"89-119","2025-12-05",Meta Ads,false,1977-09-07
4938,Maciej,Pilich,maciej.pilich@wp.pl,+48855284432,Elbląg,"52-297","2025-01-20",Meta Ads,false,1984-11-24
4939,Stanisław,Gniewek,stanisław.gniewek@onet.pl,+48858639467,Kraków,"70-184","2026-03-09",Meta Ads,false,1969-12-07
4943,Rozalia,Pedrycz,rozalia.pedrycz@onet.pl,+48786044343,Bydgoszcz,"31-634","2026-01-20",Organic,false,1987-02-17
4945,Urszula,Hanas,urszula.hanas@gmail.com,+48137914867,Poznań,"31-015","2025-01-02",Newsletter,false,1963-07-06
4947,Jakub,Piegza,jakub.piegza@wp.pl,+48660877306,Warszawa,"06-696","2025-06-04",Meta Ads,false,1973-11-16
4949,Gaja,Goliszek,gaja.goliszek@onet.pl,+48836076068,Gdańsk,"83-209","2025-11-29",Google Ads,false,1956-07-05
4831,Eryk,Borysiewicz,eryk.borysiewicz@o2.pl,+48084797026,Toruń,"95-754","2026-01-04",Meta Ads,true,1955-09-04
4869,Tobiasz,Bajko,tobiasz.bajko@gmail.com,+48884812661,Toruń,"52-289","2025-10-05",Meta Ads,true,2005-09-20
1227,Filip,Pytko,filip.pytko@onet.pl,+48328754467,Kraków,"11-991","2024-09-15",Meta Ads,false,1963-04-14
1228,Marcin,Żal,marcin.żal@onet.pl,+48163015073,Kielce,"64-771","2025-11-02",Newsletter,false,2008-04-03
1229,Ernest,Fleszar,ernest.fleszar@onet.pl,+48422751608,Wrocław,"85-451","2026-02-16",Google Ads,false,1994-01-27
1230,Leon,Janczarek,leon.janczarek@onet.pl,+48887748303,Kraków,"74-752","2025-09-17",Organic,true,2000-03-19
1231,Mikołaj,Majtyka,mikołaj.majtyka@interia.pl,+48344849895,Gdańsk,"34-774","2025-04-09",Google Ads,false,1999-01-12
1232,Mikołaj,Falba,mikołaj.falba@wp.pl,+48619254119,Poznań,"60-409","2025-02-20",Google Ads,true,1980-11-01
1233,Lidia,Hak,lidia.hak@gmail.com,+48458857855,Warszawa,"97-945","2025-11-21",Newsletter,false,1983-10-27
4950,Maurycy,Księżyk,maurycy.księżyk@gmail.com,+48659687502,Częstochowa,"38-100","2025-12-03",Organic,false,1985-03-02
4954,Natasza,Fiedoruk,natasza.fiedoruk@gmail.com,+48028519572,Bydgoszcz,"54-900","2026-03-17",Influencer,false,1989-08-29
4955,Filip,Bachanek,filip.bachanek@gmail.com,+48721566856,Kraków,"15-647","2026-08-02",Organic,false,1995-05-09
4832,Rozalia,Łudzik,rozalia.łudzik@gmail.com,+48636773811,Łódź,"26-208","2026-05-31",Influencer,false,2007-05-02
4956,Marianna,Pazdan,marianna.pazdan@gmail.com,+48556598917,Kraków,"89-126","2025-05-23",Meta Ads,false,1958-02-12
4957,Jeremi,Kapera,jeremi.kapera@wp.pl,+48387218211,Wrocław,"39-973","2024-09-28",Organic,true,2006-12-13
4917,Blanka,Maraszek,blanka.maraszek@interia.pl,+48514454516,Kraków,"50-783","2025-05-21",Meta Ads,false,1964-08-24
4918,Maks,Kuboń,maks.kuboń@gmail.com,+48368530050,Gdynia,"13-142","2024-09-06",Influencer,false,1972-09-30
4919,Gabriel,Labudda,gabriel.labudda@gmail.com,+48186734617,Warszawa,"79-520","2025-02-25",Organic,true,1987-01-13
4920,Miłosz,Majnusz,miłosz.majnusz@onet.pl,+48712095608,Poznań,"42-229","2025-11-27",Meta Ads,false,1987-07-09
4922,Radosław,Bzdęga,radosław.bzdęga@gmail.com,+48957227431,Radom,"18-594","2024-11-06",Google Ads,false,2001-04-06
4923,Michał,Barczuk,michał.barczuk@gmail.com,+48608560992,Warszawa,"35-643","2024-11-27",Organic,false,1980-10-12
4924,Klara,Twardy,klara.twardy@o2.pl,+48667726036,Kraków,"76-312","2026-06-15",Organic,true,1958-12-06
4843,Lidia,Rećko,lidia.rećko@o2.pl,+48626011827,Łódź,"22-164","2025-03-03",Meta Ads,false,2003-12-08
4958,Adrian,Wocial,adrian.wocial@gmail.com,+48333104276,Warszawa,"77-961","2024-12-14",Organic,false,1957-11-20
4959,Karina,Sklorz,karina.sklorz@wp.pl,+48320228106,Gdańsk,"86-352","2025-11-25",Meta Ads,false,2006-03-12
4960,Melania,Masłoń,melania.masłoń@wp.pl,+48256911701,Gdańsk,"48-169","2025-11-22",Referral,true,1971-07-17
4961,Piotr,Malcherek,piotr.malcherek@o2.pl,+48903200362,Olsztyn,"19-807","2026-03-27",Influencer,false,1996-11-01
4962,Oliwier,Malara,oliwier.malara@gmail.com,+48500758467,Piła,"45-626","2025-02-05",Google Ads,false,1987-04-04
4963,Malwina,Czerepak,malwina.czerepak@gmail.com,+48211047250,Białystok,"41-955","2026-02-15",Influencer,false,1978-02-22
4964,Kajetan,Wiencek,kajetan.wiencek@wp.pl,+48369061924,Gdańsk,"24-128","2025-12-29",Google Ads,true,1987-11-15
4965,Kornel,Pastucha,kornelpastucha@o2.pl,+48199656932,Opole,"28-955","2025-03-31",Meta Ads,false,1989-04-05
4967,Malwina,Wawrzynkiewicz,malwina.wawrzynkiewicz@gmail.com,+48720128787,Gdańsk,"50-311","2024-11-19",Influencer,false,1984-04-11
4968,Arkadiusz,Pazdan,arkadiusz.pazdan@onet.pl,+48394344739,Warszawa,"77-229","2025-07-09",Newsletter,true,1987-06-09
4969,Arkadiusz,Ciesiółka,arkadiusz.ciesiółka@gmail.com,+48051912024,Szczecin,"13-869","2026-05-31",Organic,false,1999-04-10
4971,Maksymilian,Rosłon,maksymilian.rosłon@gmail.com,+48073591554,Konin,"37-342","2026-04-29",Influencer,false,1994-03-20
4972,Przemysław,Grab,przemysław.grab@o2.pl,+48520206147,Bydgoszcz,"22-719","2025-11-02",Newsletter,false,1999-07-12
4973,Gaja,Waniek,gaja.waniek@gmail.com,+48371662214,Kraków,"01-759","2024-12-21",Organic,false,1968-10-19
4974,Hubert,Parus,hubert.parus@wp.pl,+48679081292,Katowice,"24-970","2025-10-19",Organic,true,1960-06-09
4877,Nicole,Wygoda,nicole.wygoda@wp.pl,+48348065462,Łódź,"90-887","2024-11-09",Referral,false,1961-07-11
4975,Krzysztof,Ochał,krzysztof.ochał@onet.pl,+48009440486,Kraków,"61-243","2025-09-08",Meta Ads,false,2004-07-09
4977,Jeremi,Klejna,jeremi.klejna@gmail.com,+48649777012,Białystok,"83-559","2024-11-27",Google Ads,true,1994-05-14
4978,Mieszko,Wiraszka,mieszko.wiraszka@wp.pl,+48648651787,Kraków,"42-730","2025-06-10",Google Ads,false,1991-05-18
4925,Monika,Panasiewicz,monika.panasiewicz@gmail.com,+48355492820,Poznań,do weryf,"2026-02-21",Meta Ads,false,1981-04-09
4940,Iwo,Andruszko,iwo.andruszko@gmail.com,+48493648101,Suwałki,do weryf,"2025-06-04",Newsletter,false,1996-05-31
4888,Jeremi,Bieleń,jeremi.bieleń@gmail.com,+48973771214,Łódź,"68-921","2025-10-26",Organic,false,1968-01-18
4893,Róża,Gołota,róża.gołota@onet.pl,+48921591887,Łódź,"56-956","2025-06-24",Meta Ads,true,1968-07-12
4895,Nela,Sarniak,nela.sarniak@interia.pl,+48391014800,Łódź,"50-690","2026-04-26",Meta Ads,false,1997-06-11
660,Fryderyk,Topa,fryderyk.topa@gmail.com,+48345066980,Warszawa,"71-259","2024-11-22",Influencer,false,1980-09-26
639,Nicole,Siwka,nicole.siwka@interia.pl,+48145557415,Kraków,"59-147","2025-11-20",Google Ads,true,1972-05-12
643,Damian,Misiejuk,damian.misiejuk@gmail.com,+48822462786,Olsztyn,"98-799","2025-10-16",Meta Ads,false,1960-04-05
4853,Kornelia,Glegoła,kornelia.glegoła@o2.pl,+48911762739,Łódź,"10-344","2026-07-18",Meta Ads,false,1990-09-30
644,Justyna,Dylak,justyna.dylak@gmail.com,+48996373048,Warszawa,"55-414","2025-11-20",Meta Ads,false,1978-05-02
645,Malwina,Fogel,malwina.fogel@wp.pl,+48152503247,Piła,"01-039","2025-10-19",Organic,false,1983-11-20
648,Witold,Pakos,witold.pakos@gmail.com,+48620717500,Kraków,"89-899","2026-02-15",Meta Ads,true,1973-11-05
1234,Fryderyk,Ograbek,fryderyk.ograbek@gmail.com,+48016225817,Kraków,"91-400","2025-12-01",Meta Ads,true,1980-09-30
1235,Tymon,Pyszczek,tymon.pyszczek@gmail.com,+48042165544,Wrocław,"56-013","2026-05-12",Meta Ads,false,1970-11-25
603,Anna Maria,Doliwa,anna maria.doliwa@wp.pl,+48523609730,Łódź,"73-030","2025-02-14",Google Ads,false,1964-10-20
1237,Maciej,Kręcisz,maciej.kręcisz@wp.pl,+48171489271,Kraków,"69-653","2026-02-03",Meta Ads,false,1974-05-07
606,Marcelina,Wiertel,marcelina.wiertel@wp.pl,+48974991851,Łódź,"51-651","2025-12-17",Google Ads,true,2004-07-08
609,Mieszko,Gierak,mieszko.gierak@gmail.com,+48071989937,Łódź,"34-767","2025-11-23",Meta Ads,true,1999-08-19
1212,Dawid,Bryzek,dawid.bryzek@gmail.com,+48821078325,Szczecin,"61-646","2025-12-11",Meta Ads,false,1994-11-27
1213,Igor,Maron,igor.maron@gmail.com,+48750489973,Zielona Góra,"82-553","2025-09-18",Referral,false,1997-11-23
1214,Fabian,Niebudek,fabian.niebudek@onet.pl,+48013852456,Gdańsk,"07-926","2024-12-25",Meta Ads,false,1973-10-20
1215,Mateusz,Bracha,mateusz.bracha@o2.pl,+48657931732,Opole,"59-525","2025-03-22",Organic,false,2003-08-14
649,Adrian,Jędrusiak,adrian.jędrusiak@gmail.com,+48051026171,Poznań,"50-516","2025-06-25",Influencer,false,1986-10-18
663,Jeremi,Rochowiak,jeremi.rochowiak@onet.pl,+48864180652,Suwałki,"78-718","2026-04-23",Newsletter,false,1962-11-12
665,Oliwier,Wrochna,oliwier.wrochna@gmail.com,+48818067380,Kraków,"14-510","2025-01-29",Meta Ads,false,1966-02-14
666,Ksawery,Częścik,ksawery.częścik@onet.pl,+48406352287,Warszawa,"34-852","2026-05-13",Meta Ads,false,1983-04-28
4941,Jakub,Roch,jakub.roch@gmail.com,+48987240975,Kraków,do weryf,"2026-06-09",Organic,false,1985-01-14
4951,Sylwia,Chomik,sylwia.chomik@o2.pl,+48106442516,Gdańsk,do weryf,"2025-03-28",Google Ads,false,1990-11-03
4991,Jerzy,Górnisiewicz,jerzy.górnisiewicz@gmail.com,+48185868943,Lublin,"66-548","2026-04-04",Meta Ads,false,1957-03-14
4992,Eryk,Tomaszczyk,eryk.tomaszczyk@gmail.com,+48723043814,Piła,"68-223","2025-05-07",Newsletter,false,1977-12-03
4993,Krzysztof,Puc,krzysztof.puc@gmail.com,+48792764419,Warszawa,"26-246","2024-11-16",Organic,false,1999-05-07
4994,Angelika,Czuj,angelika.czuj@wp.pl,+48036039129,Warszawa,"24-438","2025-12-12",Newsletter,false,2005-03-22
4995,Ida,Dudziec,ida.dudziec@wp.pl,+48085744978,Poznań,"65-548","2024-09-14",Meta Ads,false,2002-09-30
4996,Dagmara,Gajdzik,dagmara.gajdzik@gmail.com,+48853569253,Gdańsk,"46-814","2025-07-28",Influencer,false,1964-10-27
4997,Inga,Buchalik,inga.buchalik@wp.pl,+48191223268,Warszawa,"26-010","2024-12-20",Meta Ads,false,1970-09-17
4998,Dagmara,Sadownik,dagmara.sadownik@gmail.com,+48289130485,Gdańsk,"24-324","2025-11-06",Meta Ads,false,1991-11-11
4999,Jędrzej,Bączkiewicz,jędrzej.bączkiewicz@onet.pl,+48625381361,Gorzów Wielkopolski,"16-456","2026-08-06",Influencer,true,1992-03-30
14,Dorota,Świerad,dorota.świerad@gmail.com,+48710015927,Białystok,"56-102","2025-08-25",Meta Ads,false,1997-08-18
415,Aleks,Bartoś,aleks.bartoś@onet.pl,unknown,Częstochowa,"74-274","2025-11-17",Organic,false,2006-01-27
1127,Bruno,Chmara,bruno.chmara@o2.pl,+48015064156,Gdańsk,"82-207","2026-01-04",Organic,false,1992-03-02
1156,Alex,Tomzik,alex.tomzik@wp.pl,unknown,Zielona Góra,"57-688","2024-10-01",Referral,false,1961-10-30
1993,Julian,Kominiak,julian.kominiak@gmail.com,unknown,Gdańsk,"67-898","2024-11-28",Referral,false,1985-11-27
2113,Jan,Koterba,jan.koterba@o2.pl,+48120160399,Poznań,"91-204","2026-03-07",Meta Ads,false,1961-06-17
33,Antoni,Oleksiewicz,antoni.oleksiewicz@gmail.com,unknown,Białystok,"96-544","2025-09-27",Meta Ads,true,1966-12-30
34,Sandra,Chalimoniuk,sandra.chalimoniuk@gmail.com,unknown,Zielona Góra,"44-162","2024-10-24",Newsletter,false,1975-03-17
35,Arkadiusz,Parzonka,arkadiusz.parzonka@wp.pl,unknown,Radom,"73-611","2026-06-22",Google Ads,false,1960-02-05
59,Sylwia,Wiza,sylwia.wiza@gmail.com,unknown,Katowice,"75-460","2025-06-28",Organic,true,1991-09-12
92,Anita,Sulich,anita.sulich@o2.pl,unknown,Konin,"60-788","2026-08-06",Google Ads,true,1970-07-12
94,Ksawery,Kara,ksawery.kara@gmail.com,unknown,Szczecin,"78-142","2026-04-29",Meta Ads,true,2001-11-12
96,Paweł,Mytnik,paweł.mytnik@wp.pl,unknown,Warszawa,"67-872","2026-04-07",Meta Ads,false,1962-03-15
127,Blanka,Bronka,blanka.bronka@gmail.com,unknown,Gdynia,"57-917","2025-01-26",Meta Ads,false,2006-04-16
700,Jakub,Windak,jakub.windak@gmail.com,+48335883362,Warszawa,"12-811","2024-12-08",Google Ads,false,1987-08-14
701,Emil,Kupaj,emil.kupaj@gmail.com,+48001588116,Katowice,"66-576","2025-08-23",Newsletter,false,1966-07-23
702,Agnieszka,Gogola,agnieszka.gogola@wp.pl,+48705915192,Katowice,"47-846","2026-01-07",Meta Ads,true,1958-06-21
703,Artur,Wiercigroch,artur.wiercigroch@gmail.com,+48930030407,Zielona Góra,"59-340","2026-05-14",Google Ads,false,1985-04-13
662,Emil,Browarczyk,emil.browarczyk@wp.pl,+48876805961,Warszawa,do weryf,"2025-11-16",Google Ads,true,1990-09-16
694,Leon,Koj,leon.koj@wp.pl,+48562453673,Warszawa,do weryf,"2025-02-05",Google Ads,false,1972-08-03
710,Ignacy,Cichos,ignacy.cichos@gmail.com,+48939905205,Gdańsk,"51-221","2025-02-09",Meta Ads,true,1979-10-26
713,Aniela,Gronostaj,aniela.gronostaj@o2.pl,+48759535728,Leszno,"85-604","2026-02-15",Meta Ads,false,2006-04-10
714,Łukasz,Grosz,łukasz.grosz@gmail.com,+48420571748,Częstochowa,"01-544","2024-12-13",Newsletter,false,1994-08-13
748,Alex,Okła,alex.okła@wp.pl,+48554021325,Lublin,"29-980","2025-06-11",Meta Ads,false,1965-05-04
762,Kaja,Policht,kaja.policht@gmail.com,+48831313480,Gorzów Wielkopolski,"14-211","2025-10-17",Organic,false,1984-02-05
764,Szymon,Dziuda,szymon.dziuda@gmail.com,+48489564360,Wrocław,"92-340","2026-02-03",Organic,true,1957-08-08
765,Wojciech,Majdak,wojciech.majdak@o2.pl,+48599976545,Warszawa,"23-814","2026-06-16",Meta Ads,false,1968-12-11
781,Iwo,Kiryluk,iwo.kiryluk@gmail.com,+48600903408,Łódź,"15-186","2024-11-16",Meta Ads,false,1991-02-27
1217,Gustaw,Capała,gustaw.capała@onet.pl,+48201412513,Gdańsk,"22-037","2024-10-03",Meta Ads,false,1992-06-07
1238,Kornelia,Kuder,kornelia.kuder@interia.pl,+48856487559,Elbląg,"84-879","2025-10-07",Newsletter,false,1970-01-16
1239,Jeremi,Łyjak,jeremi.łyjak@onet.pl,+48174709643,Warszawa,"13-262","2026-05-10",Organic,true,1990-04-11
619,Mariusz,Wyrwał,mariusz.wyrwał@gmail.com,+48966215971,Łódź,"83-609","2026-06-14",Referral,false,1987-11-16
1242,Grzegorz,Madzia,grzegorz.madzia@gmail.com,+48407732825,Gdańsk,"71-011","2025-10-24",Newsletter,false,1991-04-03
1244,Adrianna,Wojtaszczyk,adrianna.wojtaszczyk@gmail.com,+48386675889,Kraków,"29-743","2026-07-25",Google Ads,true,1970-08-11
1247,Marcel,Cięciwa,marcel.cięciwa@wp.pl,+48320559401,Opole,"16-089","2026-06-18",Organic,true,2000-12-26
923,Marek,Maligłówka,marek.maligłówka@o2.pl,+48898061457,Suwałki,"33-964","2026-08-06",Meta Ads,false,1995-01-08
924,Maksymilian,Karpik,maksymilian.karpik@gmail.com,+48431076863,Gdańsk,"22-407","2026-07-17",Meta Ads,false,1961-01-20
999,Leon,Honkisz,leon.honkisz@gmail.com,+48844618485,Suwałki,"24-564","2024-12-18",Newsletter,false,1976-11-16
1000,Natan,Szok,natanszok@interia.pl,+48649594895,Katowice,"21-547","2024-12-28",Google Ads,true,2008-07-06
1079,Róża,Wielgo,róża.wielgo@gmail.com,+48168003114,Warszawa,"32-438","2024-09-06",Organic,true,1977-01-19
1080,Maciej,Nędzi,maciej.nędzi@onet.pl,+48893940270,Warszawa,"95-845","2024-11-25",Meta Ads,true,1975-10-03
1081,Jędrzej,Nieszporek,jędrzej.nieszporek@gmail.com,+48331919967,Elbląg,"79-962","2025-11-14",Influencer,false,1994-12-12
1122,Sylwia,Wąsek,sylwia.wąsek@wp.pl,+48181714663,Łódź,"67-747","2025-07-17",Influencer,false,1989-01-31
1164,Tola,Broszkiewicz,tola.broszkiewicz@gmail.com,+48158584561,Radom,"89-717","2024-09-07",Meta Ads,true,1979-03-23
1165,Maurycy,Kordus,maurycy.kordus@gmail.com,+48293749982,Częstochowa,"43-838","2026-08-06",Organic,false,1966-02-04
1166,Ewelina,Gąbka,ewelina.gąbka@o2.pl,+48627837748,Rzeszów,"97-783","2025-02-11",Google Ads,false,1980-04-11
1167,Adrian,Jamroży,adrian.jamroży@gmail.com,+48297851793,Kraków,"90-480","2025-12-12",Organic,false,1960-09-30
1307,Sara,Dyja,sara.dyja@gmail.com,+48690919034,Poznań,"75-334","2025-11-07",Google Ads,false,1977-10-21
1308,Arkadiusz,Bastek,arkadiusz.bastek@wp.pl,+48541955824,Częstochowa,"15-334","2024-12-22",Google Ads,true,1967-09-01
1381,Marianna,Milcarz,marianna.milcarz@wp.pl,+48614880161,Kraków,"50-382","2025-01-11",Google Ads,true,1956-03-29
1467,Melania,Warzybok,melania.warzybok@gmail.com,+48870793032,Warszawa,"21-519","2025-10-11",Newsletter,false,1958-07-20
1429,Tadeusz,Wiertel,tadeusz.wiertel@o2.pl,+48957203718,Opole,do weryf,"2024-09-07",Referral,false,1960-11-05
1480,Oskar,Putek,oskar.putek@gmail.com,+48818072851,Lublin,"63-103","2024-10-06",Google Ads,false,1992-03-18
1481,Gabriel,Fechner,gabriel.fechner@gmail.com,+48932659889,Gdańsk,"64-515","2024-09-18",Meta Ads,false,1998-08-08
1482,Natan,Płoskonka,natan.płoskonka@gmail.com,+48643229987,Wrocław,"79-307","2025-01-09",Google Ads,true,1974-11-07
16,Bianka,Jakubiuk,bianka.jakubiuk@interia.pl,+48853760746,Łódź,"28-441","2025-10-19",Meta Ads,true,1979-07-12
1483,Justyna,Danisz,justyna.danisz@o2.pl,+48694028646,Poznań,"64-651","2025-12-20",Meta Ads,false,2000-07-03
1808,Tadeusz,Mikiciuk,tadeusz.mikiciuk@gmail.com,+48798124049,Katowice,do weryf,"2025-12-07",Meta Ads,true,2006-01-31
1931,Jan,Kijanka,jan.kijanka@onet.pl,+48843703490,Łódź,"63-072","2025-09-03",Google Ads,false,2006-02-20
2044,Justyna,Pilarek,justyna.pilarek@wp.pl,+48179480061,Lublin,"74-129","2025-11-13",Google Ads,true,1960-11-12
2171,Juliusz,Dietrich,juliusz.dietrich@gmail.com,+48100640271,Łódź,"81-650","2025-07-13",Organic,false,1987-08-17
2182,Bartek,Klos,bartek.klos@o2.pl,+48727820338,Olsztyn,"13-387","2026-07-01",Organic,true,1975-12-12
2314,Marcelina,Ziółko,marcelina.ziółko@wp.pl,+48372871372,Szczecin,"83-721","2024-11-09",Newsletter,false,1997-03-07
2421,Daniel,Kloska,daniel.kloska@gmail.com,+48433693702,Łódź,"59-146","2025-08-10",Organic,false,2006-08-06
2543,Leonard,Szyguła,leonard.szyguła@gmail.com,+48220039509,Warszawa,"25-352","2025-04-12",Meta Ads,true,1978-09-24
2622,Natan,Kosowicz,natan.kosowicz@onet.pl,+48543756567,Katowice,"78-632","2026-07-08",Organic,false,1961-04-22
3365,Marek,Mainka,marek.mainka@interia.pl,+48206719513,Łódź,"97-369","2025-06-17",Influencer,false,2007-02-17
3397,Jacek,Wandzel,jacek.wandzel@gmail.com,+48156507027,Elbląg,"39-456","2025-06-09",Meta Ads,true,1975-10-23
3477,Jerzy,Albin,jerzy.albin@onet.pl,+48165682749,Gdańsk,"19-308","2025-04-22",Newsletter,false,1962-08-27
2577,Iwo,Derek,iwo.derek@wp.pl,+48667547496,Łódź,"84-830","2025-03-28",Google Ads,false,1996-06-27
4098,Jan,Chojna,jan.chojna@wp.pl,+48838994627,Kraków,"40-640","2026-02-06",Meta Ads,false,1960-07-02
4503,Przemysław,Ciuba,przemysław.ciuba@wp.pl,+48085645832,Łódź,"99-739","2026-05-19",Google Ads,true,1956-03-29
4794,Marcel,Mydlak,marcel.mydlak@gmail.com,+48405745180,Łódź,"55-803","2026-06-27",Organic,false,1979-10-12
1646,Maks,Kulus,maks.kulus@gmail.com,unknown,Łódź,"06-789","2025-08-26",Newsletter,true,2002-02-11
1710,Leon,Misior,leon.misior@gmail.com,unknown,Łódź,"04-586","2025-05-30",Meta Ads,true,1988-12-28
2928,Adrianna,Krüger,adrianna.krüger@interia.pl,unknown,Łódź,"67-254","2026-04-19",Influencer,false,1968-07-24
227,Piotr,Przewoźna,piotr.przewoźna@o2.pl,unknown,Leszno,"54-904","2025-10-30",Meta Ads,false,1999-12-28
230,Dominik,Grzenia,dominik.grzenia@gmail.com,unknown,Wrocław,"37-466","2026-01-26",Google Ads,false,2008-01-07
231,Inga,Korta,inga.korta@onet.pl,unknown,Zielona Góra,"64-911","2026-05-24",Google Ads,true,2005-05-04
237,Blanka,Dobrosz,blanka.dobrosz@gmail.com,unknown,Bydgoszcz,"13-190","2025-04-23",Google Ads,false,2007-08-17
241,Olgierd,Pasiut,olgierd.pasiut@wp.pl,unknown,Warszawa,"31-064","2024-11-10",Influencer,false,1990-12-27
242,Roksana,Dyka,roksana.dyka@interia.pl,unknown,Wrocław,"21-416","2026-04-21",Newsletter,false,1991-12-16
246,Mariusz,Bieszke,mariusz.bieszke@gmail.com,unknown,Warszawa,"90-563","2025-09-02",Organic,true,2003-12-22
249,Maksymilian,Okła,maksymilian.okła@gmail.com,unknown,Rzeszów,"58-541","2026-05-24",Newsletter,true,1992-11-23
1248,Adrian,Kulczak,adriankulczak@gmail.com,+48349491422,Warszawa,"85-783","2025-09-14",Organic,true,2003-04-17
1249,Sylwia,Młocek,sylwia.młocek@gmail.com,+48363888540,Opole,"24-918","2025-11-20",Meta Ads,true,1961-06-20
1251,Igor,Naumiuk,igor.naumiuk@gmail.com,+48984812450,Kraków,"59-945","2024-11-10",Meta Ads,false,2008-05-05
1252,Marianna,Rakus,marianna.rakus@gmail.com,+48770096994,Wrocław,"86-789","2026-02-25",Influencer,true,1996-05-30
1253,Juliusz,Fiedoruk,juliusz.fiedoruk@onet.pl,+48458606115,Poznań,"10-284","2026-02-05",Meta Ads,true,1996-10-12
1254,Fryderyk,Wota,fryderyk.wota@gmail.com,+48527161950,Warszawa,"43-062","2025-03-01",Organic,false,1969-04-13
1255,Błażej,Latoszek,błażej.latoszek@wp.pl,+48346806715,Piła,"57-072","2025-03-13",Google Ads,true,1981-08-28
678,Tomasz,Pacia,tomasz.pacia@gmail.com,+48432152055,Kraków,"44-188","2026-06-15",Meta Ads,false,1961-08-17
251,Dorota,Garncarek,dorota.garncarek@gmail.com,unknown,Olsztyn,"74-550","2025-12-20",Meta Ads,false,1963-07-15
270,Kacper,Kopyt,kacper.kopyt@onet.pl,unknown,Lublin,"27-069","2025-03-11",Newsletter,false,1960-12-10
273,Jerzy,Tusk,jerzy.tusk@o2.pl,unknown,Gdańsk,"28-773","2026-06-16",Influencer,false,2001-05-16
277,Angelika,Michniak,angelika.michniak@gmail.com,unknown,Wrocław,"53-308","2024-11-29",Newsletter,false,1970-03-06
280,Fryderyk,Martyn,fryderyk.martyn@gmail.com,unknown,Warszawa,"68-327","2026-03-22",Google Ads,false,1992-07-01
281,Kalina,Litwiniuk,kalina.litwiniuk@gmail.com,unknown,Wrocław,"39-386","2026-04-06",Influencer,true,1965-05-04
286,Aniela,Kopiczko,aniela.kopiczko@wp.pl,unknown,Częstochowa,"48-095","2025-03-12",Google Ads,false,1983-12-26
291,Bartek,Leszkiewicz,bartek.leszkiewicz@wp.pl,unknown,Konin,"25-986","2025-11-02",Organic,false,1994-11-23
294,Fryderyk,Kozica,fryderyk.kozica@wp.pl,unknown,Warszawa,"69-665","2024-11-18",Organic,false,1974-08-20
295,Robert,Gamoń,robert.gamoń@gmail.com,unknown,Kraków,"66-904","2026-07-15",Influencer,false,1981-12-13
298,Sylwia,Rajman,sylwia.rajman@gmail.com,unknown,Wrocław,"29-760","2024-12-19",Meta Ads,true,1963-04-30
301,Nicole,Krzystek,nicolekrzystek@wp.pl,unknown,Wrocław,"32-512","2024-12-24",Google Ads,false,1984-10-11
313,Kornelia,Hutyra,kornelia.hutyra@wp.pl,unknown,Elbląg,"23-110","2025-12-19",Organic,false,2004-04-02
316,Maksymilian,Dydak,maksymilian.dydak@gmail.com,unknown,Warszawa,"52-471","2025-06-02",Meta Ads,false,1985-07-16
320,Karol,Wietecha,karol.wietecha@gmail.com,unknown,Lublin,"56-661","2024-11-17",Referral,false,1997-03-02
354,Ksawery,Wenda,ksawery.wenda@wp.pl,unknown,Poznań,"41-182","2026-03-14",Meta Ads,false,2006-09-20
362,Tadeusz,Szałaj,tadeusz.szałaj@gmail.com,unknown,Kraków,"85-158","2025-03-17",Google Ads,true,1993-07-03
364,Blanka,Kopytko,blanka.kopytko@wp.pl,unknown,Szczecin,"65-946","2025-03-02",Newsletter,false,2004-05-17
390,Oliwier,Andrearczyk,oliwier.andrearczyk@onet.pl,unknown,Warszawa,"46-866","2026-07-06",Meta Ads,false,1979-11-11
421,Aniela,Sawko,aniela.sawko@gmail.com,unknown,Warszawa,"82-814","2024-09-24",Google Ads,true,2002-03-30
422,Tomasz,Helman,tomasz.helman@gmail.com,unknown,Gdynia,"66-768","2025-04-06",Newsletter,false,1970-05-05
423,Leonard,Gawliczek,leonard.gawliczek@gmail.com,unknown,Elbląg,"63-336","2025-11-10",Meta Ads,false,1986-06-10
429,Franciszek,Jankowicz,franciszek.jankowicz@gmail.com,unknown,Warszawa,"13-642","2026-07-01",Meta Ads,false,1997-02-21
440,Wojciech,Kosela,wojciech.kosela@gmail.com,unknown,Warszawa,"50-092","2025-04-11",Meta Ads,false,1994-04-29
472,Błażej,Królikiewicz,błażej.królikiewicz@gmail.com,unknown,Konin,"74-643","2024-10-10",Influencer,false,1959-09-05
479,Sandra,Dzierwa,sandra.dzierwa@gmail.com,unknown,Warszawa,"42-255","2024-12-21",Meta Ads,true,1977-08-28
518,Stanisław,Malcher,stanisław.malcher@o2.pl,unknown,Szczecin,"36-393","2025-07-08",Organic,false,1962-11-13
520,Inga,Joniak,inga.joniak@gmail.com,unknown,Kielce,"03-392","2024-09-21",Meta Ads,false,1997-01-14
521,Maurycy,Huczek,maurycy.huczek@wp.pl,unknown,Poznań,"70-801","2026-03-03",Google Ads,false,1981-04-13
540,Łukasz,Budniak,łukasz.budniak@o2.pl,unknown,Poznań,"94-972","2025-06-09",Google Ads,false,1978-10-01
549,Alex,Szczechowicz,alex.szczechowicz@gmail.com,unknown,Elbląg,"82-907","2026-06-17",Newsletter,true,2006-08-22
553,Leon,Piekart,leon.piekart@onet.pl,unknown,Białystok,"53-505","2025-06-04",Meta Ads,false,2002-05-01
4471,Olga,Kurzac,olga.kurzac@gmail.com,unknown,Łódź,"35-559","2025-11-24",Meta Ads,false,1978-09-03
564,Patryk,Zieja,patryk.zieja@gmail.com,unknown,Kraków,"51-586","2026-06-27",Google Ads,false,1984-09-22
566,Dawid,Gumienny,dawid.gumienny@gmail.com,unknown,Kraków,"85-641","2025-11-11",Meta Ads,false,1987-05-29
580,Tymon,Tułacz,tymon.tułacz@wp.pl,unknown,Warszawa,"97-460","2024-12-27",Google Ads,false,1964-10-03
594,Marek,Janiszek,marek.janiszek@onet.pl,unknown,Warszawa,"96-487","2026-08-05",Meta Ads,true,2004-05-26
595,Mariusz,Ważny,mariusz.ważny@onet.pl,unknown,Warszawa,"44-838","2025-05-06",Influencer,false,1997-08-29
598,Sara,Kudłacz,sara.kudłacz@onet.pl,unknown,Suwałki,"42-276","2025-03-08",Meta Ads,false,1994-03-22
599,Dawid,Mrózek,dawid.mrózek@wp.pl,unknown,Szczecin,"57-217","2025-11-04",Google Ads,false,2004-01-04
608,Kajetan,Budzich,kajetan.budzich@onet.pl,unknown,Rzeszów,"61-601","2025-05-22",Google Ads,false,1984-10-25
610,Tomasz,Szyda,tomasz.szyda@wp.pl,unknown,Warszawa,"04-396","2024-11-02",Referral,false,1958-03-24
618,Ewa,Prokopiak,ewaprokopiak@wp.pl,unknown,Gdynia,"14-008","2025-09-18",Meta Ads,false,1982-09-15
635,Janina,Patoka,janina.patoka@o2.pl,unknown,Rzeszów,"80-073","2024-11-12",Organic,true,1980-08-15
641,Kajetan,Madzia,kajetan.madzia@gmail.com,unknown,Warszawa,"82-060","2025-09-27",Meta Ads,false,1955-11-05
642,Jacek,Oślizło,jacek.oślizło@gmail.com,unknown,Gdańsk,"98-793","2024-12-19",Meta Ads,false,1964-07-13
646,Mariusz,Romańczyk,mariusz.romańczyk@gmail.com,unknown,Zielona Góra,"42-776","2026-01-13",Referral,false,1999-10-04
658,Franciszek,Moneta,franciszek.moneta@gmail.com,unknown,Radom,"07-678","2026-06-15",Influencer,false,1961-04-28
1256,Ksawery,Kuzior,ksawery.kuzior@gmail.com,+48598887802,Olsztyn,"51-183","2026-04-10",Google Ads,false,1989-10-21
1257,Dominik,Stanaszek,dominik.stanaszek@gmail.com,+48265266403,Gorzów Wielkopolski,"70-788","2024-10-01",Organic,true,1978-06-14
1258,Dominik,Kiełbik,dominik.kiełbik@wp.pl,+48818504484,Poznań,"92-266","2026-05-27",Influencer,false,1961-01-25
1260,Adrianna,Wiatrak,adrianna.wiatrak@wp.pl,+48817493380,Radom,"64-153","2025-11-16",Meta Ads,false,1990-03-13
1261,Jakub,Wdowczyk,jakub.wdowczyk@onet.pl,+48473792885,Warszawa,"86-400","2026-06-27",Newsletter,false,1969-09-18
1262,Kornel,Ziemann,kornel.ziemann@onet.pl,+48971174228,Warszawa,"74-004","2025-12-24",Google Ads,false,1982-11-29
1263,Marika,Wajer,marika.wajer@o2.pl,+48785955205,Warszawa,"56-414","2025-06-06",Referral,false,2000-04-30
695,Kornel,Batóg,kornel.batóg@o2.pl,+48621227514,Radom,"07-520","2025-04-27",Organic,false,1967-05-26
675,Jędrzej,Strawa,jędrzej.strawa@gmail.com,unknown,Kraków,"95-119","2026-05-17",Google Ads,false,1960-08-18
676,Aleksander,Rychel,aleksander.rychel@gmail.com,unknown,Kielce,"18-680","2025-06-11",Meta Ads,false,1989-11-24
684,Maurycy,Dębniak,maurycy.dębniak@o2.pl,unknown,Warszawa,"04-884","2024-10-01",Referral,true,1991-11-15
689,Natan,Kazana,natan.kazana@o2.pl,unknown,Warszawa,"67-705","2025-09-01",Organic,false,1992-09-22
693,Damian,Składanek,damian.składanek@wp.pl,unknown,Piła,"61-873","2024-10-16",Organic,false,1981-11-15
698,Jędrzej,Piesik,jędrzej.piesik@interia.pl,unknown,Elbląg,"64-764","2025-07-12",Meta Ads,true,1990-03-23
708,Leon,Zamora,leon.zamora@gmail.com,unknown,Kraków,"18-842","2024-11-29",Influencer,false,1993-08-03
711,Rafał,Sobieszczyk,rafał.sobieszczyk@gmail.com,unknown,Szczecin,"44-111","2026-06-02",Google Ads,false,1995-09-22
727,Ewelina,Koleśnik,ewelina.koleśnik@wp.pl,unknown,Kraków,"55-828","2026-01-24",Newsletter,true,1956-04-09
740,Konrad,Pyc,konrad.pyc@gmail.com,unknown,Leszno,"93-988","2026-02-16",Newsletter,false,1965-11-06
753,Melania,Startek,melania.startek@o2.pl,unknown,Opole,"97-665","2025-11-10",Google Ads,false,1956-01-23
786,Marek,Dmoch,marek.dmoch@gmail.com,unknown,Gorzów Wielkopolski,"37-635","2026-06-12",Google Ads,false,1959-04-18
790,Jan,Rudzik,jan.rudzik@gmail.com,unknown,Kraków,"32-805","2025-03-02",Referral,false,1967-05-03
791,Justyna,Kleina,justynakleina@gmail.com,unknown,Warszawa,"47-138","2026-05-29",Google Ads,false,1991-08-12
794,Maksymilian,Skocz,maksymilian.skocz@gmail.com,unknown,Wrocław,"36-880","2024-11-10",Newsletter,false,1999-05-26
799,Bianka,Porwoł,bianka.porwoł@gmail.com,unknown,Gorzów Wielkopolski,"70-916","2024-10-10",Meta Ads,false,2008-07-12
808,Gabriel,Trybała,gabriel.trybała@gmail.com,unknown,Poznań,"47-398","2026-05-09",Google Ads,false,1980-06-27
810,Kazimierz,Tokarek,kazimierztokarek@wp.pl,unknown,Suwałki,"91-992","2025-09-25",Organic,false,1983-03-25
832,Albert,Łosiak,albert.łosiak@o2.pl,unknown,Bydgoszcz,"17-112","2024-10-23",Meta Ads,false,1956-06-21
833,Angelika,Malecha,angelika.malecha@o2.pl,unknown,Kraków,"65-701","2024-12-08",Influencer,false,1977-11-04
846,Kalina,Kucab,kalina.kucab@gmail.com,unknown,Kraków,"14-159","2025-11-16",Google Ads,false,1978-03-06
852,Ewa,Miętka,ewa.miętka@wp.pl,unknown,Leszno,"18-876","2025-09-22",Meta Ads,false,2001-05-18
859,Maksymilian,Ziarek,maksymilian.ziarek@o2.pl,unknown,Elbląg,"05-742","2024-11-24",Meta Ads,false,1975-12-19
862,Mateusz,Danisz,mateusz.danisz@wp.pl,unknown,Warszawa,"85-954","2026-08-06",Meta Ads,false,1998-03-15
881,Witold,Steinke,witold.steinke@gmail.com,unknown,Szczecin,"12-409","2024-10-15",Meta Ads,false,1991-04-21
886,Błażej,Tereszkiewicz,błażej.tereszkiewicz@gmail.com,unknown,Warszawa,"30-208","2026-07-21",Meta Ads,false,1999-11-06
903,Kornelia,Demiańczuk,kornelia.demiańczuk@onet.pl,unknown,Kraków,"49-201","2024-10-03",Organic,false,1963-04-29
910,Olgierd,Frydrychowicz,olgierd.frydrychowicz@gmail.com,unknown,Gorzów Wielkopolski,"72-955","2025-08-24",Meta Ads,true,1998-07-12
930,Filip,Nastały,filip.nastały@wp.pl,unknown,Warszawa,"46-882","2026-04-12",Google Ads,true,2004-02-08
952,Bartek,Kołtuniak,bartek.kołtuniak@gmail.com,unknown,Częstochowa,"28-351","2025-04-16",Meta Ads,false,1977-11-13
956,Grzegorz,Mędrala,grzegorz.mędrala@interia.pl,unknown,Wrocław,"33-837","2025-06-07",Google Ads,false,1975-10-26
970,Ada,Warchał,ada.warchał@wp.pl,unknown,Elbląg,"41-572","2025-05-20",Newsletter,true,1997-05-22
976,Bianka,Abramczuk,bianka.abramczuk@gmail.com,unknown,Warszawa,"09-544","2025-11-05",Organic,true,1963-10-24
983,Kazimierz,Dąbrówka,kazimierz.dąbrówka@interia.pl,unknown,Gdańsk,"83-330","2025-03-09",Google Ads,false,1961-06-13
1009,Jacek,Guzdek,jacek.guzdek@gmail.com,unknown,Gdańsk,"66-570","2024-11-17",Organic,false,1985-11-03
1013,Anita,Fierek,anita.fierek@wp.pl,unknown,Gdańsk,"73-940","2025-10-28",Organic,true,1967-02-13
1021,Anna Maria,Saternus,anna maria.saternus@o2.pl,unknown,Poznań,"41-553","2026-05-10",Organic,false,1985-07-15
1030,Anna Maria,Wojak,anna maria.wojak@onet.pl,unknown,Kielce,"32-074","2025-05-25",Organic,true,1969-09-15
1042,Julian,Kryszczuk,julian.kryszczuk@o2.pl,unknown,Konin,"90-685","2025-08-20",Meta Ads,false,1956-07-26
1047,Olgierd,Perlik,olgierd.perlik@o2.pl,unknown,Lublin,"14-020","2025-04-11",Organic,false,1971-02-05
1048,Ernest,Janoszka,ernest.janoszka@gmail.com,unknown,Warszawa,"49-521","2024-11-09",Organic,false,2007-05-11
1056,Antoni,Hawro,antoni.hawro@wp.pl,unknown,Warszawa,"36-231","2026-03-30",Newsletter,false,1963-08-20
1058,Angelika,Gajcy,angelika.gajcy@onet.pl,unknown,Konin,"79-894","2025-05-21",Newsletter,false,1988-09-30
1070,Szymon,Maciejczuk,szymon.maciejczuk@wp.pl,unknown,Gdańsk,"79-632","2024-11-27",Google Ads,false,1969-09-27
1088,Gustaw,Niebudek,gustaw.niebudek@wp.pl,unknown,Gdańsk,"07-707","2025-09-30",Meta Ads,true,1982-12-30
1109,Filip,Małż,filipmałż@gmail.com,unknown,Olsztyn,"74-859","2025-11-29",Meta Ads,false,1987-07-28
1125,Ignacy,Wojniak,ignacy.wojniak@gmail.com,unknown,Gdańsk,"27-819","2025-09-12",Meta Ads,false,1988-03-16
1133,Piotr,Bona,piotr.bona@onet.pl,unknown,Lublin,"18-494","2026-06-30",Google Ads,false,1963-10-31
1264,Krzysztof,Dziduch,krzysztofdziduch@gmail.com,+48732225139,Konin,"29-004","2025-12-15",Meta Ads,false,1975-12-21
1265,Karina,Hajduga,karina.hajduga@gmail.com,+48964506899,Poznań,"73-549","2025-04-22",Organic,false,2005-02-25
1267,Tomasz,Tasarz,tomasz.tasarz@gmail.com,+48790799717,Kraków,"69-874","2026-08-06",Google Ads,true,2006-07-11
111,Tadeusz,Budzeń,tadeusz.budzeń@wp.pl,+48977985108,Kielce,"19-299","2025-08-17",Meta Ads,false,1978-05-06
112,Maks,Kopyt,maks.kopyt@onet.pl,+48819495375,Suwałki,"74-427","2024-11-22",Meta Ads,true,1965-07-10
640,Grzegorz,Ficoń,grzegorz.ficoń@o2.pl,+48440377859,Łódź,"11-500","2024-10-14",Google Ads,true,1973-03-23
113,Karol,Piaseczna,karol.piaseczna@o2.pl,+48566320871,Lublin,"47-070","2025-10-25",Meta Ads,true,2006-02-15
114,Inga,Kierat,inga.kierat@gmail.com,+48337780426,Warszawa,"65-568","2025-09-07",Referral,true,1956-09-02
115,Natasza,Zdziech,natasza.zdziech@wp.pl,+48225859773,Warszawa,"82-397","2024-11-24",Meta Ads,false,2007-08-04
116,Iwo,Piestrzeniewicz,iwo.piestrzeniewicz@onet.pl,+48082927382,Warszawa,"03-366","2025-06-24",Meta Ads,false,1997-05-21
1316,Sandra,Siwa,sandra.siwa@wp.pl,+48708255856,Gdańsk,"98-352","2025-12-13",Meta Ads,false,1967-04-01
1317,Gustaw,Halik,gustaw.halik@gmail.com,+48873937873,Kraków,"21-809","2024-11-21",Meta Ads,true,1997-09-15
1318,Alan,Mijas,alan.mijas@wp.pl,+48395721203,Wrocław,"71-876","2025-12-25",Meta Ads,false,1967-10-08
1319,Klara,Berdzik,klara.berdzik@wp.pl,+48895429486,Warszawa,"67-501","2024-11-12",Organic,true,2001-04-17
124,Inga,Winnik,inga.winnik@o2.pl,+48982913579,Lublin,"33-038","2024-10-28",Influencer,false,1995-07-09
1414,Oliwier,Krzysztofek,oliwier.krzysztofek@o2.pl,+48460653832,Gorzów Wielkopolski,"59-939","2025-08-09",Meta Ads,false,1959-08-24
1417,Angelika,Bryda,angelika.bryda@gmail.com,+48680997052,Opole,"44-177","2025-03-04",Organic,false,1993-03-21
921,Olgierd,Nitek,olgierd.nitek@wp.pl,+48966677783,Łódź,"76-534","2024-12-28",Meta Ads,false,2006-10-08
1512,Marcel,Pindral,marcel.pindral@gmail.com,+48620413537,Poznań,"41-338","2024-11-29",Organic,false,1999-09-17
1514,Kaja,Lisak,kaja.lisak@o2.pl,+48194262271,Warszawa,"19-110","2026-01-14",Organic,false,1964-11-16
1576,Ryszard,Jagieło,ryszard.jagieło@gmail.com,+48399068973,Poznań,"22-768","2024-10-30",Meta Ads,true,1982-07-23
1578,Jan,Hankiewicz,jan.hankiewicz@gmail.com,+48701139602,Kraków,"99-585","2025-07-06",Organic,true,1965-03-01
1579,Igor,Wojak,igor.wojak@gmail.com,+48360296355,Katowice,"99-511","2025-11-07",Referral,false,1991-06-22
996,Kajetan,Dułak,kajetan.dułak@wp.pl,+48250079097,Łódź,"96-572","2025-12-01",Google Ads,false,1977-08-07
1580,Kornel,Para,kornel.para@o2.pl,+48798584639,Lublin,"37-698","2024-12-31",Google Ads,false,2007-08-10
1055,Juliusz,Kubaczyk,juliusz.kubaczyk@onet.pl,+48782931759,Łódź,"50-912","2025-11-28",Google Ads,false,2008-08-05
1637,Olgierd,Cop,olgierd.cop@gmail.com,+48688567206,Szczecin,"61-819","2025-06-12",Referral,false,2007-01-21
1060,Fabian,Świerad,fabian.świerad@onet.pl,+48677763034,Łódź,"43-460","2025-10-14",Newsletter,false,1984-05-02
1639,Dawid,Małż,dawid.małż@o2.pl,+48627678734,Gdańsk,"62-133","2026-01-15",Meta Ads,false,1964-10-11
1723,Kalina,Chwedczuk,kalina.chwedczuk@gmail.com,+48235433049,Kraków,"22-061","2025-12-09",Organic,true,1988-02-29
1724,Arkadiusz,Bączkiewicz,arkadiusz.bączkiewicz@gmail.com,+48179460751,Warszawa,"04-731","2025-05-23",Google Ads,true,1958-09-11
1725,Tobiasz,Hajda,tobiasz.hajda@gmail.com,+48620189026,Olsztyn,"41-146","2025-05-07",Meta Ads,false,1977-06-22
1818,Norbert,Sterna,norbert.sterna@interia.pl,+48864018513,Poznań,"31-379","2026-08-06",Organic,true,1998-07-01
10,Dominik,Glenc,dominik.glenc@gmail.com,+48218026384,Toruń,"92-932","2024-09-16",Google Ads,false,1979-02-07
1880,Tymoteusz,Gordon,tymoteusz.gordon@gmail.com,+48861276892,Leszno,"32-184","2025-11-03",Newsletter,false,2003-04-18
1354,Michał,Fyda,michał.fyda@gmail.com,+48795607473,Łódź,"25-065","2026-06-17",Organic,false,1956-10-05
1881,Kornelia,Wasilewicz,kornelia.wasilewicz@onet.pl,+48044627486,Warszawa,"50-933","2025-05-06",Referral,true,1990-07-12
1882,Nicole,Armata,nicole.armata@gmail.com,+48228236585,Piła,"51-716","2025-03-16",Meta Ads,false,2005-09-19
1885,Przemysław,Kołtuniak,przemysław.kołtuniak@wp.pl,+48110886944,Gdańsk,"53-781","2026-04-03",Meta Ads,false,1984-11-23
1888,Dorota,Seta,dorota.seta@o2.pl,+48957434180,Gdynia,"60-028","2025-12-05",Influencer,true,1959-06-22
2187,Natan,Ruman,natan.ruman@gmail.com,+48477026196,Piła,"91-088","2026-08-06",Meta Ads,false,1966-04-26
2261,Gustaw,Jarema,gustaw.jarema@interia.pl,+48131952267,Poznań,"09-287","2025-09-01",Influencer,false,1986-02-24
2380,Mariusz,Prygiel,mariusz.prygiel@wp.pl,+48339542710,Kielce,"14-030","2025-04-29",Google Ads,false,1967-06-20
2444,Mateusz,Grosz,mateusz.grosz@onet.pl,+48776446210,Warszawa,"88-151","2025-04-05",Meta Ads,false,1980-04-23
2445,Krystian,Sznura,krystian.sznura@wp.pl,+48908454798,Bydgoszcz,"38-639","2025-05-05",Meta Ads,true,1985-03-06
2586,Oliwier,Żyto,oliwier.żyto@gmail.com,+48097487067,Warszawa,"05-189","2025-11-21",Influencer,false,1991-11-15
2638,Jerzy,Wielgat,jerzy.wielgat@gmail.com,+48697886026,Warszawa,"36-145","2026-02-23",Newsletter,false,1960-09-05
2757,Lidia,Bittner,lidia.bittner@wp.pl,+48102022539,Warszawa,"83-769","2026-05-06",Google Ads,true,1984-07-06
2447,Gustaw,Podkowa,gustaw.podkowa@gmail.com,+48199803001,Łódź,"59-042","2025-11-28",Organic,false,1967-02-11
3215,Alex,Szymonik,alex.szymonik@gmail.com,+48404821989,Radom,"73-015","2025-11-21",Meta Ads,false,2005-11-14
447,Julianna,Jarmużek,julianna.jarmużek@onet.pl,+48027640316,Wrocław,"50-360","2026-02-20",Organic,true,2006-08-25
3161,Liwia,Kotala,liwia.kotala@gmail.com,+48482099020,Łódź,"01-335","2025-02-07",Meta Ads,false,1975-12-27
3480,Liwia,Kus,liwia.kus@gmail.com,+48210321911,Radom,"39-902","2025-11-25",Google Ads,false,1998-08-09
3513,Andrzej,Kruzel,andrzej.kruzel@gmail.com,+48528336812,Zielona Góra,"62-735","2025-04-06",Google Ads,true,1969-12-11
3570,Maciej,Samul,maciej.samul@onet.pl,+48222769260,Radom,"49-140","2025-11-29",Google Ads,false,1955-08-17
3917,Bianka,Durlik,bianka.durlik@gmail.com,+48959621339,Gdańsk,"68-459","2025-10-27",Organic,false,1996-12-12
4039,Anna Maria,Gendek,anna maria.gendek@gmail.com,+48186671988,Konin,"59-608","2026-03-28",Influencer,false,1976-06-24
4040,Sebastian,Bulak,sebastian.bulak@gmail.com,+48821506618,Kraków,"79-302","2024-11-23",Meta Ads,false,1965-06-08
4167,Wiktor,Turoń,wiktor.turoń@gmail.com,+48383500963,Kraków,"95-754","2024-12-24",Google Ads,false,1990-04-27
4293,Ewa,Pryk,ewa.pryk@gmail.com,+48569794055,Suwałki,"80-563","2025-05-15",Meta Ads,true,1978-12-07
4375,Sebastian,Pokrzywa,sebastian.pokrzywa@gmail.com,+48623545767,Kraków,"49-239","2026-02-03",Organic,true,1957-07-11
4615,Leonard,Superson,leonard.superson@gmail.com,+48868256827,Wrocław,"61-878","2025-05-04",Newsletter,false,1969-12-13
625,Gustaw,Radzio,gustaw.radzio@gmail.com,+48256548469,Gorzów Wielkopolski,"54-415","2026-05-19",Meta Ads,true,1976-03-04
4952,Gustaw,Baster,gustaw.baster@onet.pl,+48529586504,Piła,"58-584","2025-08-18",Meta Ads,false,1958-05-04
4953,Malwina,Hanzel,malwina.hanzel@wp.pl,+48927819486,Białystok,"03-670","2024-10-27",Organic,false,1961-11-12
4911,Roksana,Czapiga,roksana.czapiga@wp.pl,+48345144489,Łódź,"57-980","2025-04-25",Referral,false,1977-04-24
4981,Jędrzej,Kroll,jędrzej.kroll@wp.pl,+48869317039,Opole,"52-119","2025-06-05",Google Ads,false,2007-05-28
4982,Arkadiusz,Sajda,arkadiusz.sajda@gmail.com,+48143313530,Bydgoszcz,"48-630","2025-03-03",Meta Ads,false,1960-01-18
4984,Franciszek,Powałka,franciszek.powałka@gmail.com,+48199454115,Wrocław,"40-614","2025-05-03",Organic,false,1960-07-05
4986,Dariusz,Nehring,dariusz.nehring@gmail.com,+48928433013,Wrocław,"28-366","2025-09-01",Organic,false,1996-07-13
4987,Radosław,Korpal,radosław.korpal@wp.pl,+48977274357,Zielona Góra,"68-750","2025-12-27",Organic,true,1994-12-29
4988,Gustaw,Cecot,gustaw.cecot@gmail.com,+48406972996,Poznań,"60-122","2025-02-27",Meta Ads,false,1974-06-26
4989,Radosław,Budrewicz,radosław.budrewicz@gmail.com,+48433927129,Poznań,"74-471","2026-06-16",Referral,false,1966-03-01
4990,Aleks,Jachimczak,aleks.jachimczak@wp.pl,+48355407873,Gdańsk,"78-209","2025-09-06",Meta Ads,false,1957-07-15
4944,Lidia,Owczarczak,lidia.owczarczak@gmail.com,+48891221416,Łódź,"96-109","2025-07-20",Meta Ads,true,1984-12-02
4946,Adrianna,Oczkowicz,adrianna.oczkowicz@onet.pl,+48545494990,Łódź,"48-938","2024-12-12",Meta Ads,false,1956-04-08
668,Maciej,Hołota,maciej.hołota@o2.pl,+48468399450,Kielce,"64-933","2024-12-07",Google Ads,false,1966-08-08
669,Karina,Pabiś,karina.pabiś@onet.pl,+48220936679,Opole,"31-003","2026-07-26",Influencer,true,1956-04-08
670,Dawid,Suszko,dawid.suszko@gmail.com,+48743080721,Warszawa,"74-686","2025-11-01",Meta Ads,false,1981-10-13
672,Oskar,Feliksiak,oskar.feliksiak@gmail.com,+48010363306,Gdańsk,"83-237","2024-10-13",Meta Ads,false,1979-10-21
673,Gustaw,Czerwionka,gustaw.czerwionka@gmail.com,+48327516147,Warszawa,"60-052","2024-09-14",Newsletter,true,1960-11-19
674,Tymoteusz,Żymełka,tymoteusz.żymełka@wp.pl,+48350087168,Kraków,"06-873","2025-01-09",Newsletter,false,1970-12-30
677,Kornel,Jewuła,kornel.jewuła@gmail.com,+48698968988,Gdańsk,"57-979","2025-12-20",Google Ads,false,1988-07-20
4983,Krzysztof,Bakun,krzysztof.bakun@wp.pl,+48641413297,Poznań,do weryf,"2026-06-14",Meta Ads,false,1958-05-13
679,Blanka,Spadło,blanka.spadło@onet.pl,+48654455441,Wrocław,"35-856","2025-06-14",Organic,true,1976-01-15
680,Malwina,Potok,malwina.potok@o2.pl,+48077297913,Wrocław,"54-665","2024-12-01",Newsletter,false,2002-07-24
681,Leon,Mikusek,leon.mikusek@onet.pl,+48636286269,Szczecin,"17-713","2025-09-14",Organic,false,1994-02-04
682,Damian,Hanc,damian.hanc@gmail.com,+48674772308,Warszawa,"54-934","2026-06-14",Meta Ads,false,1986-11-27
683,Nicole,Franaszek,nicole.franaszek@o2.pl,+48430108858,Elbląg,"57-186","2026-03-13",Google Ads,false,1987-12-30
685,Adrian,Deptuch,adrian.deptuch@wp.pl,+48396276539,Kraków,"63-116","2025-12-25",Organic,true,2002-08-21
687,Bartek,Stochel,bartek.stochel@wp.pl,+48770888384,Gdańsk,"87-538","2026-06-05",Google Ads,true,1996-04-10
1144,Tymoteusz,Cecot,tymoteusz.cecot@wp.pl,unknown,Wrocław,"48-804","2025-12-18",Newsletter,false,1957-07-29
1157,Krystian,Budniak,krystian.budniak@gmail.com,unknown,Radom,"36-118","2024-12-01",Organic,false,1956-05-27
1162,Natasza,Owsiany,natasza.owsiany@gmail.com,unknown,Warszawa,"07-109","2026-08-06",Meta Ads,true,1975-12-05
1168,Fabian,Frymus,fabianfrymus@gmail.com,unknown,Białystok,"83-728","2024-12-06",Meta Ads,false,1996-03-21
1176,Emil,Chlebda,emil.chlebda@onet.pl,unknown,Leszno,"60-411","2024-12-20",Influencer,false,1986-11-23
1179,Tola,Graś,tola.graś@gmail.com,unknown,Olsztyn,"56-581","2026-05-06",Meta Ads,true,1997-04-28
1181,Igor,Ceynowa,igor.ceynowa@wp.pl,unknown,Warszawa,"92-588","2025-01-11",Google Ads,false,1999-12-11
1182,Oliwier,Giel,oliwier.giel@wp.pl,unknown,Wrocław,"77-475","2025-07-22",Referral,false,1972-11-02
1189,Tobiasz,Wnuczek,tobiasz.wnuczek@wp.pl,unknown,Warszawa,"74-458","2024-11-02",Google Ads,true,1965-12-18
1202,Łukasz,Goś,łukasz.goś@gmail.com,unknown,Warszawa,"18-658","2024-10-27",Organic,true,1998-04-24
1216,Anita,Jarmuła,anita.jarmuła@wp.pl,unknown,Warszawa,"43-432","2025-11-22",Newsletter,false,1974-04-20
1221,Szymon,Jaszczyszyn,szymon.jaszczyszyn@gmail.com,unknown,Kielce,"63-085","2026-02-13",Newsletter,true,1962-04-26
1226,Marek,Jany,marek.jany@o2.pl,unknown,Poznań,"24-819","2025-11-12",Meta Ads,false,1983-07-19
1241,Julianna,Wyłupek,julianna.wyłupek@gmail.com,unknown,Elbląg,"25-533","2025-09-26",Referral,true,1973-06-23
1271,Maurycy,Młodzik,maurycy.młodzik@gmail.com,unknown,Elbląg,"11-907","2024-10-01",Organic,false,1989-02-18
1286,Sebastian,Butrym,sebastian.butrym@gmail.com,unknown,Radom,"28-783","2026-08-06",Influencer,false,1958-01-04
1295,Tymoteusz,Kuder,tymoteusz.kuder@interia.pl,unknown,Lublin,"89-039","2026-06-14",Referral,false,1987-03-14
1331,Agnieszka,Roj,agnieszka.roj@interia.pl,unknown,Wrocław,"99-142","2025-11-07",Organic,false,2001-12-05
1335,Jeremi,Nawrotek,jeremi.nawrotek@o2.pl,unknown,Leszno,"79-556","2024-11-15",Meta Ads,false,1986-01-30
1340,Melania,Mysior,melania.mysior@o2.pl,unknown,Warszawa,"09-575","2025-04-21",Newsletter,true,1993-03-11
1341,Gabriel,Nazimek,gabriel.nazimek@onet.pl,unknown,Lublin,"43-245","2025-04-11",Google Ads,false,1984-03-12
1346,Ada,Dawiec,ada.dawiec@gmail.com,unknown,Kraków,"68-850","2025-09-26",Google Ads,false,1962-02-05
1371,Aleks,Jakimiak,aleks.jakimiak@o2.pl,unknown,Gdańsk,"74-683","2024-11-19",Meta Ads,true,1963-05-23
1392,Emil,Cofała,emil.cofała@gmail.com,unknown,Gdańsk,"75-312","2026-04-15",Meta Ads,false,1981-10-13
1399,Sylwia,Zaniewicz,sylwia.zaniewicz@wp.pl,unknown,Warszawa,"34-644","2024-12-02",Organic,false,1991-12-13
1401,Robert,Parada,robert.parada@gmail.com,unknown,Poznań,"75-060","2024-11-01",Meta Ads,false,1963-05-05
1402,Marcelina,Majzner,marcelina.majzner@interia.pl,unknown,Suwałki,"89-139","2025-07-02",Google Ads,false,1974-07-15
1404,Maurycy,Wejman,maurycy.wejman@o2.pl,unknown,Suwałki,"38-299","2025-12-26",Organic,false,1983-08-31
1406,Patryk,Wardzała,patryk.wardzała@o2.pl,unknown,Poznań,"97-172","2026-05-02",Meta Ads,true,1984-05-30
1408,Olgierd,Wawrzyczek,olgierd.wawrzyczek@onet.pl,unknown,Warszawa,"69-594","2025-06-09",Meta Ads,true,1974-03-26
1416,Olgierd,Gajzler,olgierd.gajzler@wp.pl,unknown,Warszawa,"57-912","2024-09-09",Meta Ads,false,2007-12-09
1422,Kornelia,Kolbusz,kornelia.kolbusz@onet.pl,unknown,Wrocław,"26-111","2025-06-04",Newsletter,false,1957-05-01
1428,Elżbieta,Malisz,elżbieta.malisz@wp.pl,unknown,Piła,"46-165","2024-12-24",Organic,false,2000-12-01
1435,Grzegorz,Chołody,grzegorzchołody@gmail.com,unknown,Poznań,"46-389","2025-04-16",Google Ads,false,1978-01-26
1436,Ida,Mądrzak,ida.mądrzak@onet.pl,unknown,Radom,"53-116","2024-09-09",Meta Ads,false,1995-12-14
1451,Blanka,Flieger,blanka.flieger@wp.pl,unknown,Szczecin,"61-683","2024-11-14",Newsletter,false,1987-07-25
1456,Kajetan,Ostafin,kajetan.ostafin@gmail.com,unknown,Wrocław,"78-696","2025-05-08",Organic,false,1972-12-03
1461,Filip,Jarkiewicz,filip.jarkiewicz@gmail.com,unknown,Elbląg,"16-393","2025-08-08",Meta Ads,false,1979-06-14
1464,Marika,Hartman,marika.hartman@gmail.com,unknown,Elbląg,"18-320","2025-08-23",Influencer,false,1993-07-12
1472,Fryderyk,Kręcisz,fryderyk.kręcisz@onet.pl,unknown,Warszawa,"55-354","2026-08-03",Google Ads,false,2008-03-03
1474,Marek,Skolik,marek.skolik@interia.pl,unknown,Radom,"40-607","2026-03-15",Google Ads,false,1960-02-05
1490,Jędrzej,Pagacz,jędrzej.pagacz@o2.pl,unknown,Warszawa,"54-412","2024-10-24",Google Ads,false,1968-11-29
1507,Kalina,Kubieniec,kalina.kubieniec@gmail.com,unknown,Białystok,"47-688","2025-04-02",Organic,false,1990-06-10
1509,Kamil,Zasępa,kamil.zasępa@onet.pl,unknown,Gorzów Wielkopolski,"95-513","2026-05-07",Meta Ads,true,2005-01-15
1510,Angelika,Leszczak,angelika.leszczak@gmail.com,unknown,Bydgoszcz,"75-973","2024-12-09",Meta Ads,false,1996-09-04
1513,Tobiasz,Ludwisiak,tobiasz.ludwisiak@wp.pl,unknown,Poznań,"96-762","2025-11-13",Google Ads,false,1968-02-06
1521,Mikołaj,Jakóbik,mikołaj.jakóbik@gmail.com,unknown,Opole,"86-246","2026-05-20",Organic,true,1969-01-01
1536,Eliza,Feliniak,eliza.feliniak@o2.pl,unknown,Bydgoszcz,"99-851","2026-05-10",Google Ads,false,1990-01-01
1538,Alex,Dulas,alex.dulas@gmail.com,unknown,Piła,"62-895","2025-11-02",Organic,false,1994-07-24
1539,Robert,Gierek,robert.gierek@gmail.com,unknown,Warszawa,"88-608","2024-12-15",Referral,false,1999-06-01
688,Aurelia,Indyka,aurelia.indyka@wp.pl,+48595844798,Bydgoszcz,"73-230","2024-11-10",Organic,false,2007-06-05
690,Patryk,Poreda,patryk.poreda@gmail.com,+48103427057,Gdańsk,"85-745","2026-05-02",Google Ads,false,1968-10-08
691,Mieszko,Mordak,mieszko.mordak@onet.pl,+48222986429,Gdańsk,"87-657","2025-06-14",Google Ads,false,1975-12-29
692,Dagmara,Franiak,dagmara.franiak@onet.pl,+48092097078,Olsztyn,"79-056","2025-08-20",Influencer,false,1956-03-18
696,Albert,Gendera,albert.gendera@wp.pl,+48000853338,Rzeszów,"31-081","2026-07-09",Organic,false,1979-12-05
697,Anita,Brząkała,anita.brząkała@gmail.com,+48880321976,Piła,"12-878","2025-03-08",Google Ads,false,1982-01-05
699,Paweł,Dydo,paweł.dydo@interia.pl,+48399731153,Katowice,"53-037","2025-12-23",Influencer,false,1985-02-14
98,Ida,Chaber,ida.chaber@wp.pl,unknown,Bydgoszcz,"56-094","2026-05-20",Meta Ads,true,2005-10-03
107,Liwia,Szachniewicz,liwia.szachniewicz@interia.pl,unknown,Warszawa,"15-795","2024-12-31",Newsletter,true,1970-11-12
118,Elżbieta,Reiter,elżbieta.reiter@onet.pl,unknown,Warszawa,"97-341","2025-09-27",Meta Ads,false,1962-08-31
1089,Julian,Spychaj,julian.spychaj@wp.pl,unknown,Białystok,"83-463","2025-10-29",Meta Ads,true,1960-05-21
1104,Anastazja,Fleszar,anastazja.fleszar@gmail.com,unknown,Wrocław,"28-603","2025-04-18",Google Ads,false,1990-07-19
1544,Dawid,Gryska,dawid.gryska@gmail.com,unknown,Warszawa,"26-269","2026-02-11",Referral,false,1992-10-05
1547,Nicole,Sondej,nicole.sondej@gmail.com,unknown,Kraków,"02-736","2024-12-10",Influencer,true,1983-06-19
2150,Melania,Stawowczyk,melania.stawowczyk@gmail.com,unknown,Kielce,"47-460","2024-12-05",Meta Ads,false,1988-12-23
2175,Justyna,Frost,justyna.frost@onet.pl,unknown,Białystok,"19-924","2025-11-20",Meta Ads,false,1980-12-25
2177,Kajetan,Walus,kajetan.walus@gmail.com,unknown,Częstochowa,"73-503","2025-06-17",Referral,false,2005-08-05
2701,Alan,Drygała,alan.drygała@wp.pl,unknown,Lublin,"63-608","2026-02-03",Organic,false,1968-11-04
2702,Julian,Gendera,julian.gendera@gmail.com,unknown,Warszawa,"79-859","2025-10-29",Google Ads,false,1980-09-09
2703,Nicole,Pacholik,nicole.pacholik@gmail.com,unknown,Częstochowa,"30-061","2025-12-15",Newsletter,false,1996-04-08
2714,Sebastian,Galuba,sebastian.galuba@gmail.com,unknown,Elbląg,"71-429","2025-06-02",Meta Ads,false,1976-10-06
3982,Roksana,Grzegorzak,roksana.grzegorzak@gmail.com,unknown,Piła,"70-588","2026-04-14",Google Ads,false,2007-05-07
4582,Nicole,Sacharczuk,nicole.sacharczuk@gmail.com,unknown,Radom,"26-962","2026-06-25",Meta Ads,false,1961-11-16
11,Maksymilian,Macek,maksymilian.macek@gmail.com,+48951771727,Elbląg,"78-152","2025-11-10",Meta Ads,true,1959-01-28
12,Jacek,Zębik,jacek.zębik@gmail.com,+48379431439,Wrocław,"82-600","2025-10-15",Google Ads,true,1984-08-28
13,Arkadiusz,Kasak,arkadiusz.kasak@gmail.com,+48853375663,Warszawa,"77-544","2026-07-21",Google Ads,false,1971-03-23
17,Olaf,Rzeszut,olaf.rzeszut@wp.pl,+48381259725,Gdynia,"44-848","2026-04-20",Meta Ads,false,1979-08-19
79,Melania,Miękina,melania.miękina@gmail.com,unknown,Gdynia,"83-811","2026-04-25",Meta Ads,false,1973-01-01
81,Anna Maria,Deluga,anna maria.deluga@interia.pl,unknown,Rzeszów,"83-687","2025-09-26",Google Ads,true,1978-01-13
132,Adrianna,Piwowarek,adrianna.piwowarek@wp.pl,unknown,Poznań,"92-437","2025-04-27",Referral,false,1964-06-05
142,Dariusz,Hejna,dariusz.hejna@wp.pl,unknown,Lublin,"41-666","2025-12-28",Newsletter,false,1970-05-14
154,Fabian,Hejna,fabian.hejna@gmail.com,unknown,Suwałki,"92-737","2024-10-15",Google Ads,false,1980-12-18
172,Wojciech,Przeklasa,wojciech.przeklasa@o2.pl,unknown,Warszawa,"08-162","2024-11-04",Meta Ads,false,1978-11-23
188,Melania,Kwarciak,melania.kwarciak@onet.pl,unknown,Konin,"47-567","2025-05-17",Organic,false,1970-11-22
195,Arkadiusz,Niebudek,arkadiusz.niebudek@gmail.com,unknown,Opole,"41-167","2025-10-30",Google Ads,false,1976-06-03
202,Malwina,Forma,malwina.forma@o2.pl,unknown,Warszawa,"68-645","2025-04-02",Meta Ads,false,1993-10-26
210,Błażej,Ligas,błażej.ligas@gmail.com,unknown,Opole,"62-197","2026-05-14",Meta Ads,false,2006-05-03
217,Maksymilian,Duszczyk,maksymilian.duszczyk@onet.pl,unknown,Gdańsk,"57-672","2024-11-06",Organic,true,1969-03-09
222,Klara,Skierka,klara.skierka@onet.pl,unknown,Częstochowa,"92-484","2025-06-11",Meta Ads,false,1960-12-03
1562,Melania,Saternus,melania.saternus@onet.pl,unknown,Wrocław,"75-184","2025-02-24",Organic,true,1969-05-22
1563,Nela,Sobków,nela.sobków@o2.pl,unknown,Kraków,"44-899","2024-12-17",Meta Ads,false,1980-05-27
1565,Robert,Forysiak,robert.forysiak@gmail.com,unknown,Kraków,"41-046","2026-06-21",Meta Ads,true,2007-06-17
1575,Tymon,Topa,tymon.topa@wp.pl,unknown,Lublin,"45-096","2025-12-30",Google Ads,false,1966-05-24
1588,Fryderyk,Samol,fryderyk.samol@gmail.com,unknown,Warszawa,"52-262","2026-04-24",Newsletter,true,1965-01-11
1596,Daniel,Ślimak,daniel.ślimak@o2.pl,unknown,Olsztyn,"81-437","2026-03-07",Google Ads,false,1960-07-09
1599,Karol,Łuksza,karol.łuksza@wp.pl,unknown,Kraków,"60-448","2025-01-10",Organic,false,1959-10-16
1609,Aniela,Elwart,aniela.elwart@wp.pl,unknown,Kraków,"34-350","2024-10-01",Referral,true,2006-10-31
1619,Tymon,Foremniak,tymon.foremniak@gmail.com,unknown,Warszawa,"31-447","2026-07-10",Meta Ads,false,2000-03-24
1628,Tola,Bystrek,tola.bystrek@gmail.com,unknown,Kraków,"79-958","2025-02-03",Meta Ads,true,1991-07-26
1633,Stefan,Łaskawiec,stefan.łaskawiec@gmail.com,unknown,Elbląg,"25-481","2025-08-26",Influencer,false,1973-10-26
1638,Miłosz,Dankiewicz,miłosz.dankiewicz@wp.pl,unknown,Radom,"27-290","2025-06-18",Newsletter,false,1992-03-15
1690,Ewa,Miąsik,ewa.miąsik@gmail.com,unknown,Piła,"34-599","2025-11-21",Google Ads,true,1982-01-12
1691,Kaja,Wawrzyńczyk,kaja.wawrzyńczyk@onet.pl,unknown,Warszawa,"89-954","2025-03-26",Organic,false,2005-10-30
1698,Angelika,Faruga,angelika.faruga@gmail.com,unknown,Kraków,"16-381","2025-11-17",Newsletter,true,1971-10-04
1722,Juliusz,Ulrych,juliuszulrych@onet.pl,unknown,Kraków,"12-158","2024-12-28",Google Ads,false,1971-11-09
1730,Bianka,Kubrak,bianka.kubrak@wp.pl,unknown,Bydgoszcz,"09-496","2025-08-16",Organic,false,1957-02-15
1740,Apolonia,Hornik,apolonia.hornik@gmail.com,unknown,Gorzów Wielkopolski,"06-166","2025-03-05",Meta Ads,false,1994-10-09
1745,Robert,Żołądkiewicz,robert.żołądkiewicz@gmail.com,unknown,Radom,"91-464","2024-10-21",Meta Ads,true,1970-01-24
1746,Kazimierz,Larysz,kazimierz.larysz@gmail.com,unknown,Katowice,"27-471","2024-11-16",Google Ads,false,2006-06-04
1759,Nikodem,Pych,nikodem.pych@onet.pl,unknown,Kraków,"26-841","2025-04-21",Organic,false,1989-06-07
1778,Iwo,Kalarus,iwo.kalarus@gmail.com,unknown,Katowice,"14-485","2026-02-07",Google Ads,true,1968-03-24
1797,Tymon,Chaber,tymon.chaber@gmail.com,unknown,Białystok,"61-317","2024-12-26",Organic,false,1987-07-28
126,Kornel,Leszczuk,kornel.leszczuk@gmail.com,unknown,Toruń,"16-819","2026-07-05",Organic,false,1975-02-06
1907,Rafał,Siatka,rafał.siatka@onet.pl,unknown,Kraków,"27-957","2026-03-10",Referral,false,1984-04-21
1915,Arkadiusz,Goworek,arkadiusz.goworek@gmail.com,unknown,Piła,"90-398","2025-07-15",Meta Ads,false,1991-07-11
1918,Kacper,Jasionek,kacper.jasionek@gmail.com,unknown,Elbląg,"75-460","2024-10-05",Meta Ads,false,1975-11-11
1998,Dawid,Pindor,dawid.pindor@gmail.com,unknown,Zielona Góra,"56-733","2025-11-18",Google Ads,false,1957-02-21
2001,Marcel,Wojtach,marcel.wojtach@gmail.com,unknown,Warszawa,"18-945","2026-07-01",Organic,false,1983-12-05
2017,Marcel,Kapciak,marcel.kapciak@gmail.com,unknown,Leszno,"91-588","2025-12-04",Google Ads,false,1980-12-11
2026,Eryk,Sornat,eryk.sornat@gmail.com,unknown,Gdańsk,"71-404","2025-04-01",Meta Ads,true,1960-10-02
2054,Inga,Niemczuk,inga.niemczuk@gmail.com,unknown,Zielona Góra,"55-968","2025-09-23",Meta Ads,true,1990-06-24
2058,Maks,Kudlak,maks.kudlak@wp.pl,unknown,Warszawa,"69-523","2024-11-16",Meta Ads,true,1966-09-19
2078,Grzegorz,Majerczyk,grzegorz.majerczyk@gmail.com,unknown,Warszawa,"95-695","2025-11-12",Influencer,false,2006-11-25
2081,Ida,Frukacz,ida.frukacz@gmail.com,unknown,Katowice,"20-674","2025-03-25",Influencer,false,1962-04-17
2097,Tymoteusz,Drabczyk,tymoteusz.drabczyk@gmail.com,unknown,Bydgoszcz,"47-860","2026-06-06",Influencer,false,1962-08-29
2108,Marcin,Ryszkiewicz,marcin.ryszkiewicz@gmail.com,unknown,Gdynia,"16-936","2025-12-22",Google Ads,false,1981-06-05
2119,Tobiasz,Kursa,tobiasz.kursa@o2.pl,unknown,Piła,"15-981","2025-11-01",Meta Ads,false,1961-04-24
2122,Gaja,Wojniak,gaja.wojniak@gmail.com,unknown,Piła,"02-445","2025-12-31",Meta Ads,true,1981-01-17
2126,Marianna,Bicz,marianna.bicz@gmail.com,unknown,Kraków,"61-724","2026-04-20",Meta Ads,false,1997-01-29
2134,Mikołaj,Bukowiec,mikołaj.bukowiec@gmail.com,unknown,Lublin,"15-276","2026-05-25",Organic,false,1974-11-12
2137,Kazimierz,Hutnik,kazimierz.hutnik@gmail.com,unknown,Kraków,"37-484","2025-05-02",Meta Ads,true,1970-06-11
2139,Dariusz,Potyrała,dariusz.potyrała@o2.pl,unknown,Suwałki,"39-115","2025-03-18",Influencer,false,1960-09-23
2147,Cyprian,Bok,cyprian.bok@wp.pl,unknown,Olsztyn,"93-486","2025-02-07",Organic,false,2008-01-18
2185,Julian,Strama,julian.strama@gmail.com,unknown,Warszawa,"77-014","2024-09-17",Meta Ads,false,1997-08-05
2186,Mateusz,Konat,mateusz.konat@gmail.com,unknown,Gdynia,"14-556","2024-12-04",Organic,true,1994-08-11
2188,Malwina,Andziak,malwina.andziak@wp.pl,unknown,Gdańsk,"73-914","2024-12-31",Meta Ads,false,1979-02-22
2190,Adam,Jaszczur,adam.jaszczur@gmail.com,unknown,Lublin,"89-274","2026-04-12",Organic,true,1988-11-07
2195,Ernest,Klebba,ernest.klebba@gmail.com,unknown,Katowice,"92-843","2025-03-23",Newsletter,false,2003-05-20
2218,Adam,Prażuch,adam.prażuch@gmail.com,unknown,Gdańsk,"18-121","2025-06-30",Newsletter,false,2006-08-02
2220,Kaja,Dzieża,kaja.dzieża@gmail.com,unknown,Białystok,"07-719","2025-11-07",Referral,false,1961-03-19
2221,Elżbieta,Dybka,elżbieta.dybka@gmail.com,unknown,Warszawa,"62-858","2025-05-29",Newsletter,false,1987-01-27
2223,Andrzej,Tomalak,andrzej.tomalak@gmail.com,unknown,Radom,"02-583","2025-09-25",Organic,false,1999-08-23
2227,Bartek,Jaszczyszyn,bartek.jaszczyszyn@gmail.com,unknown,Gdańsk,"15-160","2025-06-10",Organic,false,1958-10-10
2236,Malwina,Rudzik,malwina.rudzik@o2.pl,unknown,Lublin,"84-658","2026-03-13",Meta Ads,false,1977-01-24
2244,Franciszek,Sura,franciszek.sura@gmail.com,unknown,Kraków,"12-967","2025-12-21",Google Ads,false,1971-12-14
2250,Piotr,Portka,piotr.portka@gmail.com,unknown,Wrocław,"21-156","2025-11-23",Newsletter,false,1991-10-06
2252,Jerzy,Stanclik,jerzy.stanclik@gmail.com,unknown,Gorzów Wielkopolski,"28-827","2025-11-06",Organic,false,1991-09-18
2260,Dawid,Grosz,dawid.grosz@o2.pl,unknown,Warszawa,"13-466","2024-09-13",Meta Ads,true,1972-03-22
2272,Nicole,Nóżka,nicole.nóżka@gmail.com,unknown,Warszawa,"10-229","2025-09-20",Newsletter,false,1976-03-03
2281,Olgierd,Garbacik,olgierd.garbacik@gmail.com,unknown,Gdynia,"56-485","2026-05-25",Referral,false,1966-11-27
2282,Bruno,Drej,bruno.drej@gmail.com,unknown,Suwałki,"03-976","2026-04-28",Meta Ads,true,1995-10-21
2308,Oskar,Mieszała,oskar.mieszała@gmail.com,unknown,Gorzów Wielkopolski,"14-092","2025-06-15",Influencer,false,1990-01-10
2310,Inga,Dziechciarz,inga.dziechciarz@wp.pl,unknown,Radom,"82-455","2024-10-09",Meta Ads,false,1982-04-10
2317,Urszula,Tekiela,urszula.tekiela@o2.pl,unknown,Warszawa,"31-005","2025-11-22",Meta Ads,false,2003-04-22
2320,Alex,Grzenia,alex.grzenia@wp.pl,unknown,Poznań,"22-983","2024-12-26",Organic,false,1985-12-02
732,Aniela,Kazek,aniela.kazek@o2.pl,unknown,Warszawa,"79-889","2024-10-13",Newsletter,false,1991-05-26
2325,Jerzy,Słabosz,jerzy.słabosz@wp.pl,unknown,Kraków,"91-821","2024-12-24",Meta Ads,false,1962-04-16
2337,Gaja,Fraś,gaja.fraś@interia.pl,unknown,Białystok,"14-146","2025-02-01",Referral,false,1970-07-26
2343,Kajetan,Ekert,kajetan.ekert@o2.pl,unknown,Warszawa,"73-647","2026-07-11",Organic,true,1987-10-01
2372,Ernest,Gumieniak,ernest.gumieniak@gmail.com,unknown,Opole,"74-022","2026-04-07",Meta Ads,false,1970-09-14
2407,Krystian,Marach,krystian.marach@o2.pl,unknown,Rzeszów,"65-442","2025-10-05",Meta Ads,false,1982-07-07
2415,Olga,Kołaczyk,olga.kołaczyk@gmail.com,unknown,Warszawa,"51-104","2025-06-29",Meta Ads,false,1967-04-01
2425,Jakub,Górnisiewicz,jakub.górnisiewicz@gmail.com,unknown,Kraków,"32-484","2025-10-12",Meta Ads,false,1961-05-23
2429,Aniela,Eckert,aniela.eckert@wp.pl,unknown,Lublin,"95-360","2026-04-14",Organic,false,2008-01-21
2438,Inga,Ludwik,inga.ludwik@gmail.com,unknown,Rzeszów,"58-982","2024-11-03",Influencer,false,2002-01-11
2495,Tobiasz,Kręcichwost,tobiasz.kręcichwost@wp.pl,unknown,Poznań,"09-179","2024-11-03",Influencer,true,1990-05-11
2501,Kazimierz,Myk,kazimierz.myk@gmail.com,unknown,Warszawa,"75-357","2025-11-21",Google Ads,false,1986-07-29
2502,Olga,Prucnal,olga.prucnal@gmail.com,unknown,Rzeszów,"06-031","2025-11-19",Meta Ads,true,2000-10-02
2507,Piotr,Kurzaj,piotr.kurzaj@wp.pl,unknown,Warszawa,"96-075","2025-07-17",Meta Ads,false,1978-12-30
2516,Wojciech,Ignatiuk,wojciech.ignatiuk@interia.pl,unknown,Rzeszów,"24-699","2025-10-16",Meta Ads,false,1994-04-14
2518,Lidia,Furga,lidia.furga@wp.pl,unknown,Szczecin,"46-366","2026-04-30",Google Ads,false,1988-05-17
2549,Andrzej,Flisiak,andrzej.flisiak@gmail.com,unknown,Szczecin,"17-621","2025-11-14",Referral,true,1976-09-05
2556,Ada,Marchlewicz,ada.marchlewicz@gmail.com,unknown,Częstochowa,"11-209","2025-11-28",Google Ads,true,2003-12-08
2569,Marianna,Bruś,marianna.bruś@gmail.com,unknown,Bydgoszcz,"94-951","2026-01-28",Organic,false,1994-07-28
2580,Monika,Kus,monika.kus@o2.pl,unknown,Białystok,"60-038","2024-10-09",Google Ads,false,2006-10-15
2587,Monika,Ryznar,monika.ryznar@gmail.com,unknown,Warszawa,"41-043","2025-02-16",Meta Ads,true,1984-12-04
2626,Grzegorz,Indyka,grzegorz.indyka@gmail.com,unknown,Wrocław,"99-604","2024-12-23",Google Ads,false,2004-02-29
2639,Bianka,Patoła,bianka.patoła@onet.pl,unknown,Wrocław,"66-773","2025-06-30",Meta Ads,false,1964-07-17
2641,Jan,Górnisiewicz,jan.górnisiewicz@o2.pl,unknown,Warszawa,"04-379","2025-05-11",Google Ads,false,1966-05-12
2653,Julianna,Kruszona,julianna.kruszona@gmail.com,unknown,Gdańsk,"29-690","2025-05-10",Meta Ads,false,1965-12-19
2677,Józef,Danieluk,józef.danieluk@onet.pl,unknown,Poznań,"99-785","2026-06-10",Meta Ads,false,1984-11-24
2688,Urszula,Ważny,urszula.ważny@gmail.com,unknown,Kraków,"02-761","2025-07-17",Meta Ads,false,1999-08-07
2690,Eryk,Trepczyk,eryk.trepczyk@wp.pl,unknown,Wrocław,"78-880","2026-05-19",Google Ads,false,1972-02-21
2692,Jacek,Hojda,jacek.hojda@o2.pl,unknown,Kraków,"26-103","2026-07-21",Influencer,false,1969-08-08
2740,Tadeusz,Hass,tadeusz.hass@wp.pl,unknown,Warszawa,"51-387","2024-10-04",Meta Ads,false,1996-08-12
2759,Marcin,Buchholz,marcin.buchholz@o2.pl,unknown,Warszawa,"95-182","2026-06-08",Referral,true,2001-10-03
2766,Olga,Sobstyl,olga.sobstyl@gmail.com,unknown,Warszawa,"86-686","2025-10-27",Organic,true,1958-11-08
2773,Grzegorz,Lelonek,grzegorz.lelonek@gmail.com,unknown,Konin,"12-191","2025-09-07",Meta Ads,true,1972-06-03
2778,Mikołaj,Toś,mikołaj.toś@gmail.com,unknown,Warszawa,"91-294","2026-06-30",Google Ads,false,1965-01-10
2779,Sebastian,Sapa,sebastian.sapa@wp.pl,unknown,Wrocław,"41-424","2024-10-16",Referral,false,1967-07-28
2789,Robert,Mirocha,robert.mirocha@gmail.com,unknown,Kraków,"15-530","2025-09-11",Google Ads,false,1990-06-27
2801,Ida,Szóstak,ida.szóstak@interia.pl,unknown,Warszawa,"39-908","2026-01-03",Meta Ads,false,1987-03-25
2807,Gabriel,Toborek,gabriel.toborek@onet.pl,unknown,Gdynia,"12-742","2025-04-11",Meta Ads,false,1968-07-25
2817,Ewa,Nałęcz,ewa.nałęcz@onet.pl,unknown,Warszawa,"83-236","2024-10-04",Meta Ads,true,1962-11-30
2835,Leonard,Deryło,leonard.deryło@gmail.com,unknown,Szczecin,"55-346","2024-11-25",Newsletter,false,1991-05-16
2885,Tobiasz,Skałka,tobiasz.skałka@gmail.com,unknown,Kraków,"66-885","2025-11-30",Organic,false,1965-10-28
2894,Angelika,Kapcia,angelika.kapcia@onet.pl,unknown,Warszawa,"50-073","2024-12-25",Google Ads,true,1997-02-04
2896,Ewelina,Strójwąs,ewelina.strójwąs@gmail.com,unknown,Radom,"04-450","2026-03-10",Newsletter,true,1981-01-28
2899,Monika,Sadłocha,monika.sadłocha@wp.pl,unknown,Warszawa,"16-107","2025-06-26",Meta Ads,true,1963-05-02
2912,Juliusz,Pochroń,juliusz.pochroń@gmail.com,unknown,Warszawa,"30-029","2026-08-06",Organic,false,2000-09-10
2921,Krystian,Batóg,krystian.batóg@o2.pl,unknown,Gdańsk,"78-797","2024-10-02",Google Ads,true,1994-03-22
2931,Konstanty,Walo,konstanty.walo@o2.pl,unknown,Piła,"96-195","2025-03-16",Google Ads,false,1994-06-18
2957,Cezary,Proch,cezary.proch@interia.pl,unknown,Gdynia,"34-484","2026-07-21",Organic,false,2005-02-11
2958,Emil,Korda,emil.korda@wp.pl,unknown,Kraków,"19-314","2026-08-06",Meta Ads,false,1973-04-13
2964,Mariusz,Jurczuk,mariusz.jurczuk@gmail.com,unknown,Wrocław,"42-438","2025-07-13",Organic,false,1997-07-07
2977,Robert,Ogonek,robert.ogonek@gmail.com,unknown,Bydgoszcz,"68-837","2024-11-18",Influencer,false,1971-01-15
2981,Olgierd,Danel,olgierd.danel@gmail.com,unknown,Gdynia,"26-694","2025-07-21",Organic,true,2007-01-31
2988,Igor,Salwin,igor.salwin@onet.pl,unknown,Radom,"12-998","2025-10-20",Organic,true,1985-03-08
2996,Jan,Krzyżostaniak,jan.krzyżostaniak@wp.pl,unknown,Szczecin,"50-020","2026-04-04",Newsletter,true,1956-01-18
2999,Ksawery,Dumin,ksawery.dumin@gmail.com,unknown,Warszawa,"74-948","2025-12-05",Meta Ads,false,1974-05-23
3061,Kacper,Augustynek,kacper.augustynek@wp.pl,unknown,Kraków,"94-763","2025-11-02",Google Ads,false,1974-05-09
3067,Konstanty,Jaroch,konstanty.jaroch@gmail.com,unknown,Warszawa,"52-304","2025-09-30",Meta Ads,false,1976-04-02
3082,Jeremi,Drop,jeremi.drop@interia.pl,unknown,Katowice,"49-859","2024-12-23",Meta Ads,true,2002-10-29
1016,Patryk,Gwizdek,patryk.gwizdek@o2.pl,unknown,Toruń,"83-308","2024-11-19",Meta Ads,false,1957-07-29
3086,Olgierd,Frączkiewicz,olgierd.frączkiewicz@wp.pl,unknown,Kraków,"86-507","2025-05-14",Organic,false,1999-12-10
3087,Kornelia,Niećko,kornelia.niećko@wp.pl,unknown,Piła,"08-654","2025-03-12",Meta Ads,false,1961-03-03
3088,Konstanty,Miecznik,konstanty.miecznik@o2.pl,unknown,Konin,"93-751","2025-11-08",Meta Ads,false,1970-03-20
3097,Sandra,Dulik,sandra.dulik@o2.pl,unknown,Poznań,"51-736","2024-10-05",Organic,false,1995-01-17
3099,Angelika,Janiga,angelika.janiga@gmail.com,unknown,Warszawa,"52-833","2025-04-02",Meta Ads,false,1998-04-10
3169,Nataniel,Olszyna,nataniel.olszyna@interia.pl,unknown,Rzeszów,"24-605","2024-12-26",Meta Ads,true,1983-01-28
1400,Ignacy,Dydak,ignacy.dydak@gmail.com,unknown,Kraków,"66-751","2026-05-29",Influencer,true,1986-01-31
3180,Aleks,Domek,aleks.domek@wp.pl,unknown,Wrocław,"55-414","2024-11-15",Newsletter,false,1978-08-28
3185,Anita,Sporek,anita.sporek@onet.pl,unknown,Lublin,"23-657","2025-12-08",Meta Ads,false,1972-03-21
3199,Kalina,Pacholczak,kalina.pacholczak@onet.pl,unknown,Warszawa,"02-426","2024-11-16",Organic,false,1999-03-31
3232,Julian,Jaszczyszyn,julian.jaszczyszyn@gmail.com,unknown,Kraków,"82-749","2026-01-02",Meta Ads,false,1964-11-01
3241,Dariusz,Gładka,dariusz.gładka@gmail.com,unknown,Gdańsk,"60-562","2025-05-26",Meta Ads,false,2001-04-21
3247,Szymon,Tadla,szymon.tadla@gmail.com,unknown,Kraków,"27-396","2025-09-30",Google Ads,false,1985-09-01
3255,Maurycy,Naczk,maurycy.naczk@o2.pl,unknown,Gdańsk,"96-155","2025-05-05",Meta Ads,false,2006-05-15
3261,Natasza,Jaremek,natasza.jaremek@o2.pl,unknown,Białystok,"36-707","2025-06-18",Organic,false,2000-07-16
3287,Dominik,Macias,dominik.macias@wp.pl,unknown,Olsztyn,"10-182","2026-02-27",Google Ads,false,1975-05-21
3316,Olga,Roj,olga.roj@gmail.com,unknown,Warszawa,"60-464","2026-06-16",Meta Ads,true,1963-09-08
3374,Tobiasz,Laszkiewicz,tobiasz.laszkiewicz@gmail.com,unknown,Leszno,"82-687","2025-11-16",Referral,false,1976-07-28
3384,Stefan,Dulas,stefan.dulas@gmail.com,unknown,Warszawa,"04-457","2025-07-02",Referral,false,1987-07-29
3398,Nicole,Jarosik,nicole.jarosik@gmail.com,unknown,Wrocław,"13-055","2026-05-09",Influencer,false,1975-02-07
3409,Tymoteusz,Kunc,tymoteusz.kunc@wp.pl,unknown,Bydgoszcz,"74-919","2025-03-03",Meta Ads,false,1957-12-05
3417,Mariusz,Łaskawiec,mariusz.łaskawiec@wp.pl,unknown,Wrocław,"71-554","2025-11-26",Meta Ads,false,1963-04-26
3433,Borys,Wiak,borys.wiak@gmail.com,unknown,Warszawa,"45-768","2025-06-01",Influencer,false,1977-03-21
3442,Olga,Pesta,olga.pesta@o2.pl,unknown,Warszawa,"90-612","2024-11-02",Meta Ads,false,1971-07-04
4267,Nela,Pasiak,nela.pasiak@wp.pl,+48251391803,Elbląg,"29-273","2024-12-03",Meta Ads,false,1983-12-06
3458,Ignacy,Nawrotek,ignacy.nawrotek@wp.pl,unknown,Kraków,"67-503","2024-11-10",Google Ads,true,1964-10-23
3461,Igor,Sajewicz,igor.sajewicz@interia.pl,unknown,Częstochowa,"62-498","2026-01-08",Google Ads,false,1968-10-17
3466,Oliwier,Kroll,oliwier.kroll@gmail.com,unknown,Gdańsk,"22-143","2024-10-22",Google Ads,false,1962-08-04
3468,Kornelia,Legutko,kornelia.legutko@gmail.com,unknown,Kraków,"91-538","2025-05-04",Google Ads,true,2003-03-05
1355,Jerzy,Chołody,jerzy.chołody@gmail.com,unknown,Toruń,"67-661","2024-09-28",Organic,false,1973-05-25
3479,Bartek,Rabiej,bartek.rabiej@wp.pl,unknown,Konin,"68-682","2024-11-06",Google Ads,true,1969-09-08
3485,Tymon,Schwarz,tymon.schwarz@gmail.com,unknown,Warszawa,"98-070","2024-09-22",Meta Ads,false,1980-11-29
3497,Cyprian,Kiepura,cyprian.kiepura@gmail.com,unknown,Warszawa,"69-620","2026-03-07",Influencer,false,1972-12-06
3506,Konstanty,Gorgol,konstanty.gorgol@interia.pl,unknown,Leszno,"77-435","2026-02-19",Google Ads,false,1991-02-02
3525,Stanisław,Patora,stanisław.patora@gmail.com,unknown,Leszno,"15-346","2025-12-18",Influencer,false,2007-05-15
3569,Tymoteusz,Plak,tymoteusz.plak@o2.pl,unknown,Katowice,"15-731","2024-12-11",Organic,false,1968-10-01
3583,Olaf,Świerkot,olaf.świerkot@wp.pl,unknown,Warszawa,"33-499","2024-09-19",Organic,false,1976-10-02
3589,Malwina,Miszkiewicz,malwina.miszkiewicz@gmail.com,unknown,Olsztyn,"46-340","2026-06-24",Referral,false,1965-11-06
3591,Melania,Kostek,melania.kostek@wp.pl,unknown,Warszawa,"08-026","2026-01-26",Organic,true,1982-08-07
3593,Róża,Dela,róża.dela@interia.pl,unknown,Kraków,"80-335","2026-06-19",Meta Ads,false,1970-09-11
3618,Blanka,Klaja,blanka.klaja@onet.pl,unknown,Opole,"73-340","2025-07-23",Meta Ads,false,1971-06-12
3624,Julianna,Połom,julianna.połom@onet.pl,unknown,Kraków,"52-441","2026-02-20",Organic,false,2000-08-13
3626,Damian,Cieplucha,damian.cieplucha@wp.pl,unknown,Radom,"42-608","2025-03-21",Google Ads,false,1975-07-27
3629,Tomasz,Lulek,tomasz.lulek@gmail.com,unknown,Warszawa,"90-664","2025-11-26",Newsletter,false,1963-08-24
3636,Marika,Froń,marika.froń@wp.pl,unknown,Szczecin,"35-608","2026-05-06",Meta Ads,false,1971-01-15
3648,Józef,Bortkiewicz,józef.bortkiewicz@o2.pl,unknown,Wrocław,"41-594","2025-10-07",Organic,false,1968-04-10
3661,Ksawery,Jakubiuk,ksawery.jakubiuk@onet.pl,unknown,Kraków,"24-428","2026-04-23",Google Ads,false,1957-08-19
3663,Mariusz,Staciwa,mariusz.staciwa@gmail.com,unknown,Szczecin,"01-108","2025-11-30",Google Ads,false,1981-03-08
3664,Nela,Danisz,nela.danisz@o2.pl,unknown,Leszno,"28-152","2025-12-07",Google Ads,false,1973-03-21
3668,Julita,Nieścioruk,julita.nieścioruk@wp.pl,unknown,Suwałki,"59-046","2025-11-03",Meta Ads,false,1970-09-03
3682,Melania,Pitek,melaniapitek@gmail.com,unknown,Piła,"43-182","2024-12-22",Google Ads,false,1984-06-25
3684,Andrzej,Domoń,andrzej.domoń@gmail.com,unknown,Rzeszów,"03-102","2025-11-19",Meta Ads,false,1962-06-24
3687,Olgierd,Karyś,olgierd.karyś@onet.pl,unknown,Leszno,"98-955","2024-09-01",Google Ads,false,1970-11-25
3704,Anastazja,Kozdrój,anastazja.kozdrój@wp.pl,unknown,Wrocław,"99-469","2025-11-19",Organic,false,1976-02-14
3728,Cezary,Bawoł,cezary.bawoł@o2.pl,unknown,Zielona Góra,"07-141","2025-11-23",Influencer,false,1959-03-28
3741,Sandra,Geisler,sandra.geisler@gmail.com,unknown,Warszawa,"83-620","2024-12-16",Influencer,false,1981-12-21
3749,Julian,Kusztal,julian.kusztal@wp.pl,unknown,Warszawa,"93-664","2025-05-02",Google Ads,true,1997-03-26
1073,Łukasz,Ornat,łukasz.ornat@wp.pl,unknown,Łódź,"78-481","2025-06-10",Newsletter,true,1993-05-01
3779,Kacper,Petrus,kacper.petrus@gmail.com,unknown,Konin,"10-106","2024-11-05",Meta Ads,false,1985-07-19
3793,Maurycy,Sado,maurycy.sado@gmail.com,unknown,Poznań,"58-570","2025-12-09",Organic,false,1992-06-24
3795,Jacek,Hennig,jacek.hennig@gmail.com,unknown,Elbląg,"23-843","2024-12-03",Organic,true,1963-11-30
3798,Aniela,Walenciak,aniela.walenciak@gmail.com,unknown,Olsztyn,"80-138","2025-04-04",Meta Ads,false,1957-04-06
3815,Eliza,Skotarczak,eliza.skotarczak@gmail.com,unknown,Szczecin,"69-897","2026-08-06",Google Ads,false,1967-11-18
3817,Inga,Stanclik,inga.stanclik@gmail.com,unknown,Zielona Góra,"10-248","2025-12-25",Meta Ads,false,1984-02-29
3835,Krystian,Chlebek,krystian.chlebek@gmail.com,unknown,Rzeszów,"98-296","2025-03-01",Organic,false,1982-03-03
3840,Eliza,Latek,eliza.latek@gmail.com,unknown,Gdańsk,"68-154","2024-11-22",Referral,false,1977-01-25
3888,Dominik,Pacholak,dominik.pacholak@gmail.com,unknown,Katowice,"54-115","2025-02-15",Meta Ads,false,1984-09-24
3892,Urszula,Hojka,urszula.hojka@wp.pl,unknown,Szczecin,"80-697","2025-01-03",Organic,false,1966-12-03
3900,Tadeusz,Gosz,tadeusz.gosz@gmail.com,unknown,Poznań,"36-344","2025-12-04",Organic,true,1973-06-29
3910,Agnieszka,Młyńczak,agnieszka.młyńczak@gmail.com,unknown,Warszawa,"42-963","2025-12-07",Meta Ads,false,1995-02-02
3913,Krystyna,Frycz,krystyna.frycz@wp.pl,unknown,Katowice,"56-586","2025-08-29",Organic,true,1961-05-11
3965,Klara,Surmiak,klara.surmiak@o2.pl,unknown,Konin,"19-052","2025-09-12",Organic,false,1994-04-14
3972,Lidia,Wydrych,lidia.wydrych@gmail.com,unknown,Poznań,"07-165","2024-11-18",Organic,false,1985-07-24
3974,Anna Maria,Gabryelczyk,anna maria.gabryelczyk@gmail.com,unknown,Suwałki,"69-270","2025-11-17",Meta Ads,false,1959-02-26
3976,Adrian,Bartel,adrian.bartel@gmail.com,unknown,Olsztyn,"46-733","2024-11-06",Newsletter,false,2004-12-01
3993,Julianna,Jałowiec,julianna.jałowiec@gmail.com,unknown,Kraków,"24-105","2025-03-06",Google Ads,true,1988-11-22
4017,Olaf,Łukasiuk,olaf.łukasiuk@o2.pl,unknown,Kielce,"70-444","2026-01-11",Newsletter,false,2007-04-10
4020,Wiktor,Chachaj,wiktor.chachaj@gmail.com,unknown,Białystok,"11-291","2026-05-21",Meta Ads,false,1973-12-22
4029,Dorota,Klinger,dorota.klinger@gmail.com,unknown,Bydgoszcz,"92-866","2026-07-07",Meta Ads,false,1963-10-02
4038,Cyprian,Sorbian,cyprian.sorbian@onet.pl,unknown,Warszawa,"48-275","2026-04-27",Meta Ads,true,1968-11-28
4043,Borys,Szyma,borys.szyma@gmail.com,unknown,Olsztyn,"25-560","2025-03-14",Meta Ads,false,2006-07-02
4051,Dorota,Majak,dorota.majak@onet.pl,unknown,Kielce,"72-728","2024-10-27",Newsletter,false,1976-04-30
4065,Alex,Szwaja,alex.szwaja@gmail.com,unknown,Bydgoszcz,"03-983","2025-03-31",Organic,false,1988-06-30
4070,Malwina,Wawszczak,malwina.wawszczak@onet.pl,unknown,Poznań,"35-370","2025-03-05",Google Ads,false,1962-06-22
4091,Borys,Twardy,borys.twardy@wp.pl,unknown,Warszawa,"58-921","2025-06-12",Meta Ads,false,1989-05-16
4115,Alan,Martyka,alan.martyka@wp.pl,unknown,Katowice,"94-438","2025-03-17",Organic,true,1997-12-18
4151,Róża,Wyroba,róża.wyroba@gmail.com,unknown,Warszawa,"60-771","2025-09-28",Google Ads,false,1990-08-02
4154,Adrian,Wawszczyk,adrian.wawszczyk@gmail.com,unknown,Kraków,"06-124","2026-05-01",Google Ads,false,1988-04-28
4169,Hubert,Citko,hubert.citko@gmail.com,unknown,Częstochowa,"89-598","2025-12-03",Influencer,false,1981-11-29
4181,Damian,Żabka,damian.żabka@gmail.com,unknown,Zielona Góra,"88-647","2025-05-19",Meta Ads,true,1989-08-16
4212,Julianna,Kluczek,julianna.kluczek@onet.pl,unknown,Częstochowa,"97-070","2024-10-21",Google Ads,false,1997-09-26
4213,Franciszek,Durlej,franciszek.durlej@interia.pl,unknown,Kraków,"76-498","2026-05-30",Organic,false,1990-12-03
1917,Alex,Kielczyk,alex.kielczyk@gmail.com,unknown,Toruń,"86-494","2026-04-05",Google Ads,false,1959-03-04
4232,Róża,Niesporek,róża.niesporek@wp.pl,unknown,Wrocław,"70-865","2024-11-05",Organic,true,1964-09-07
4233,Dawid,Ryszkiewicz,dawid.ryszkiewicz@gmail.com,unknown,Elbląg,"08-862","2024-09-19",Newsletter,false,1963-12-27
4257,Bianka,Duniec,biankaduniec@wp.pl,unknown,Gdańsk,"29-342","2026-01-05",Organic,true,1993-11-27
4261,Albert,Duczek,albert.duczek@o2.pl,unknown,Kraków,"70-255","2026-05-29",Meta Ads,true,1993-10-10
4280,Błażej,Uryga,błażej.uryga@o2.pl,unknown,Kielce,"79-100","2026-02-22",Organic,false,1978-04-30
4285,Gaja,Lempart,gaja.lempart@gmail.com,unknown,Wrocław,"74-772","2024-09-09",Newsletter,false,1984-07-26
4290,Arkadiusz,Staśko,arkadiusz.staśko@gmail.com,unknown,Leszno,"24-942","2026-05-29",Organic,false,1976-07-03
4301,Gaja,Rapa,gaja.rapa@gmail.com,unknown,Lublin,"97-790","2025-04-01",Newsletter,false,1985-01-08
4307,Elżbieta,Supeł,elżbieta.supeł@o2.pl,unknown,Gdańsk,"23-049","2024-12-21",Meta Ads,false,1971-02-21
4312,Sara,Barłóg,sara.barłóg@gmail.com,unknown,Leszno,"69-914","2025-10-27",Meta Ads,false,1957-02-20
4318,Natan,Gawłowicz,natan.gawłowicz@interia.pl,unknown,Gdynia,"38-056","2025-11-21",Meta Ads,false,1961-05-04
4319,Józef,Halik,józef.halik@wp.pl,unknown,Piła,"78-356","2025-10-15",Meta Ads,false,1967-09-23
4324,Łukasz,Zackiewicz,łukasz.zackiewicz@gmail.com,unknown,Elbląg,"41-628","2026-02-28",Meta Ads,true,1959-03-01
4332,Maurycy,Lada,maurycy.lada@wp.pl,unknown,Kraków,"02-954","2025-11-03",Organic,true,1998-02-05
4335,Kamil,Ciereszko,kamil.ciereszko@o2.pl,unknown,Kraków,"07-209","2025-08-30",Organic,false,1983-08-15
4342,Iwo,Mikita,iwo.mikita@gmail.com,unknown,Elbląg,"97-973","2024-09-26",Meta Ads,false,1969-10-26
4346,Kamil,Gągała,kamil.gągała@wp.pl,unknown,Gdynia,"25-158","2024-12-04",Referral,false,2005-02-17
4348,Marika,Zyga,marika.zyga@gmail.com,unknown,Kraków,"80-752","2025-09-04",Organic,false,1998-10-28
4352,Dagmara,Cudzich,dagmara.cudzich@wp.pl,unknown,Gdańsk,"49-702","2024-11-07",Meta Ads,false,1964-08-03
4369,Julita,Spadło,julita.spadło@wp.pl,unknown,Wrocław,"65-525","2024-10-19",Meta Ads,false,1990-08-19
4374,Malwina,Błaszyk,malwina.błaszyk@gmail.com,unknown,Warszawa,"36-860","2025-05-18",Google Ads,false,1979-06-01
4408,Angelika,Grzelec,angelika.grzelec@gmail.com,unknown,Częstochowa,"02-377","2025-07-29",Organic,true,1996-07-25
4450,Jakub,Kuder,jakub.kuder@wp.pl,unknown,Wrocław,"23-865","2025-11-09",Meta Ads,false,1980-03-06
4454,Łukasz,Bzymek,łukasz.bzymek@gmail.com,unknown,Warszawa,"06-034","2025-03-24",Organic,true,1980-02-07
4462,Natasza,Petryk,natasza.petryk@gmail.com,unknown,Kraków,"15-424","2024-11-19",Meta Ads,true,1999-12-03
4463,Dawid,Zębik,dawid.zębik@gmail.com,unknown,Bydgoszcz,"93-528","2024-10-05",Influencer,false,2004-08-28
4487,Sara,Chojak,sara.chojak@gmail.com,unknown,Wrocław,"50-056","2025-12-25",Google Ads,false,1991-12-29
4499,Adrian,Roj,adrian.roj@o2.pl,unknown,Szczecin,"77-564","2024-12-29",Meta Ads,false,1958-03-21
4516,Hubert,Sobieszczyk,hubert.sobieszczyk@wp.pl,unknown,Białystok,"28-679","2026-08-06",Newsletter,true,1965-11-13
4521,Nataniel,Pikula,nataniel.pikula@o2.pl,unknown,Suwałki,"02-075","2026-05-19",Referral,false,1981-09-26
4554,Przemysław,Rohde,przemysław.rohde@gmail.com,unknown,Suwałki,"71-385","2024-10-09",Referral,true,1987-11-08
4580,Błażej,Młot,błażej.młot@gmail.com,unknown,Warszawa,"95-555","2025-02-23",Google Ads,false,1999-02-13
4588,Olgierd,Nieroda,olgierdnieroda@o2.pl,unknown,Wrocław,"39-596","2024-10-27",Meta Ads,false,1970-10-20
4614,Józef,Glanc,józef.glanc@gmail.com,unknown,Warszawa,"47-991","2025-05-12",Referral,false,1968-04-23
4626,Stefan,Myszk,stefan.myszk@gmail.com,unknown,Kraków,"86-977","2025-12-31",Google Ads,false,1969-08-17
4632,Ewelina,Bona,ewelina.bona@gmail.com,unknown,Bydgoszcz,"88-749","2024-11-16",Newsletter,false,1962-01-22
4636,Olgierd,Dorynek,olgierd.dorynek@wp.pl,unknown,Kraków,"85-287","2025-09-10",Referral,false,1994-10-08
4638,Cezary,Broniek,cezary.broniek@o2.pl,unknown,Lublin,"88-667","2026-06-07",Meta Ads,true,2002-10-13
4642,Tymon,Miękus,tymon.miękus@gmail.com,unknown,Warszawa,"57-474","2025-09-25",Google Ads,true,1979-08-08
4644,Rafał,Gasik,rafał.gasik@gmail.com,unknown,Gdańsk,"60-004","2025-02-23",Meta Ads,true,1961-07-03
4648,Arkadiusz,Kolonko,arkadiusz.kolonko@interia.pl,unknown,Konin,"67-675","2025-04-04",Meta Ads,true,2007-10-02
4653,Anita,Rakus,anita.rakus@gmail.com,unknown,Kraków,"16-788","2026-05-06",Meta Ads,false,2004-04-10
4664,Dariusz,Piotrkowicz,dariusz.piotrkowicz@gmail.com,unknown,Olsztyn,"61-708","2026-04-24",Organic,true,1992-05-08
4674,Dawid,Palica,dawid.palica@gmail.com,unknown,Lublin,"64-683","2025-09-09",Meta Ads,true,1997-08-31
4679,Apolonia,Zbroja,apolonia.zbroja@gmail.com,unknown,Warszawa,"82-109","2024-09-22",Organic,false,1995-07-31
4684,Natan,Hajdukiewicz,natan.hajdukiewicz@wp.pl,unknown,Zielona Góra,"48-672","2025-09-29",Organic,false,1958-03-17
4687,Jeremi,Marach,jeremi.marach@onet.pl,unknown,Warszawa,"88-813","2026-01-07",Newsletter,true,1981-08-29
4694,Ernest,Burchardt,ernest.burchardt@gmail.com,unknown,Gdańsk,"41-749","2025-05-29",Google Ads,false,1970-04-08
4696,Wojciech,Welenc,wojciech.welenc@gmail.com,unknown,Kraków,"23-960","2026-04-25",Meta Ads,false,1988-10-13
4714,Liwia,Droździel,liwia.droździel@gmail.com,unknown,Częstochowa,"80-487","2025-04-09",Newsletter,false,1989-12-24
4721,Damian,Łapacz,damian.łapacz@gmail.com,unknown,Warszawa,"76-071","2026-04-03",Influencer,false,1974-04-01
4739,Marcelina,Stroka,marcelina.stroka@interia.pl,unknown,Bydgoszcz,"87-212","2026-07-25",Organic,false,1978-03-15
4741,Anna Maria,Schubert,anna maria.schubert@gmail.com,unknown,Kraków,"72-861","2026-06-24",Meta Ads,true,1985-10-20
4768,Natasza,Szymula,natasza.szymula@o2.pl,unknown,Olsztyn,"72-963","2025-05-11",Meta Ads,false,1978-05-26
4776,Aleks,Guziak,aleks.guziak@wp.pl,unknown,Wrocław,"34-417","2025-05-04",Organic,false,1966-08-12
4777,Dominik,Wiatrak,dominik.wiatrak@interia.pl,unknown,Zielona Góra,"39-238","2024-11-14",Organic,true,1990-10-01
4789,Konrad,Skoneczna,konrad.skoneczna@wp.pl,unknown,Kraków,"18-533","2026-02-18",Google Ads,true,2008-04-12
4793,Kalina,Fidura,kalina.fidura@o2.pl,unknown,Warszawa,"57-070","2025-12-30",Newsletter,false,1994-07-02
4804,Miłosz,Maligłówka,miłosz.maligłówka@o2.pl,unknown,Poznań,"17-300","2026-05-01",Meta Ads,false,1958-05-10
4805,Mariusz,Franczuk,mariusz.franczuk@onet.pl,unknown,Szczecin,"57-834","2025-07-11",Google Ads,false,2002-03-02
4818,Adrian,Goś,adrian.goś@gmail.com,unknown,Warszawa,"12-049","2025-12-23",Newsletter,true,1961-11-30
4824,Iwo,Milka,iwo.milka@onet.pl,unknown,Warszawa,"46-183","2025-05-08",Referral,false,1987-04-20
4842,Jerzy,Kryszkiewicz,jerzy.kryszkiewicz@wp.pl,unknown,Kraków,"24-464","2025-03-03",Google Ads,false,2004-06-04
4845,Blanka,Mitoraj,blanka.mitoraj@gmail.com,unknown,Gdańsk,"70-086","2026-03-05",Organic,false,1963-02-09
4852,Gustaw,Leszczak,gustaw.leszczak@gmail.com,unknown,Suwałki,"98-977","2024-12-12",Meta Ads,true,1965-02-16
4855,Patryk,Wrześniak,patryk.wrześniak@gmail.com,unknown,Szczecin,"27-742","2025-06-03",Meta Ads,true,1961-04-06
4856,Julita,Parkitna,julita.parkitna@wp.pl,unknown,Gdańsk,"06-045","2025-12-05",Meta Ads,false,1970-01-16
4860,Gustaw,Knapek,gustaw.knapek@o2.pl,unknown,Warszawa,"85-934","2026-01-12",Newsletter,false,2002-06-02
4870,Blanka,Galuba,blanka.galuba@gmail.com,unknown,Konin,"40-794","2024-11-12",Meta Ads,true,1995-02-06
4876,Kamil,Hornik,kamil.hornik@gmail.com,unknown,Warszawa,"94-498","2024-10-14",Google Ads,true,2005-04-17
4878,Natasza,Gotfryd,natasza.gotfryd@interia.pl,unknown,Leszno,"79-458","2025-09-19",Meta Ads,true,1963-09-23
4880,Konstanty,Dylik,konstanty.dylik@interia.pl,unknown,Piła,"89-540","2026-07-15",Organic,false,1960-09-16
4884,Alan,Wiewiórka,alan.wiewiórka@onet.pl,unknown,Suwałki,"01-064","2025-07-04",Google Ads,false,1955-11-18
4887,Kazimierz,Uzar,kazimierz.uzar@wp.pl,unknown,Białystok,"06-335","2025-11-07",Meta Ads,true,1998-07-04
4897,Karol,Mortka,karol.mortka@wp.pl,unknown,Warszawa,"44-651","2026-04-26",Organic,true,1961-08-21
4899,Kajetan,Kaliciak,kajetan.kaliciak@gmail.com,unknown,Warszawa,"59-108","2026-05-10",Influencer,true,1968-09-23
4903,Oskar,Beck,oskar.beck@gmail.com,unknown,Poznań,"70-870","2025-03-06",Meta Ads,false,1982-07-11
4908,Elżbieta,Komuda,elżbieta.komuda@gmail.com,unknown,Leszno,"01-651","2024-12-02",Google Ads,false,2003-03-27
4913,Tola,Kudela,tola.kudela@gmail.com,unknown,Rzeszów,"75-874","2026-07-08",Google Ads,false,1983-11-10
4916,Krystian,Kurczab,krystiankurczab@o2.pl,unknown,Gdynia,"51-386","2026-04-21",Google Ads,false,1975-02-18
336,Witold,Grzywnowicz,witold.grzywnowicz@o2.pl,unknown,Łódź,"10-085","2025-04-16",Google Ads,false,1969-10-18
360,Monika,Rzeźniczek,monika.rzeźniczek@gmail.com,unknown,Łódź,"38-852","2025-03-09",Google Ads,false,1992-04-25
527,Adam,Szoka,adam.szoka@gmail.com,unknown,Łódź,do weryf,"2025-09-06",Meta Ads,true,2000-06-17
671,Tomasz,Bidas,tomasz.bidas@interia.pl,unknown,Łódź,"66-077","2025-02-10",Meta Ads,false,1993-12-11
824,Tymon,Wołczyk,tymon.wołczyk@o2.pl,unknown,Łódź,"22-265","2024-10-03",Organic,false,2004-06-26
1035,Sara,Markiel,sara.markiel@gmail.com,unknown,Łódź,"19-452","2025-11-13",Organic,false,1957-12-21
1044,Stanisław,Gogół,stanisław.gogół@gmail.com,unknown,Łódź,"26-809","2024-09-29",Meta Ads,true,1992-07-06
1268,Maksymilian,Świergiel,maksymilian.świergiel@onet.pl,unknown,Łódź,"59-779","2026-02-02",Meta Ads,false,1996-03-21
1277,Angelika,Łapot,angelika.łapot@interia.pl,unknown,Łódź,"87-892","2024-09-22",Meta Ads,false,2001-12-06
1296,Sonia,Chaberek,sonia.chaberek@gmail.com,unknown,Łódź,"12-643","2025-10-25",Meta Ads,false,1999-05-26
1415,Adrian,Gruchot,adriangruchot@wp.pl,unknown,Łódź,"62-357","2024-11-30",Organic,true,1972-02-09
1492,Kacper,Siewiera,kacper.siewiera@gmail.com,unknown,Łódź,"91-529","2025-02-01",Newsletter,false,2001-04-27
1519,Leonard,Urynowicz,leonard.urynowicz@gmail.com,unknown,Łódź,"40-022","2025-11-03",Meta Ads,false,1989-10-20
1713,Mikołaj,Behrendt,mikołaj.behrendt@interia.pl,unknown,Łódź,"67-194","2025-03-18",Google Ads,false,1995-05-18
1897,Marcin,Sulich,marcin.sulich@gmail.com,unknown,Łódź,"46-183","2026-01-05",Google Ads,false,1967-01-29
2051,Marcel,Rejniak,marcel.rejniak@o2.pl,unknown,Łódź,"17-589","2025-12-03",Meta Ads,true,1966-07-11
1798,Aleks,Bany,aleks.bany@onet.pl,unknown,Warszawa,"02-531","2025-07-31",Meta Ads,false,1986-09-04
1819,Alan,Bylina,alan.bylina@gmail.com,unknown,Radom,"80-903","2024-09-22",Organic,true,1978-08-01
1820,Wiktor,Szynkiewicz,wiktor.szynkiewicz@gmail.com,unknown,Konin,"19-904","2025-11-27",Meta Ads,false,2004-07-29
1831,Anastazja,Kuk,anastazja.kuk@onet.pl,unknown,Gdańsk,"35-596","2026-03-25",Meta Ads,false,1976-11-04
1833,Ksawery,Terka,ksawery.terka@gmail.com,unknown,Warszawa,"31-406","2025-11-21",Google Ads,false,1967-03-07
1837,Janina,Saternus,janina.saternus@gmail.com,unknown,Warszawa,"60-525","2025-04-11",Meta Ads,true,1988-07-07
76,Krystian,Borkiewicz,krystian.borkiewicz@wp.pl,unknown,Toruń,"11-597","2025-12-15",Meta Ads,false,1990-10-07
1839,Sonia,Zaucha,sonia.zaucha@gmail.com,unknown,Radom,"35-392","2024-10-04",Newsletter,false,1956-11-26
1858,Julita,Wijata,julita.wijata@gmail.com,unknown,Poznań,"42-602","2025-12-16",Meta Ads,true,1956-10-28
1860,Nicole,Zontek,nicole.zontek@gmail.com,unknown,Kraków,"78-936","2024-12-12",Meta Ads,false,1987-10-24
1868,Mateusz,Nazar,mateusz.nazar@o2.pl,unknown,Elbląg,"42-881","2025-02-06",Google Ads,true,2003-10-26
1883,Tadeusz,Kaziród,tadeusz.kaziród@gmail.com,unknown,Warszawa,"21-281","2026-05-26",Referral,false,2002-05-16
2442,Cyprian,Fraszczyk,cyprian.fraszczyk@gmail.com,unknown,Opole,"79-126","2024-11-09",Google Ads,true,1978-07-27
2455,Ernest,Gregorek,ernest.gregorek@gmail.com,unknown,Lublin,"52-991","2025-03-17",Newsletter,true,2003-07-08
2480,Lidia,Rybus,lidia.rybus@gmail.com,unknown,Wrocław,"65-455","2024-12-26",Meta Ads,true,1976-04-20
2484,Tymon,Śledzik,tymon.śledzik@gmail.com,unknown,Katowice,"03-190","2026-04-17",Newsletter,false,1963-02-07
2486,Ksawery,Teodorowicz,ksawery.teodorowicz@gmail.com,unknown,Warszawa,"62-297","2025-10-15",Meta Ads,false,1970-12-08
2493,Róża,Dorawa,różadorawa@onet.pl,unknown,Zielona Góra,"02-163","2025-11-25",Organic,false,1974-07-22
3101,Szymon,Mieloch,szymon.mieloch@gmail.com,unknown,Rzeszów,"43-102","2025-06-06",Organic,false,1971-02-01
3109,Maks,Małas,maks.małas@gmail.com,unknown,Kraków,"69-758","2025-04-08",Meta Ads,true,1998-04-09
3117,Melania,Lempart,melania.lempart@wp.pl,unknown,Suwałki,"23-408","2024-11-29",Organic,false,1988-05-16
3145,Julita,Duchnik,julita.duchnik@o2.pl,unknown,Leszno,"87-312","2024-10-09",Referral,false,1973-02-10
3158,Maksymilian,Boba,maksymilian.boba@gmail.com,unknown,Bydgoszcz,"58-770","2024-11-04",Meta Ads,false,1960-07-30
3160,Stanisław,Pietrusiewicz,stanisław.pietrusiewicz@gmail.com,unknown,Poznań,"48-098","2025-05-17",Organic,false,1964-07-11
3176,Tola,Hajda,tola.hajda@gmail.com,unknown,Wrocław,"67-094","2026-01-14",Google Ads,false,1990-10-05
3753,Andrzej,Mikołajewicz,andrzej.mikołajewicz@onet.pl,unknown,Warszawa,"63-972","2026-04-08",Influencer,false,1970-02-10
3768,Dagmara,Kiepas,dagmara.kiepas@interia.pl,unknown,Konin,"79-589","2024-12-14",Organic,false,1997-12-10
3770,Jakub,Szurek,jakub.szurek@gmail.com,unknown,Kielce,"03-336","2025-03-21",Referral,false,1996-04-29
3774,Ksawery,Klyta,ksawery.klyta@onet.pl,unknown,Leszno,"52-686","2024-12-29",Meta Ads,false,2000-03-20
3778,Józef,Pupek,józef.pupek@interia.pl,unknown,Gdańsk,"30-442","2025-04-04",Google Ads,true,2006-05-06
4384,Leon,Kujawiak,leon.kujawiak@gmail.com,unknown,Gdańsk,"16-046","2025-12-06",Organic,false,1998-11-09
4399,Róża,Prokurat,róża.prokurat@gmail.com,unknown,Kraków,"97-414","2025-04-25",Meta Ads,false,2004-02-22
4401,Julianna,Toś,julianna.toś@o2.pl,unknown,Kraków,"57-855","2025-09-07",Newsletter,false,1959-07-18
4921,Justyna,Piksa,justyna.piksa@gmail.com,unknown,Warszawa,"82-010","2026-03-26",Newsletter,false,1996-02-02
4942,Maciej,Skupin,maciej.skupin@gmail.com,unknown,Gdańsk,"62-313","2025-07-28",Meta Ads,false,1990-12-07
4948,Tobiasz,Wiza,tobiasz.wiza@o2.pl,unknown,Częstochowa,"87-413","2026-02-17",Meta Ads,false,1960-12-28
4966,Gustaw,Kluj,gustaw.kluj@gmail.com,unknown,Piła,"04-265","2025-10-04",Google Ads,false,1982-01-14
4976,Julian,Dylak,julian.dylak@gmail.com,unknown,Leszno,"60-507","2025-05-14",Organic,false,1963-12-02
4979,Bianka,Wudarczyk,bianka.wudarczyk@gmail.com,unknown,Suwałki,"22-186","2024-10-28",Influencer,false,1986-07-28
4980,Norbert,Gonsior,norbert.gonsior@gmail.com,unknown,Gdańsk,"88-862","2024-11-03",Newsletter,true,1973-12-12
4985,Adrianna,Uziębło,adrianna.uziębło@interia.pl,unknown,Gorzów Wielkopolski,"40-276","2026-02-18",Newsletter,false,1980-08-04
5000,Kalina,Słyk,kalina.słyk@wp.pl,unknown,Warszawa,"85-218","2025-07-23",Meta Ads,false,2004-09-14
3054,Patryk,Druszcz,patryk.druszcz@gmail.com,unknown,Toruń,"44-782","2024-12-08",Newsletter,false,1983-02-08
3250,Konrad,Dawidczyk,konrad.dawidczyk@gmail.com,+48339224850,Gdańsk,do weryf,"2026-03-02",Meta Ads,false,1980-06-06
3343,Jacek,Lukas,jacek.lukas@gmail.com,+48531814901,Wrocław,do weryf,"2025-09-23",Newsletter,true,2000-07-12
3351,Radosław,Kasica,radosław.kasica@gmail.com,+48040462211,Warszawa,do weryf,"2025-10-12",Meta Ads,false,1971-04-16
3369,Nikodem,Zagozda,nikodem.zagozda@wp.pl,+48654170899,Katowice,do weryf,"2024-11-08",Google Ads,false,1996-01-09
4573,Gaja,Mitek,gaja.mitek@o2.pl,+48628030129,Elbląg,"57-468","2025-11-05",Organic,true,1979-12-15
4635,Tomasz,Makar,tomasz.makar@gmail.com,+48859750686,Konin,"36-326","2025-09-15",Meta Ads,false,1963-11-20
4929,Olga,Giec,olga.giec@gmail.com,+48889174934,Elbląg,"10-977","2026-02-12",Organic,false,1982-07-29
6,Wiktor,Teodorowicz,wiktor.teodorowicz@gmail.com,unknown,Bydgoszcz,"58-797","2025-09-16",Newsletter,false,1974-10-13
15,Oliwier,Piotrkowicz,oliwier.piotrkowicz@gmail.com,unknown,Szczecin,"84-667","2024-10-08",Organic,true,2002-02-11
29,Dagmara,Kwasek,dagmara.kwasek@onet.pl,unknown,Warszawa,"78-952","2026-07-04",Google Ads,false,1990-06-17
30,Cezary,Kozaczuk,cezary.kozaczuk@gmail.com,unknown,Piła,"24-280","2025-02-28",Google Ads,false,1992-11-02
43,Aleks,Skubis,aleks.skubis@gmail.com,unknown,Piła,"16-008","2025-09-10",Newsletter,true,1981-12-15
66,Elżbieta,Rębiś,elżbieta.rębiś@gmail.com,unknown,Łódź,"95-918","2026-02-16",Google Ads,false,1957-10-08
243,Fabian,Pacholczak,fabian.pacholczak@o2.pl,unknown,Łódź,"16-655","2025-11-16",Organic,false,2004-02-25
2076,Ryszard,Zyzik,ryszard.zyzik@gmail.com,unknown,Łódź,"35-623","2025-03-03",Google Ads,true,1960-11-04
2128,Rafał,Pyzel,rafał.pyzel@gmail.com,unknown,Łódź,"76-645","2026-05-08",Referral,false,1989-03-22
2387,Janina,Kubasiewicz,janina.kubasiewicz@wp.pl,unknown,Łódź,"16-130","2024-11-11",Google Ads,false,1972-07-08
2579,Błażej,Hirsch,błażej.hirsch@gmail.com,unknown,Łódź,"23-455","2024-11-03",Organic,true,1980-02-13
2581,Malwina,Bajko,malwina.bajko@gmail.com,unknown,Łódź,"72-224","2025-02-01",Organic,true,1977-04-02
2824,Olga,Haponiuk,olga.haponiuk@gmail.com,unknown,Warszawa,"02-165","2024-12-29",Influencer,true,1972-07-03
2919,Tymoteusz,Rogacz,tymoteusz.rogacz@o2.pl,unknown,Łódź,"49-015","2026-05-27",Meta Ads,true,1991-01-15
3233,Tobiasz,Fidler,tobiasz.fidler@wp.pl,unknown,Łódź,"21-377","2024-10-11",Google Ads,true,1994-10-25
3273,Eryk,Korab,eryk.korab@wp.pl,unknown,Łódź,"36-533","2024-09-13",Newsletter,true,2003-07-10
3330,Marianna,Cieciora,marianna.cieciora@gmail.com,unknown,Łódź,"16-614","2026-07-12",Influencer,false,1962-06-15
3577,Leonard,Potoczek,leonard.potoczek@gmail.com,unknown,Łódź,"39-119","2026-05-26",Organic,true,1987-08-18
4125,Oliwier,Jagieło,oliwier.jagieło@wp.pl,unknown,Łódź,"58-619","2025-03-10",Organic,true,1999-04-25
4159,Kajetan,Wacław,kajetanwacław@wp.pl,unknown,Łódź,"84-898","2025-06-14",Organic,true,1990-11-06
3772,Eryk,Wojnicz,eryk.wojnicz@wp.pl,unknown,Toruń,"14-751","2024-12-01",Newsletter,false,1971-10-31
3932,Michał,Buksa,michał.buksa@gmail.com,unknown,Toruń,"65-909","2025-05-02",Meta Ads,false,1972-01-02
3987,Patryk,Raźniak,patrykraźniak@gmail.com,unknown,Toruń,"36-292","2024-12-27",Google Ads,false,2008-04-29
4210,Kacper,Płaneta,kacper.płaneta@wp.pl,unknown,Łódź,"08-273","2026-07-08",Newsletter,true,1976-12-14
4253,Franciszek,Giers,franciszek.giers@wp.pl,unknown,Łódź,"06-603","2025-07-02",Organic,false,1974-05-23
4315,Kaja,Świerszcz,kaja.świerszcz@gmail.com,unknown,Łódź,"32-878","2025-07-16",Influencer,true,1997-01-20
4340,Błażej,Chylak,błażej.chylak@o2.pl,unknown,Łódź,"23-318","2024-12-24",Meta Ads,false,1962-05-17
4398,Jakub,Augustynek,jakub.augustynek@o2.pl,unknown,Łódź,"94-792","2024-11-03",Google Ads,false,2008-04-23
4457,Dawid,Sabak,dawid.sabak@o2.pl,unknown,Łódź,"65-588","2026-04-12",Meta Ads,false,1997-03-18
4472,Marianna,Frelek,marianna.frelek@interia.pl,unknown,Łódź,"25-603","2025-06-26",Organic,false,1984-08-20
4525,Anita,Pawliszyn,anita.pawliszyn@onet.pl,unknown,Łódź,"20-225","2025-10-08",Meta Ads,false,1997-06-05
4549,Julita,Olkowicz,julita.olkowicz@gmail.com,unknown,Łódź,"43-564","2026-05-15",Google Ads,true,1984-10-11
4716,Nikodem,Goworek,nikodem.goworek@gmail.com,unknown,Łódź,"88-586","2026-04-14",Newsletter,false,2003-04-21
4778,Elżbieta,Ciochoń,elżbieta.ciochoń@gmail.com,unknown,Łódź,"65-760","2025-12-03",Organic,true,1992-05-01
4820,Bianka,Bieszke,bianka.bieszke@gmail.com,unknown,Łódź,"96-629","2026-05-17",Organic,true,1958-03-30
4970,Jerzy,Kopytko,jerzy.kopytko@onet.pl,unknown,Łódź,"29-321","2025-06-12",Organic,true,1955-12-02
203,Fryderyk,Radzewicz,fryderyk.radzewicz@interia.pl,unknown,Elbląg,do weryf,"2026-05-30",Google Ads,false,1957-04-08
470,Hubert,Bittner,hubert.bittner@gmail.com,unknown,Warszawa,do weryf,"2025-11-27",Meta Ads,false,2002-07-30
483,Ryszard,Mszyca,ryszard.mszyca@gmail.com,unknown,Suwałki,do weryf,"2025-05-21",Meta Ads,false,1960-03-04
1095,Aniela,Wisła,aniela.wisła@gmail.com,unknown,Warszawa,do weryf,"2025-11-07",Meta Ads,true,1983-05-11
1180,Inga,Praczyk,inga.praczyk@gmail.com,unknown,Radom,do weryf,"2025-05-19",Newsletter,false,1990-09-18
1285,Blanka,Golenia,blanka.golenia@wp.pl,unknown,Kraków,do weryf,"2025-06-01",Meta Ads,false,1986-02-14
1554,Witold,Milcarz,witold.milcarz@wp.pl,unknown,Wrocław,do weryf,"2025-07-03",Meta Ads,false,1989-11-24
2008,Oliwier,Burchard,oliwier.burchard@gmail.com,unknown,Leszno,do weryf,"2024-12-10",Google Ads,false,2000-10-27
2181,Olga,Śleziak,olga.śleziak@o2.pl,unknown,Warszawa,do weryf,"2025-01-29",Meta Ads,true,1962-11-14
2274,Ewelina,Karczmarek,ewelina.karczmarek@wp.pl,unknown,Bydgoszcz,do weryf,"2025-09-12",Google Ads,false,1960-02-22
2464,Marcelina,Jop,marcelina.jop@gmail.com,unknown,Kraków,do weryf,"2025-10-28",Referral,false,2006-05-06
3350,Albert,Twardy,albert.twardy@o2.pl,+48899304551,Łódź,do weryf,"2026-06-10",Meta Ads,false,2000-10-15
2839,Ewelina,Jargieło,ewelina.jargieło@o2.pl,unknown,Warszawa,do weryf,"2025-12-07",Newsletter,false,1964-11-18
2871,Kamil,Polewka,kamil.polewka@wp.pl,unknown,Konin,do weryf,"2026-02-05",Meta Ads,false,2001-06-08
2990,Dawid,Pasiak,dawid.pasiak@gmail.com,unknown,Poznań,do weryf,"2025-05-14",Newsletter,false,1990-01-20
3178,Angelika,Nieszporek,angelika.nieszporek@wp.pl,unknown,Warszawa,do weryf,"2025-01-31",Influencer,false,1989-09-07
4023,Kajetan,Brodowicz,kajetan.brodowicz@gmail.com,unknown,Warszawa,do weryf,"2025-02-06",Google Ads,false,1979-04-26
4775,Łukasz,Kielan,łukasz.kielan@gmail.com,unknown,Piła,do weryf,"2024-09-27",Meta Ads,false,1972-01-10
938,Łukasz,Jonak,łukasz.jonak@o2.pl,+48199209794,Szczecin,do weryf,"2025-11-11",Meta Ads,false,1983-12-15
947,Łukasz,Wojciech,łukasz.wojciech@gmail.com,+48240256415,Warszawa,do weryf,"2025-06-25",Google Ads,true,1979-09-23
2655,Sonia,Podpora,sonia.podpora@gmail.com,+48213889367,Kraków,do weryf,"2025-01-13",Google Ads,false,1989-03-28
3037,Hubert,Jędrasiak,hubert.jędrasiak@gmail.com,+48658142717,Gdańsk,do weryf,"2025-07-08",Organic,false,1974-12-21
3057,Kamil,Tułacz,kamil.tułacz@gmail.com,+48756584117,Rzeszów,do weryf,"2025-09-06",Meta Ads,false,1971-04-08
3229,Tobiasz,Olearczyk,tobiasz.olearczyk@gmail.com,+48163138505,Katowice,do weryf,"2025-02-06",Google Ads,true,1991-10-15
3230,Iwo,Majerczyk,iwo.majerczyk@onet.pl,+48607527202,Gdynia,do weryf,"2024-10-20",Organic,true,1980-12-27
3235,Klara,Palej,klara.palej@gmail.com,+48460840979,Kraków,do weryf,"2025-12-01",Meta Ads,true,1967-08-17
