"product_id","product_name","category","brand","unit_price","unit_cost","launch_date","is_active","wymaga_weryfikacji"
252,W końcu Moda Eco,Moda damska,Lumia,89.71,47.70,2024-12-21,true,false
255,Składać Moda Basic,Moda damska,Primo Style,43.71,20.93,2026-07-11,true,false
258,Dziewięć Moda Premium,Moda damska,Domora,63.15,35.43,2026-02-28,true,false
263,Jeszcze Moda Basic,Moda damska,Vesto,94.89,54.11,2026-07-13,true,false
272,Sytuacja Moda Classic,Moda damska,Aurea,279.51,158.68,2024-12-11,true,false
284,Przypominać Moda Premium,Moda damska,Vantex,45.62,25.41,2026-06-21,true,false
292,Lekki Moda Pro,Moda damska,UrbanLine,142.93,84.42,2025-04-09,true,false
296,Potrzeba Moda Eco,Moda damska,Bellure,217.69,96.58,2025-11-14,true,false
299,Płyta Moda Eco,Moda damska,Primo Style,286.82,126.47,2026-03-06,true,false
303,Łączyć Moda Classic,Moda damska,Nordly,381.09,174.40,2025-10-30,true,false
307,Mąka Moda Pro,Moda damska,Domora,118.64,72.05,2024-09-27,false,false
308,Gęsty Moda Eco,Moda damska,GripPro,290.07,162.26,2025-03-18,true,false
314,Szkoda Moda Basic,Moda damska,Lumia,233.22,130.47,2026-03-02,true,false
319,Pisanie Moda Basic,Moda damska,Vesto,315.19,162.11,2025-11-18,true,false
320,Praca Moda Eco,Moda damska,Nordly,353.52,132.95,2026-08-06,false,false
329,Informacja Moda Eco,Moda damska,Nordly,259.83,164.13,2025-09-17,false,false
333,Poduszka Moda Basic,Moda damska,UrbanLine,357.16,187.10,2026-02-17,true,false
335,Pokryć Moda Basic,Moda damska,Kidzo,332.70,166.56,2025-09-03,true,false
337,Szanowny Moda Classic,Moda damska,Vesto,71.94,37.74,2024-11-13,true,false
342,Możliwy Moda Classic,Moda damska,Tessera,68.18,32.96,2024-12-06,true,false
344,Oko Moda Eco,Moda damska,Bellure,335.89,164.28,2025-04-02,true,false
348,Pochodzenie Moda Pro,Moda damska,Kidzo,290.09,174.07,2025-12-11,true,false
349,Płyn Moda Basic,Moda damska,Klarra,261.70,132.04,2026-05-05,true,false
351,Czyli Moda Premium,Moda damska,UrbanLine,336.29,176.24,2026-01-10,true,false
353,Śmiech Moda Classic,Moda damska,Ecolen,338.57,180.86,2025-03-14,true,false
360,Dziki Moda Pro,Moda damska,Aurea,147.35,85.26,2025-12-26,true,false
371,Wykonać Moda Pro,Moda damska,Ecolen,194.64,105.49,2025-11-18,true,false
374,Morski Moda Classic,Moda damska,Klarra,115.72,61.97,2024-09-26,true,false
375,Ziemniak Moda Basic,Moda damska,Vantex,273.60,168.68,2025-07-17,true,false
378,Go Moda Pro,Moda damska,Kidzo,312.97,187.96,2025-11-14,true,false
381,Pora Moda Eco,Moda damska,Vantex,285.80,130.02,2025-08-14,true,false
389,Przestępstwo Moda Basic,Moda damska,Ecolen,90.30,64.85,2025-12-11,true,false
398,Sześćdziesiąt Moda Premium,Moda damska,UrbanLine,296.07,170.26,2026-03-04,true,false
399,Literatura Moda Premium,Moda damska,MaxFit,161.20,89.95,2026-03-23,true,false
401,Ile Moda Classic,Moda damska,Kidzo,228.50,119.76,2024-10-21,true,false
403,Wspaniały Moda Classic,Moda damska,UrbanLine,352.84,168.58,2026-03-23,true,false
404,Wpaść Moda Premium,Moda damska,Vesto,276.13,141.64,2025-08-08,true,false
415,Powstać Moda Classic,Moda damska,Kidzo,263.27,170.17,2024-11-17,true,false
420,Szwedzki Moda Pro,Moda damska,Klarra,97.87,55.44,2025-05-01,true,false
426,Pójść Moda Pro,Moda damska,Ecolen,261.17,166.20,2025-12-30,true,false
427,Trzydzieści Moda Premium,Moda damska,Domora,99.14,60.41,2025-07-11,true,false
435,Lęk Moda Classic,Moda damska,Nordly,214.98,105.13,2024-09-30,true,false
437,Polski Moda Eco,Moda damska,Nordly,111.67,63.58,2025-07-14,true,false
438,Robić Moda Premium,Moda damska,Nortex,351.53,177.33,2024-12-11,true,false
448,Modlitwa Moda Premium,Moda damska,Vantex,329.82,159.84,2026-02-01,true,false
450,Dziób Moda Basic,Moda damska,Vantex,235.02,124.96,2024-09-14,true,false
454,Bo Moda Basic,Moda damska,Nordly,256.24,130.15,2025-12-26,true,false
460,Wkrótce Moda Eco,Moda damska,Vantex,382.99,226.07,2024-09-01,true,false
466,Nasz Moda Pro,Moda damska,Ecolen,296.81,171.49,2025-02-24,false,false
470,Zamykać Moda Basic,Moda damska,Aurea,385.65,186.81,2025-08-01,true,false
473,Zakładać Moda Pro,Moda damska,Ecolen,333.91,177.01,2024-12-15,false,false
480,Przeznaczyć Moda Premium,Moda damska,Klarra,117.03,58.35,2024-11-10,true,false
483,Natura Moda Classic,Moda damska,Bellure,253.01,144.72,2024-11-26,true,false
488,Cierpieć Moda Pro,Moda damska,Lumia,69.84,41.17,2026-05-11,true,false
491,Suma Moda Classic,Moda damska,Klarra,63.34,32.08,2025-10-19,true,false
501,Ząb Moda Basic,Moda damska,Aurea,182.75,101.45,2026-04-17,true,false
504,Tam Moda Pro,Moda damska,Domora,320.53,184.41,2025-12-21,true,false
505,Katastrofa Moda Classic,Moda damska,Vantex,52.02,24.71,2025-04-30,true,false
516,Bać się Moda Pro,Moda damska,Nortex,86.71,48.73,2026-04-21,true,false
520,Smutek Moda Eco,Moda damska,Aurea,48.29,23.21,2024-11-05,true,false
532,Broda Moda Classic,Moda damska,Lumia,86.06,61.12,2026-05-16,true,false
533,Wojna Moda Classic,Moda damska,Lumia,200.92,103.37,2025-06-20,true,false
534,Spać Moda Eco,Moda damska,Klarra,336.91,157.68,2026-01-10,true,false
535,Nic Moda Basic,Moda damska,MaxFit,315.95,173.11,2025-08-12,true,false
537,By Moda Eco,Moda damska,Vantex,312.70,174.37,2024-12-05,true,false
544,Uwaga Moda Premium,Moda damska,Vantex,360.15,140.69,2026-07-26,true,false
547,Ból Moda Eco,Moda damska,Domora,52.83,28.73,2025-11-22,true,false
550,Zawodowy Moda Pro,Moda damska,Vesto,93.06,52.28,2026-01-25,true,false
559,Rosja Moda Premium,Moda damska,MaxFit,260.40,154.92,2025-09-23,true,false
570,List Moda Classic,Moda damska,Tessera,342.12,168.68,2026-01-07,true,false
571,Drzwi Moda Eco,Moda damska,Domora,318.52,152.02,2025-10-24,true,false
574,Technika Moda Premium,Moda damska,Domora,333.40,181.37,2024-12-30,true,false
576,Oddział Moda Classic,Moda damska,Ecolen,251.53,151.08,2025-09-06,true,false
577,Dłoń Moda Basic,Moda damska,Primo Style,146.12,98.89,2026-05-06,true,false
589,Centrum Moda Pro,Moda damska,Lumia,179.95,120.15,2024-09-18,false,false
1,Śniadanie Elektronika Pro,Elektronika,Primo Style,966.62,553.07,2024-11-24,true,false
6,"2 Elektronika Eco",Elektronika,Klarra,764.75,415.51,2025-05-30,true,false
7,Firma Elektronika Basic,Elektronika,MaxFit,1166.37,706.75,2025-09-23,false,false
596,Urodzenie Moda Premium,Moda damska,Vesto,60.08,38.56,2025-04-10,true,false
600,Pozostać Moda Basic,Moda damska,Bellure,254.36,137.49,2026-01-05,true,false
604,Chęć Moda Premium,Moda damska,Aurea,244.87,129.46,2025-11-12,true,false
610,Prowadzić Moda Eco,Moda damska,Ecolen,203.95,117.91,2025-08-25,true,false
612,Ośrodek Moda Basic,Moda damska,Domora,196.27,102.75,2026-01-02,true,false
615,Traktować Moda Classic,Moda damska,Lumia,383.38,184.66,2025-02-13,true,false
136,Wspaniały Moda Pro,Moda damska,GripPro,79.03,52.15,2025-08-19,true,false
137,Kawałek Moda Premium,Moda damska,Domora,43.09,21.64,2024-11-16,true,false
138,Pies Moda Basic,Moda damska,UrbanLine,81.31,44.45,2025-11-29,true,false
141,Skala Moda Basic,Moda damska,Tessera,119.49,66.30,2026-08-01,true,false
145,Zapach Moda Pro,Moda damska,Vesto,249.35,135.21,2025-11-30,true,false
151,Nocny Moda Eco,Moda damska,Domora,366.93,220.87,2025-06-21,false,false
153,Blisko Moda Pro,Moda damska,Primo Style,55.28,30.12,2026-03-13,true,false
155,Niebieski Moda Basic,Moda damska,Nordly,252.89,145.12,2026-04-23,true,false
159,Akt Moda Pro,Moda damska,Domora,397.79,261.00,2026-07-11,true,false
161,Komputer Moda Pro,Moda damska,Nortex,201.20,91.38,2025-12-01,true,false
162,Wóz Moda Classic,Moda damska,Vantex,261.53,153.64,2025-04-15,true,false
171,Rasa Moda Pro,Moda damska,Nordly,224.04,115.59,2025-11-19,true,false
178,Szybko Moda Basic,Moda damska,Tessera,361.84,211.36,2025-07-24,true,false
182,Wysiłek Moda Classic,Moda damska,MaxFit,220.23,118.17,2025-12-10,true,false
621,Szlachetny Moda Pro,Moda damska,Kidzo,46.86,26.58,2025-10-20,true,false
628,Chleb Moda Premium,Moda damska,GripPro,345.22,176.78,2025-10-12,true,false
635,Poziom Moda Pro,Moda damska,Bellure,329.31,166.20,2026-03-18,true,false
637,Przeszłość Moda Pro,Moda damska,Klarra,98.29,62.05,2025-09-07,true,false
639,Zawartość Moda Eco,Moda damska,GripPro,355.65,186.63,2025-07-03,false,false
641,Uzyskać Moda Premium,Moda damska,Aurea,48.78,26.62,2026-06-01,true,false
643,Zimno Moda Basic,Moda damska,Kidzo,76.97,47.93,2025-05-12,true,false
652,Mówić Moda Eco,Moda damska,Lumia,274.55,141.09,2024-11-06,true,false
655,Utwór Moda Premium,Moda damska,UrbanLine,387.17,220.13,2025-12-25,true,false
660,Święto Moda Basic,Moda damska,Bellure,333.86,197.56,2025-10-20,true,false
661,Słodki Moda Eco,Moda damska,Nortex,294.69,155.82,2026-03-12,true,false
675,Bajka Moda Classic,Moda damska,MaxFit,274.14,164.66,2025-12-06,true,false
676,Nagły Moda Classic,Moda damska,UrbanLine,132.70,79.19,2026-06-25,true,false
679,Znów Moda Basic,Moda damska,Vantex,235.79,133.86,2024-11-15,true,false
683,Tani Moda Pro,Moda damska,Bellure,310.43,190.05,2025-03-10,true,false
684,Organ Moda Premium,Moda damska,Tessera,353.19,181.23,2024-11-01,true,false
698,Reakcja Moda Premium,Moda damska,Domora,317.60,159.39,2025-11-01,true,false
700,Pięćdziesiąt Moda Classic,Moda damska,Nordly,252.01,118.97,2025-12-12,true,false
704,Rada Moda Premium,Moda damska,Lumia,267.28,158.44,2024-10-28,true,false
707,Nic Moda Pro,Moda damska,Nortex,388.75,207.82,2024-12-24,false,false
710,Ósmy Moda Pro,Moda damska,Klarra,117.86,64.88,2024-09-02,true,false
713,Jego Moda Eco,Moda damska,GripPro,374.43,185.51,2025-11-27,true,false
723,Wzgórze Moda Basic,Moda damska,Primo Style,203.25,99.15,2025-06-04,false,false
727,Powinien Moda Classic,Moda damska,Nortex,252.72,142.65,2026-05-12,true,false
730,Liczba Moda Premium,Moda damska,Vesto,43.21,21.51,2025-06-08,true,false
732,Kalendarz Moda Pro,Moda damska,Primo Style,83.28,42.97,2025-10-16,true,false
739,Wino Moda Eco,Moda damska,MaxFit,293.01,140.92,2024-12-07,true,false
750,Broń Moda Basic,Moda damska,Aurea,80.81,42.44,2026-07-18,true,false
755,Pomysł Moda Eco,Moda damska,Lumia,238.34,157.33,2026-04-20,true,false
757,Powód Moda Basic,Moda damska,Ecolen,132.36,61.11,2026-07-28,true,false
767,Staw Moda Eco,Moda damska,Primo Style,83.94,42.26,2026-05-13,true,false
771,Polegać Moda Pro,Moda damska,Ecolen,141.88,84.39,2025-05-28,true,false
778,Suchy Moda Basic,Moda damska,Ecolen,45.88,25.85,2025-08-31,true,false
782,Ile Moda Eco,Moda damska,Vesto,42.19,21.18,2026-08-06,true,false
786,Sukienka Moda Pro,Moda damska,GripPro,276.07,140.36,2026-02-14,false,false
797,Dziura Moda Classic,Moda damska,Aurea,154.74,68.42,2025-11-17,false,false
804,Klient Moda Classic,Moda damska,MaxFit,90.44,58.41,2026-02-18,true,false
807,Pomidor Moda Premium,Moda damska,Ecolen,308.51,156.16,2025-02-23,true,false
809,Pieniądz Moda Classic,Moda damska,Aurea,341.16,167.14,2024-11-19,true,false
812,"2 Moda Basic",Moda damska,Aurea,195.17,98.28,2026-06-16,false,false
816,Osobisty Moda Pro,Moda damska,GripPro,386.78,190.63,2026-02-26,true,false
826,Pogląd Moda Basic,Moda damska,Kidzo,88.18,58.39,2025-11-13,true,false
829,Może Moda Premium,Moda damska,Primo Style,359.48,175.61,2024-10-03,true,false
832,Zaś Moda Eco,Moda damska,Lumia,83.77,39.42,2025-06-14,true,false
839,Pracować Moda Eco,Moda damska,UrbanLine,317.33,126.52,2025-05-10,true,false
840,Malować Moda Basic,Moda damska,Primo Style,39.49,22.43,2025-03-20,true,false
843,Córka Moda Eco,Moda damska,Primo Style,62.65,31.20,2025-08-27,true,false
850,Osioł Moda Pro,Moda damska,MaxFit,132.57,87.56,2025-04-17,true,false
854,Leżeć Moda Eco,Moda damska,Ecolen,229.68,123.82,2025-01-29,true,false
855,Ludność Moda Classic,Moda damska,Aurea,219.22,112.44,2025-02-09,true,false
858,Brzuch Moda Pro,Moda damska,Kidzo,199.39,108.51,2024-12-06,true,false
859,Skutek Moda Eco,Moda damska,Klarra,56.99,33.13,2025-01-30,true,false
861,Budować Moda Premium,Moda damska,Lumia,381.51,211.11,2025-02-05,true,false
865,Kraków Moda Basic,Moda damska,Nortex,378.73,209.01,2026-08-03,true,false
867,Istota Moda Basic,Moda damska,Vantex,210.68,101.69,2025-11-03,true,false
873,"7 Moda Classic",Moda damska,Aurea,301.39,162.52,2024-09-20,true,false
877,Ku Moda Pro,Moda damska,Bellure,312.96,142.68,2026-02-18,true,false
883,Odpowiedź Moda Eco,Moda damska,Bellure,118.51,66.95,2025-03-28,true,false
898,Ręka Moda Classic,Moda damska,GripPro,389.31,144.40,2025-01-17,true,false
900,Pełen Moda Pro,Moda damska,Bellure,301.56,150.05,2026-07-10,true,false
902,Włochy Moda Basic,Moda damska,Aurea,191.15,116.11,2025-03-23,true,false
907,Ruch Moda Classic,Moda damska,Vantex,294.36,171.79,2025-11-24,true,false
910,Męski Moda Eco,Moda damska,Tessera,312.24,189.06,2024-11-15,true,false
912,Budzić Moda Classic,Moda damska,Klarra,336.90,189.00,2025-12-06,true,false
917,Tutaj Moda Basic,Moda damska,Domora,347.35,216.77,2025-10-16,true,false
920,Ciągle Moda Basic,Moda damska,Bellure,177.37,90.91,2024-09-06,true,false
922,Węgiel Moda Premium,Moda damska,Vantex,292.75,170.33,2026-03-25,true,false
926,Papieros Moda Pro,Moda damska,Aurea,95.62,50.72,2025-03-12,true,false
927,Egzamin Moda Pro,Moda damska,Lumia,143.42,82.66,2026-03-07,false,false
931,Przecież Moda Premium,Moda damska,Aurea,262.67,166.86,2025-05-10,true,false
933,Część Moda Eco,Moda damska,Nortex,141.87,96.04,2025-04-03,true,false
936,Zdolny Moda Basic,Moda damska,Vantex,110.64,69.73,2025-06-18,true,false
941,Pojawić się Moda Pro,Moda damska,Nortex,304.64,153.85,2025-04-15,true,false
-1,Produkt zarchiwizowany / brak danych,Nieznana,Nieznana,0.00,0.00,,false,false
1242,Stół Elektronika Classic,Elektronika,Klarra,1450.39,702.11,2026-03-13,true,false
5,Angielski Moda Premium,Moda damska,Klarra,194.50,118.09,2024-11-12,true,false
18,Przed Moda Basic,Moda damska,Ecolen,337.35,148.15,2025-04-17,true,false
20,Góra Moda Classic,Moda damska,Nortex,65.84,36.83,2026-08-06,false,false
33,Jednak Moda Premium,Moda damska,Lumia,373.69,218.65,2026-05-30,true,false
35,Sobota Moda Classic,Moda damska,Nortex,360.32,232.78,2026-05-02,false,false
52,Imię Moda Pro,Moda damska,MaxFit,223.35,136.50,2025-01-27,true,false
56,Całkowicie Moda Classic,Moda damska,GripPro,333.20,196.23,2025-10-12,true,false
62,Ta Moda Eco,Moda damska,Nortex,75.53,46.02,2025-12-15,true,false
65,Organ Moda Eco,Moda damska,Vesto,295.38,146.93,2026-01-15,true,false
78,Nie ma Moda Eco,Moda damska,UrbanLine,260.40,175.35,2026-08-03,true,false
79,Sierpień Moda Pro,Moda damska,Aurea,89.43,55.81,2026-01-11,true,false
81,"60 Moda Basic",Moda damska,Domora,168.42,103.30,2026-03-21,false,false
88,Biały Moda Premium,Moda damska,Bellure,49.98,28.74,2024-09-21,true,false
94,Naturalny Moda Pro,Moda damska,Vantex,197.03,99.70,2024-10-21,true,false
120,Szlachetny Moda Basic,Moda damska,Aurea,76.12,39.52,2026-05-29,true,false
121,Usługa Moda Pro,Moda damska,Ecolen,220.89,113.40,2026-05-10,true,false
942,Religia Moda Premium,Moda damska,Bellure,182.14,121.87,2025-02-02,true,false
948,Oczywiście Moda Premium,Moda damska,Bellure,151.65,94.17,2025-02-10,true,false
949,Wakacje Moda Eco,Moda damska,Nortex,254.16,135.96,2025-11-06,true,false
950,Hiszpański Moda Pro,Moda damska,Domora,291.41,165.92,2025-12-10,true,false
951,Bank Moda Classic,Moda damska,Vesto,185.93,102.83,2025-02-01,true,false
956,Wrócić Moda Pro,Moda damska,Tessera,368.24,198.90,2025-06-06,true,false
958,Jednak Moda Basic,Moda damska,Kidzo,251.20,129.50,2025-11-14,true,false
968,Słoneczny Moda Premium,Moda damska,Vantex,249.40,126.35,2025-09-08,true,false
969,Powstanie Moda Classic,Moda damska,Ecolen,135.79,82.39,2025-12-13,true,false
977,Rozmiar Moda Eco,Moda damska,UrbanLine,274.86,137.72,2024-12-25,true,false
986,Znak Moda Pro,Moda damska,Bellure,75.92,41.80,2025-05-26,false,false
993,Robić Moda Pro,Moda damska,Klarra,297.75,166.10,2024-12-05,true,false
995,Powód Moda Basic,Moda damska,Lumia,98.67,52.33,2025-04-22,true,false
998,Źle Moda Pro,Moda damska,Domora,179.77,106.42,2025-01-04,true,false
1007,W ciągu Moda Basic,Moda damska,Tessera,112.55,40.75,2024-09-03,true,false
1011,Przedmiot Moda Classic,Moda damska,Bellure,299.44,190.78,2026-03-14,true,false
1016,Nazwa Moda Premium,Moda damska,Domora,363.64,182.23,2024-12-01,true,false
1022,Ukraiński Moda Pro,Moda damska,GripPro,173.11,86.86,2024-10-06,true,false
1023,Analiza Moda Eco,Moda damska,Aurea,172.05,115.84,2025-11-30,true,false
1026,Handlowy Moda Basic,Moda damska,Nordly,328.62,229.28,2026-02-01,true,false
1028,Praktyka Moda Basic,Moda damska,Aurea,328.08,189.97,2025-09-05,true,false
1037,Warzywo Moda Classic,Moda damska,Domora,365.82,166.06,2024-10-25,true,false
1038,Dodawać Moda Classic,Moda damska,Kidzo,289.62,159.92,2025-05-12,true,false
1043,Suchy Moda Classic,Moda damska,UrbanLine,117.74,52.18,2025-12-28,true,false
1048,Dawny Moda Pro,Moda damska,Primo Style,53.03,30.99,2025-12-30,true,false
1052,Lęk Moda Basic,Moda damska,Bellure,398.60,222.73,2025-04-09,true,false
1057,Południowy Moda Premium,Moda damska,Vantex,122.53,78.84,2024-10-10,true,false
1062,Bez Moda Basic,Moda damska,Kidzo,121.40,62.59,2025-11-02,true,false
1063,Lot Moda Premium,Moda damska,Vantex,373.15,199.84,2025-09-24,true,false
1067,Kobiecy Moda Premium,Moda damska,Domora,202.72,128.38,2025-05-17,true,false
1070,Zazwyczaj Moda Classic,Moda damska,Vantex,138.10,86.37,2024-11-05,true,false
1071,Wkrótce Moda Premium,Moda damska,Tessera,267.94,124.75,2025-12-08,true,false
1072,Wujek Moda Pro,Moda damska,Ecolen,7510.42,116.88,2025-12-27,true,false
1092,Wiele Moda Basic,Moda damska,Klarra,281.64,143.46,2024-10-02,true,false
1096,Sport Moda Basic,Moda damska,Aurea,328.37,177.15,2024-11-04,true,false
1098,Aby Moda Eco,Moda damska,Kidzo,137.51,75.80,2025-08-28,true,false
1083,Razem Moda Classic,Moda damska,Vesto,0.00,81.05,2025-07-11,true,true
1104,Papieros Moda Pro,Moda damska,Ecolen,359.23,201.02,2025-05-27,true,false
1105,Użytkownik Moda Classic,Moda damska,GripPro,109.26,73.12,2025-08-16,true,false
1115,Bycie Moda Classic,Moda damska,Klarra,372.76,206.78,2024-11-04,true,false
1117,Gaz Moda Classic,Moda damska,Nordly,171.26,95.59,2026-04-10,true,false
1120,Świeży Moda Premium,Moda damska,UrbanLine,128.88,64.78,2025-02-14,true,false
1125,Śmiać się Moda Eco,Moda damska,Lumia,143.93,72.55,2026-06-27,true,false
1144,Miejski Moda Classic,Moda damska,Domora,385.14,179.35,2025-12-23,true,false
1145,Może Moda Basic,Moda damska,Vesto,374.95,224.46,2025-12-21,true,false
1146,Przygotowywać Moda Basic,Moda damska,Lumia,153.32,68.63,2026-04-08,true,false
1150,Książę Moda Classic,Moda damska,Nordly,395.44,246.24,2025-03-18,false,false
1156,Rozwój Moda Basic,Moda damska,Tessera,199.82,114.07,2025-09-19,true,false
1165,Korzystać Moda Classic,Moda damska,UrbanLine,193.78,109.69,2025-03-07,true,false
1166,Prywatny Moda Basic,Moda damska,Domora,216.42,144.98,2025-03-06,true,false
1167,Październik Moda Pro,Moda damska,Kidzo,253.59,118.01,2024-11-21,true,false
1168,Korzystać Moda Pro,Moda damska,Bellure,235.81,125.76,2026-05-26,true,false
1169,Zjawisko Moda Eco,Moda damska,GripPro,162.82,99.26,2026-06-29,true,false
1170,Kapelusz Moda Pro,Moda damska,MaxFit,334.55,213.31,2025-10-18,true,false
1172,Wtedy Moda Basic,Moda damska,Domora,42.89,26.17,2026-04-02,true,false
1178,Sześćdziesiąt Moda Pro,Moda damska,Bellure,333.75,197.17,2026-08-06,true,false
1179,Spokój Moda Basic,Moda damska,Domora,132.48,72.25,2025-04-19,false,false
1185,Godny Moda Eco,Moda damska,Lumia,329.06,156.15,2024-11-01,true,false
1206,Grunt Moda Eco,Moda damska,Tessera,368.91,196.29,2025-11-22,true,false
1209,Religia Moda Premium,Moda damska,Kidzo,302.34,159.97,2026-04-11,true,false
1214,Zupa Moda Eco,Moda damska,MaxFit,53.14,22.66,2025-02-15,true,false
1217,Obóz Moda Classic,Moda damska,Domora,5962.80,244.71,2025-02-04,true,false
1220,Cel Moda Premium,Moda damska,Nortex,376.87,235.97,2024-12-01,true,false
1222,Sąsiad Moda Classic,Moda damska,Ecolen,189.19,90.43,2024-12-09,true,false
1227,Kształt Moda Premium,Moda damska,MaxFit,389.89,204.24,2026-05-21,false,false
1233,Piątek Moda Eco,Moda damska,MaxFit,389.57,166.98,2025-12-08,true,false
1236,Okazja Moda Pro,Moda damska,Vantex,338.65,187.92,2026-03-15,true,false
1243,Zabawa Moda Basic,Moda damska,Vantex,312.66,168.20,2025-02-21,true,false
1255,Większość Moda Classic,Moda damska,Kidzo,207.37,94.98,2025-06-04,true,false
1258,Krótki Moda Basic,Moda damska,Vantex,319.63,187.94,2024-09-16,true,false
1269,Przeciwko Moda Pro,Moda damska,Ecolen,211.27,113.11,2025-07-25,true,false
1280,Bieda Moda Classic,Moda damska,Nortex,283.67,159.05,2026-07-10,true,false
1288,My Moda Pro,Moda damska,MaxFit,233.51,116.04,2026-04-07,true,false
1289,Region Moda Eco,Moda damska,Klarra,383.75,227.41,2024-11-22,true,false
1292,Składnik Moda Classic,Moda damska,Domora,152.37,77.46,2024-11-13,true,false
1295,Liczba atomowa Moda Eco,Moda damska,Domora,248.78,127.04,2025-03-01,true,false
1303,Godność Moda Pro,Moda damska,Tessera,84.20,61.37,2025-10-02,true,false
1328,Pomoc Moda Pro,Moda damska,Ecolen,114.18,59.93,2024-10-03,true,false
1329,Spać Moda Pro,Moda damska,Bellure,237.85,147.40,2025-10-04,true,false
1335,Współczesny Moda Classic,Moda damska,Vantex,310.85,197.13,2024-10-01,true,false
1339,Określać Moda Classic,Moda damska,Ecolen,388.54,228.92,2024-10-22,true,false
1342,Przedsiębiorstwo Moda Eco,Moda damska,UrbanLine,330.48,192.70,2026-07-25,true,false
1343,Sok Moda Eco,Moda damska,UrbanLine,46.94,23.88,2024-11-14,true,false
1348,Ojczyzna Moda Classic,Moda damska,Kidzo,326.92,207.46,2025-10-14,true,false
1361,Piątek Moda Premium,Moda damska,Vantex,355.09,208.89,2024-10-22,true,false
1366,Dlaczego Moda Pro,Moda damska,Lumia,395.22,220.68,2025-12-28,true,false
1377,Ptak Moda Classic,Moda damska,UrbanLine,353.75,182.28,2025-05-25,true,false
1379,Chrześcijaństwo Moda Classic,Moda damska,Nortex,104.12,52.91,2026-01-28,true,false
1380,Składać Moda Premium,Moda damska,Ecolen,190.20,118.96,2025-10-10,true,false
1381,Model Moda Eco,Moda damska,Klarra,338.74,194.36,2024-10-01,true,false
1382,Kolejowy Moda Premium,Moda damska,Primo Style,288.14,164.16,2024-11-01,true,false
1383,Ziemski Moda Basic,Moda damska,Domora,188.69,74.59,2025-09-30,true,false
1391,Nazywać Moda Premium,Moda damska,Bellure,114.64,72.72,2025-10-11,true,false
1396,Uderzenie Moda Pro,Moda damska,Tessera,142.75,63.78,2024-09-15,true,false
1403,Ciemność Moda Pro,Moda damska,Ecolen,359.64,229.35,2025-06-01,true,false
1421,Wolno Moda Eco,Moda damska,Bellure,390.56,230.11,2025-03-12,true,false
1422,Niezwykły Moda Premium,Moda damska,Lumia,320.48,180.47,2026-02-25,true,false
1427,Urodziny Moda Pro,Moda damska,Kidzo,307.28,158.22,2025-02-28,false,false
1435,Dzisiaj Moda Classic,Moda damska,Vesto,347.60,177.43,2025-12-29,true,false
1448,Brudny Moda Premium,Moda damska,Klarra,204.92,138.62,2026-04-16,true,false
1459,Wewnętrzny Moda Eco,Moda damska,Primo Style,197.64,108.91,2025-09-01,true,false
1463,Zostać Moda Classic,Moda damska,Klarra,321.62,188.38,2025-11-15,true,false
1464,Źle Moda Pro,Moda damska,Vesto,189.83,97.96,2025-07-03,true,false
1470,Wspomnienie Moda Pro,Moda damska,UrbanLine,82.33,49.20,2024-10-11,true,false
1471,Mistrz Moda Basic,Moda damska,Vantex,299.65,162.29,2024-11-07,true,false
1478,Jakby Moda Basic,Moda damska,Domora,42.57,23.50,2026-02-03,true,false
1481,Umowa Moda Eco,Moda damska,Vesto,232.82,132.75,2025-04-19,true,false
1490,Kupować Moda Premium,Moda damska,Domora,98.14,46.71,2026-03-06,true,false
1492,Wysoki Moda Basic,Moda damska,Vesto,366.39,209.71,2024-12-09,true,false
1494,Herbata Moda Premium,Moda damska,Aurea,127.91,71.11,2026-04-22,true,false
1498,Zobaczyć Moda Pro,Moda damska,Vantex,174.74,85.21,2025-05-04,true,false
1500,Sowa Moda Pro,Moda damska,Bellure,150.71,73.73,2025-09-13,true,false
1505,Gorączka Moda Classic,Moda damska,Aurea,165.84,97.68,2024-11-09,true,false
1506,Otworzyć Moda Pro,Moda damska,Tessera,313.87,169.68,2024-11-07,true,false
1509,Typ Moda Premium,Moda damska,Kidzo,91.57,52.15,2026-03-13,true,false
1513,Pszczoła Moda Classic,Moda damska,Vantex,176.56,93.67,2025-01-14,true,false
1514,Za Moda Classic,Moda damska,Bellure,146.96,77.36,2025-11-16,true,false
1521,Różny Moda Basic,Moda damska,Aurea,91.98,47.14,2026-06-29,true,false
1525,Olej Moda Basic,Moda damska,Ecolen,305.96,189.77,2025-10-10,true,false
1526,Mocz Moda Pro,Moda damska,Tessera,231.44,129.27,2024-12-27,true,false
1527,Silny Moda Classic,Moda damska,Nordly,98.84,52.66,2025-05-09,true,false
1529,Zmęczony Moda Classic,Moda damska,Tessera,381.74,226.47,2026-05-08,false,false
1531,Partia Moda Basic,Moda damska,Ecolen,206.41,124.27,2026-06-19,true,false
1533,Samiec Moda Premium,Moda damska,Ecolen,385.16,196.31,2025-04-13,true,false
1540,Minuta Moda Classic,Moda damska,MaxFit,201.13,102.61,2026-02-17,true,false
1546,Zysk Moda Pro,Moda damska,Ecolen,228.02,84.10,2025-12-17,true,false
1553,Zjawisko Moda Premium,Moda damska,Vesto,161.99,82.62,2026-05-30,true,false
1559,Bogactwo Moda Basic,Moda damska,UrbanLine,98.58,56.39,2025-11-30,true,false
1560,Pijany Moda Eco,Moda damska,MaxFit,109.74,74.48,2024-12-07,true,false
1567,Smak Moda Classic,Moda damska,Domora,98.85,64.46,2026-07-27,true,false
1575,Górski Moda Basic,Moda damska,GripPro,239.94,141.22,2026-06-16,true,false
1577,Moment Moda Premium,Moda damska,Primo Style,304.37,166.77,2025-04-14,true,false
1593,Postać Moda Eco,Moda damska,GripPro,311.80,150.46,2026-06-28,true,false
1606,Wrażenie Moda Classic,Moda damska,Domora,209.70,106.88,2025-01-07,true,false
1633,Uderzyć Moda Pro,Moda damska,UrbanLine,219.70,124.78,2025-10-16,true,false
1634,Wspomnienie Moda Eco,Moda damska,GripPro,326.21,190.45,2026-04-24,true,false
1635,! Moda Classic,Moda damska,Aurea,203.48,78.34,2026-07-29,true,false
1640,Niebieski Moda Pro,Moda damska,MaxFit,388.86,248.24,2025-09-09,true,false
1646,Albo Moda Basic,Moda damska,GripPro,204.73,111.72,2025-12-15,true,false
1651,Letni Moda Classic,Moda damska,Tessera,321.06,172.99,2025-09-15,true,false
1653,Administracyjny Moda Classic,Moda damska,Nortex,358.47,189.48,2025-11-30,true,false
1658,Zeszły Moda Pro,Moda damska,Lumia,58.79,25.87,2025-10-28,true,false
1659,Ciężar Moda Premium,Moda damska,UrbanLine,68.73,36.81,2025-09-01,true,false
1662,Przeciw Moda Premium,Moda damska,Tessera,366.45,212.58,2024-09-14,true,false
1679,Promień Moda Basic,Moda damska,Klarra,72.28,28.31,2026-05-02,true,false
1681,Artykuł Moda Premium,Moda damska,Tessera,383.93,191.00,2026-05-12,true,false
1686,Polska Moda Pro,Moda damska,Ecolen,215.77,100.23,2025-03-16,true,false
1690,Zrobić Moda Basic,Moda damska,Primo Style,282.67,185.73,2024-10-27,true,false
1692,Środowisko Moda Basic,Moda damska,GripPro,49.93,29.85,2026-04-07,true,false
1694,Stworzyć Moda Classic,Moda damska,Tessera,65.16,34.28,2024-12-11,true,false
1700,Tłuszcz Moda Basic,Moda damska,Klarra,318.98,155.50,2026-04-28,true,false
1706,Dzielnica Moda Classic,Moda damska,Aurea,288.45,122.54,2026-08-03,true,false
1707,Ustawa Moda Eco,Moda damska,UrbanLine,120.06,75.14,2026-06-25,true,false
1708,Czterdzieści Moda Pro,Moda damska,Tessera,95.29,63.11,2026-02-27,true,false
1715,Twarz Moda Classic,Moda damska,Ecolen,86.98,44.17,2026-02-16,true,false
1718,Zawodnik Moda Eco,Moda damska,Ecolen,271.71,157.92,2025-07-25,false,false
1748,Tablica Moda Premium,Moda damska,Kidzo,75.68,33.26,2026-06-01,true,false
1752,Szpital Moda Pro,Moda damska,Tessera,105.33,60.40,2024-10-09,false,false
1753,Nazwisko Moda Basic,Moda damska,Lumia,250.61,139.51,2026-03-15,true,false
1759,Ona Moda Basic,Moda damska,Tessera,385.58,181.13,2024-11-25,true,false
1775,Społeczeństwo Moda Classic,Moda damska,Nordly,361.49,206.24,2026-06-22,true,false
1781,Oddech Moda Basic,Moda damska,Klarra,109.99,70.86,2025-09-11,true,false
1782,Jasny Moda Pro,Moda damska,Lumia,282.76,130.55,2025-12-11,true,false
1784,Zawartość Moda Eco,Moda damska,Bellure,338.66,183.64,2026-08-06,true,false
1787,Tyle Moda Eco,Moda damska,UrbanLine,126.70,68.07,2026-02-09,true,false
1791,W formie Moda Classic,Moda damska,MaxFit,377.67,211.21,2026-01-12,true,false
1796,Kolano Moda Basic,Moda damska,Vesto,335.28,150.93,2025-01-24,true,false
1799,Hotel Moda Premium,Moda damska,MaxFit,136.07,68.30,2025-12-04,true,false
1800,Rząd Moda Eco,Moda damska,GripPro,386.56,189.79,2026-06-28,true,false
1824,Paliwo Moda Basic,Moda damska,MaxFit,331.73,172.90,2025-11-22,true,false
1832,Obraz Moda Premium,Moda damska,Primo Style,216.25,113.02,2024-12-09,true,false
1838,Wprowadzać Moda Pro,Moda damska,Kidzo,185.28,110.82,2026-06-02,true,false
1848,Okres Moda Pro,Moda damska,Ecolen,187.01,93.12,2025-01-12,true,false
1849,Niebo Moda Basic,Moda damska,Kidzo,46.07,21.24,2024-09-21,true,false
1851,Pomarańcza Moda Eco,Moda damska,Ecolen,91.78,53.26,2025-11-06,true,false
1860,Anioł Moda Classic,Moda damska,Domora,271.25,126.83,2024-09-06,true,false
1861,Osioł Moda Pro,Moda damska,Kidzo,384.73,212.61,2026-06-15,true,false
1863,Stać Moda Eco,Moda damska,Aurea,43.78,17.85,2025-08-22,true,false
1874,Wolno Moda Pro,Moda damska,Kidzo,298.20,156.28,2024-11-26,true,false
1892,Filozofia Moda Basic,Moda damska,Ecolen,312.43,154.10,2024-12-07,true,false
1894,Ani Moda Pro,Moda damska,Nortex,160.94,84.73,2025-10-27,true,false
1899,Udać się Moda Premium,Moda damska,Lumia,390.54,233.39,2025-10-05,true,false
1901,Czerwiec Moda Classic,Moda damska,Domora,276.20,144.59,2024-11-18,true,false
1911,Jedyny Moda Classic,Moda damska,Bellure,264.03,147.25,2025-10-16,true,false
1912,Brak Moda Basic,Moda damska,Lumia,57.12,33.88,2024-10-31,true,false
1913,Pięć Moda Pro,Moda damska,Kidzo,106.44,53.50,2026-04-07,true,false
1917,Sklep Moda Pro,Moda damska,Ecolen,59.13,30.31,2026-04-01,true,false
1922,Praktyka Moda Classic,Moda damska,Ecolen,87.83,52.08,2024-11-01,true,false
1924,Czasownik Moda Eco,Moda damska,MaxFit,288.09,170.73,2024-11-12,true,false
1928,Fakt Moda Premium,Moda damska,MaxFit,132.08,75.00,2025-04-20,true,false
1930,Chłop Moda Basic,Moda damska,Primo Style,183.35,92.40,2025-04-08,true,false
1933,Tutaj Moda Pro,Moda damska,Tessera,326.44,158.94,2025-05-31,true,false
1936,Staw Moda Eco,Moda damska,Ecolen,238.48,100.10,2024-12-21,true,false
1937,Biedny Moda Premium,Moda damska,MaxFit,175.33,101.60,2025-11-12,true,false
1938,Dania Moda Eco,Moda damska,Ecolen,351.06,217.70,2026-05-17,true,false
1941,Ryzyko Moda Classic,Moda damska,Domora,99.04,59.00,2024-11-22,true,false
1943,Dziecko Moda Basic,Moda damska,GripPro,160.49,87.70,2025-10-22,true,false
1947,Artykuł Moda Premium,Moda damska,Vesto,342.31,197.60,2024-11-06,true,false
1948,Te Moda Premium,Moda damska,Tessera,148.10,81.46,2025-11-18,true,false
1951,Włosy Moda Classic,Moda damska,Domora,342.72,200.23,2025-10-14,true,false
1955,Podróż Moda Premium,Moda damska,Vesto,90.40,53.03,2025-03-27,true,false
1963,Pójść Moda Premium,Moda damska,GripPro,138.91,77.81,2025-10-23,true,false
1967,Bar Moda Eco,Moda damska,Bellure,381.27,186.28,2024-10-29,true,false
1969,Źle Moda Eco,Moda damska,GripPro,232.71,101.43,2026-01-02,true,false
1971,Zdarzenie Moda Pro,Moda damska,Lumia,204.86,98.60,2025-11-24,true,false
1976,Nasienie Moda Classic,Moda damska,Bellure,370.48,204.33,2026-07-20,true,false
1980,Oznaczać Moda Pro,Moda damska,Kidzo,167.44,72.45,2024-12-16,true,false
1981,Pojazd Moda Premium,Moda damska,Ecolen,7095.62,128.76,2025-04-15,true,false
1983,Poznać Moda Pro,Moda damska,Klarra,114.37,64.76,2025-09-30,true,false
1987,Węgry Moda Premium,Moda damska,GripPro,70.73,46.37,2025-12-11,false,false
506,Korona Moda Eco,Moda damska,Tessera,70.55,34.41,2026-06-23,true,false
1140,Niechęć Moda Eco,Moda damska,Lumia,282.86,146.74,2025-10-22,true,false
888,Złożony Dom Premium,Dom i wnętrza,Nortex,459.85,216.88,2024-12-14,true,false
890,Pojedynczy Dom Classic,Dom i wnętrza,Vantex,205.98,88.19,2024-10-19,true,false
1866,Za Moda Eco,Moda damska,Vesto,272.37,180.09,2024-12-31,true,false
892,Rzucać Dom Basic,Dom i wnętrza,MaxFit,733.71,403.30,2026-04-11,true,false
592,Proces Moda Basic,Moda męska,Vesto,270.24,132.82,2024-10-10,true,false
4,Kontynent Moda Pro,Moda męska,GripPro,148.53,76.23,2025-09-11,true,false
30,Październik Moda Pro,Moda męska,Aurea,365.72,227.83,2025-02-05,true,false
31,Kula Moda Premium,Moda męska,Klarra,186.74,92.39,2024-10-02,true,false
1472,Komórka Moda Premium,Moda męska,GripPro,223.46,134.48,2025-04-17,true,false
1476,Być Moda Premium,Moda męska,Ecolen,161.85,83.88,2025-07-29,false,false
1480,Obcy Moda Pro,Moda męska,Vesto,310.64,177.30,2025-02-13,true,false
1484,Padać Moda Basic,Moda męska,UrbanLine,39.22,24.40,2025-03-21,true,false
1488,Szacunek Moda Premium,Moda męska,Vantex,77.45,47.56,2026-07-28,true,false
1496,Ważny Moda Classic,Moda męska,Bellure,366.31,203.23,2026-03-18,true,false
1497,Nieść Moda Classic,Moda męska,Vesto,358.75,181.26,2025-03-16,false,false
1508,Oddech Moda Classic,Moda męska,Lumia,264.96,135.24,2024-12-08,false,false
1520,Strata Moda Premium,Moda męska,Bellure,178.25,90.83,2024-10-07,true,false
1522,Polityka Moda Premium,Moda męska,GripPro,41.18,21.89,2025-08-31,true,false
1523,Tłumaczyć Moda Basic,Moda męska,Klarra,83.37,48.61,2024-12-14,true,false
1550,Pani Moda Premium,Moda męska,Lumia,237.24,110.76,2024-11-01,true,false
1551,Uzyskać Moda Basic,Moda męska,Kidzo,301.12,197.63,2026-02-17,false,false
306,Dwa Dom Eco,Dom i wnętrza,Primo Style,243.21,139.69,2025-08-21,true,false
310,Badać Dom Classic,Dom i wnętrza,Domora,303.89,150.23,2026-04-07,false,false
312,Ten Dom Classic,Dom i wnętrza,Primo Style,92.26,49.37,2025-12-17,true,false
317,Czynność Dom Pro,Dom i wnętrza,Tessera,785.47,431.96,2026-03-28,true,false
515,Staw Moda Eco,Moda męska,Ecolen,163.60,90.56,2026-03-10,true,false
517,Minerał Moda Basic,Moda męska,Bellure,371.19,268.20,2026-02-09,true,false
526,Miód Moda Basic,Moda męska,Ecolen,59.80,32.63,2025-12-03,true,false
433,Wejście Dom Classic,Dom i wnętrza,Nortex,61.33,31.26,2026-05-01,true,false
434,Świat Dom Pro,Dom i wnętrza,Domora,422.44,224.60,2025-09-14,true,false
440,Piasek Dom Basic,Dom i wnętrza,MaxFit,784.42,502.22,2025-10-15,true,false
1089,Pozostać Moda Pro,Moda męska,Tessera,99.30,42.78,2026-03-07,true,false
827,Wiara Dom Pro,Dom i wnętrza,Kidzo,670.53,385.73,2025-05-27,true,false
906,Czyn Dom Eco,Dom i wnętrza,Vesto,93.57,35.52,2025-10-18,true,false
909,Działać Dom Premium,Dom i wnętrza,Vantex,256.90,99.88,2025-12-17,true,false
924,Ciężki Dom Eco,Dom i wnętrza,Primo Style,181.67,91.34,2026-03-26,true,false
928,Niemiec Dom Classic,Dom i wnętrza,Kidzo,243.91,135.78,2025-11-07,true,false
939,Piasek Dom Basic,Dom i wnętrza,Vantex,84.00,34.19,2026-07-19,true,false
943,Smak Dom Pro,Dom i wnętrza,Klarra,204.46,77.22,2025-03-20,true,false
944,Wieża Dom Basic,Dom i wnętrza,Lumia,599.00,294.13,2026-07-22,true,false
946,Tablica Dom Pro,Dom i wnętrza,Klarra,548.56,281.41,2025-11-07,true,false
957,Zanim Dom Pro,Dom i wnętrza,Vantex,251.11,155.04,2024-09-12,true,false
960,Jedzenie Dom Classic,Dom i wnętrza,Vesto,199.16,86.01,2026-05-11,true,false
961,Wieczór Dom Premium,Dom i wnętrza,Domora,670.64,302.52,2025-02-18,true,false
964,Polska Dom Pro,Dom i wnętrza,Vesto,856.60,488.09,2026-04-12,true,false
966,Palić Dom Eco,Dom i wnętrza,Lumia,674.28,346.90,2026-01-25,true,false
972,Wiatr Dom Classic,Dom i wnętrza,Kidzo,411.78,176.57,2025-11-15,true,false
973,Koncert Dom Basic,Dom i wnętrza,Ecolen,843.31,393.38,2024-09-16,true,false
975,Łaciński Dom Pro,Dom i wnętrza,Nordly,74.10,41.16,2024-11-13,true,false
981,Wąski Dom Eco,Dom i wnętrza,Kidzo,295.77,149.95,2025-09-11,true,false
990,Radiowy Dom Premium,Dom i wnętrza,Nordly,165.16,100.97,2025-12-17,true,false
991,Polityka Dom Basic,Dom i wnętrza,GripPro,181.67,77.65,2024-11-14,true,false
999,Lato Dom Eco,Dom i wnętrza,Lumia,216.89,110.15,2025-10-16,true,false
1003,Powód Dom Pro,Dom i wnętrza,Bellure,785.84,423.11,2024-11-16,true,false
1010,Duński Dom Basic,Dom i wnętrza,GripPro,246.36,139.71,2024-09-29,true,false
1020,Sądzić Dom Pro,Dom i wnętrza,MaxFit,403.85,183.17,2026-08-06,true,false
14,Kula Dom Eco,Dom i wnętrza,Kidzo,872.42,509.10,2026-02-12,true,false
1040,Zdrowy Dom Classic,Dom i wnętrza,Nortex,630.12,341.38,2025-02-02,true,false
1102,Miasto Moda Eco,Moda damska,Primo Style,318.74,211.92,2026-04-04,true,false
1044,Grób Dom Pro,Dom i wnętrza,Klarra,737.26,400.52,2026-02-10,true,false
1045,Dokument Dom Eco,Dom i wnętrza,Primo Style,689.98,299.13,2025-06-12,true,false
1047,Religijny Dom Eco,Dom i wnętrza,Ecolen,54.43,25.95,2025-10-14,true,false
1061,Wybrać Dom Pro,Dom i wnętrza,Aurea,686.38,428.17,2025-05-31,true,false
1065,Dziać się Dom Classic,Dom i wnętrza,Lumia,882.50,510.34,2025-12-29,true,false
1073,Okno Dom Classic,Dom i wnętrza,Domora,756.86,406.14,2025-12-04,true,false
1074,Pochodzić Dom Classic,Dom i wnętrza,Lumia,757.55,449.35,2026-03-29,true,false
1077,Dziewczynka Dom Pro,Dom i wnętrza,Bellure,267.11,136.38,2025-11-06,true,false
1080,Wiedzieć Dom Basic,Dom i wnętrza,Bellure,794.97,389.19,2026-05-23,true,false
1088,Światło Dom Basic,Dom i wnętrza,Kidzo,259.72,117.05,2024-11-25,true,false
1091,Ryż Dom Basic,Dom i wnętrza,GripPro,228.21,108.01,2025-04-17,true,false
1097,Zupełnie Dom Premium,Dom i wnętrza,Primo Style,532.53,222.81,2025-11-16,true,false
1111,Fałszywy Dom Eco,Dom i wnętrza,MaxFit,225.87,79.78,2025-12-25,true,false
1183,Danie Moda Eco,Moda męska,MaxFit,168.32,97.64,2025-08-11,true,false
1184,Seksualny Moda Basic,Moda męska,MaxFit,165.29,95.92,2025-04-23,true,false
1337,Król Dom Premium,Dom i wnętrza,Ecolen,749.24,337.55,2026-06-05,true,false
1338,Do Dom Pro,Dom i wnętrza,Klarra,133.68,75.25,2026-05-07,true,false
1358,Pijany Dom Eco,Dom i wnętrza,Bellure,359.55,116.89,2026-04-29,true,false
1756,Broń Dom Basic,Dom i wnętrza,Nortex,673.23,402.53,2025-12-11,true,false
1757,Grób Dom Pro,Dom i wnętrza,Ecolen,204.94,90.00,2024-11-22,true,false
1758,Błąd Dom Classic,Dom i wnętrza,Vantex,616.00,293.21,2026-04-18,true,false
1762,Natura Dom Classic,Dom i wnętrza,Klarra,74.13,42.15,2026-02-13,true,false
1766,Minister Dom Premium,Dom i wnętrza,Ecolen,230.72,102.15,2025-08-30,true,false
1768,Finansowy Dom Premium,Dom i wnętrza,MaxFit,462.54,219.18,2026-06-21,false,false
1267,Kuchnia Elektronika Pro,Elektronika,Vantex,369.89,268.21,2024-10-26,true,false
2,Miesiąc Uroda Classic,Uroda,UrbanLine,25.11,11.86,2026-05-03,true,false
762,Dania Uroda Classic,Uroda,Klarra,122.99,63.09,2024-12-15,true,false
16,Straszny Uroda Premium,Uroda,Aurea,30.40,15.56,2024-12-17,true,false
40,Odwaga Uroda Eco,Uroda,Klarra,179.07,76.96,2025-03-03,true,false
44,Trawa Uroda Pro,Uroda,Nortex,121.06,46.07,2025-09-07,true,false
1779,Wokół Dom Classic,Dom i wnętrza,Klarra,106.30,63.26,2024-11-05,true,false
1783,Postawić Dom Eco,Dom i wnętrza,Lumia,574.51,326.37,2025-10-20,false,false
1788,Powodować Dom Premium,Dom i wnętrza,Ecolen,820.51,418.19,2025-05-12,true,false
1790,Trzymać Dom Classic,Dom i wnętrza,Vesto,691.10,252.02,2026-06-11,true,false
1794,Reguła Dom Classic,Dom i wnętrza,Aurea,249.75,137.48,2025-12-19,true,false
1802,Przepis Dom Basic,Dom i wnętrza,Vantex,867.84,453.33,2024-12-17,true,false
1810,Temperatura Dom Basic,Dom i wnętrza,Domora,644.30,321.62,2026-01-30,true,false
1813,Stać Dom Pro,Dom i wnętrza,Aurea,895.70,532.20,2025-06-25,true,false
1816,Lato Dom Pro,Dom i wnętrza,Ecolen,389.79,154.59,2024-11-11,true,false
1826,Zdolność Dom Eco,Dom i wnętrza,Bellure,388.26,158.37,2025-02-01,true,false
1829,Większy Dom Premium,Dom i wnętrza,MaxFit,338.54,169.10,2025-08-25,false,false
1835,Ziemski Dom Basic,Dom i wnętrza,Vesto,576.97,245.07,2025-05-11,true,false
47,Zielony Uroda Pro,Uroda,Nordly,186.50,93.94,2026-02-27,true,false
219,Wątpliwość Moda Eco,Moda męska,Aurea,245.81,133.13,2026-03-03,true,false
228,Smak Moda Basic,Moda męska,Nordly,264.97,151.06,2025-04-28,true,false
229,Turecki Moda Premium,Moda męska,Aurea,89.14,52.21,2025-09-29,true,false
230,Tradycja Moda Basic,Moda męska,Lumia,360.80,229.94,2026-03-26,true,false
232,Dzielić Moda Premium,Moda męska,Ecolen,51.07,25.17,2025-10-23,true,false
236,Treść Moda Eco,Moda męska,Nordly,121.53,63.06,2025-12-20,true,false
238,Pół Moda Classic,Moda męska,Ecolen,129.65,80.46,2025-04-16,true,false
244,Z Moda Eco,Moda męska,Vesto,293.61,173.62,2024-11-03,true,false
249,Dziewczyna Moda Basic,Moda męska,Vesto,328.03,199.99,2026-06-09,true,false
256,Typ Moda Premium,Moda męska,Primo Style,92.52,54.23,2025-06-25,true,false
261,Tłumaczyć Moda Eco,Moda męska,Vantex,242.34,156.84,2025-06-10,true,false
268,Podłoga Moda Eco,Moda męska,Vantex,46.10,23.00,2024-11-23,true,false
277,Wiatr Moda Basic,Moda męska,Tessera,237.74,101.58,2026-07-23,true,false
282,Telefon Moda Pro,Moda męska,Domora,89.17,53.24,2026-04-02,true,false
283,Spadać Moda Pro,Moda męska,UrbanLine,393.38,180.88,2025-02-18,true,false
309,Jasny Moda Pro,Moda męska,Klarra,371.78,233.86,2026-04-02,true,false
313,Nie- Moda Eco,Moda męska,Nortex,161.35,85.79,2025-03-08,true,false
322,Cześć Moda Classic,Moda męska,Vantex,124.96,53.35,2024-11-30,true,false
327,Papież Moda Premium,Moda męska,Nortex,322.08,173.41,2026-05-09,true,false
331,"1000 Moda Basic",Moda męska,Nordly,118.38,69.71,2025-04-20,true,false
345,Rząd Moda Eco,Moda męska,Kidzo,283.09,123.21,2026-05-25,true,false
354,Stary Moda Pro,Moda męska,Vantex,261.09,143.66,2026-08-06,true,false
362,Wewnątrz Moda Premium,Moda męska,Vesto,55.47,34.26,2026-05-15,true,false
368,Powodować Moda Pro,Moda męska,Bellure,288.73,155.21,2024-12-10,true,false
370,Rzym Moda Classic,Moda męska,UrbanLine,381.31,244.70,2024-11-28,true,false
376,Głupi Moda Classic,Moda męska,Bellure,387.55,203.85,2024-12-12,true,false
380,Stracić Moda Eco,Moda męska,Nordly,81.23,47.47,2024-11-28,true,false
383,Medycyna Moda Pro,Moda męska,Aurea,135.84,68.68,2025-07-19,true,false
390,Rok Moda Eco,Moda męska,Klarra,240.47,131.88,2024-09-05,true,false
392,Góra Moda Premium,Moda męska,Vantex,50.95,28.16,2024-10-05,true,false
393,Jadalny Moda Classic,Moda męska,Kidzo,181.89,102.53,2025-12-17,true,false
397,Tekst Moda Premium,Moda męska,Nortex,57.71,39.06,2026-05-29,true,false
410,Aż Moda Basic,Moda męska,UrbanLine,163.54,99.94,2025-05-28,true,false
418,Analiza Moda Classic,Moda męska,Tessera,128.00,67.79,2026-05-23,true,false
423,Powszechny Moda Eco,Moda męska,Vesto,388.14,171.20,2024-10-16,true,false
424,Leczenie Moda Basic,Moda męska,Ecolen,100.11,53.15,2025-09-09,true,false
431,Następny Moda Pro,Moda męska,Aurea,230.22,124.51,2026-06-12,true,false
439,Wytwarzać Moda Eco,Moda męska,Klarra,288.35,157.97,2025-11-05,true,false
441,Kolega Moda Basic,Moda męska,Nordly,49.94,28.16,2025-12-07,true,false
442,Tył Moda Basic,Moda męska,Kidzo,116.64,67.82,2025-11-17,false,false
443,Zawodowy Moda Premium,Moda męska,Aurea,180.79,89.67,2025-11-18,true,false
444,Rozmawiać Moda Pro,Moda męska,Klarra,398.79,227.61,2024-10-01,false,false
456,Przyjechać Moda Classic,Moda męska,Domora,225.87,113.43,2025-08-19,true,false
469,Hiszpański Moda Basic,Moda męska,Ecolen,294.26,165.15,2025-02-21,true,false
471,Internetowy Moda Classic,Moda męska,UrbanLine,329.16,167.70,2025-11-02,true,false
477,Można Moda Eco,Moda męska,Lumia,335.14,227.01,2024-11-22,true,false
478,Dodawać Moda Premium,Moda męska,Primo Style,263.59,129.69,2025-07-02,true,false
508,Ziemia Moda Eco,Moda męska,Klarra,255.21,111.76,2025-09-01,true,false
527,Potrawa Moda Eco,Moda męska,Nortex,393.12,200.71,2024-11-14,true,false
536,Kij Moda Pro,Moda męska,Vantex,45.91,24.69,2025-02-11,true,false
539,Próba Moda Pro,Moda męska,Nordly,390.31,187.51,2025-10-28,true,false
551,Szybki Moda Premium,Moda męska,Kidzo,223.40,119.29,2024-11-27,true,false
557,Łąka Moda Basic,Moda męska,Bellure,134.42,79.64,2025-05-23,true,false
567,Wykonywanie Moda Pro,Moda męska,Nortex,358.29,163.44,2026-03-23,true,false
568,Związek Moda Premium,Moda męska,Tessera,349.09,214.31,2026-04-29,true,false
578,Język Moda Pro,Moda męska,Nordly,268.06,159.13,2026-02-05,true,false
580,Okres Moda Pro,Moda męska,Ecolen,300.53,164.88,2026-08-06,false,false
601,Bezpośrednio Moda Pro,Moda męska,Nortex,398.41,224.42,2025-06-16,true,false
608,Głupi Moda Pro,Moda męska,Bellure,132.35,74.37,2025-06-13,true,false
614,Wybuch Moda Basic,Moda męska,Lumia,309.50,146.44,2025-11-19,true,false
616,Sześćdziesiąt Moda Basic,Moda męska,Vantex,365.25,178.07,2025-02-26,true,false
618,Liczny Moda Eco,Moda męska,Klarra,62.53,41.26,2025-08-22,true,false
634,Morze śródziemne Moda Eco,Moda męska,Lumia,61.42,29.33,2025-09-22,true,false
636,Ryż Moda Premium,Moda męska,Primo Style,111.49,60.86,2025-02-28,true,false
640,Dodawać Moda Premium,Moda męska,Tessera,393.60,230.57,2026-02-23,true,false
647,Wynosić Moda Basic,Moda męska,Lumia,326.25,196.92,2025-09-23,true,false
650,Czterdzieści Moda Premium,Moda męska,Bellure,138.69,72.13,2026-08-06,true,false
654,"50 Moda Eco",Moda męska,Bellure,328.30,185.25,2025-09-05,true,false
666,Czysty Moda Pro,Moda męska,Nordly,201.13,104.84,2026-02-07,true,false
670,Oficjalny Moda Premium,Moda męska,Vesto,286.08,141.52,2024-10-13,true,false
673,Rachunek Moda Basic,Moda męska,Aurea,288.89,119.74,2024-12-25,true,false
674,Owoc Moda Premium,Moda męska,Ecolen,50.95,28.47,2025-03-06,true,false
697,Syn Moda Classic,Moda męska,Domora,225.28,95.36,2025-06-21,true,false
719,Pomidor Moda Basic,Moda męska,GripPro,257.85,158.45,2026-07-25,true,false
724,Przychodzić Moda Eco,Moda męska,Domora,309.42,163.53,2024-10-08,true,false
725,Szwajcaria Moda Pro,Moda męska,Vesto,67.86,39.75,2025-12-24,true,false
735,Norma Moda Classic,Moda męska,Tessera,281.27,136.12,2026-03-06,true,false
737,Wódka Moda Classic,Moda męska,Klarra,335.07,141.62,2025-10-24,false,false
742,Produkcja Moda Classic,Moda męska,Kidzo,271.50,141.15,2025-11-22,true,false
55,Rząd Uroda Classic,Uroda,Klarra,74.35,31.60,2025-12-29,true,false
747,Ponad Moda Eco,Moda męska,Lumia,220.96,119.95,2024-10-26,false,false
748,Dziki Moda Classic,Moda męska,Lumia,50.14,29.01,2025-05-08,true,false
756,Wzgórze Moda Basic,Moda męska,Vesto,197.56,112.12,2025-03-23,true,false
703,Sąd Uroda Eco,Uroda,Tessera,180.39,99.85,2025-09-18,true,false
1434,Naturalny Moda Basic,Moda damska,Aurea,147.89,75.26,2026-04-28,true,false
765,Wygląd Moda Premium,Moda męska,Tessera,366.40,208.34,2026-05-20,true,false
777,Kość Moda Eco,Moda męska,Tessera,200.39,142.94,2026-06-11,true,false
787,Słowacki Moda Pro,Moda męska,Tessera,343.53,170.50,2025-08-09,true,false
788,Pozostać Moda Classic,Moda męska,Klarra,66.95,37.82,2025-06-22,true,false
793,Ciasto Moda Classic,Moda męska,Primo Style,325.03,174.69,2024-10-09,true,false
794,Łatwy Moda Pro,Moda męska,Kidzo,184.03,102.28,2025-03-06,true,false
803,"5 Moda Classic",Moda męska,Lumia,335.11,189.86,2025-09-05,true,false
805,Mocny Moda Basic,Moda męska,Domora,136.71,57.65,2024-11-06,false,false
823,Historia Moda Premium,Moda męska,Bellure,334.98,174.94,2025-11-03,true,false
836,Deska Moda Eco,Moda męska,Vantex,317.64,179.51,2026-02-19,true,false
849,Robić Moda Basic,Moda męska,Nortex,331.00,151.97,2025-12-09,true,false
860,Rozmawiać Moda Basic,Moda męska,Aurea,384.83,221.65,2024-12-01,true,false
870,Metalowy Moda Pro,Moda męska,Aurea,42.25,27.86,2025-04-22,true,false
878,Istnienie Moda Eco,Moda męska,Kidzo,369.63,161.81,2026-07-25,true,false
881,Wreszcie Moda Eco,Moda męska,Ecolen,275.39,137.78,2026-06-23,true,false
894,Podział Moda Eco,Moda męska,Ecolen,93.57,56.31,2026-05-19,true,false
897,Przyjąć Moda Eco,Moda męska,UrbanLine,39.00,23.33,2024-10-14,true,false
904,Rola Moda Pro,Moda męska,Vesto,172.54,101.90,2026-05-20,true,false
915,Informacja Moda Pro,Moda męska,Nortex,137.67,70.55,2025-04-14,true,false
918,Wąż Moda Basic,Moda męska,Aurea,379.95,233.91,2025-08-31,true,false
930,Wytwarzać Moda Basic,Moda męska,Tessera,149.44,75.50,2025-04-15,true,false
937,Dziać się Moda Basic,Moda męska,Vantex,309.34,163.77,2025-02-04,true,false
940,Mieć Moda Classic,Moda męska,Bellure,79.79,44.32,2025-05-17,true,false
945,Pogoda Moda Pro,Moda męska,UrbanLine,256.31,139.47,2024-11-05,true,false
947,Panna Moda Eco,Moda męska,Klarra,272.46,172.55,2025-11-14,true,false
953,Futro Moda Classic,Moda męska,Klarra,182.65,95.53,2025-12-30,true,false
959,Silnik Moda Classic,Moda męska,Aurea,268.57,162.90,2024-11-04,true,false
965,Gdzieś Moda Classic,Moda męska,Domora,328.83,148.62,2025-11-27,true,false
970,Instytucja Moda Classic,Moda męska,Vantex,322.46,171.27,2025-07-26,true,false
971,Marka Moda Eco,Moda męska,Nortex,265.89,161.70,2025-06-26,true,false
974,Klucz Moda Eco,Moda męska,Vantex,147.38,62.76,2025-09-22,true,false
978,Kwiecień Moda Basic,Moda męska,GripPro,64.38,33.19,2024-12-12,false,false
979,Czy Moda Classic,Moda męska,Vesto,278.12,155.61,2025-12-28,true,false
980,Bułgarski Moda Premium,Moda męska,GripPro,1823.52,44.23,2025-03-09,false,false
988,"9 Moda Eco",Moda męska,Ecolen,282.70,155.77,2026-04-29,false,false
994,Alkohol Moda Eco,Moda męska,GripPro,69.08,46.43,2024-09-14,true,false
997,Przypominać Moda Premium,Moda męska,Bellure,225.92,101.84,2024-10-22,true,false
1000,Usta Moda Basic,Moda męska,Kidzo,188.68,109.65,2025-06-26,true,false
1001,Atmosfera Moda Pro,Moda męska,MaxFit,233.73,146.32,2024-12-09,true,false
1002,Muzyk Moda Basic,Moda męska,Klarra,219.04,136.65,2025-06-11,true,false
1019,Francuski Moda Eco,Moda męska,GripPro,272.39,146.12,2026-03-25,true,false
1033,Uderzać Moda Premium,Moda męska,GripPro,359.09,244.37,2024-11-04,true,false
1050,Postawić Moda Basic,Moda męska,Domora,336.15,178.01,2026-04-17,true,false
1055,Muzeum Moda Pro,Moda męska,Ecolen,187.03,118.77,2025-10-03,true,false
1081,Gotowy Moda Eco,Moda męska,GripPro,276.26,160.24,2026-05-26,true,false
1113,Lampa Moda Premium,Moda męska,Vesto,105.70,51.41,2024-12-26,true,false
1114,Dodatek Moda Classic,Moda męska,Nortex,336.26,168.11,2025-03-14,true,false
1116,Szybko Moda Pro,Moda męska,Tessera,173.84,101.03,2026-03-31,true,false
1118,Córka Moda Premium,Moda męska,Klarra,325.53,159.79,2024-12-02,true,false
1128,Telewizyjny Moda Basic,Moda męska,Nortex,253.89,118.06,2026-08-06,true,false
1136,Tytuł Moda Pro,Moda męska,UrbanLine,299.86,158.59,2024-11-07,true,false
1147,Brzuch Moda Pro,Moda męska,Vesto,379.98,217.80,2025-02-25,true,false
1155,Cmentarz Moda Pro,Moda męska,Domora,97.60,46.20,2026-07-05,true,false
1161,Odkryć Moda Classic,Moda męska,Vantex,277.87,119.62,2026-05-08,true,false
1173,Kłaść Moda Eco,Moda męska,Vantex,327.35,184.10,2025-07-07,true,false
1181,Słoń Moda Pro,Moda męska,Lumia,288.12,127.80,2025-11-21,false,false
1186,Zbudować Moda Premium,Moda męska,UrbanLine,207.01,104.63,2025-08-16,true,false
1189,Chrześcijaństwo Moda Premium,Moda męska,MaxFit,204.28,118.23,2024-11-15,true,false
1212,Myśl Moda Eco,Moda męska,Klarra,342.92,183.48,2025-08-06,true,false
1235,Zewnętrzny Moda Pro,Moda męska,Lumia,173.90,87.97,2025-06-28,true,false
1239,Motyl Moda Premium,Moda męska,Vantex,160.48,95.87,2024-10-03,true,false
1256,Jezus Moda Classic,Moda męska,UrbanLine,157.90,106.37,2025-10-02,true,false
1260,Przeprowadzać Moda Basic,Moda męska,Nortex,350.60,175.06,2024-11-26,true,false
1275,Zdanie Moda Basic,Moda męska,MaxFit,242.01,120.01,2024-11-24,true,false
1286,Brzydki Moda Eco,Moda męska,Kidzo,301.42,171.84,2026-02-04,true,false
1305,Zbyt Moda Eco,Moda męska,MaxFit,76.97,48.69,2025-01-23,true,false
1308,Temat Moda Premium,Moda męska,Vesto,149.80,82.19,2025-11-09,true,false
1313,Poczta Moda Classic,Moda męska,Klarra,46.54,24.38,2026-02-13,true,false
1314,Badać Moda Classic,Moda męska,Ecolen,291.76,157.29,2025-04-17,true,false
1315,Miara Moda Eco,Moda męska,Bellure,282.24,183.40,2025-07-23,true,false
1316,Słodki Moda Classic,Moda męska,Ecolen,187.42,95.48,2026-06-11,true,false
1318,Liczny Moda Pro,Moda męska,Primo Style,175.02,84.27,2024-10-13,true,false
1319,Książka Moda Basic,Moda męska,Domora,161.15,74.52,2025-11-22,true,false
1334,Miłość Moda Classic,Moda męska,Klarra,68.02,31.94,2026-06-14,true,false
1344,Pewny Moda Eco,Moda męska,Primo Style,197.35,120.21,2025-11-24,true,false
1345,Dom Moda Pro,Moda męska,GripPro,176.14,98.50,2026-05-07,true,false
1354,Fragment Moda Basic,Moda męska,Domora,120.64,71.03,2025-12-21,true,false
1365,Jezioro Moda Pro,Moda męska,Nordly,145.78,63.47,2025-04-18,true,false
1370,Olej Moda Eco,Moda męska,Klarra,188.56,127.07,2024-09-24,true,false
1372,Kolorowy Moda Premium,Moda męska,Primo Style,152.53,89.31,2025-05-15,true,false
1376,Kilka Moda Classic,Moda męska,Primo Style,396.31,181.57,2025-01-24,true,false
1385,Kwestia Moda Classic,Moda męska,Nortex,282.16,135.42,2024-11-04,true,false
1388,Jej Moda Basic,Moda męska,Vesto,189.62,88.78,2025-04-26,false,false
1438,Dokonywać Uroda Eco,Uroda,Primo Style,35.87,16.16,2025-03-11,true,false
1518,Łączyć Moda Eco,Moda damska,Vantex,48.13,29.17,2025-12-04,true,false
1394,Pojawić się Moda Eco,Moda męska,Domora,214.74,130.55,2024-11-23,true,false
1395,Całość Moda Basic,Moda męska,Vantex,133.08,90.05,2025-09-05,true,false
1409,Bez Moda Classic,Moda męska,Vesto,100.86,44.96,2025-03-07,true,false
1418,Oczekiwać Moda Classic,Moda męska,Kidzo,219.02,114.85,2025-12-08,true,false
1424,Ósmy Moda Pro,Moda męska,Aurea,280.82,162.65,2026-01-12,true,false
1436,Bohater Moda Basic,Moda męska,GripPro,379.21,219.80,2025-12-16,true,false
1444,Stanowisko Moda Classic,Moda męska,Vantex,58.31,30.57,2025-12-21,true,false
1453,"20 Moda Premium",Moda męska,Domora,55.99,31.08,2025-11-01,true,false
1462,Jajo Moda Basic,Moda męska,Nordly,188.45,96.24,2025-06-09,true,false
1465,Żona Moda Premium,Moda męska,UrbanLine,131.39,73.04,2025-03-14,false,false
1469,Brak Moda Eco,Moda męska,UrbanLine,118.07,68.90,2024-12-17,true,false
1571,Temu Moda Pro,Moda męska,MaxFit,215.32,87.41,2025-09-18,true,false
1572,Biedny Moda Classic,Moda męska,Domora,110.12,63.31,2026-03-16,false,false
1584,"40 Moda Basic",Moda męska,Bellure,315.75,160.18,2024-10-25,true,false
1597,U Moda Basic,Moda męska,Nortex,240.32,116.36,2024-09-19,true,false
1617,Znajdować Moda Eco,Moda męska,Domora,158.58,98.52,2026-06-25,true,false
1623,Muzyczny Moda Eco,Moda męska,Klarra,380.17,191.10,2026-02-24,false,false
1625,Obecny Moda Pro,Moda męska,Vesto,199.05,97.76,2024-10-05,true,false
1632,Ustawa Moda Eco,Moda męska,Ecolen,391.45,218.00,2025-06-01,true,false
1636,Kiedy Moda Classic,Moda męska,Bellure,289.98,149.04,2024-11-26,false,false
1645,Daleki Moda Premium,Moda męska,Bellure,377.37,172.44,2026-05-18,true,false
1649,Pozostawać Moda Premium,Moda męska,Nordly,317.81,172.62,2025-11-18,true,false
1650,Coraz Moda Premium,Moda męska,GripPro,193.21,91.28,2024-09-13,true,false
1666,Organizm Moda Classic,Moda męska,Klarra,99.90,70.89,2026-08-06,true,false
1671,Stół Moda Eco,Moda męska,Vesto,194.45,105.79,2026-03-30,true,false
1687,Sobie Moda Premium,Moda męska,GripPro,108.21,49.51,2025-10-22,true,false
1695,Głos Moda Eco,Moda męska,Lumia,164.22,99.68,2024-11-02,true,false
1710,Ksiądz Moda Premium,Moda męska,Domora,247.55,105.53,2026-05-27,true,false
1720,Dodatek Moda Premium,Moda męska,Tessera,195.61,103.15,2025-03-02,true,false
1722,Bydło Moda Pro,Moda męska,Ecolen,97.81,48.51,2024-11-30,true,false
1726,Suchy Moda Pro,Moda męska,Primo Style,79.46,49.87,2024-10-22,true,false
1732,Dobrze Moda Premium,Moda męska,Vesto,289.81,156.06,2026-01-21,true,false
1739,Gospodarczy Moda Pro,Moda męska,GripPro,151.20,75.25,2026-07-18,true,false
1743,Minuta Moda Pro,Moda męska,Tessera,84.09,44.35,2025-11-12,true,false
1755,Pływać Moda Eco,Moda męska,GripPro,253.68,152.79,2025-10-21,true,false
1769,Idea Moda Classic,Moda męska,GripPro,91.78,42.53,2024-11-01,true,false
1770,Gorączka Moda Classic,Moda męska,Bellure,285.03,170.24,2025-11-01,true,false
1795,Czasem Moda Pro,Moda męska,Domora,49.12,32.00,2024-11-23,true,false
1798,Własny Moda Classic,Moda męska,Nordly,45.09,19.72,2026-06-11,true,false
1804,Pierwszy Moda Pro,Moda męska,Vantex,175.19,90.24,2024-11-01,true,false
1815,Błąd Moda Eco,Moda męska,MaxFit,358.17,240.37,2025-11-26,true,false
1821,"1000 Moda Pro",Moda męska,Nortex,46.19,21.62,2025-09-19,true,false
1825,Belgia Moda Pro,Moda męska,Klarra,114.87,68.32,2026-04-21,true,false
1842,Sądowy Moda Premium,Moda męska,UrbanLine,101.92,57.50,2025-11-01,true,false
1852,Zbyt Moda Classic,Moda męska,Klarra,55.15,28.37,2025-11-16,true,false
1868,Organ Moda Eco,Moda męska,Primo Style,7520.78,129.73,2024-10-19,true,false
1876,Lipiec Moda Eco,Moda męska,Primo Style,269.11,136.90,2025-01-07,true,false
1880,Wzgórze Moda Pro,Moda męska,Vantex,332.27,188.92,2026-06-25,true,false
1897,Fałszywy Moda Classic,Moda męska,Klarra,153.92,84.35,2024-10-07,true,false
1909,Dobry Moda Eco,Moda męska,Domora,78.02,44.53,2024-12-15,true,false
1914,Organizm Moda Pro,Moda męska,GripPro,94.72,54.85,2025-03-05,true,false
1953,Kwiat Moda Basic,Moda męska,Lumia,113.70,70.96,2025-06-30,true,false
1962,Zjawisko Moda Premium,Moda męska,Lumia,280.46,176.65,2025-02-06,true,false
1970,Forma Moda Eco,Moda męska,GripPro,99.57,55.15,2024-12-06,true,false
1973,Handel Moda Premium,Moda męska,Nortex,189.38,101.86,2026-08-06,true,false
1992,Nauczyciel Moda Classic,Moda męska,Aurea,223.35,134.42,2026-06-30,true,false
1351,Chyba Moda Basic,Moda męska,MaxFit,233.80,106.59,2025-11-10,true,false
763,Z krwi i kości Sport Eco,Sport,Kidzo,254.23,126.58,2025-10-24,false,false
845,Mierzyć Sport Classic,Sport,Nordly,61.97,33.31,2024-10-06,true,false
1268,Postępowanie Sport Premium,Sport,Ecolen,447.47,233.93,2025-04-29,true,false
12,Stado Sport Eco,Sport,Nortex,176.50,88.18,2025-12-07,true,false
19,Tylko Sport Eco,Sport,MaxFit,189.13,79.60,2026-03-05,true,false
27,Kultura Sport Premium,Sport,MaxFit,462.65,279.76,2025-08-18,true,false
45,Przedstawiciel Sport Classic,Sport,Vesto,58.34,31.12,2025-01-21,true,false
50,Zamiast Sport Premium,Sport,UrbanLine,80.47,48.08,2026-04-06,true,false
76,Budowla Sport Eco,Sport,Domora,125.61,59.80,2025-10-16,true,false
80,Stać się Sport Premium,Sport,Lumia,426.30,214.68,2025-12-27,true,false
91,Mrówka Sport Pro,Sport,Aurea,384.05,256.25,2025-11-19,true,false
114,Śmiech Sport Basic,Sport,Nordly,387.50,184.11,2026-05-25,true,false
148,Róg Sport Pro,Sport,Kidzo,584.41,218.15,2026-08-06,true,false
152,Królestwo Sport Premium,Sport,Klarra,560.66,338.28,2026-05-05,false,false
164,"9 Sport Classic",Sport,Nordly,325.49,209.39,2026-04-16,true,false
168,Szczęście Sport Premium,Sport,Aurea,106.73,59.92,2024-09-29,true,false
176,Hodować Sport Basic,Sport,Nortex,72.24,28.83,2024-11-12,false,false
177,Herb Sport Pro,Sport,UrbanLine,101.99,43.13,2025-04-03,true,false
187,Szpital Sport Basic,Sport,Vesto,240.17,160.00,2025-05-14,true,false
259,Broda Sport Pro,Sport,Ecolen,148.65,73.13,2024-12-16,true,false
262,Dużo Sport Basic,Sport,Kidzo,257.43,80.79,2025-10-12,false,false
270,Pojedynczy Sport Basic,Sport,Domora,85.68,36.52,2025-01-24,false,false
1689,Pozostać Dom Eco,Dom i wnętrza,Vesto,620.44,343.22,2024-11-29,true,false
1401,Opowiadać Sport Premium,Sport,Primo Style,326.18,162.22,2024-09-24,true,false
837,Wada Dom Basic,Dom i wnętrza,Ecolen,480.61,232.31,2025-02-02,true,false
1688,Szczyt Moda Premium,Moda męska,Kidzo,393.00,157.73,2025-01-25,true,false
1415,Deska Sport Premium,Sport,Vesto,560.09,305.51,2024-10-29,true,false
1352,Wymagać Dziecko Premium,Dziecko,Bellure,207.63,107.01,2024-12-11,true,false
21,Dostać Dziecko Basic,Dziecko,Domora,273.84,142.60,2026-01-02,true,false
23,Szósty Dziecko Eco,Dziecko,GripPro,137.29,51.41,2024-10-31,true,false
28,Studia Dziecko Premium,Dziecko,GripPro,191.50,96.45,2025-06-07,true,false
85,Lekarz Dziecko Premium,Dziecko,Kidzo,312.70,124.87,2024-11-23,true,false
101,Ciepły Dziecko Classic,Dziecko,UrbanLine,23.75,11.01,2024-11-19,true,false
104,Herbata Dziecko Eco,Dziecko,GripPro,228.58,88.91,2024-10-20,true,false
109,Kilka Dziecko Pro,Dziecko,GripPro,147.10,64.27,2025-10-04,true,false
113,Kwiecień Dziecko Classic,Dziecko,Vesto,287.77,125.60,2025-12-08,true,false
139,Pomoc Dziecko Premium,Dziecko,Bellure,265.19,136.44,2025-05-19,true,false
179,Przepis Dziecko Pro,Dziecko,Ecolen,239.29,107.38,2024-10-25,true,false
202,Pamiętać Dziecko Premium,Dziecko,Primo Style,80.57,35.14,2025-03-20,true,false
204,Herbata Dziecko Classic,Dziecko,GripPro,55.97,29.55,2025-05-17,true,false
213,Nie Dziecko Classic,Dziecko,Tessera,130.08,56.96,2025-12-03,true,false
218,Towar Dziecko Eco,Dziecko,GripPro,834.82,19.91,2026-01-04,true,false
220,Zwyczaj Dziecko Pro,Dziecko,Primo Style,85.54,41.74,2024-12-10,true,false
239,Oczywiście Dziecko Premium,Dziecko,MaxFit,78.93,38.83,2025-05-20,true,false
240,Malować Dziecko Classic,Dziecko,Aurea,171.46,92.33,2026-07-06,true,false
295,Daleki Dziecko Classic,Dziecko,Tessera,260.75,136.25,2024-10-12,true,false
297,Obowiązek Dziecko Pro,Dziecko,Domora,129.30,58.88,2024-10-22,true,false
316,Prawo Dziecko Basic,Dziecko,GripPro,95.88,47.92,2024-09-14,true,false
332,Oddawać Dziecko Classic,Dziecko,UrbanLine,38.09,16.62,2026-07-18,true,false
341,Wielka brytania Dziecko Basic,Dziecko,UrbanLine,141.99,76.94,2025-08-31,true,false
357,Jeżeli Dziecko Premium,Dziecko,Nortex,270.14,139.84,2025-04-10,true,false
400,Dwudziesty Dziecko Basic,Dziecko,Vesto,168.27,91.96,2025-11-21,true,false
425,Lecz Dziecko Eco,Dziecko,UrbanLine,130.21,60.14,2025-02-02,true,false
428,Piwo Dziecko Eco,Dziecko,Bellure,297.58,168.30,2026-03-04,true,false
429,Latać Dziecko Classic,Dziecko,Kidzo,212.17,97.34,2024-11-03,true,false
463,Piec Dziecko Basic,Dziecko,Nortex,135.04,64.50,2025-02-05,true,false
468,Przedmiot Dziecko Eco,Dziecko,Klarra,78.87,36.98,2025-09-30,true,false
476,Prowincja Dziecko Pro,Dziecko,GripPro,276.57,147.30,2025-02-06,false,false
1772,Uznawać Sport Pro,Sport,Nortex,589.93,218.18,2025-03-05,true,false
489,Styl Dziecko Premium,Dziecko,Nortex,82.32,33.17,2025-04-28,true,false
1801,Kolumna Uroda Eco,Uroda,Aurea,102.50,43.29,2026-08-01,true,false
1785,Piłka Dziecko Premium,Dziecko,Aurea,72.99,40.61,2026-08-06,true,false
1856,Coraz Moda Classic,Moda damska,Klarra,365.79,241.03,2024-11-23,true,false
11,Otaczać Akcesoria Basic,Akcesoria,Nordly,43.56,17.97,2026-06-08,true,false
15,Wszystko Akcesoria Classic,Akcesoria,Klarra,234.84,109.27,2026-06-05,true,false
68,"0 Akcesoria Classic",Akcesoria,Aurea,77.06,35.46,2025-01-05,true,false
82,Owoc Akcesoria Classic,Akcesoria,Primo Style,217.89,88.84,2026-06-08,true,false
84,Sport Akcesoria Pro,Akcesoria,Tessera,179.26,80.76,2026-03-04,true,false
98,Temperatura Akcesoria Premium,Akcesoria,Lumia,238.44,128.44,2026-01-24,true,false
116,Mleko Akcesoria Basic,Akcesoria,Klarra,190.64,97.49,2026-03-28,true,false
130,Zrobić Akcesoria Premium,Akcesoria,Klarra,34.68,18.90,2025-12-17,true,false
140,Większy Akcesoria Basic,Akcesoria,MaxFit,81.86,37.35,2026-05-13,true,false
196,Przez Akcesoria Eco,Akcesoria,MaxFit,35.34,17.52,2025-09-11,true,false
210,Ponownie Akcesoria Pro,Akcesoria,Bellure,41.87,12.56,2025-11-22,true,false
211,"1 Akcesoria Premium",Akcesoria,GripPro,82.54,30.56,2025-08-31,true,false
243,Lotnisko Akcesoria Premium,Akcesoria,UrbanLine,233.12,133.99,2026-06-12,true,false
245,Mięsień Akcesoria Premium,Akcesoria,Vesto,149.85,53.36,2026-01-05,true,false
250,Lot Akcesoria Eco,Akcesoria,Vesto,96.04,28.81,2025-04-17,true,false
280,Obowiązywać Akcesoria Basic,Akcesoria,Vantex,114.50,51.28,2024-09-07,true,false
285,Lot Akcesoria Classic,Akcesoria,Domora,42.55,14.29,2025-10-18,true,false
1296,Chłopiec Akcesoria Classic,Akcesoria,Ecolen,109.23,56.91,2025-12-13,true,false
3,Duży Dom Eco,Dom i wnętrza,GripPro,550.37,252.81,2024-12-08,true,false
242,Szyja Dom Pro,Dom i wnętrza,Bellure,40.83,27.97,2026-05-17,true,false
324,Wrogi Dom Basic,Dom i wnętrza,Vantex,61.79,26.35,2024-09-15,true,false
328,Literatura Dom Premium,Dom i wnętrza,Ecolen,850.70,376.19,2025-07-24,true,false
336,Ósmy Dom Pro,Dom i wnętrza,Tessera,543.23,244.86,2025-10-22,true,false
347,Stworzyć Dom Classic,Dom i wnętrza,Tessera,768.41,406.02,2026-04-26,true,false
350,Nagle Dom Classic,Dom i wnętrza,UrbanLine,786.99,419.97,2024-09-03,true,false
355,Szereg Dom Eco,Dom i wnętrza,Kidzo,577.21,319.04,2025-10-26,true,false
356,Piłka nożna Dom Eco,Dom i wnętrza,Primo Style,706.58,286.51,2024-11-10,true,false
359,Świat Dom Eco,Dom i wnętrza,Ecolen,114.59,58.70,2024-10-22,true,false
363,Doskonały Dom Premium,Dom i wnętrza,Nordly,875.83,460.42,2024-09-26,true,false
367,Kształt Dom Pro,Dom i wnętrza,Bellure,397.48,164.52,2026-03-01,true,false
373,(…) Dom Pro,Dom i wnętrza,Aurea,885.00,498.12,2025-01-19,true,false
382,Wreszcie Dom Classic,Dom i wnętrza,UrbanLine,81.12,38.77,2025-10-26,true,false
396,Rosnąć Dom Pro,Dom i wnętrza,Vantex,52.61,23.36,2026-06-09,true,false
432,Australia Dom Eco,Dom i wnętrza,Domora,301.32,128.83,2025-09-05,false,false
449,Albo Dom Basic,Dom i wnętrza,Lumia,722.29,426.36,2024-11-15,true,false
451,Wziąć Dom Premium,Dom i wnętrza,MaxFit,308.69,126.73,2025-12-21,true,false
452,Ziemia Dom Classic,Dom i wnętrza,Kidzo,364.60,140.35,2025-07-26,true,false
8,Znany Elektronika Pro,Elektronika,Klarra,1500.42,1038.05,2024-10-13,true,false
9,Wciąż Elektronika Pro,Elektronika,Lumia,1537.48,934.76,2024-11-23,true,false
10,Imię Elektronika Pro,Elektronika,Ecolen,1725.37,1235.92,2025-06-15,true,false
17,Ogon Elektronika Classic,Elektronika,Lumia,159.81,92.59,2025-02-25,true,false
22,Ubranie Elektronika Classic,Elektronika,Primo Style,1938.61,1380.57,2024-10-05,true,false
26,Akt Elektronika Classic,Elektronika,Domora,342.01,229.41,2025-12-03,true,false
29,Daleki Elektronika Classic,Elektronika,Klarra,111.28,61.28,2025-09-02,true,false
37,Odcinek Elektronika Classic,Elektronika,Domora,607.44,449.00,2026-04-19,true,false
38,Jakby Elektronika Eco,Elektronika,Nortex,66.03,41.57,2025-09-30,true,false
39,Coś Elektronika Pro,Elektronika,Tessera,1071.66,666.91,2025-04-15,true,false
48,Deszcz Elektronika Classic,Elektronika,Bellure,631.21,359.48,2026-01-07,true,false
49,Analiza Elektronika Premium,Elektronika,Primo Style,950.07,711.00,2025-09-30,true,false
59,Skład Elektronika Classic,Elektronika,Tessera,879.62,651.76,2026-05-17,true,false
64,Surowy Elektronika Pro,Elektronika,Tessera,1646.31,929.87,2024-12-08,true,false
66,Wino Elektronika Premium,Elektronika,Kidzo,1640.60,936.57,2026-04-08,true,false
69,Wschód Elektronika Premium,Elektronika,GripPro,2432.88,1731.01,2025-11-27,true,false
71,Współczesny Elektronika Pro,Elektronika,Lumia,1462.41,806.59,2025-12-15,false,false
75,Urzędnik Elektronika Basic,Elektronika,Kidzo,770.40,557.15,2025-03-28,true,false
83,Chcieć Elektronika Basic,Elektronika,Bellure,1301.79,977.14,2025-11-06,true,false
86,Nagły Elektronika Basic,Elektronika,Klarra,1465.79,798.78,2024-09-26,true,false
105,Konstrukcja Elektronika Premium,Elektronika,Tessera,966.80,632.38,2026-04-28,true,false
107,Ksiądz Elektronika Classic,Elektronika,Ecolen,221.89,141.08,2025-11-01,true,false
110,Dzielić Elektronika Classic,Elektronika,Nordly,2355.59,1879.27,2025-05-06,true,false
111,Dokonywać Elektronika Premium,Elektronika,Klarra,2403.92,1480.69,2025-03-15,true,false
122,Metr Elektronika Classic,Elektronika,Aurea,1002.54,718.26,2024-09-04,true,false
134,Szklanka Elektronika Classic,Elektronika,GripPro,2464.70,1519.69,2026-02-04,true,false
142,Przechodzić Elektronika Classic,Elektronika,Vantex,229.80,165.19,2025-10-27,true,false
149,Natura Elektronika Basic,Elektronika,Klarra,1759.50,908.10,2026-03-15,true,false
157,Układ Elektronika Classic,Elektronika,Aurea,1065.31,684.35,2026-05-03,true,false
158,Idea Elektronika Pro,Elektronika,Primo Style,2040.61,1318.47,2026-08-06,true,false
166,Internetowy Elektronika Eco,Elektronika,Nortex,377.34,249.66,2024-09-13,true,false
172,Siedziba Elektronika Premium,Elektronika,Nordly,2161.79,1607.10,2026-07-31,true,false
175,Często Elektronika Eco,Elektronika,UrbanLine,1255.91,915.04,2025-01-20,true,false
195,Pojawić się Elektronika Eco,Elektronika,Kidzo,1503.30,1088.20,2025-08-15,true,false
201,Byk Elektronika Basic,Elektronika,Vesto,298.37,184.37,2024-12-19,true,false
208,Miesiąc Elektronika Classic,Elektronika,GripPro,1934.26,1476.56,2024-12-12,true,false
221,Zwycięstwo Elektronika Classic,Elektronika,Bellure,451.45,310.62,2025-09-03,true,false
223,Typowy Elektronika Classic,Elektronika,Bellure,1010.49,639.13,2025-05-26,false,false
246,Żywy Elektronika Basic,Elektronika,Primo Style,2338.20,1828.65,2026-06-29,true,false
453,Model Dom Eco,Dom i wnętrza,Nortex,232.61,95.25,2024-10-13,true,false
455,Złodziej Dom Pro,Dom i wnętrza,Klarra,566.43,194.04,2026-04-08,true,false
475,Niechęć Dom Classic,Dom i wnętrza,Nortex,759.04,364.89,2025-01-20,true,false
479,Studia Dom Eco,Dom i wnętrza,Vantex,537.70,288.59,2026-04-07,true,false
481,Funkcja Dom Eco,Dom i wnętrza,Kidzo,45.66,26.74,2025-10-06,true,false
482,Aż Dom Basic,Dom i wnętrza,Domora,227.72,139.74,2025-05-27,true,false
487,Pytanie Dom Pro,Dom i wnętrza,MaxFit,658.07,254.27,2024-10-05,false,false
490,Lot Dom Eco,Dom i wnętrza,GripPro,85.68,38.57,2025-09-04,true,false
497,Słyszeć Dom Premium,Dom i wnętrza,Vesto,178.21,76.75,2025-09-07,true,false
503,Aż Dom Basic,Dom i wnętrza,Vesto,102.89,47.65,2026-04-10,false,false
510,Historyczny Dom Basic,Dom i wnętrza,Lumia,207.24,103.60,2026-06-09,true,false
513,"1 Dom Premium",Dom i wnętrza,Kidzo,715.49,332.35,2025-05-24,false,false
518,Jajko Dom Eco,Dom i wnętrza,Vesto,177.81,85.17,2025-09-16,true,false
519,Korzeń Dom Basic,Dom i wnętrza,GripPro,373.43,177.00,2024-10-02,true,false
522,Pieniądze Dom Eco,Dom i wnętrza,Ecolen,297.53,149.89,2025-09-16,true,false
524,Skutek Dom Basic,Dom i wnętrza,UrbanLine,566.52,251.80,2025-11-29,true,false
530,Dać Dom Classic,Dom i wnętrza,Kidzo,736.41,330.64,2025-11-29,true,false
542,Wschodni Dom Premium,Dom i wnętrza,Aurea,669.45,332.85,2025-08-09,true,false
545,Przyprawa Dom Eco,Dom i wnętrza,UrbanLine,712.75,413.37,2025-06-28,true,false
548,Fragment Dom Premium,Dom i wnętrza,Domora,601.28,339.42,2026-05-16,true,false
552,Lekcja Dom Premium,Dom i wnętrza,Aurea,651.07,329.64,2024-10-11,true,false
553,Spokój Dom Premium,Dom i wnętrza,Nordly,87.28,38.74,2025-03-18,true,false
561,Płyn Dom Premium,Dom i wnętrza,UrbanLine,723.08,435.22,2026-02-17,true,false
564,Jego Dom Pro,Dom i wnętrza,Lumia,350.27,169.98,2025-06-13,true,false
572,Kontynent Dom Basic,Dom i wnętrza,Nordly,885.60,473.98,2026-06-30,true,false
573,Szczególnie Dom Eco,Dom i wnętrza,Nordly,62.73,30.95,2026-01-01,true,false
581,Rezultat Dom Classic,Dom i wnętrza,Bellure,111.68,65.91,2024-12-08,true,false
587,Już Dom Pro,Dom i wnętrza,GripPro,895.80,396.66,2025-12-27,true,false
588,Duński Dom Premium,Dom i wnętrza,Vesto,799.54,282.57,2025-11-24,true,false
593,Pierś Dom Premium,Dom i wnętrza,Ecolen,531.91,335.26,2025-11-18,true,false
605,"6 Dom Classic",Dom i wnętrza,Lumia,186.23,74.72,2024-09-28,true,false
607,Tłuszcz Dom Premium,Dom i wnętrza,MaxFit,263.66,96.84,2026-06-30,false,false
611,Pozycja Dom Pro,Dom i wnętrza,Vantex,141.66,72.87,2025-08-31,true,false
613,Telewizja Dom Premium,Dom i wnętrza,Nordly,694.06,364.27,2024-11-02,true,false
646,Sześć Dom Eco,Dom i wnętrza,Klarra,529.82,272.35,2025-11-18,false,false
648,Październik Dom Basic,Dom i wnętrza,Aurea,163.05,79.34,2025-12-22,true,false
662,Ocean Dom Basic,Dom i wnętrza,Kidzo,426.40,154.84,2025-04-09,true,false
664,Zaufanie Dom Pro,Dom i wnętrza,Vantex,647.30,368.63,2026-04-26,false,false
665,Lekarz Dom Eco,Dom i wnętrza,Nortex,112.96,52.01,2025-04-26,true,false
667,Jakiś Dom Basic,Dom i wnętrza,Lumia,594.10,233.90,2026-04-12,true,false
671,Wyrażać Dom Basic,Dom i wnętrza,GripPro,177.85,83.92,2026-04-21,true,false
672,Morski Dom Basic,Dom i wnętrza,Domora,269.09,144.42,2025-11-11,true,false
678,"100 Dom Premium",Dom i wnętrza,Primo Style,427.35,218.17,2026-05-05,true,false
680,Rasa Dom Eco,Dom i wnętrza,Ecolen,394.31,195.40,2024-10-19,true,false
682,Figura Dom Basic,Dom i wnętrza,GripPro,280.40,148.48,2026-06-09,true,false
687,Jako Dom Eco,Dom i wnętrza,Lumia,288.31,111.74,2025-03-10,true,false
688,Nic Dom Classic,Dom i wnętrza,Ecolen,674.55,374.07,2024-10-05,true,false
695,Aż Dom Classic,Dom i wnętrza,MaxFit,107.03,55.50,2026-04-16,true,false
706,Zatoka Dom Eco,Dom i wnętrza,Kidzo,147.38,50.91,2025-02-24,true,false
709,Częściowo Dom Classic,Dom i wnętrza,Nordly,205.91,100.00,2024-09-27,true,false
718,Szlachetny Dom Eco,Dom i wnętrza,Aurea,818.25,302.70,2025-12-30,true,false
726,Przyszły Dom Eco,Dom i wnętrza,Klarra,618.16,301.80,2025-04-20,true,false
728,Patrzeć Dom Pro,Dom i wnętrza,UrbanLine,657.75,363.82,2024-11-21,true,false
729,Dział Dom Pro,Dom i wnętrza,Nortex,813.74,410.19,2024-11-17,true,false
733,Pełnić Dom Eco,Dom i wnętrza,Domora,324.93,181.92,2026-04-08,false,false
744,Odmiana Dom Classic,Dom i wnętrza,Nortex,616.80,277.58,2025-11-16,true,false
745,Bydło Dom Premium,Dom i wnętrza,UrbanLine,343.65,217.32,2024-11-02,true,false
746,Określać Dom Pro,Dom i wnętrza,UrbanLine,449.41,210.17,2024-09-12,true,false
758,Transport Dom Premium,Dom i wnętrza,UrbanLine,512.44,225.19,2025-04-30,true,false
759,Smutny Dom Pro,Dom i wnętrza,Vesto,532.33,259.76,2025-11-06,true,false
764,Wy Dom Pro,Dom i wnętrza,Tessera,224.05,103.12,2026-07-15,true,false
768,W Dom Pro,Dom i wnętrza,Aurea,850.09,477.00,2024-11-03,true,false
775,Planeta Dom Classic,Dom i wnętrza,Domora,200.21,116.44,2026-05-29,true,false
785,Biskup Dom Pro,Dom i wnętrza,Tessera,672.18,355.92,2026-02-07,false,false
789,Prawny Dom Pro,Dom i wnętrza,MaxFit,380.81,185.31,2024-11-11,true,false
791,Dziwny Dom Premium,Dom i wnętrza,GripPro,88.20,44.29,2025-03-30,true,false
796,Szef Dom Basic,Dom i wnętrza,MaxFit,379.06,172.82,2026-05-17,true,false
798,Papier Dom Premium,Dom i wnętrza,Tessera,880.63,432.15,2025-11-25,true,false
800,Babka Dom Classic,Dom i wnętrza,Tessera,464.70,243.25,2025-07-30,false,false
813,Student Dom Pro,Dom i wnętrza,Tessera,354.78,175.76,2025-05-25,true,false
819,Szczęśliwy Dom Eco,Dom i wnętrza,Klarra,67.11,35.47,2025-09-22,true,false
822,Komputerowy Dom Pro,Dom i wnętrza,MaxFit,695.85,278.93,2025-06-22,true,false
831,Dolina Dom Basic,Dom i wnętrza,Domora,258.88,101.80,2024-09-06,true,false
846,Kontakt Dom Eco,Dom i wnętrza,Domora,344.60,173.55,2025-01-13,true,false
847,Milion Dom Premium,Dom i wnętrza,UrbanLine,196.16,102.73,2026-02-10,true,false
848,Brzuch Dom Classic,Dom i wnętrza,Klarra,530.43,228.30,2024-11-30,true,false
852,Uciec Dom Basic,Dom i wnętrza,Lumia,643.55,239.08,2024-10-07,false,false
868,Stawiać Dom Eco,Dom i wnętrza,Domora,607.61,339.14,2024-12-16,true,false
871,Panna Dom Classic,Dom i wnętrza,Nordly,834.49,453.97,2024-12-24,true,false
875,Bułgarski Dom Premium,Dom i wnętrza,Nortex,128.57,57.46,2026-06-04,true,false
884,Dziedzina Dom Pro,Dom i wnętrza,Lumia,855.70,416.50,2025-10-02,true,false
1123,Przyjść Dom Eco,Dom i wnętrza,GripPro,425.57,191.50,2025-08-31,true,false
1127,Bank Dom Classic,Dom i wnętrza,Primo Style,689.74,342.71,2025-06-24,true,false
1133,Płaszcz Dom Classic,Dom i wnętrza,Klarra,68.91,34.73,2025-06-15,true,false
1141,Cztery Dom Classic,Dom i wnętrza,Nortex,837.07,381.03,2024-09-14,true,false
1142,Produkt Dom Premium,Dom i wnętrza,Bellure,747.67,365.14,2025-09-17,true,false
1148,Chiński Dom Classic,Dom i wnętrza,Vesto,271.13,145.69,2026-07-02,true,false
1149,Kierowca Dom Pro,Dom i wnętrza,Nordly,33.99,19.35,2025-11-30,true,false
1158,Siedemdziesiąt Dom Pro,Dom i wnętrza,Nordly,683.88,324.12,2025-10-14,true,false
1171,Po Dom Pro,Dom i wnętrza,Nordly,599.24,290.53,2025-04-25,true,false
1191,Wieś Dom Pro,Dom i wnętrza,GripPro,489.59,243.88,2025-06-14,true,false
1192,Wybitny Dom Basic,Dom i wnętrza,UrbanLine,165.91,76.99,2025-11-19,true,false
1194,Instytucja Dom Classic,Dom i wnętrza,Nortex,390.04,208.65,2024-11-19,true,false
1198,Wrażenie Dom Premium,Dom i wnętrza,Vantex,351.40,186.22,2025-02-24,false,false
1201,Warzywo Dom Premium,Dom i wnętrza,Vesto,370.46,175.45,2026-04-27,true,false
1211,Wymagać Dom Pro,Dom i wnętrza,Aurea,401.96,221.58,2025-02-05,true,false
1213,Butelka Dom Classic,Dom i wnętrza,Lumia,474.32,259.50,2025-04-05,true,false
1221,Strefa Dom Eco,Dom i wnętrza,Bellure,569.29,256.15,2025-10-02,false,false
1234,Płacić Dom Pro,Dom i wnętrza,Domora,262.28,137.40,2026-05-14,true,false
1249,Śmierć Dom Classic,Dom i wnętrza,Klarra,612.66,328.48,2026-04-21,true,false
1252,Rządzić Dom Pro,Dom i wnętrza,MaxFit,95.99,40.32,2026-08-06,true,false
1261,Produkować Dom Pro,Dom i wnętrza,UrbanLine,135.08,63.26,2025-12-20,true,false
1262,Dialekt Dom Pro,Dom i wnętrza,Bellure,544.37,306.28,2025-11-15,true,false
1265,Miasto Dom Premium,Dom i wnętrza,Vantex,630.12,342.35,2026-02-22,true,false
1277,Wreszcie Dom Basic,Dom i wnętrza,Bellure,826.69,351.56,2025-12-26,true,false
1282,Wewnętrzny Dom Basic,Dom i wnętrza,Primo Style,543.69,228.55,2024-09-27,true,false
1284,Dobrze Dom Pro,Dom i wnętrza,UrbanLine,324.55,133.98,2024-11-18,true,false
1285,Autor Dom Premium,Dom i wnętrza,Kidzo,107.52,48.04,2025-05-03,true,false
1291,Wieczorem Dom Eco,Dom i wnętrza,Nortex,555.64,223.80,2024-11-19,true,false
1304,Urzędnik Dom Premium,Dom i wnętrza,Primo Style,100.19,45.59,2024-10-19,true,false
1311,Istota Dom Classic,Dom i wnętrza,Lumia,432.44,234.34,2025-10-04,true,false
761,Podobny Dom Premium,Dom i wnętrza,Nortex,893.62,465.07,2025-10-13,true,false
13,Gęś Dom Basic,Dom i wnętrza,Primo Style,297.44,206.57,2024-12-08,true,false
24,Osiągnąć Dom Basic,Dom i wnętrza,Kidzo,296.80,171.25,2025-04-22,true,false
25,Ale Dom Pro,Dom i wnętrza,Vesto,662.68,370.06,2025-07-11,false,false
34,Ssak Dom Eco,Dom i wnętrza,Vantex,727.41,422.68,2024-12-05,true,false
36,Naturalny Dom Classic,Dom i wnętrza,Vesto,302.94,155.19,2024-11-28,true,false
41,Pomóc Dom Classic,Dom i wnętrza,Domora,478.42,207.63,2026-07-12,true,false
42,Sześć Dom Eco,Dom i wnętrza,UrbanLine,866.18,518.22,2025-02-22,true,false
58,Grzyb Dom Pro,Dom i wnętrza,Bellure,811.97,394.28,2025-11-14,false,false
60,Spać Dom Pro,Dom i wnętrza,MaxFit,800.31,351.58,2026-02-14,true,false
61,Smutek Dom Eco,Dom i wnętrza,Tessera,586.14,302.35,2024-09-13,true,false
70,Dużo Dom Premium,Dom i wnętrza,Lumia,719.67,347.76,2025-09-25,true,false
73,Mgła Dom Premium,Dom i wnętrza,GripPro,589.14,289.45,2026-07-11,true,false
74,Rzadko Dom Eco,Dom i wnętrza,UrbanLine,867.20,478.54,2026-04-28,true,false
77,Wreszcie Dom Premium,Dom i wnętrza,Ecolen,843.20,458.79,2024-11-27,true,false
89,Włosy Dom Eco,Dom i wnętrza,Lumia,743.95,325.46,2025-09-20,true,false
90,Ubranie Dom Eco,Dom i wnętrza,Lumia,697.97,332.63,2024-12-11,true,false
92,Powiedzieć Dom Pro,Dom i wnętrza,Vantex,659.60,414.91,2026-08-06,true,false
95,Bić Dom Pro,Dom i wnętrza,Tessera,1054.30,21.03,2024-12-22,true,false
96,Fałszywy Dom Eco,Dom i wnętrza,Nortex,161.73,99.67,2025-02-12,true,false
102,Zachowanie Dom Basic,Dom i wnętrza,Vantex,454.67,286.92,2025-07-04,true,false
103,Brudny Dom Classic,Dom i wnętrza,Primo Style,176.38,63.56,2025-11-05,true,false
1317,Daleko Dom Eco,Dom i wnętrza,Kidzo,244.27,125.86,2026-07-16,true,false
1321,Plama Dom Pro,Dom i wnętrza,Tessera,335.03,145.76,2026-05-21,true,false
1333,Starożytny Dom Basic,Dom i wnętrza,Tessera,150.39,72.86,2025-11-12,true,false
1340,Działalność Dom Premium,Dom i wnętrza,Vantex,379.34,168.07,2025-09-18,true,false
1360,Tańczyć Dom Pro,Dom i wnętrza,Tessera,526.56,263.63,2025-10-02,true,false
1362,Sport Dom Eco,Dom i wnętrza,Kidzo,110.66,55.86,2024-10-18,true,false
1363,Otrzymywać Dom Pro,Dom i wnętrza,MaxFit,186.93,120.99,2024-10-19,true,false
1371,Posiadać Dom Eco,Dom i wnętrza,MaxFit,318.11,161.51,2026-01-27,true,false
1384,Z krwi i kości Dom Classic,Dom i wnętrza,Vantex,895.96,517.22,2024-11-06,true,false
1387,Zamieszkiwać Dom Eco,Dom i wnętrza,Tessera,817.75,487.19,2025-08-12,true,false
1392,Stacja Dom Basic,Dom i wnętrza,Primo Style,253.26,115.57,2025-12-26,true,false
1404,Dusza Dom Basic,Dom i wnętrza,Tessera,680.38,358.84,2026-06-23,true,false
1407,Skład Dom Premium,Dom i wnętrza,Ecolen,510.19,199.53,2025-11-02,true,false
1414,Przestępstwo Dom Classic,Dom i wnętrza,Kidzo,604.49,344.53,2025-12-16,true,false
1428,Żołnierz Dom Premium,Dom i wnętrza,Aurea,198.60,79.59,2026-03-21,true,false
1430,Kanał Dom Eco,Dom i wnętrza,Vantex,764.51,345.18,2024-12-07,true,false
1431,Znosić Dom Premium,Dom i wnętrza,Primo Style,860.80,339.52,2024-10-21,true,false
1433,Pan Dom Premium,Dom i wnętrza,Lumia,242.22,137.90,2026-05-09,true,false
1445,Określać Dom Premium,Dom i wnętrza,Nortex,440.57,209.47,2024-12-04,true,false
1446,Śpiewać Dom Pro,Dom i wnętrza,GripPro,756.05,433.59,2025-10-13,true,false
1450,W. Dom Premium,Dom i wnętrza,Klarra,611.47,319.21,2025-12-07,true,false
1454,Kontrola Dom Eco,Dom i wnętrza,Nortex,4924.63,134.16,2025-02-11,true,false
1460,Posiłek Dom Classic,Dom i wnętrza,Primo Style,145.94,83.67,2026-08-06,true,false
1477,Zamykać Dom Eco,Dom i wnętrza,Bellure,615.46,356.78,2026-05-13,false,false
1479,Ciągle Dom Classic,Dom i wnętrza,Nortex,427.68,213.54,2026-08-06,false,false
1482,Sam Dom Basic,Dom i wnętrza,MaxFit,31.10,14.33,2025-05-07,false,false
1483,– Dom Classic,Dom i wnętrza,Klarra,230.18,106.62,2026-04-15,true,false
1487,Natychmiast Dom Basic,Dom i wnętrza,Kidzo,790.54,394.39,2025-04-03,true,false
1495,Sztuczny Dom Basic,Dom i wnętrza,Nortex,172.54,105.23,2026-06-25,true,false
1504,Polska Dom Eco,Dom i wnętrza,Vesto,860.24,424.42,2026-07-12,true,false
1515,Widoczny Dom Classic,Dom i wnętrza,Tessera,550.23,237.17,2026-04-27,true,false
1516,Umrzeć Dom Classic,Dom i wnętrza,Tessera,203.37,121.69,2025-07-26,true,false
1517,Wieś Dom Basic,Dom i wnętrza,Vantex,725.02,345.87,2025-12-09,true,false
1015,Pół Dom Pro,Dom i wnętrza,Nortex,432.55,210.69,2026-03-26,true,false
1519,Turecki Dom Premium,Dom i wnętrza,Domora,301.27,153.65,2025-01-22,true,false
1535,Zmieniać Dom Eco,Dom i wnętrza,UrbanLine,691.14,319.39,2025-06-25,true,false
1544,Czyjś Dom Basic,Dom i wnętrza,Kidzo,870.40,536.63,2025-12-16,true,false
1547,Modlitwa Dom Classic,Dom i wnętrza,Vantex,245.40,104.91,2024-12-12,true,false
1548,Farba Dom Premium,Dom i wnętrza,GripPro,25.82,12.65,2024-10-05,false,false
1549,Powolny Dom Eco,Dom i wnętrza,Aurea,879.15,485.90,2026-04-02,true,false
1554,Mistrz Dom Pro,Dom i wnętrza,Lumia,129.34,66.45,2025-04-05,true,false
1561,Typowy Dom Pro,Dom i wnętrza,GripPro,61.27,33.34,2026-04-27,true,false
1566,Krzyż Dom Classic,Dom i wnętrza,Primo Style,518.30,233.58,2025-11-26,true,false
1570,Odległość Dom Basic,Dom i wnętrza,UrbanLine,569.83,300.05,2025-11-02,true,false
1578,Wydarzenie Dom Eco,Dom i wnętrza,Bellure,829.55,383.06,2024-09-12,true,false
1579,Poziom Dom Eco,Dom i wnętrza,UrbanLine,508.16,250.31,2024-11-08,true,false
1586,Kość Dom Classic,Dom i wnętrza,MaxFit,393.58,190.93,2024-10-30,true,false
1591,Nazwisko Dom Basic,Dom i wnętrza,Nordly,550.09,234.07,2025-11-18,true,false
1595,Przerwa Dom Eco,Dom i wnętrza,Lumia,822.79,464.78,2025-02-06,true,false
1596,Nagle Dom Classic,Dom i wnętrza,Lumia,325.02,212.66,2026-04-26,true,false
1600,Szanowny Dom Eco,Dom i wnętrza,MaxFit,528.13,244.10,2024-11-14,false,false
1604,Odpowiadać Dom Pro,Dom i wnętrza,Nordly,819.31,365.64,2026-02-23,true,false
1607,Burza Dom Premium,Dom i wnętrza,Tessera,563.93,278.29,2025-07-05,false,false
1631,Walczyć Dom Basic,Dom i wnętrza,Klarra,466.05,223.83,2025-05-30,true,false
1641,Urodzić Dom Pro,Dom i wnętrza,MaxFit,279.23,162.02,2025-03-21,true,false
1655,Karta Dom Pro,Dom i wnętrza,Bellure,469.83,177.63,2026-07-11,true,false
1657,Powszechny Dom Pro,Dom i wnętrza,Domora,271.95,123.11,2026-08-02,true,false
1660,Silnik Dom Eco,Dom i wnętrza,Kidzo,251.18,104.96,2025-03-07,true,false
1664,Gniazdo Dom Eco,Dom i wnętrza,Klarra,418.25,209.85,2025-12-15,true,false
1668,Łuk Dom Classic,Dom i wnętrza,Vantex,500.27,248.71,2025-12-09,true,false
1674,Wyrób Dom Premium,Dom i wnętrza,UrbanLine,252.98,113.72,2024-09-10,true,false
1677,Ciecz Dom Pro,Dom i wnętrza,Ecolen,146.88,84.31,2025-11-17,true,false
1678,Kosz Dom Premium,Dom i wnętrza,Vesto,652.54,335.35,2025-05-01,true,false
1682,Tekst Dom Pro,Dom i wnętrza,Vesto,869.83,359.03,2025-07-19,true,false
1691,Publiczny Dom Classic,Dom i wnętrza,GripPro,546.03,241.51,2026-04-21,true,false
1704,Żołnierz Dom Premium,Dom i wnętrza,Nordly,694.70,302.80,2025-03-09,true,false
1725,Anioł Dom Pro,Dom i wnętrza,Tessera,783.63,415.16,2024-10-10,true,false
1729,Transport Dom Premium,Dom i wnętrza,Nortex,754.77,344.45,2026-01-29,true,false
1733,Szczególnie Dom Classic,Dom i wnętrza,Nortex,755.99,448.40,2024-11-13,true,false
1734,Rezultat Dom Premium,Dom i wnętrza,Nordly,593.26,351.49,2026-08-06,true,false
1735,Pięćdziesiąt Dom Classic,Dom i wnętrza,Aurea,821.93,379.81,2025-04-26,true,false
1737,Gość Dom Premium,Dom i wnętrza,GripPro,426.47,210.12,2025-07-25,false,false
1738,Tradycja Dom Premium,Dom i wnętrza,Bellure,836.56,381.11,2025-11-25,true,false
1742,Ludzki Dom Basic,Dom i wnętrza,Lumia,259.36,152.65,2025-03-14,true,false
1744,Poeta Dom Classic,Dom i wnętrza,Kidzo,785.11,398.53,2026-05-08,true,false
1745,Obywatel Dom Premium,Dom i wnętrza,GripPro,417.46,185.27,2025-12-29,true,false
1747,Chronić Dom Classic,Dom i wnętrza,Kidzo,393.22,205.17,2024-12-17,true,false
1751,W celu Dom Premium,Dom i wnętrza,Lumia,686.31,281.96,2024-12-24,true,false
1839,Pomidor Dom Classic,Dom i wnętrza,Vesto,645.91,348.21,2024-11-06,true,false
1843,Urodzić Dom Basic,Dom i wnętrza,Tessera,239.53,135.38,2025-12-27,false,false
1853,Poczta Dom Eco,Dom i wnętrza,UrbanLine,294.99,174.04,2026-03-10,true,false
1858,Bajka Dom Basic,Dom i wnętrza,Primo Style,728.67,392.27,2026-04-11,true,false
1862,Zdolność Dom Basic,Dom i wnętrza,Nortex,607.04,291.90,2026-03-11,true,false
1865,Moc Dom Classic,Dom i wnętrza,Klarra,464.81,229.54,2024-11-18,true,false
1867,Spać Dom Eco,Dom i wnętrza,MaxFit,787.47,333.98,2026-07-05,true,false
1869,One Dom Pro,Dom i wnętrza,Ecolen,572.85,317.23,2026-03-12,true,false
1875,List Dom Basic,Dom i wnętrza,Vesto,569.62,332.03,2025-01-08,true,false
1878,Użytkownik Dom Classic,Dom i wnętrza,Aurea,398.67,227.89,2024-12-05,false,false
1881,Pas Dom Eco,Dom i wnętrza,Bellure,473.81,238.58,2025-05-08,true,false
1896,Droga Dom Basic,Dom i wnętrza,Nortex,333.11,176.23,2025-12-26,true,false
1900,Urodzić się Dom Classic,Dom i wnętrza,Tessera,260.75,126.75,2025-12-20,true,false
1918,Mama Dom Premium,Dom i wnętrza,Kidzo,472.43,241.21,2025-09-26,true,false
1920,Przestrzeń Dom Basic,Dom i wnętrza,Kidzo,543.72,253.08,2024-12-07,true,false
1927,Hiszpański Dom Basic,Dom i wnętrza,Tessera,829.12,374.32,2026-07-04,true,false
1931,! Dom Premium,Dom i wnętrza,Klarra,700.46,329.05,2025-05-28,true,false
1934,Wola Dom Premium,Dom i wnętrza,Klarra,117.47,63.70,2025-11-11,true,false
1950,Gmina Dom Premium,Dom i wnętrza,Vantex,248.45,145.08,2025-05-04,true,false
1099,Pomagać Dom Premium,Dom i wnętrza,GripPro,96.91,35.66,2026-03-27,true,false
1100,Olej Dom Eco,Dom i wnętrza,Klarra,74.80,35.34,2025-06-23,true,false
1101,Obok Dom Basic,Dom i wnętrza,Klarra,425.67,228.98,2025-12-20,true,false
753,Kształt Dom Pro,Dom i wnętrza,UrbanLine,865.03,339.28,2025-04-25,true,false
1952,Pomieszczenie Dom Classic,Dom i wnętrza,MaxFit,691.15,323.50,2025-12-25,true,false
1954,Nieszczęście Dom Basic,Dom i wnętrza,Vesto,869.80,446.96,2025-07-08,true,false
1956,Wilk Dom Basic,Dom i wnętrza,Nordly,783.72,384.84,2026-05-04,true,false
1957,Obrót Dom Pro,Dom i wnętrza,Nortex,331.06,170.67,2025-03-12,false,false
1960,Świat Dom Pro,Dom i wnętrza,Vantex,353.79,209.31,2025-05-20,true,false
1965,Gra Dom Premium,Dom i wnętrza,Aurea,565.22,401.89,2025-04-12,true,false
1979,Poznać Dom Basic,Dom i wnętrza,Domora,234.97,76.83,2025-10-04,true,false
1985,Walka Dom Pro,Dom i wnętrza,Bellure,426.70,240.73,2026-01-28,true,false
1986,Ziemia Dom Classic,Dom i wnętrza,Vantex,269.52,173.57,2025-10-11,true,false
1990,Zespół Dom Premium,Dom i wnętrza,Nortex,623.00,228.37,2026-05-12,true,false
1180,Mapa Dom Premium,Dom i wnętrza,GripPro,69.01,36.68,2024-10-12,true,false
1188,Pomiędzy Dom Premium,Dom i wnętrza,Aurea,744.85,304.57,2025-05-11,true,false
1616,Cichy Dom Eco,Dom i wnętrza,Domora,844.97,447.17,2025-02-15,true,false
1619,Pragnąć Dom Premium,Dom i wnętrza,MaxFit,670.49,327.66,2025-03-29,true,false
1620,Zwykle Dom Eco,Dom i wnętrza,Vantex,291.12,132.83,2026-08-06,true,false
167,Chmura Dom Classic,Dom i wnętrza,Klarra,684.99,413.89,2024-12-28,true,false
186,Wysokość Dom Premium,Dom i wnętrza,UrbanLine,186.27,85.05,2024-12-31,true,false
192,Nasienie Dom Premium,Dom i wnętrza,Nortex,260.32,85.39,2025-05-28,true,false
194,Deska Dom Classic,Dom i wnętrza,Bellure,129.67,58.90,2026-05-27,true,false
197,Wysiłek Dom Basic,Dom i wnętrza,Vesto,537.90,252.36,2024-11-17,true,false
215,Żydowski Dom Eco,Dom i wnętrza,Bellure,437.16,164.41,2026-06-08,true,false
222,Granica Dom Classic,Dom i wnętrza,Kidzo,338.62,193.84,2026-05-28,true,false
225,Zawierać Dom Premium,Dom i wnętrza,Vantex,678.41,264.16,2026-05-21,true,false
231,Typowy Dom Pro,Dom i wnętrza,Tessera,157.56,66.74,2026-01-11,true,false
233,Kultura Dom Eco,Dom i wnętrza,GripPro,691.39,328.88,2026-03-09,true,false
237,Drzwi Dom Classic,Dom i wnętrza,Primo Style,654.31,390.63,2025-10-17,true,false
241,Skłonność Dom Basic,Dom i wnętrza,Bellure,159.03,81.52,2025-11-23,false,false
254,Smutek Dom Basic,Dom i wnętrza,Aurea,532.43,260.36,2025-11-03,true,false
260,Przechodzić Dom Classic,Dom i wnętrza,Kidzo,56.94,29.09,2025-07-17,true,false
265,Tradycyjny Dom Basic,Dom i wnętrza,Primo Style,587.86,279.04,2024-11-07,true,false
267,Aby Dom Pro,Dom i wnętrza,Kidzo,48.68,21.94,2025-12-20,true,false
269,Mur Dom Premium,Dom i wnętrza,Tessera,16858.46,387.43,2025-01-26,true,false
271,Statek Dom Premium,Dom i wnętrza,Primo Style,656.26,338.91,2025-05-27,true,false
273,Temu Dom Eco,Dom i wnętrza,Vantex,281.21,107.74,2026-05-28,true,false
275,Tłumaczyć Dom Eco,Dom i wnętrza,Nortex,251.74,149.06,2025-02-18,true,false
279,Późno Dom Basic,Dom i wnętrza,Primo Style,784.04,445.36,2026-03-10,false,false
281,Planeta Dom Pro,Dom i wnętrza,Klarra,259.82,169.11,2025-02-20,true,false
293,Chmura Dom Eco,Dom i wnętrza,UrbanLine,653.45,352.98,2025-08-09,true,false
300,Wcześnie Dom Eco,Dom i wnętrza,Vantex,723.69,341.56,2025-12-03,true,false
301,Światło Dom Premium,Dom i wnętrza,Aurea,262.85,98.99,2024-11-19,false,false
302,Polityczny Dom Premium,Dom i wnętrza,Lumia,826.73,479.58,2024-11-27,false,false
266,Łyżka Dom Premium,Dom i wnętrza,Aurea,650.76,322.21,2025-11-05,true,false
591,Widoczny Dom Classic,Dom i wnętrza,Nordly,719.13,368.68,2025-08-23,true,false
644,Chłopiec Dom Classic,Dom i wnętrza,Tessera,702.88,376.31,2026-07-24,true,false
620,! Elektronika Pro,Elektronika,Ecolen,899.99,513.74,2026-05-05,true,false
247,Spokój Elektronika Pro,Elektronika,GripPro,1153.56,922.85,2025-05-17,true,false
251,Strach Elektronika Eco,Elektronika,Nortex,1855.88,1011.10,2025-07-27,true,false
253,W ciągu Elektronika Eco,Elektronika,Tessera,1270.00,897.01,2025-04-21,true,false
257,Litera Elektronika Basic,Elektronika,Aurea,258.11,167.78,2025-11-08,true,false
288,Postawa Elektronika Premium,Elektronika,Vantex,478.66,363.75,2026-06-29,true,false
290,Stosować Elektronika Basic,Elektronika,MaxFit,456.39,220.95,2026-01-06,true,false
291,Opłata Elektronika Basic,Elektronika,Vesto,251.86,138.42,2025-05-13,true,false
311,Jednak Elektronika Classic,Elektronika,Domora,139.67,77.05,2024-11-24,false,false
315,Kiedyś Elektronika Premium,Elektronika,Vantex,829.94,589.87,2025-11-02,true,false
323,Nie- Elektronika Eco,Elektronika,Nortex,917.82,531.94,2025-01-25,true,false
326,Morski Elektronika Basic,Elektronika,GripPro,583.72,330.08,2026-07-10,true,false
338,Program Elektronika Premium,Elektronika,GripPro,2226.43,1538.16,2026-07-21,true,false
339,Katolicki Elektronika Eco,Elektronika,Nordly,2161.21,1487.01,2025-10-08,true,false
343,Powodować Elektronika Eco,Elektronika,Nortex,1722.98,700.12,2025-11-13,true,false
346,Dziwny Elektronika Pro,Elektronika,Bellure,2002.69,1366.59,2025-11-18,true,false
358,Nauka Elektronika Basic,Elektronika,Kidzo,1598.92,1044.67,2026-06-09,true,false
365,Jednostka Elektronika Eco,Elektronika,Kidzo,1246.18,873.88,2025-07-31,true,false
372,Ogon Elektronika Premium,Elektronika,Ecolen,1023.11,710.37,2025-02-06,true,false
377,Kult Elektronika Basic,Elektronika,Vesto,2177.13,1522.99,2026-04-22,true,false
379,Okres Elektronika Eco,Elektronika,Ecolen,370.55,273.26,2025-08-18,true,false
407,Powód Elektronika Pro,Elektronika,Primo Style,537.88,330.71,2024-09-30,true,false
413,Cierpienie Elektronika Basic,Elektronika,Nortex,2255.72,1208.37,2025-11-05,true,false
417,Czasownik Elektronika Eco,Elektronika,MaxFit,489.22,329.08,2025-08-26,true,false
446,Oraz Elektronika Classic,Elektronika,UrbanLine,1438.19,909.42,2026-01-03,true,false
447,Uśmiech Elektronika Basic,Elektronika,Klarra,2201.36,1171.27,2025-12-02,true,false
459,Stopień Elektronika Premium,Elektronika,Tessera,1538.37,1073.16,2025-12-06,true,false
461,Pałac Elektronika Pro,Elektronika,Nortex,528.66,334.28,2026-06-02,false,false
462,Płeć Elektronika Eco,Elektronika,Bellure,196.66,133.23,2026-06-03,true,false
465,Towarzystwo Elektronika Basic,Elektronika,Domora,2016.41,1040.78,2025-11-22,true,false
493,Środek Elektronika Premium,Elektronika,Primo Style,1354.75,769.39,2025-12-20,true,false
507,Dokładny Elektronika Basic,Elektronika,Aurea,1405.82,830.32,2025-07-09,true,false
509,Powolny Elektronika Eco,Elektronika,Tessera,2301.51,1536.47,2026-04-10,true,false
541,Całość Elektronika Premium,Elektronika,Lumia,289.30,163.88,2025-04-29,true,false
556,Kobiecy Elektronika Premium,Elektronika,Klarra,1666.74,1032.51,2026-02-04,true,false
562,Mgła Elektronika Eco,Elektronika,Ecolen,2037.84,1581.26,2025-11-23,true,false
579,Dziewczyna Elektronika Basic,Elektronika,Vantex,441.18,279.03,2025-01-26,true,false
582,Płakać Elektronika Eco,Elektronika,Vantex,1408.96,874.12,2026-01-18,true,false
598,Świecić Elektronika Eco,Elektronika,Nordly,1127.49,786.70,2024-11-28,true,false
602,Deska Elektronika Eco,Elektronika,Bellure,1607.63,1109.86,2026-03-26,true,false
617,Bronić Elektronika Pro,Elektronika,Domora,715.28,449.72,2026-02-03,true,false
622,Pokonać Elektronika Basic,Elektronika,Vesto,2344.22,1538.07,2024-10-07,true,false
625,Początek Elektronika Classic,Elektronika,UrbanLine,534.34,297.46,2026-07-07,true,false
627,Zimno Elektronika Eco,Elektronika,Klarra,328.53,203.73,2025-02-03,true,false
642,Świeca Elektronika Classic,Elektronika,Domora,1368.82,819.22,2025-08-20,true,false
649,Członek Elektronika Classic,Elektronika,Kidzo,1992.49,1411.41,2026-05-21,true,false
658,Hałas Elektronika Premium,Elektronika,Nordly,1420.40,897.88,2025-09-17,true,false
663,Polityk Elektronika Classic,Elektronika,Lumia,1259.82,774.93,2024-12-26,true,false
668,Temu Elektronika Premium,Elektronika,Klarra,1203.65,887.17,2026-08-06,true,false
681,Ten sam Elektronika Eco,Elektronika,Tessera,1861.77,1181.24,2026-04-30,true,false
689,Diabeł Elektronika Eco,Elektronika,Vantex,2261.09,1537.50,2025-11-07,true,false
699,Autobus Elektronika Pro,Elektronika,Bellure,2235.68,1782.65,2025-11-25,true,false
712,Kraina Elektronika Pro,Elektronika,Vantex,1305.04,795.52,2025-03-30,true,false
716,Na Elektronika Eco,Elektronika,GripPro,2481.40,1799.83,2024-11-24,true,false
717,Wzór Elektronika Premium,Elektronika,Klarra,722.09,399.72,2025-06-06,true,false
736,Sąd Elektronika Pro,Elektronika,Aurea,1142.73,655.22,2026-03-02,true,false
741,Dokonać Elektronika Basic,Elektronika,MaxFit,2229.74,1298.81,2024-09-26,true,false
751,Miód Elektronika Pro,Elektronika,Primo Style,818.22,545.56,2026-04-10,true,false
770,Kochać Elektronika Eco,Elektronika,Ecolen,1491.39,1010.17,2025-05-13,true,false
776,Uderzyć Elektronika Classic,Elektronika,Ecolen,202.02,128.42,2026-05-05,false,false
779,Szczególnie Elektronika Basic,Elektronika,Nortex,1733.92,1242.59,2024-11-12,true,false
783,Bok Elektronika Premium,Elektronika,Nortex,1707.21,1045.68,2024-09-09,true,false
806,Łączyć Elektronika Pro,Elektronika,UrbanLine,1591.42,1031.29,2024-10-16,true,false
808,Kultura Elektronika Eco,Elektronika,Bellure,1781.09,1159.63,2024-10-10,true,false
814,Królowa Elektronika Classic,Elektronika,Nortex,1599.14,1261.27,2025-12-18,true,false
817,Znajdować się Elektronika Pro,Elektronika,Vesto,2378.39,1370.24,2024-11-24,true,false
818,"40 Elektronika Premium",Elektronika,Nortex,1964.47,1422.46,2025-11-18,true,false
824,Powszechny Elektronika Basic,Elektronika,Nordly,1206.09,824.70,2026-05-12,true,false
833,O Elektronika Basic,Elektronika,Klarra,1256.52,885.25,2025-11-19,true,false
838,Budowla Elektronika Basic,Elektronika,Nordly,92.00,61.04,2025-03-21,true,false
853,Pasmo Elektronika Pro,Elektronika,Klarra,409.89,235.18,2026-07-23,true,false
872,Tamten Elektronika Classic,Elektronika,Domora,837.09,469.73,2026-04-23,true,false
874,Dziewczynka Elektronika Premium,Elektronika,Domora,1227.18,722.68,2025-12-03,true,false
876,Spokojny Elektronika Pro,Elektronika,Nordly,2482.47,1341.42,2024-10-19,true,false
908,Tworzyć Elektronika Pro,Elektronika,Nortex,2381.94,1453.32,2024-10-12,true,false
916,Mieszkanka Elektronika Eco,Elektronika,Aurea,871.25,599.25,2026-08-06,true,false
923,Stolica Dom Eco,Dom i wnętrza,Nortex,502.58,315.29,2026-04-21,true,false
929,Jedynie Elektronika Premium,Elektronika,Primo Style,1449.78,949.44,2025-03-23,true,false
934,Bawić się Elektronika Basic,Elektronika,GripPro,187.63,113.32,2025-05-06,true,false
954,Wnętrze Elektronika Classic,Elektronika,Vesto,2442.67,1659.63,2024-11-05,true,false
967,Całkiem Elektronika Eco,Elektronika,Kidzo,1326.55,845.07,2026-06-16,true,false
976,Dźwięk Elektronika Basic,Elektronika,Nortex,1921.88,1247.00,2025-06-02,false,false
983,Zdrowy Elektronika Premium,Elektronika,MaxFit,2078.96,1254.10,2026-06-16,true,false
996,Warstwa Elektronika Classic,Elektronika,Nordly,307.10,208.75,2024-12-28,true,false
1006,Ryzyko Elektronika Classic,Elektronika,Domora,1009.06,598.95,2026-05-28,true,false
1013,Mój Elektronika Premium,Elektronika,MaxFit,866.39,548.66,2024-12-21,true,false
1014,Dodać Elektronika Pro,Elektronika,GripPro,2143.69,1608.01,2026-05-26,true,false
1024,Znosić Elektronika Premium,Elektronika,Primo Style,1785.48,1125.21,2024-09-28,true,false
1027,Dzień Elektronika Basic,Elektronika,Primo Style,1392.63,1041.36,2026-02-18,false,false
1031,Pożar Elektronika Basic,Elektronika,GripPro,2230.50,1505.41,2026-02-06,true,false
1051,Zaburzenie Elektronika Eco,Elektronika,Klarra,659.07,395.76,2024-11-17,true,false
1056,Zabawka Elektronika Eco,Elektronika,UrbanLine,815.31,495.85,2025-11-01,true,false
1060,Członek Elektronika Eco,Elektronika,MaxFit,1472.33,991.08,2026-08-03,true,false
1090,Podać Elektronika Pro,Elektronika,UrbanLine,848.32,523.92,2025-03-01,true,false
1095,"9 Elektronika Pro",Elektronika,Kidzo,251.71,129.82,2025-10-17,true,false
1106,Czuć Elektronika Premium,Elektronika,Primo Style,1232.79,794.86,2026-04-25,true,false
1107,Wszyscy Elektronika Pro,Elektronika,Nortex,934.44,589.52,2025-04-03,true,false
1108,Właściciel Elektronika Premium,Elektronika,Nortex,1161.28,840.55,2026-02-18,false,false
1110,Szczęście Elektronika Classic,Elektronika,Vesto,1248.58,701.88,2025-11-07,true,false
1130,Suchy Elektronika Classic,Elektronika,Vantex,3993.09,77.20,2024-12-01,true,false
1135,Czytać Elektronika Pro,Elektronika,Vantex,110.18,59.64,2024-10-31,true,false
1137,Róża Elektronika Eco,Elektronika,Vantex,1539.38,912.82,2025-05-06,true,false
1138,Substancja Elektronika Eco,Elektronika,Ecolen,2012.54,1231.20,2025-05-03,true,false
1154,Wiara Elektronika Pro,Elektronika,Primo Style,200.43,114.08,2024-11-21,true,false
1162,Elektryczny Elektronika Pro,Elektronika,Domora,2243.13,1214.09,2026-06-16,true,false
1177,Biec Elektronika Pro,Elektronika,Aurea,1353.12,714.31,2026-06-28,true,false
1190,Taki Elektronika Pro,Elektronika,Tessera,2336.69,1488.29,2025-12-31,true,false
1195,Amharski Elektronika Eco,Elektronika,Ecolen,1550.35,1027.24,2024-10-02,true,false
1196,Pojazd Elektronika Premium,Elektronika,Tessera,917.93,627.97,2025-10-07,true,false
1197,Butelka Elektronika Pro,Elektronika,Nortex,1036.86,703.23,2025-11-28,true,false
1200,Religijny Elektronika Basic,Elektronika,MaxFit,1661.49,872.14,2024-10-17,true,false
1205,Próbować Elektronika Pro,Elektronika,Klarra,2396.39,1616.96,2026-06-13,true,false
1219,Afryka Elektronika Eco,Elektronika,Kidzo,1527.65,1130.10,2024-11-14,true,false
1223,Oczekiwać Elektronika Pro,Elektronika,Nortex,467.79,353.05,2026-05-06,true,false
1237,Stopa Elektronika Premium,Elektronika,UrbanLine,598.58,415.71,2026-06-25,true,false
1247,Niszczyć Elektronika Eco,Elektronika,Vesto,2219.91,1394.38,2025-01-17,true,false
1259,Zawodnik Elektronika Basic,Elektronika,Nortex,2054.03,1430.51,2025-02-27,true,false
1263,Prowadzić Elektronika Pro,Elektronika,UrbanLine,1721.20,911.49,2025-02-21,true,false
1272,Kościół Elektronika Premium,Elektronika,Vesto,1391.96,878.20,2024-12-26,true,false
1276,Lustro Elektronika Premium,Elektronika,UrbanLine,1521.23,988.85,2025-04-10,false,false
1297,Położyć Elektronika Classic,Elektronika,Nortex,1720.37,1022.83,2025-11-03,true,false
1307,Zakładać Elektronika Eco,Elektronika,GripPro,150.87,118.88,2025-02-03,true,false
1310,Kolorowy Elektronika Premium,Elektronika,Primo Style,942.82,697.74,2025-11-11,true,false
1327,Kosztować Elektronika Eco,Elektronika,Nordly,359.72,205.67,2026-01-20,true,false
1336,Kiedy Elektronika Basic,Elektronika,Bellure,1217.26,818.24,2025-11-14,true,false
1347,Poprzez Elektronika Pro,Elektronika,Kidzo,1133.31,762.50,2025-04-02,true,false
1350,Wyjście Elektronika Basic,Elektronika,Bellure,1063.65,734.09,2026-07-23,true,false
1355,Postać Elektronika Eco,Elektronika,Klarra,245.26,138.54,2024-12-02,true,false
1357,Spać Elektronika Pro,Elektronika,Primo Style,174.32,116.80,2025-08-02,true,false
1359,Unia europejska Elektronika Premium,Elektronika,GripPro,405.05,242.65,2024-10-17,true,false
1367,Jeść Elektronika Eco,Elektronika,Klarra,2374.00,1487.63,2025-10-01,true,false
1368,Wilk Elektronika Eco,Elektronika,Lumia,237.06,137.29,2024-09-24,true,false
1406,Tytuł Elektronika Eco,Elektronika,Vesto,653.80,388.81,2025-03-27,true,false
1408,Ludzki Elektronika Classic,Elektronika,Bellure,248.86,194.21,2024-11-20,true,false
1411,Czynność Elektronika Premium,Elektronika,Nordly,82.96,61.69,2026-03-02,true,false
1419,Móc Elektronika Premium,Elektronika,Klarra,634.71,447.74,2025-03-26,false,false
1423,Wojskowy Elektronika Eco,Elektronika,Vantex,1743.56,1121.68,2024-11-02,true,false
1425,Cały Elektronika Premium,Elektronika,Aurea,1457.90,949.90,2025-03-09,true,false
1432,Kupować Elektronika Classic,Elektronika,Bellure,1240.13,705.65,2024-11-26,true,false
1447,Naród Elektronika Eco,Elektronika,Klarra,512.53,336.41,2025-11-03,true,false
1449,Żyć Elektronika Eco,Elektronika,Nordly,2081.43,1266.52,2026-04-22,true,false
1455,Wzrost Elektronika Premium,Elektronika,MaxFit,2357.04,1696.50,2025-05-20,true,false
1458,Rezultat Elektronika Basic,Elektronika,Ecolen,892.02,593.64,2025-09-11,true,false
1475,Spór Elektronika Classic,Elektronika,Kidzo,619.18,397.85,2026-03-14,true,false
1493,Ból Elektronika Pro,Elektronika,Primo Style,2061.06,1223.59,2026-07-19,true,false
1507,Przygotować Elektronika Premium,Elektronika,Klarra,2453.08,1820.27,2025-04-22,false,false
1511,Dwadzieścia Elektronika Classic,Elektronika,Klarra,817.57,451.19,2024-11-06,true,false
1524,Dany Elektronika Classic,Elektronika,UrbanLine,2415.29,1533.85,2024-12-16,true,false
1543,Sobą Elektronika Pro,Elektronika,Klarra,764.18,490.48,2024-12-16,false,false
1552,Owoc Elektronika Basic,Elektronika,Aurea,2438.76,1697.59,2025-10-23,true,false
1555,Świadczyć Elektronika Premium,Elektronika,Vesto,2047.58,1095.06,2025-07-02,false,false
1582,Bać się Elektronika Pro,Elektronika,Kidzo,232.49,125.15,2024-11-16,true,false
123,Lew Moda Basic,Moda damska,GripPro,364.94,193.79,2026-07-27,true,false
131,Układ okresowy Moda Pro,Moda damska,Vesto,65.19,38.41,2024-10-16,true,false
1583,Ono Elektronika Pro,Elektronika,Vantex,2100.81,1260.37,2025-09-23,true,false
1590,Położenie Elektronika Premium,Elektronika,Aurea,2425.68,1521.23,2026-05-02,true,false
1598,Wojsko Elektronika Eco,Elektronika,UrbanLine,2410.03,1572.36,2025-05-04,true,false
1599,Idea Elektronika Premium,Elektronika,Aurea,1526.87,1017.62,2026-06-01,true,false
1608,Ocean Elektronika Basic,Elektronika,Vantex,411.50,260.39,2026-08-06,true,false
1626,Uznawać Elektronika Premium,Elektronika,Nortex,783.83,550.64,2025-07-15,true,false
1628,A Elektronika Premium,Elektronika,Tessera,1478.10,786.78,2026-05-11,true,false
1643,Żart Elektronika Eco,Elektronika,Kidzo,778.76,497.86,2025-01-21,true,false
1644,Skrzydło Elektronika Pro,Elektronika,Tessera,456.15,344.66,2025-04-27,true,false
1647,Róża Elektronika Basic,Elektronika,Klarra,2459.09,1431.07,2024-12-12,true,false
1652,Bitwa Elektronika Classic,Elektronika,Nortex,1217.61,871.27,2025-05-05,true,false
1656,Podział Elektronika Eco,Elektronika,Klarra,398.90,248.92,2025-10-17,true,false
1676,Podłoga Elektronika Pro,Elektronika,Bellure,1448.44,1001.45,2026-04-17,true,false
1680,Zwykle Elektronika Pro,Elektronika,Bellure,646.79,379.57,2026-07-21,false,false
1684,Potrawa Elektronika Eco,Elektronika,Lumia,1853.36,1239.86,2024-10-31,true,false
1696,Historyczny Elektronika Basic,Elektronika,Lumia,758.83,607.06,2025-01-21,false,false
1697,Rozmawiać Elektronika Premium,Elektronika,Aurea,572.18,438.00,2024-12-16,true,false
1703,Wyraz Elektronika Classic,Elektronika,Vesto,73.08,38.70,2025-12-07,true,false
1712,Przykład Elektronika Premium,Elektronika,Ecolen,619.50,495.60,2025-08-02,true,false
1713,Strata Elektronika Premium,Elektronika,Bellure,809.08,526.89,2025-03-21,true,false
1716,Pierwiastek Elektronika Eco,Elektronika,Nordly,2028.50,1363.67,2026-02-11,true,false
1717,W kształcie Elektronika Basic,Elektronika,Nortex,328.22,237.13,2025-10-21,true,false
1723,Język Elektronika Eco,Elektronika,Primo Style,405.51,265.82,2025-07-05,true,false
1741,Obrona Elektronika Premium,Elektronika,Tessera,919.45,670.04,2025-12-02,true,false
1750,Pracować Elektronika Eco,Elektronika,Domora,1387.87,1016.65,2024-11-23,true,false
1789,Liczny Elektronika Premium,Elektronika,Vantex,1594.06,843.95,2025-03-21,true,false
1792,Utrzymywać Elektronika Eco,Elektronika,Domora,668.45,429.12,2024-10-24,true,false
1793,Dzisiejszy Elektronika Basic,Elektronika,Vesto,705.59,470.14,2025-12-09,true,false
1803,Jeżeli Elektronika Basic,Elektronika,Lumia,782.59,493.08,2026-03-22,true,false
1819,Siostra Elektronika Basic,Elektronika,Klarra,447.15,282.33,2026-02-16,true,false
1822,Rumunia Elektronika Classic,Elektronika,Primo Style,67.28,53.82,2025-06-25,true,false
1828,Mocno Elektronika Eco,Elektronika,Klarra,549.43,432.06,2025-11-18,true,false
1831,Późny Elektronika Premium,Elektronika,UrbanLine,2011.00,1553.30,2025-11-13,true,false
1833,Prawda Elektronika Pro,Elektronika,Bellure,1185.64,794.06,2025-04-29,true,false
1840,Błąd Elektronika Pro,Elektronika,Klarra,2461.21,1148.02,2025-12-31,true,false
1841,Farba Elektronika Pro,Elektronika,MaxFit,748.24,437.98,2026-07-03,true,false
1847,Następować Elektronika Basic,Elektronika,Bellure,1726.58,1040.78,2025-02-20,true,false
1859,Łąka Elektronika Classic,Elektronika,Kidzo,757.42,499.03,2025-10-21,false,false
1871,Ziemia Elektronika Premium,Elektronika,Tessera,1163.64,711.23,2025-10-13,true,false
1882,Członek Elektronika Premium,Elektronika,Nordly,2127.10,1477.24,2025-08-21,true,false
1885,Jeździć Elektronika Premium,Elektronika,Kidzo,1254.22,683.08,2026-03-20,true,false
1889,Skala Elektronika Classic,Elektronika,MaxFit,840.71,672.57,2025-04-19,true,false
1890,Akt Elektronika Premium,Elektronika,UrbanLine,1144.89,891.12,2026-07-24,true,false
1903,Wyrażenie Elektronika Classic,Elektronika,Vantex,2014.57,1316.60,2025-03-27,true,false
1904,Określać Elektronika Pro,Elektronika,Kidzo,419.60,316.50,2025-03-21,true,false
1916,Uczyć Elektronika Classic,Elektronika,GripPro,1047.15,628.57,2026-08-06,true,false
1929,Lis Elektronika Eco,Elektronika,Kidzo,1034.54,672.08,2024-11-26,true,false
1932,Budowla Elektronika Eco,Elektronika,Kidzo,963.72,651.91,2024-11-25,true,false
1935,Gdzie Elektronika Basic,Elektronika,Nordly,346.36,257.43,2026-06-17,true,false
1946,Chory Elektronika Premium,Elektronika,Primo Style,432.70,272.91,2026-07-22,true,false
1966,Gołąb Elektronika Pro,Elektronika,MaxFit,248.61,172.50,2024-12-23,true,false
1974,Śniadanie Elektronika Classic,Elektronika,Vesto,1509.83,946.87,2025-12-03,false,false
1977,Dwa Elektronika Pro,Elektronika,Tessera,1373.35,956.77,2025-12-10,true,false
1978,Strona Elektronika Premium,Elektronika,Klarra,208.00,134.29,2025-07-18,true,false
1984,Masło Elektronika Classic,Elektronika,Bellure,117.21,83.58,2025-01-20,true,false
686,Ulegać Elektronika Premium,Elektronika,Kidzo,79.39,52.11,2025-07-08,true,false
1049,Zapomnieć Elektronika Premium,Elektronika,Vesto,840.42,585.73,2026-08-06,true,false
1569,Fakt Elektronika Eco,Elektronika,Tessera,1916.42,1074.70,2025-12-13,true,false
1574,Tydzień Elektronika Eco,Elektronika,Vantex,1121.41,664.08,2025-02-05,true,false
1764,On Uroda Basic,Uroda,Bellure,181.69,64.36,2024-09-21,true,false
1884,Postać Moda Premium,Moda męska,Domora,184.27,100.91,2025-04-19,true,false
1998,Powierzchnia Moda Pro,Moda damska,Nordly,380.12,165.81,2026-02-23,false,false
1134,Umiejętność Moda Basic,Moda damska,Bellure,0.00,175.38,2024-12-07,true,true
1164,Lewy Moda Eco,Moda damska,Klarra,0.00,64.83,2025-04-05,true,true
184,Reakcja Moda Eco,Moda damska,Bellure,353.49,224.23,2026-06-03,true,false
191,Zupa Moda Classic,Moda damska,Ecolen,77.58,50.94,2025-01-31,true,false
198,Dzisiejszy Moda Eco,Moda damska,Ecolen,141.16,93.27,2025-04-12,true,false
203,Przynieść Moda Basic,Moda damska,Primo Style,101.41,38.01,2026-08-06,true,false
206,Białoruś Moda Eco,Moda damska,Nordly,100.52,57.21,2025-12-22,true,false
212,Wymagać Moda Classic,Moda damska,Vantex,230.73,131.23,2024-10-28,true,false
216,Ciągnąć Moda Classic,Moda damska,Nortex,338.02,161.48,2026-07-26,true,false
217,Metalowy Moda Pro,Moda damska,Vantex,83.75,47.06,2024-12-15,true,false
226,Sądowy Moda Classic,Moda damska,Tessera,177.20,97.66,2025-10-07,false,false
227,Tańczyć Moda Eco,Moda damska,Kidzo,365.33,178.30,2026-06-27,true,false
248,Mój Moda Pro,Moda damska,Ecolen,58.71,34.44,2025-04-11,true,false
1216,Światło Moda Pro,Moda damska,Domora,0.00,140.73,2026-03-12,true,true
1353,Nie- Moda Pro,Moda damska,Nortex,0.00,39.17,2025-09-12,true,true
1846,Kolejny Moda Pro,Moda damska,Vantex,0.00,88.66,2026-01-25,false,true
690,Zająć Moda Basic,Moda damska,Lumia,360.23,220.80,2024-12-05,true,false
1059,"4 Moda Classic",Moda damska,MaxFit,241.82,149.37,2025-11-16,true,false
1152,Palić Elektronika Premium,Elektronika,Klarra,0.00,528.88,2026-04-11,true,true
1485,Nie ma Elektronika Pro,Elektronika,Kidzo,0.00,426.45,2025-03-02,true,true
1609,Profesor Elektronika Eco,Elektronika,UrbanLine,561.29,353.44,2026-02-04,true,false
1999,Intensywny Moda Pro,Moda męska,Vantex,135.58,89.64,2026-06-20,true,false
46,Naturalny Moda Basic,Moda męska,Ecolen,0.00,48.49,2025-08-24,true,true
1331,Jaki Moda Premium,Moda męska,MaxFit,0.00,130.45,2026-06-30,true,true
2000,Żywność Dom Classic,Dom i wnętrza,Aurea,795.55,434.04,2025-09-06,true,false
1994,Pragnąć Uroda Classic,Uroda,Primo Style,49.65,20.99,2025-06-19,true,false
1995,Ściana Uroda Basic,Uroda,Vesto,82.09,37.76,2025-09-05,true,false
1997,Pomarańczowy Uroda Classic,Uroda,Ecolen,25.13,10.54,2024-11-03,true,false
1727,Sukienka Uroda Classic,Uroda,Vantex,0.00,25.21,2025-05-18,true,true
1629,Usa Uroda Pro,Uroda,GripPro,41.40,23.51,2025-06-17,true,false
1993,Sprzęt Sport Classic,Sport,UrbanLine,56.24,31.82,2025-05-26,true,false
841,Dlaczego Sport Pro,Sport,Primo Style,0.00,217.39,2025-07-22,true,true
1326,Drogi Sport Eco,Sport,Bellure,0.00,119.13,2025-04-08,true,true
1412,Gleba Dziecko Basic,Dziecko,Kidzo,0.00,183.92,2024-09-17,true,true
1996,Wyrażać Akcesoria Basic,Akcesoria,Klarra,246.28,114.73,2025-07-20,true,false
583,Wierny Akcesoria Premium,Akcesoria,Domora,0.00,65.88,2026-03-29,true,true
825,Czasownik Akcesoria Basic,Akcesoria,Klarra,0.00,33.92,2025-03-28,true,true
1542,Nawet Akcesoria Pro,Akcesoria,Klarra,0.00,69.08,2024-12-03,false,true
32,Posługiwać się Dom Pro,Dom i wnętrza,Ecolen,0.00,153.61,2024-12-14,true,true
603,Nasz Dom Pro,Dom i wnętrza,GripPro,0.00,74.53,2025-05-09,true,true
774,Odległość Dom Pro,Dom i wnętrza,MaxFit,0.00,250.72,2026-07-19,true,true
896,Połowa Dom Pro,Dom i wnętrza,Domora,0.00,52.43,2026-02-11,true,true
1124,Biblioteka Dom Eco,Dom i wnętrza,Tessera,0.00,399.66,2024-10-21,true,true
1232,Marka Dom Classic,Dom i wnętrza,MaxFit,0.00,307.53,2025-05-02,true,true
1767,Nieszczęście Dom Premium,Dom i wnętrza,Ecolen,0.00,385.69,2026-02-22,true,true
1923,Strefa Dom Classic,Dom i wnętrza,Bellure,0.00,370.85,2026-06-28,false,true
43,Koza Moda Pro,Moda męska,Lumia,218.01,103.54,2024-09-04,true,false
51,Lud Moda Pro,Moda męska,Lumia,154.48,103.42,2024-09-06,true,false
53,Rosja Moda Pro,Moda męska,UrbanLine,271.26,159.38,2025-05-22,true,false
54,Administracyjny Moda Basic,Moda męska,Bellure,376.22,182.83,2024-11-21,true,false
57,Seks Moda Premium,Moda męska,MaxFit,229.67,121.10,2026-05-09,false,false
72,Publiczny Moda Eco,Moda męska,Vesto,140.08,76.71,2024-09-05,true,false
93,Administracyjny Moda Basic,Moda męska,UrbanLine,224.87,140.18,2025-02-17,true,false
97,Przybyć Moda Pro,Moda męska,Nortex,236.72,145.86,2025-02-04,true,false
100,Zupełnie Moda Classic,Moda męska,Nordly,167.15,113.50,2026-02-18,true,false
118,Azja Moda Eco,Moda męska,UrbanLine,161.69,75.11,2026-06-22,true,false
127,Zapalenie Moda Premium,Moda męska,Nortex,323.97,162.33,2025-10-28,true,false
132,Bieda Moda Classic,Moda męska,Nortex,69.54,42.49,2026-08-06,true,false
143,Paliwo Moda Basic,Moda męska,Domora,387.95,275.17,2025-12-21,true,false
144,Łódź Moda Pro,Moda męska,Klarra,202.63,117.21,2025-11-29,true,false
147,Srebro Moda Premium,Moda męska,Tessera,205.93,128.15,2024-10-24,true,false
169,Jedzenie Moda Classic,Moda męska,Nortex,165.21,70.85,2025-06-14,true,false
170,Tworzyć Moda Premium,Moda męska,Vesto,364.50,237.33,2025-04-03,true,false
173,Zawsze Moda Pro,Moda męska,Vantex,91.95,50.48,2025-02-08,true,false
174,Utrzymywać Moda Basic,Moda męska,Domora,204.29,123.75,2026-08-06,true,false
188,Prywatny Moda Premium,Moda męska,Tessera,205.51,108.56,2026-02-24,true,false
189,Jan Moda Classic,Moda męska,MaxFit,52.21,31.83,2026-05-29,true,false
190,Pieniądze Moda Pro,Moda męska,Domora,223.20,107.32,2025-09-04,true,false
193,Próba Moda Basic,Moda męska,Lumia,46.23,21.99,2025-04-19,false,false
199,Piękny Moda Eco,Moda męska,Nordly,271.53,112.97,2026-08-06,true,false
200,Tłuszcz Moda Premium,Moda męska,Tessera,257.08,158.33,2025-01-09,true,false
205,Mnóstwo Moda Premium,Moda męska,MaxFit,388.01,219.85,2025-02-08,true,false
209,Pismo Moda Premium,Moda męska,Domora,155.52,88.58,2025-01-18,true,false
214,Dalej Moda Premium,Moda męska,Vesto,312.68,188.61,2025-11-30,true,false
224,Strata Moda Eco,Moda męska,Nortex,205.56,131.78,2025-03-05,false,false
106,Dziecięcy Dom Classic,Dom i wnętrza,MaxFit,600.70,399.08,2024-12-21,true,false
115,"2 Dom Pro",Dom i wnętrza,GripPro,667.45,304.30,2024-12-21,true,false
117,Obcy Dom Premium,Dom i wnętrza,Nordly,890.70,333.89,2026-02-15,true,false
119,Narzędzie Dom Eco,Dom i wnętrza,Vantex,775.25,471.89,2026-02-21,true,false
124,Jedzenie Dom Pro,Dom i wnętrza,Primo Style,855.83,391.19,2025-10-28,false,false
133,Przed Dom Premium,Dom i wnętrza,Nordly,352.11,204.51,2026-07-20,false,false
156,Znany Dom Classic,Dom i wnętrza,Bellure,757.70,374.27,2025-07-18,true,false
163,Lipiec Dom Eco,Dom i wnętrza,Nordly,124.25,64.23,2026-02-24,true,false
165,Zanim Dom Premium,Dom i wnętrza,Vesto,507.37,290.14,2025-05-29,true,false
63,Postawa Uroda Pro,Uroda,Vesto,15.88,7.34,2025-12-10,true,false
67,Graniczyć Uroda Classic,Uroda,GripPro,129.42,50.38,2025-05-08,true,false
87,Dziadek Uroda Basic,Uroda,Vesto,96.01,31.18,2025-11-17,true,false
99,Tysiąc Uroda Pro,Uroda,Tessera,111.46,39.80,2025-02-08,true,false
108,Jazda Uroda Basic,Uroda,Aurea,178.60,81.13,2025-10-03,true,false
112,Charakterystyczny Uroda Premium,Uroda,Aurea,162.01,75.26,2024-09-03,true,false
125,Mebel Uroda Eco,Uroda,Lumia,124.94,40.55,2025-04-27,false,false
126,Szczyt Uroda Premium,Uroda,Primo Style,132.02,55.28,2026-02-15,true,false
128,Osobisty Uroda Premium,Uroda,Nordly,91.83,41.27,2026-05-11,true,false
129,Matematyka Uroda Pro,Uroda,Vantex,76.06,37.50,2024-11-02,true,false
135,Afryka Uroda Basic,Uroda,UrbanLine,80.47,24.74,2026-05-02,true,false
146,Niemcy Uroda Eco,Uroda,Bellure,63.26,32.79,2024-12-17,true,false
150,Spaść Uroda Basic,Uroda,Klarra,134.14,63.77,2024-12-22,true,false
154,Film Uroda Premium,Uroda,Primo Style,186.79,80.37,2024-11-29,true,false
160,Pusty Uroda Pro,Uroda,Primo Style,162.84,76.84,2025-02-18,true,false
180,Słońce Uroda Premium,Uroda,Aurea,44.39,18.50,2025-02-14,true,false
181,Burza Uroda Basic,Uroda,Vantex,45.80,16.01,2025-04-17,true,false
183,Ogon Uroda Classic,Uroda,UrbanLine,21.84,10.61,2024-10-16,true,false
185,Należeć Uroda Classic,Uroda,Nortex,25.63,13.06,2026-02-19,true,false
207,Przedstawiciel Uroda Pro,Uroda,Ecolen,176.71,104.79,2025-02-27,true,false
234,Szybko Uroda Premium,Uroda,Bellure,34.25,17.40,2026-04-17,true,false
235,Narodowy Uroda Eco,Uroda,Aurea,37.18,20.08,2024-11-02,true,false
264,Turcja Uroda Eco,Uroda,Klarra,79.96,34.56,2025-02-05,true,false
274,Student Uroda Eco,Uroda,Nortex,157.24,90.18,2025-04-22,true,false
276,Polak Uroda Basic,Uroda,Vantex,123.60,40.45,2025-06-07,true,false
278,Niebieski Uroda Basic,Uroda,Tessera,147.87,60.90,2024-11-04,true,false
294,Scena Uroda Basic,Uroda,Ecolen,130.48,42.70,2026-06-13,true,false
305,Ucho Uroda Premium,Uroda,Aurea,155.34,83.89,2026-04-28,true,false
334,Na przykład Uroda Classic,Uroda,Klarra,136.11,50.07,2024-11-17,true,false
352,Uzyskać Uroda Pro,Uroda,Ecolen,42.97,16.83,2026-03-22,true,false
361,Bezpieczeństwo Uroda Premium,Uroda,Vantex,26.72,8.64,2025-11-05,true,false
364,Wreszcie Uroda Classic,Uroda,Klarra,18.85,7.79,2025-03-25,true,false
369,Organ Uroda Classic,Uroda,Aurea,29.33,15.50,2025-02-24,true,false
384,Dym Uroda Classic,Uroda,Lumia,17.02,8.85,2024-10-25,true,false
388,Japonia Uroda Premium,Uroda,Ecolen,57.12,23.42,2026-08-06,true,false
391,Niewolnik Uroda Pro,Uroda,Primo Style,71.80,27.91,2025-04-08,true,false
394,Wieża Uroda Premium,Uroda,Nortex,154.30,57.96,2024-12-19,false,false
395,Zaraz Uroda Premium,Uroda,Bellure,44.14,20.71,2025-12-28,false,false
402,Rachunek Uroda Classic,Uroda,UrbanLine,58.00,26.93,2024-11-07,true,false
405,Prawo Uroda Basic,Uroda,Primo Style,111.63,42.94,2026-08-06,true,false
406,Nosić Uroda Pro,Uroda,Vesto,184.61,92.81,2025-11-17,true,false
408,I Uroda Classic,Uroda,Primo Style,59.84,27.81,2025-07-25,true,false
409,Chemiczny Uroda Pro,Uroda,Domora,166.08,85.58,2025-06-09,true,false
412,Usuwać Uroda Premium,Uroda,Klarra,99.68,58.82,2026-05-08,true,false
416,Telefon Uroda Premium,Uroda,Vesto,139.55,70.39,2026-06-21,true,false
421,Kapelusz Uroda Eco,Uroda,Lumia,183.68,93.04,2025-04-06,true,false
422,Małpa Uroda Classic,Uroda,UrbanLine,149.58,54.27,2024-11-11,true,false
445,Przyjaciel Uroda Premium,Uroda,Bellure,185.03,96.28,2026-03-22,true,false
457,"5 Uroda Pro",Uroda,Ecolen,19.46,7.18,2025-05-08,true,false
464,Wybrać Uroda Premium,Uroda,Nortex,64.57,24.76,2025-03-06,true,false
467,Dziura Uroda Eco,Uroda,Nordly,86.96,38.31,2025-12-06,true,false
472,Gwiazdozbiór Uroda Premium,Uroda,Kidzo,180.54,82.05,2025-11-12,true,false
492,Rak Uroda Premium,Uroda,Lumia,168.13,83.91,2025-11-13,true,false
494,Język Uroda Basic,Uroda,Domora,187.98,68.36,2025-12-02,true,false
499,Raz Uroda Premium,Uroda,Primo Style,146.57,79.44,2026-03-25,true,false
514,Obowiązek Uroda Pro,Uroda,Vantex,45.19,19.59,2025-12-30,true,false
521,Zboże Uroda Pro,Uroda,Nortex,182.58,88.65,2025-06-21,false,false
523,On Uroda Premium,Uroda,Kidzo,91.48,42.98,2024-12-14,true,false
531,Rzucić Uroda Classic,Uroda,Klarra,68.29,33.12,2025-06-21,true,false
538,Lis Uroda Basic,Uroda,Domora,17.11,6.36,2025-01-15,true,false
543,Sprawiać Uroda Pro,Uroda,Klarra,80.40,31.26,2026-03-05,true,false
549,Kaczka Uroda Eco,Uroda,Nordly,125.78,50.96,2025-09-01,true,false
560,Szkolny Uroda Eco,Uroda,Klarra,22.30,11.95,2026-07-25,true,false
563,Chłopak Uroda Eco,Uroda,Nortex,37.29,18.23,2024-12-17,true,false
575,Sos Uroda Eco,Uroda,MaxFit,103.02,49.92,2025-10-25,true,false
585,Posiadać Uroda Basic,Uroda,Aurea,147.41,51.37,2024-11-16,false,false
594,Dźwięk Uroda Basic,Uroda,Primo Style,132.71,77.25,2026-03-10,true,false
597,Odcień Uroda Eco,Uroda,Primo Style,151.57,78.26,2025-09-06,true,false
609,Bydło Uroda Premium,Uroda,Vesto,166.86,70.78,2026-03-13,true,false
624,Rachunek Uroda Pro,Uroda,Nortex,59.64,23.00,2025-11-30,true,false
629,Czoło Uroda Premium,Uroda,Kidzo,106.07,45.54,2025-12-12,true,false
630,Rynek Uroda Classic,Uroda,GripPro,109.58,50.48,2024-10-05,true,false
631,Inny Uroda Eco,Uroda,GripPro,94.74,34.23,2026-07-09,true,false
632,Pewien Uroda Classic,Uroda,UrbanLine,162.90,72.64,2025-12-13,true,false
633,Wciąż Uroda Pro,Uroda,GripPro,95.44,54.77,2025-10-21,true,false
638,"20 Uroda Classic",Uroda,Ecolen,50.65,20.07,2026-05-13,true,false
651,Obowiązywać Uroda Premium,Uroda,Nortex,39.48,16.26,2026-05-03,true,false
653,Wioska Uroda Pro,Uroda,Domora,91.62,36.51,2026-05-24,true,false
677,Produkt Uroda Pro,Uroda,Vesto,131.71,50.36,2025-07-21,true,false
685,Ponieważ Uroda Eco,Uroda,Bellure,137.44,53.09,2025-01-07,true,false
691,Prowincja Uroda Premium,Uroda,MaxFit,28.74,14.41,2024-09-11,true,false
692,Granica Uroda Classic,Uroda,Nortex,116.41,47.09,2026-08-03,true,false
701,Królewski Uroda Pro,Uroda,Nortex,56.31,21.53,2025-05-18,true,false
702,Rumunia Uroda Pro,Uroda,UrbanLine,99.85,45.14,2025-11-23,true,false
714,Majuskuła Uroda Classic,Uroda,Vesto,34.81,15.19,2025-04-27,true,false
731,Gołąb Uroda Premium,Uroda,Nordly,66.34,42.29,2024-10-18,true,false
734,Cześć Uroda Classic,Uroda,Klarra,135.49,73.18,2025-06-22,true,false
740,Biec Uroda Pro,Uroda,UrbanLine,89.91,49.79,2024-11-13,true,false
766,Spokojny Uroda Premium,Uroda,Vesto,37.73,21.65,2026-03-24,true,false
769,Nazywać Uroda Classic,Uroda,Vesto,95.51,42.89,2026-04-04,true,false
772,Pierś Uroda Premium,Uroda,Tessera,103.96,41.50,2025-08-21,true,false
781,Izrael Uroda Eco,Uroda,MaxFit,154.97,60.03,2026-07-23,true,false
799,Góra Uroda Eco,Uroda,Primo Style,77.26,30.14,2026-05-07,true,false
802,Umysł Uroda Pro,Uroda,Nortex,57.10,26.45,2025-12-07,true,false
811,Sobie Uroda Pro,Uroda,Lumia,161.63,84.36,2026-05-30,true,false
815,Po prostu Uroda Premium,Uroda,Domora,15.76,7.67,2025-12-20,true,false
820,Zgromadzenie Uroda Classic,Uroda,Vesto,90.29,39.84,2025-07-07,true,false
834,Nauczycielka Uroda Basic,Uroda,Aurea,16.73,5.02,2025-07-17,false,false
851,Słaby Uroda Classic,Uroda,Vesto,174.64,75.37,2026-05-01,true,false
856,Dziś Uroda Basic,Uroda,Ecolen,155.41,72.38,2025-07-25,false,false
857,Spadek Uroda Classic,Uroda,Lumia,110.10,45.20,2024-12-31,true,false
863,Wypadek Uroda Pro,Uroda,UrbanLine,27.72,12.79,2024-12-13,true,false
866,Pojawiać się Uroda Eco,Uroda,Nordly,146.77,71.92,2024-12-31,true,false
869,Potrzebny Uroda Premium,Uroda,UrbanLine,113.32,50.94,2024-09-02,true,false
880,Wypowiedź Uroda Pro,Uroda,Lumia,113.15,46.23,2025-04-17,true,false
885,Suma Uroda Premium,Uroda,Vantex,90.97,44.43,2026-02-06,true,false
889,Wpływ Uroda Basic,Uroda,Domora,117.86,48.49,2026-04-04,true,false
893,Wiosna Uroda Premium,Uroda,Aurea,72.80,38.04,2025-11-14,true,false
905,Nauczycielka Uroda Basic,Uroda,Nordly,155.36,85.79,2025-12-04,true,false
911,Sto Uroda Classic,Uroda,MaxFit,104.41,31.32,2026-06-29,true,false
913,Trwać Uroda Eco,Uroda,UrbanLine,139.29,70.64,2025-12-10,true,false
914,Zmarły Uroda Premium,Uroda,Aurea,141.84,63.09,2026-04-24,true,false
921,Terytorium Uroda Pro,Uroda,Bellure,160.99,71.77,2025-01-15,true,false
932,Naj- Uroda Premium,Uroda,Primo Style,26.89,10.47,2026-03-27,true,false
935,Sowa Uroda Pro,Uroda,Kidzo,179.33,98.11,2025-11-10,true,false
952,Epoka Uroda Eco,Uroda,Nordly,93.34,40.33,2026-07-16,true,false
963,Literatura Uroda Eco,Uroda,Vesto,142.50,80.23,2024-10-04,true,false
989,Sklep Uroda Pro,Uroda,Aurea,164.42,69.51,2025-11-09,true,false
1005,Interes Uroda Pro,Uroda,Lumia,73.67,35.39,2024-12-18,true,false
1008,Zimny Uroda Pro,Uroda,Aurea,152.94,71.60,2024-10-21,true,false
1021,Ziemia Uroda Pro,Uroda,GripPro,112.28,42.05,2025-04-28,true,false
1025,Cały Uroda Premium,Uroda,Lumia,52.87,23.02,2024-09-03,true,false
1029,Bóg Uroda Basic,Uroda,Nordly,39.42,20.70,2026-01-05,true,false
1053,Powszechny Uroda Pro,Uroda,Kidzo,4865.40,69.08,2026-08-02,true,false
1064,Lekki Uroda Eco,Uroda,Vantex,51.82,25.35,2026-08-06,true,false
1069,Wejść Uroda Basic,Uroda,Vantex,102.06,53.88,2025-11-26,true,false
1075,Otwierać Uroda Classic,Uroda,Aurea,182.20,69.49,2025-05-26,true,false
1078,Samica Uroda Classic,Uroda,Primo Style,76.76,38.65,2024-10-21,true,false
1086,Zabić Uroda Basic,Uroda,Bellure,29.81,14.06,2025-05-01,true,false
1109,Uśmiech Uroda Classic,Uroda,Ecolen,36.92,17.29,2025-10-23,false,false
1119,Wywołać Uroda Eco,Uroda,Kidzo,132.06,53.12,2026-05-31,true,false
1122,Ameryka Uroda Classic,Uroda,MaxFit,145.55,69.32,2024-11-26,true,false
1129,Ziarno Uroda Basic,Uroda,Nortex,148.88,79.21,2024-12-07,true,false
1131,Właściwość Uroda Premium,Uroda,Kidzo,74.23,45.93,2026-06-18,true,false
1139,Dziewczynka Uroda Pro,Uroda,Lumia,145.63,68.85,2025-01-07,true,false
1153,Rodzaj Uroda Eco,Uroda,MaxFit,177.77,74.17,2026-06-04,true,false
1157,Ludzie Uroda Basic,Uroda,Tessera,57.92,34.48,2026-02-12,true,false
1160,Metoda Uroda Basic,Uroda,Nortex,16.20,8.08,2024-12-20,true,false
1174,Drewno Uroda Pro,Uroda,Kidzo,35.66,13.77,2026-08-06,true,false
1175,Jeszcze Uroda Pro,Uroda,Nortex,52.36,24.11,2026-01-23,true,false
1176,Trzeba Uroda Basic,Uroda,Kidzo,20.65,8.31,2025-11-21,true,false
1203,Rozmawiać Uroda Premium,Uroda,Bellure,44.27,20.40,2025-01-23,true,false
1204,Grzyb Uroda Pro,Uroda,GripPro,102.42,53.39,2026-01-08,true,false
1207,Dym Uroda Premium,Uroda,GripPro,124.59,68.84,2025-09-25,true,false
1226,Niewielki Uroda Premium,Uroda,Domora,19.13,9.07,2026-04-20,false,false
1229,Szczególny Uroda Premium,Uroda,Tessera,23.81,10.85,2025-05-25,false,false
1240,Brzeg Uroda Classic,Uroda,UrbanLine,100.70,39.85,2025-06-28,true,false
1241,Sen Uroda Premium,Uroda,Bellure,73.19,36.38,2024-12-13,true,false
1244,Pewien Uroda Pro,Uroda,Domora,77.83,34.10,2025-06-16,false,false
1246,Za Uroda Pro,Uroda,UrbanLine,126.62,49.36,2025-02-04,true,false
1250,Powiat Uroda Pro,Uroda,Kidzo,84.08,43.56,2024-11-23,true,false
1270,Przyrząd Uroda Classic,Uroda,Ecolen,17.38,8.47,2024-10-30,true,false
1278,Obchodzić Uroda Pro,Uroda,Klarra,66.04,28.43,2025-09-13,false,false
1281,Gdy Uroda Eco,Uroda,Vantex,66.47,32.95,2025-11-21,true,false
1287,Wskazywać Uroda Basic,Uroda,Aurea,35.57,12.78,2024-09-21,true,false
1293,Gołąb Uroda Premium,Uroda,Vesto,45.78,20.50,2025-09-25,true,false
1299,Artystyczny Uroda Eco,Uroda,Klarra,135.66,70.88,2026-05-25,true,false
1312,Gruby Uroda Classic,Uroda,Bellure,77.40,29.84,2026-06-30,true,false
1320,Dzielnica Uroda Premium,Uroda,Tessera,188.61,85.16,2025-07-09,true,false
1330,Wtorek Uroda Classic,Uroda,Tessera,75.11,35.14,2026-03-10,true,false
1341,Samochodowy Uroda Premium,Uroda,Kidzo,116.03,53.73,2025-08-05,true,false
1346,Kamień Uroda Eco,Uroda,Ecolen,81.68,33.39,2024-12-07,true,false
1349,Stopa Uroda Premium,Uroda,Vantex,158.71,85.21,2025-11-02,true,false
1373,Przypadek Uroda Classic,Uroda,Vantex,56.22,27.74,2025-10-06,true,false
1390,Kościelny Uroda Classic,Uroda,GripPro,111.30,52.14,2025-10-31,true,false
1398,Służba Uroda Pro,Uroda,Kidzo,116.76,45.12,2026-06-24,false,false
1410,Forma Uroda Classic,Uroda,Domora,84.65,38.65,2026-03-09,true,false
1413,Ciąża Uroda Classic,Uroda,Nortex,41.76,18.48,2025-10-14,true,false
1420,Dwanaście Uroda Classic,Uroda,Vantex,86.46,43.66,2024-12-04,true,false
1437,Właściwość Uroda Basic,Uroda,Kidzo,72.70,44.02,2025-09-27,false,false
1452,Podstawowy Uroda Pro,Uroda,Tessera,85.95,42.34,2026-05-09,true,false
1461,Podłoga Uroda Pro,Uroda,Tessera,58.50,27.20,2025-11-07,true,false
1474,Przyjmować Uroda Premium,Uroda,GripPro,21.19,10.73,2026-08-06,true,false
1491,Płacić Uroda Eco,Uroda,UrbanLine,36.31,14.07,2024-10-30,true,false
1502,Wiosna Uroda Classic,Uroda,Primo Style,110.19,59.62,2024-11-15,true,false
1503,Leżeć Uroda Pro,Uroda,Lumia,80.66,33.45,2025-02-01,true,false
1510,Zniszczyć Uroda Pro,Uroda,Ecolen,27.01,13.78,2025-04-26,true,false
1512,Poza Uroda Pro,Uroda,Ecolen,118.79,64.43,2026-03-11,true,false
1536,Duński Uroda Pro,Uroda,Bellure,162.63,85.33,2025-04-05,true,false
1541,Pszczoła Uroda Pro,Uroda,Tessera,77.11,28.57,2026-02-21,true,false
1556,Cisza Uroda Premium,Uroda,Vantex,163.69,90.91,2025-04-11,true,false
1558,Przedstawiciel Uroda Classic,Uroda,Nordly,46.64,20.52,2025-06-20,true,false
1564,Do Uroda Premium,Uroda,MaxFit,60.05,27.74,2024-10-27,true,false
1580,Współczesny Uroda Classic,Uroda,UrbanLine,184.21,104.88,2025-09-28,true,false
1588,Kawa Uroda Premium,Uroda,Aurea,69.90,40.48,2024-11-04,false,false
1594,Medycyna Uroda Premium,Uroda,Tessera,24.78,9.15,2025-08-28,true,false
1602,Większy Uroda Pro,Uroda,Domora,127.87,70.31,2026-05-21,true,false
1615,Zwykły Uroda Premium,Uroda,Bellure,145.75,67.29,2025-04-03,true,false
1618,Wyjść Uroda Basic,Uroda,Nortex,50.64,25.52,2026-03-11,true,false
1624,Choroba Uroda Premium,Uroda,Aurea,83.51,31.18,2025-11-24,true,false
1627,Minuta Uroda Pro,Uroda,Tessera,44.24,16.32,2024-10-16,true,false
1637,Postępowanie Uroda Eco,Uroda,Nortex,165.15,65.46,2025-10-09,true,false
1638,Kolej Uroda Basic,Uroda,Nordly,87.59,39.20,2026-05-14,true,false
1639,Niewolnik Uroda Eco,Uroda,Nordly,50.50,23.51,2024-10-31,true,false
1562,Szeroki Uroda Classic,Uroda,MaxFit,131.05,41.76,2025-06-02,true,false
1648,Wyrażać Uroda Premium,Uroda,GripPro,21.85,11.33,2024-09-22,true,false
1654,Dar Uroda Eco,Uroda,MaxFit,176.28,88.39,2026-07-06,true,false
1669,Kwestia Uroda Eco,Uroda,GripPro,104.64,56.51,2024-12-28,false,false
1670,Palec Uroda Eco,Uroda,Vantex,81.91,33.36,2025-04-11,true,false
1672,Wóz Uroda Pro,Uroda,Klarra,115.31,64.08,2025-04-06,true,false
1683,Budzić Uroda Classic,Uroda,Primo Style,70.85,41.56,2025-02-26,true,false
1698,"20 Uroda Classic",Uroda,Nordly,78.80,31.50,2025-05-12,false,false
1705,Dużo Uroda Classic,Uroda,Tessera,156.22,65.21,2026-01-09,true,false
1714,Chiny Uroda Eco,Uroda,Lumia,59.91,21.32,2025-07-03,true,false
1724,Chęć Uroda Pro,Uroda,Bellure,33.57,17.58,2025-11-15,true,false
1728,Zobaczyć Uroda Premium,Uroda,Domora,179.08,72.85,2025-11-25,true,false
1730,Prąd Uroda Eco,Uroda,Vesto,62.87,29.78,2025-11-12,true,false
1731,"1 Uroda Eco",Uroda,Ecolen,74.33,35.12,2024-09-25,true,false
1736,Piosenka Uroda Classic,Uroda,Ecolen,158.79,70.66,2025-12-11,true,false
1749,Cienki Uroda Classic,Uroda,GripPro,157.77,68.65,2025-04-04,true,false
1760,Węgry Uroda Pro,Uroda,Bellure,156.44,75.50,2025-10-19,true,false
1777,Rodzinny Uroda Eco,Uroda,UrbanLine,93.80,43.20,2025-03-15,true,false
1778,Podróżować Uroda Classic,Uroda,Bellure,47.76,22.76,2025-03-13,true,false
1780,Przerwa Uroda Pro,Uroda,Bellure,37.68,16.02,2025-11-14,true,false
1786,Uczeń Uroda Basic,Uroda,Kidzo,186.49,99.58,2025-12-09,true,false
1807,Przyrząd Uroda Basic,Uroda,Vantex,157.83,67.28,2024-10-04,true,false
1809,Następny Uroda Pro,Uroda,Nortex,176.60,94.65,2025-07-31,true,false
1812,Ostatni Uroda Premium,Uroda,GripPro,77.91,27.54,2025-09-01,true,false
1818,Zmieniać Uroda Eco,Uroda,Kidzo,70.68,28.49,2025-09-02,true,false
1820,Stosować Uroda Premium,Uroda,Primo Style,40.03,20.92,2024-09-28,true,false
1830,Wieczór Uroda Pro,Uroda,Nortex,113.46,52.47,2026-06-03,true,false
1855,Marka Uroda Eco,Uroda,MaxFit,85.72,38.02,2026-05-05,true,false
1870,Źle Uroda Pro,Uroda,Primo Style,185.34,75.30,2025-09-18,true,false
1873,Kolejowy Uroda Eco,Uroda,Vesto,87.73,43.07,2024-11-02,true,false
1877,Odpowiadać Uroda Basic,Uroda,Klarra,139.18,65.18,2024-11-25,true,false
1883,Złodziej Uroda Basic,Uroda,Nortex,97.11,51.92,2026-04-14,true,false
1888,Wybuch Uroda Premium,Uroda,Nordly,68.43,28.30,2024-09-13,true,false
1908,Przecież Uroda Basic,Uroda,Klarra,96.15,47.23,2025-04-26,true,false
1919,Wymagać Uroda Classic,Uroda,Tessera,112.72,47.15,2025-03-12,true,false
1925,Przecież Uroda Pro,Uroda,Aurea,57.36,24.11,2024-10-23,true,false
1926,Czyn Uroda Premium,Uroda,UrbanLine,137.37,66.62,2025-05-20,false,false
1939,Umrzeć Uroda Pro,Uroda,Domora,175.04,79.97,2026-01-23,true,false
1940,Ulegać Uroda Eco,Uroda,UrbanLine,146.71,56.79,2025-11-02,true,false
1972,Grecki Uroda Pro,Uroda,Primo Style,128.27,50.27,2026-04-14,true,false
1988,Zdolny Uroda Classic,Uroda,Nortex,187.37,77.49,2025-02-18,false,false
286,Pół Sport Premium,Sport,Ecolen,400.31,215.62,2026-04-30,true,false
289,Zachowywać się Sport Classic,Sport,Nortex,267.70,141.04,2024-10-06,true,false
298,Częściowo Sport Basic,Sport,Vesto,444.07,229.57,2025-08-30,true,false
318,Oni Sport Premium,Sport,Primo Style,597.82,300.88,2025-04-13,true,false
321,Chyba Sport Pro,Sport,Vantex,466.92,178.49,2026-01-07,true,false
330,Pół Sport Classic,Sport,GripPro,160.48,98.45,2024-12-05,true,false
340,Szanowny Sport Classic,Sport,Vesto,78.58,45.25,2025-06-22,true,false
386,Strona Sport Classic,Sport,Aurea,425.14,197.81,2026-04-09,true,false
387,Profesor Sport Pro,Sport,MaxFit,473.52,235.96,2024-11-26,true,false
411,Jadalny Sport Pro,Sport,Kidzo,591.96,231.26,2026-01-10,true,false
414,Źle Sport Pro,Sport,Vantex,549.05,252.51,2024-12-31,true,false
430,Kto Sport Classic,Sport,Aurea,182.76,96.24,2024-10-01,true,false
436,Sąd Sport Premium,Sport,Vesto,204.52,108.04,2025-12-19,true,false
458,Listopad Sport Classic,Sport,Bellure,359.70,141.26,2025-09-19,true,false
474,Styl Sport Classic,Sport,Vesto,377.26,199.22,2025-06-11,true,false
485,Scena Sport Premium,Sport,Tessera,273.07,155.20,2026-08-03,true,false
486,Powoli Sport Eco,Sport,Primo Style,102.18,58.99,2024-11-04,true,false
496,Uderzać Sport Pro,Sport,Primo Style,349.51,217.00,2026-07-10,true,false
500,Termin Sport Pro,Sport,Nordly,557.49,231.35,2025-01-08,false,false
512,Plan Sport Basic,Sport,Primo Style,523.79,304.66,2026-03-24,false,false
525,Biuro Sport Pro,Sport,Domora,115.65,52.25,2026-08-06,true,false
540,Zielony Sport Classic,Sport,Nordly,288.00,143.38,2026-04-01,true,false
546,Taniec Sport Premium,Sport,Klarra,174.16,73.42,2026-04-29,true,false
554,Zupa Sport Basic,Sport,MaxFit,228.33,134.92,2026-02-21,true,false
566,Oznaczać Sport Pro,Sport,MaxFit,98.26,50.15,2024-12-07,true,false
569,Rzeczownik Sport Classic,Sport,MaxFit,552.79,308.80,2025-07-09,true,false
590,Zwrot Sport Premium,Sport,Kidzo,382.17,171.00,2025-04-14,true,false
619,Dodać Sport Premium,Sport,Vantex,48.16,24.42,2025-06-07,true,false
659,Radość Sport Classic,Sport,Aurea,439.03,194.76,2026-04-11,true,false
694,Plecy Sport Classic,Sport,Domora,370.42,186.15,2024-11-13,true,false
711,Powodować Sport Eco,Sport,Lumia,90.57,52.16,2025-10-02,true,false
720,Bank Sport Eco,Sport,MaxFit,497.08,229.67,2024-09-13,true,false
743,Zjeść Sport Classic,Sport,Tessera,223.14,109.22,2025-03-28,true,false
780,Kupować Sport Classic,Sport,Tessera,199.66,115.22,2025-04-16,true,false
792,Siebie Sport Basic,Sport,UrbanLine,72.81,39.51,2025-09-07,true,false
795,Wrażenie Sport Basic,Sport,Nordly,161.46,90.60,2026-06-09,true,false
801,Dostęp Sport Classic,Sport,Klarra,362.94,164.98,2025-12-17,true,false
810,Inny Sport Premium,Sport,Tessera,234.33,135.63,2025-02-22,true,false
828,Ten sam Sport Pro,Sport,Primo Style,435.53,176.04,2024-12-01,false,false
830,Powierzchnia Sport Eco,Sport,GripPro,92.56,37.13,2025-09-20,true,false
842,Uczeń Sport Premium,Sport,Ecolen,255.86,140.05,2025-03-26,true,false
864,Okoliczność Sport Basic,Sport,Nortex,480.78,241.78,2026-06-22,true,false
879,Serce Sport Eco,Sport,Tessera,357.96,208.85,2025-02-14,true,false
887,Przyjaźń Sport Eco,Sport,Ecolen,538.63,322.52,2025-08-06,true,false
895,Położenie Sport Premium,Sport,MaxFit,336.28,154.65,2024-09-19,true,false
899,Wysoko Sport Premium,Sport,Domora,202.39,86.60,2024-09-03,true,false
903,"900 Sport Basic",Sport,Nordly,214.42,120.17,2024-12-10,true,false
982,Otwierać Sport Basic,Sport,Vantex,232.43,89.21,2025-04-17,true,false
987,Królestwo Sport Eco,Sport,Nortex,344.42,138.44,2026-04-07,true,false
992,Ludzie Sport Premium,Sport,Lumia,123.21,68.02,2024-09-27,true,false
1004,Naturalny Sport Eco,Sport,Nordly,374.21,245.24,2024-11-27,true,false
1009,Mieszkanie Sport Basic,Sport,Vesto,299.33,192.17,2025-12-27,true,false
1012,"50 Sport Classic",Sport,Nordly,509.70,259.56,2025-08-21,true,false
1018,Święto Sport Eco,Sport,Lumia,580.80,328.64,2024-10-05,true,false
1035,Funkcja Sport Classic,Sport,MaxFit,183.44,83.63,2025-01-28,true,false
1036,Krótki Sport Eco,Sport,MaxFit,151.50,65.06,2025-06-19,true,false
1042,Według Sport Classic,Sport,Kidzo,137.83,79.58,2025-12-03,true,false
1046,Moralny Sport Premium,Sport,Vantex,46.75,28.07,2025-02-09,true,false
1054,Piękny Sport Premium,Sport,Aurea,166.65,87.01,2024-10-20,true,false
1076,Danie Sport Eco,Sport,Klarra,116.60,83.29,2025-10-27,true,false
1079,Program Sport Premium,Sport,UrbanLine,47.09,20.88,2025-11-08,true,false
1082,Mistrz Sport Premium,Sport,Bellure,141.09,67.18,2026-01-31,false,false
1094,Małżeństwo Sport Eco,Sport,Domora,521.86,273.06,2024-11-12,true,false
1132,Starać się Sport Premium,Sport,Klarra,319.62,164.77,2025-09-12,true,false
1151,Powód Sport Premium,Sport,Domora,222.78,109.70,2025-02-28,true,false
1202,Próba Sport Premium,Sport,Aurea,52.89,25.15,2025-06-15,true,false
1210,Wyjście Sport Pro,Sport,Nortex,336.97,174.95,2026-04-22,true,false
1215,Klasa Sport Classic,Sport,Kidzo,32.64,19.76,2025-04-23,true,false
1218,Właściwy Sport Premium,Sport,Klarra,593.49,277.04,2024-09-27,true,false
1230,Moment Sport Eco,Sport,Nordly,45.33,21.02,2025-11-30,true,false
1238,Zwykle Sport Eco,Sport,Primo Style,83.36,38.48,2025-07-18,true,false
1245,Jajko Sport Pro,Sport,Lumia,416.43,253.92,2024-12-20,true,false
1248,Kwiecień Sport Basic,Sport,Kidzo,263.44,142.97,2025-01-19,true,false
1254,Próba Sport Premium,Sport,Aurea,522.68,302.15,2025-03-21,true,false
1264,Promień Sport Basic,Sport,Aurea,11212.56,293.30,2025-01-08,true,false
1273,Cichy Sport Eco,Sport,Vesto,197.68,101.87,2024-10-21,true,false
1279,Teren Sport Basic,Sport,Domora,426.76,216.70,2025-12-16,true,false
1283,Grudzień Sport Classic,Sport,Ecolen,444.40,258.44,2025-10-28,true,false
1290,Posiadać Sport Pro,Sport,Nordly,341.86,237.12,2025-05-04,true,false
1294,Nazywać Sport Premium,Sport,Bellure,526.96,273.61,2026-08-01,true,false
1298,Gwałtowny Sport Classic,Sport,Kidzo,102.15,48.22,2025-10-18,true,false
1301,Gniew Sport Pro,Sport,Ecolen,381.93,178.68,2025-11-03,true,false
1302,Prywatny Sport Eco,Sport,Tessera,513.48,194.27,2024-12-12,true,false
1306,Przerwa Sport Basic,Sport,MaxFit,392.53,258.87,2026-03-31,true,false
1364,Zamiar Sport Eco,Sport,Lumia,568.20,307.82,2026-04-10,true,false
1374,W wyniku Sport Pro,Sport,Tessera,299.80,171.73,2026-06-01,true,false
1397,Wchodzić Sport Pro,Sport,MaxFit,311.86,177.63,2024-09-27,true,false
1400,Albo Sport Classic,Sport,Domora,342.80,169.92,2025-06-03,false,false
1429,"50 Sport Classic",Sport,Kidzo,547.27,325.02,2026-05-25,true,false
1439,Ozdobny Sport Basic,Sport,UrbanLine,486.37,238.80,2025-12-05,true,false
1456,Poprzez Sport Pro,Sport,Kidzo,108.37,48.65,2024-09-24,true,false
1467,Mieszkanie Sport Eco,Sport,Nordly,277.10,134.12,2024-10-04,true,false
1499,Obowiązek Sport Basic,Sport,Tessera,339.40,181.30,2024-12-23,true,false
1501,Zbiornik Sport Pro,Sport,Vesto,482.97,268.21,2024-11-09,true,false
1528,Szacunek Sport Eco,Sport,Primo Style,462.10,250.32,2025-04-03,true,false
1532,Dlatego Sport Pro,Sport,Lumia,270.55,119.50,2025-04-05,true,false
1534,Lód Sport Basic,Sport,Bellure,547.44,164.23,2025-10-15,true,false
1538,Naukowy Sport Classic,Sport,Vesto,487.91,263.47,2026-04-02,true,false
1545,Tarcza Sport Eco,Sport,Aurea,574.57,251.72,2026-05-28,true,false
1565,Stopa Sport Eco,Sport,Primo Style,442.87,210.06,2025-09-26,false,false
1576,Pusty Sport Pro,Sport,Kidzo,315.35,153.38,2025-04-22,true,false
1581,Zainteresowanie Sport Pro,Sport,Tessera,379.09,186.89,2025-06-02,true,false
1585,Zmęczony Sport Basic,Sport,Klarra,357.78,208.38,2025-02-02,true,false
1589,Jezus Sport Basic,Sport,Vesto,238.08,122.66,2026-07-02,true,false
1603,Wieczorem Sport Classic,Sport,Ecolen,384.40,181.54,2024-12-22,true,false
1610,Jeśli Sport Eco,Sport,Bellure,271.54,128.90,2025-10-31,true,false
1611,Wzrost Sport Premium,Sport,Vesto,40.98,20.32,2026-03-31,false,false
1613,Zostać Sport Eco,Sport,Aurea,335.87,163.09,2026-04-11,true,false
1614,Krótki Sport Pro,Sport,Bellure,105.21,58.20,2026-06-08,true,false
1621,Kult Sport Classic,Sport,Primo Style,395.38,231.24,2025-06-17,true,false
1630,Morze Sport Pro,Sport,Klarra,428.63,244.32,2025-06-10,true,false
1661,Obowiązywać Sport Classic,Sport,Tessera,78.57,38.41,2025-10-09,true,false
1667,Kiedyś Sport Pro,Sport,Kidzo,515.39,348.30,2025-01-20,true,false
1673,Kupić Sport Premium,Sport,Ecolen,490.69,219.26,2025-09-21,true,false
1685,Kolumna Sport Pro,Sport,UrbanLine,57.10,22.26,2025-03-26,true,false
1693,Otwarty Sport Basic,Sport,Ecolen,291.39,136.67,2026-07-30,true,false
1719,Północ Sport Premium,Sport,Kidzo,330.36,167.42,2024-10-16,true,false
1721,Numer Sport Eco,Sport,Klarra,339.89,179.54,2026-03-14,true,false
1740,Przedstawiać Sport Eco,Sport,Lumia,234.23,117.83,2025-08-07,true,false
1776,Motyl Sport Classic,Sport,GripPro,125.19,56.09,2026-07-31,true,false
1797,Wysyłać Sport Eco,Sport,Tessera,400.80,246.10,2024-11-02,true,false
1814,Urodzić się Sport Basic,Sport,Tessera,482.94,237.81,2025-11-27,true,false
1823,Pół Sport Basic,Sport,Aurea,438.30,270.31,2025-01-24,true,false
1834,Podnosić Sport Pro,Sport,Tessera,571.79,278.98,2025-09-06,true,false
1850,Handlowy Sport Classic,Sport,Vantex,416.74,171.98,2026-04-02,true,false
1864,Godność Sport Basic,Sport,GripPro,70.16,45.45,2025-12-21,false,false
1893,Kierowca Sport Basic,Sport,Ecolen,433.30,214.92,2026-02-28,true,false
1907,Nowy Sport Eco,Sport,Primo Style,262.98,134.93,2026-03-04,true,false
1910,Policja Sport Eco,Sport,GripPro,320.99,169.32,2025-08-03,true,false
1942,Lewy Sport Pro,Sport,Bellure,293.37,164.80,2024-12-30,true,false
1944,Obrona Sport Basic,Sport,GripPro,382.16,184.48,2025-12-23,false,false
1945,Zupełnie Sport Pro,Sport,Vantex,505.69,239.84,2026-04-09,true,false
1949,Trwały Sport Premium,Sport,MaxFit,228.50,149.53,2025-11-03,true,false
1959,Środowisko Sport Classic,Sport,Vantex,305.60,140.95,2025-06-30,true,false
1964,Żołądek Sport Basic,Sport,MaxFit,398.20,206.93,2024-09-13,true,false
1968,Procent Sport Basic,Sport,MaxFit,50.41,16.72,2025-12-13,true,false
1989,Miód Sport Basic,Sport,Kidzo,312.97,141.93,2026-04-07,true,false
1991,Czechy Sport Basic,Sport,Primo Style,145.00,69.19,2025-03-31,true,false
495,Naprawdę Dziecko Basic,Dziecko,Tessera,203.07,93.77,2024-10-09,true,false
498,Choroba Dziecko Eco,Dziecko,Bellure,50.90,26.67,2025-07-27,false,false
502,Pomagać Dziecko Premium,Dziecko,Aurea,190.92,102.07,2025-11-06,true,false
529,Wódka Dziecko Pro,Dziecko,MaxFit,247.41,119.03,2026-08-06,false,false
558,Każdy Dziecko Premium,Dziecko,Klarra,86.88,49.68,2024-11-09,true,false
584,Rodzinny Dziecko Premium,Dziecko,Klarra,201.89,81.22,2024-09-13,true,false
586,R. Dziecko Classic,Dziecko,Ecolen,119.85,48.25,2026-05-31,true,false
595,Zwierzę Dziecko Basic,Dziecko,UrbanLine,108.04,51.81,2024-10-18,true,false
606,Polegać Dziecko Classic,Dziecko,Vesto,26.98,10.73,2026-04-29,false,false
626,Teoria Dziecko Eco,Dziecko,Klarra,219.81,142.66,2025-04-06,true,false
645,Herbata Dziecko Basic,Dziecko,Domora,86.24,30.34,2026-03-20,true,false
657,Narkotyk Dziecko Eco,Dziecko,Lumia,310.04,123.01,2024-09-13,true,false
705,Gniew Dziecko Pro,Dziecko,Aurea,102.95,46.25,2024-10-10,true,false
715,Rada Dziecko Pro,Dziecko,Kidzo,186.45,89.25,2025-12-07,true,false
721,Plaża Dziecko Premium,Dziecko,Kidzo,229.01,112.25,2025-12-01,true,false
738,Bar Dziecko Basic,Dziecko,UrbanLine,141.49,61.05,2025-11-11,true,false
749,Gotowy Dziecko Premium,Dziecko,Domora,71.81,25.40,2026-05-14,true,false
752,Wartość Dziecko Pro,Dziecko,Ecolen,343.72,186.73,2025-03-11,false,false
773,Umożliwiać Dziecko Classic,Dziecko,Aurea,209.50,118.07,2026-02-16,true,false
790,Jechać Dziecko Classic,Dziecko,Primo Style,285.72,126.18,2026-07-16,true,false
821,Brzydki Dziecko Classic,Dziecko,Primo Style,87.93,33.56,2024-10-22,true,false
835,Przynieść Dziecko Classic,Dziecko,Tessera,336.95,209.33,2025-03-20,false,false
862,No Dziecko Premium,Dziecko,Vantex,163.21,82.13,2025-11-14,true,false
886,Bóg Dziecko Pro,Dziecko,GripPro,112.22,74.56,2025-04-09,true,false
891,Muzeum Dziecko Premium,Dziecko,Ecolen,41.77,20.08,2025-06-13,true,false
919,Z powodu Dziecko Pro,Dziecko,Primo Style,144.57,73.99,2026-01-06,true,false
925,Motyl Dziecko Premium,Dziecko,Nordly,201.39,82.62,2026-05-05,true,false
938,Temat Dziecko Pro,Dziecko,UrbanLine,161.57,71.58,2026-08-04,true,false
955,Teoria Dziecko Pro,Dziecko,Domora,21.75,9.12,2026-02-17,true,false
1017,Dostęp Dziecko Classic,Dziecko,Aurea,41.10,18.93,2025-10-07,true,false
1034,Trwać Dziecko Eco,Dziecko,Vantex,175.39,97.81,2025-12-15,true,false
1066,Transport Dziecko Basic,Dziecko,Aurea,214.74,111.33,2024-10-23,true,false
1068,Banknot Dziecko Premium,Dziecko,Primo Style,329.76,185.32,2024-12-29,true,false
1087,Ciekawy Dziecko Premium,Dziecko,Aurea,42.44,18.41,2025-07-21,true,false
1093,Właśnie Dziecko Classic,Dziecko,Aurea,88.47,40.12,2025-04-11,true,false
1112,Pojawiać się Dziecko Pro,Dziecko,UrbanLine,65.60,35.45,2025-10-09,true,false
1121,Cichy Dziecko Classic,Dziecko,Domora,554.53,9.62,2025-11-25,true,false
1143,Czoło Dziecko Premium,Dziecko,Aurea,274.83,118.40,2024-09-11,false,false
1182,Jutro Dziecko Eco,Dziecko,Vesto,102.44,47.49,2025-10-26,true,false
1193,Ani Dziecko Basic,Dziecko,Kidzo,339.48,203.91,2024-10-13,true,false
1224,Zwycięstwo Dziecko Premium,Dziecko,Vesto,46.76,20.89,2025-05-11,false,false
1225,Obrona Dziecko Pro,Dziecko,UrbanLine,52.08,20.87,2025-01-08,false,false
1228,Żółty Dziecko Basic,Dziecko,Primo Style,324.73,144.34,2025-06-09,true,false
1253,Sam Dziecko Pro,Dziecko,MaxFit,70.55,36.85,2025-10-02,true,false
1266,Majątek Dziecko Pro,Dziecko,Primo Style,91.18,35.37,2024-10-28,true,false
1271,Środkowy Dziecko Basic,Dziecko,Vantex,104.34,50.64,2025-06-29,true,false
1274,Wysoki Dziecko Eco,Dziecko,GripPro,312.83,151.85,2025-10-26,true,false
1309,Działalność Dziecko Basic,Dziecko,MaxFit,315.32,158.97,2026-01-23,true,false
1322,Studiować Dziecko Classic,Dziecko,Vesto,155.89,72.22,2025-05-03,true,false
1323,Kwiat Dziecko Eco,Dziecko,Vantex,236.70,146.64,2024-10-26,true,false
1332,Pole Dziecko Classic,Dziecko,Aurea,149.78,63.59,2025-03-29,true,false
1356,Wygrać Dziecko Premium,Dziecko,Klarra,85.76,39.90,2025-05-03,true,false
1369,Łączyć Dziecko Classic,Dziecko,Bellure,240.24,96.59,2025-08-08,true,false
1375,Wczoraj Dziecko Pro,Dziecko,Vesto,43.00,17.94,2026-03-05,false,false
1378,Niski Dziecko Basic,Dziecko,Primo Style,154.19,80.44,2026-08-06,true,false
1386,Maszyna Dziecko Premium,Dziecko,Nortex,332.26,152.89,2026-05-20,true,false
1389,Kolejny Dziecko Basic,Dziecko,Primo Style,214.95,85.42,2025-07-13,true,false
1393,Dziki Dziecko Eco,Dziecko,Vantex,206.24,108.48,2025-11-18,true,false
1402,Nasz Dziecko Premium,Dziecko,UrbanLine,303.35,146.67,2025-10-10,true,false
1405,Futro Dziecko Premium,Dziecko,Primo Style,207.80,91.42,2024-12-24,true,false
1440,Grudzień Dziecko Premium,Dziecko,Lumia,267.10,134.58,2026-03-17,true,false
1457,Spotkać Dziecko Classic,Dziecko,Primo Style,198.60,94.48,2025-04-17,true,false
1473,Minister Dziecko Basic,Dziecko,Kidzo,142.69,83.03,2024-11-04,true,false
1486,Przyjemny Dziecko Classic,Dziecko,Vantex,156.74,60.69,2025-05-04,true,false
1489,Tańczyć Dziecko Classic,Dziecko,UrbanLine,38.87,15.78,2025-03-08,false,false
1530,Cesarz Dziecko Premium,Dziecko,GripPro,35.37,20.71,2025-02-13,true,false
1537,Owad Dziecko Pro,Dziecko,Kidzo,281.00,138.02,2026-01-22,false,false
1563,Ocean Dziecko Eco,Dziecko,Vesto,333.53,167.87,2025-09-11,true,false
1568,Głośny Dziecko Classic,Dziecko,Ecolen,259.12,97.24,2026-06-10,false,false
1573,Dowód Dziecko Classic,Dziecko,Bellure,80.31,37.84,2025-11-03,true,false
1592,Sto Dziecko Basic,Dziecko,Lumia,169.36,93.09,2025-08-26,true,false
1601,Samiec Dziecko Basic,Dziecko,Vesto,210.97,93.86,2026-05-15,true,false
1612,Spadać Dziecko Eco,Dziecko,GripPro,311.13,138.34,2024-11-18,true,false
1622,Dane Dziecko Premium,Dziecko,Domora,305.95,136.29,2024-12-23,true,false
1699,Podać Dziecko Pro,Dziecko,Vesto,341.23,136.63,2025-09-14,true,false
1702,Włos Dziecko Eco,Dziecko,Bellure,39.10,15.91,2025-12-17,false,false
1709,Anglia Dziecko Pro,Dziecko,Tessera,206.53,96.24,2025-04-02,true,false
1711,Dziewięć Dziecko Premium,Dziecko,Lumia,206.87,103.99,2024-10-03,true,false
1765,Podać Dziecko Basic,Dziecko,Kidzo,210.33,108.62,2024-12-08,true,false
1771,Musieć Dziecko Pro,Dziecko,Ecolen,268.09,119.15,2025-05-15,true,false
1773,Gniew Dziecko Pro,Dziecko,Aurea,116.29,62.89,2025-02-08,true,false
1806,Intensywny Dziecko Eco,Dziecko,Ecolen,73.96,36.04,2026-08-06,true,false
1808,Ty Dziecko Basic,Dziecko,Ecolen,58.72,27.48,2025-10-07,true,false
1811,Przeszkoda Dziecko Basic,Dziecko,Nortex,76.41,43.97,2024-10-24,true,false
1817,Epoka Dziecko Classic,Dziecko,Kidzo,49.87,21.38,2026-01-23,true,false
1836,Stowarzyszenie Dziecko Pro,Dziecko,GripPro,51.72,25.28,2025-11-09,true,false
1837,Znowu Dziecko Premium,Dziecko,Klarra,166.47,71.85,2024-12-27,true,false
1844,Anioł Dziecko Classic,Dziecko,Kidzo,221.78,117.82,2026-05-29,true,false
1854,Otaczać Dziecko Eco,Dziecko,Bellure,151.12,65.92,2026-07-31,true,false
1857,Założyć Dziecko Pro,Dziecko,Tessera,328.04,168.71,2024-12-11,true,false
1886,Duży Dziecko Eco,Dziecko,Klarra,179.54,91.44,2025-04-19,true,false
1891,Jabłko Dziecko Basic,Dziecko,Domora,143.52,60.24,2025-07-09,true,false
1895,Olej Dziecko Eco,Dziecko,Vantex,86.64,39.43,2026-05-21,true,false
1898,Procent Dziecko Eco,Dziecko,Ecolen,83.67,32.38,2026-07-13,true,false
1905,Żeby Dziecko Basic,Dziecko,Lumia,143.07,71.16,2024-10-14,true,false
1906,Także Dziecko Basic,Dziecko,Vesto,24.95,14.77,2024-11-23,true,false
1958,Spodnie Dziecko Classic,Dziecko,Kidzo,277.36,125.14,2025-06-25,true,false
1975,Okazja Dziecko Classic,Dziecko,Nortex,21.43,9.45,2025-10-30,true,false
287,Kraków Akcesoria Basic,Akcesoria,Nordly,63.30,35.67,2025-12-01,true,false
304,Mieszkanka Akcesoria Pro,Akcesoria,Primo Style,219.27,95.20,2026-01-25,true,false
325,Źródło Akcesoria Pro,Akcesoria,Bellure,246.13,77.44,2025-12-11,true,false
366,Cena Akcesoria Eco,Akcesoria,Domora,79.03,41.54,2026-08-06,true,false
385,Pokój Akcesoria Premium,Akcesoria,MaxFit,106.84,66.57,2025-03-14,true,false
419,Zgodny Akcesoria Premium,Akcesoria,Klarra,119.20,35.76,2025-11-15,true,false
484,Ważny Akcesoria Premium,Akcesoria,GripPro,177.66,79.92,2025-05-31,true,false
511,Centrum Akcesoria Eco,Akcesoria,Domora,42.23,17.71,2026-05-29,false,false
528,Wisieć Akcesoria Basic,Akcesoria,MaxFit,85.97,36.21,2024-11-06,true,false
555,Pisanie Akcesoria Premium,Akcesoria,Nortex,169.76,71.03,2024-11-18,true,false
565,Który Akcesoria Premium,Akcesoria,Tessera,117.82,57.80,2025-01-27,true,false
599,Zmęczony Akcesoria Classic,Akcesoria,Tessera,91.80,35.89,2024-12-22,false,false
623,Rosnąć Akcesoria Premium,Akcesoria,Primo Style,113.00,57.85,2026-08-06,true,false
656,Niemiecki Akcesoria Basic,Akcesoria,Vantex,163.51,73.06,2024-12-29,true,false
669,Trzeci Akcesoria Eco,Akcesoria,Ecolen,163.39,77.79,2025-04-25,true,false
693,Policjant Akcesoria Classic,Akcesoria,Vantex,215.23,85.80,2026-04-06,true,false
696,Państwo Akcesoria Classic,Akcesoria,Klarra,220.68,109.22,2025-10-09,true,false
708,Wysokość Akcesoria Premium,Akcesoria,Primo Style,157.92,48.21,2025-02-20,true,false
722,Metalowy Akcesoria Basic,Akcesoria,UrbanLine,41.79,17.01,2025-05-10,true,false
754,Fizyczny Akcesoria Basic,Akcesoria,Primo Style,141.69,49.02,2024-11-25,true,false
760,Wpaść Akcesoria Basic,Akcesoria,Aurea,129.40,48.19,2025-05-29,true,false
784,Warzywo Akcesoria Eco,Akcesoria,Vantex,187.66,95.70,2026-04-17,true,false
844,Otrzymywać Akcesoria Premium,Akcesoria,Ecolen,189.90,74.86,2025-07-07,true,false
882,Kierować Akcesoria Basic,Akcesoria,GripPro,38.82,15.84,2025-09-01,true,false
901,Organizm Akcesoria Premium,Akcesoria,UrbanLine,2140.86,36.12,2026-04-15,true,false
962,Właściwość Akcesoria Premium,Akcesoria,Bellure,29.63,11.53,2025-07-06,false,false
984,Zdarzenie Akcesoria Pro,Akcesoria,Tessera,237.96,123.83,2025-04-09,false,false
985,Czy Akcesoria Classic,Akcesoria,Klarra,97.94,48.92,2026-05-19,true,false
1030,Niemiecki Akcesoria Premium,Akcesoria,Tessera,54.75,30.49,2024-12-29,true,false
1032,Związany Akcesoria Premium,Akcesoria,Nordly,154.73,71.99,2025-11-07,true,false
1039,Piękny Akcesoria Classic,Akcesoria,Aurea,207.31,109.37,2025-02-27,true,false
1041,Kłaść Akcesoria Eco,Akcesoria,Primo Style,234.74,82.27,2025-02-07,true,false
1058,Spadać Akcesoria Premium,Akcesoria,Tessera,210.89,104.20,2025-11-03,true,false
1084,Igła Akcesoria Classic,Akcesoria,Primo Style,213.29,97.10,2024-10-29,true,false
1085,Łuk Akcesoria Eco,Akcesoria,Tessera,93.46,44.30,2026-06-14,true,false
1103,Ubogi Akcesoria Pro,Akcesoria,Primo Style,88.45,47.38,2026-08-06,true,false
1126,Łaciński Akcesoria Eco,Akcesoria,Tessera,124.53,49.65,2025-07-02,true,false
1159,Grecki Akcesoria Classic,Akcesoria,Nortex,226.62,110.96,2024-10-07,true,false
1163,Środkowy Akcesoria Pro,Akcesoria,Kidzo,88.45,32.96,2024-12-06,true,false
1187,Dialekt Akcesoria Pro,Akcesoria,Domora,211.77,87.06,2026-03-24,true,false
1199,Zawód Akcesoria Pro,Akcesoria,Tessera,39.77,14.92,2025-12-14,true,false
1208,Z powodu Akcesoria Basic,Akcesoria,GripPro,173.52,71.26,2025-06-15,true,false
1231,Chłopak Akcesoria Pro,Akcesoria,Kidzo,17.64,7.10,2024-10-17,true,false
1251,Chcieć Akcesoria Premium,Akcesoria,GripPro,187.68,102.87,2025-02-21,true,false
1257,Stowarzyszenie Akcesoria Classic,Akcesoria,Klarra,214.03,110.22,2025-10-07,true,false
1300,Sylaba Akcesoria Eco,Akcesoria,Ecolen,131.99,66.97,2026-01-01,true,false
1324,Rysunek Akcesoria Pro,Akcesoria,Vantex,205.41,81.23,2026-06-16,true,false
1325,Zainteresowanie Akcesoria Premium,Akcesoria,UrbanLine,166.81,103.61,2025-10-20,true,false
1399,Zgoda Akcesoria Eco,Akcesoria,Vesto,55.81,21.63,2025-11-16,true,false
1416,Komputerowy Akcesoria Pro,Akcesoria,Ecolen,69.07,29.32,2026-05-31,true,false
1417,Fakt Akcesoria Basic,Akcesoria,Aurea,74.95,31.24,2026-04-26,true,false
1426,Zainteresowanie Akcesoria Classic,Akcesoria,Domora,115.03,40.00,2025-11-23,true,false
1441,Niewolnik Akcesoria Premium,Akcesoria,Klarra,236.31,119.85,2024-11-02,true,false
1442,Zawsze Akcesoria Pro,Akcesoria,Kidzo,179.98,75.62,2026-01-07,true,false
1443,Sok Akcesoria Classic,Akcesoria,Bellure,173.59,84.84,2024-12-27,true,false
1451,Kot Akcesoria Premium,Akcesoria,GripPro,99.94,47.50,2024-11-30,true,false
1466,Zapach Akcesoria Premium,Akcesoria,Nortex,154.48,87.37,2026-08-06,true,false
1468,Barwa Akcesoria Eco,Akcesoria,UrbanLine,62.79,30.98,2025-06-06,true,false
1539,Może Akcesoria Basic,Akcesoria,Vantex,107.44,47.41,2025-12-23,true,false
1557,Tutaj Akcesoria Pro,Akcesoria,Klarra,218.50,99.81,2026-04-29,true,false
1587,Jakby Akcesoria Pro,Akcesoria,Klarra,120.08,68.20,2025-04-12,true,false
1605,Rodzic Akcesoria Eco,Akcesoria,Nordly,6259.44,66.89,2026-02-20,true,false
1642,Norma Akcesoria Classic,Akcesoria,GripPro,60.09,26.63,2024-11-03,true,false
1663,Już Akcesoria Eco,Akcesoria,Domora,204.70,87.52,2025-02-13,false,false
1665,Ziemia Akcesoria Basic,Akcesoria,Vantex,186.56,109.92,2025-05-19,true,false
1675,Nauka Akcesoria Basic,Akcesoria,Nortex,166.70,50.01,2026-07-20,true,false
1701,Chrześcijaństwo Akcesoria Classic,Akcesoria,Nortex,212.70,116.48,2025-03-27,true,false
1746,Kultura Akcesoria Eco,Akcesoria,Aurea,207.17,92.11,2025-01-02,false,false
1754,Całkowicie Akcesoria Classic,Akcesoria,Nortex,91.46,37.36,2025-04-08,false,false
1761,Indie Akcesoria Eco,Akcesoria,Vantex,159.68,79.76,2026-04-08,true,false
1763,Połowa Akcesoria Pro,Akcesoria,Kidzo,214.10,109.81,2025-03-18,true,false
1774,Kura Akcesoria Eco,Akcesoria,Nortex,229.18,71.76,2025-02-28,true,false
1805,Zdrowie Akcesoria Classic,Akcesoria,GripPro,95.08,42.97,2025-06-22,true,false
1827,Rozmawiać Akcesoria Basic,Akcesoria,Vantex,217.88,88.93,2025-08-10,true,false
1845,Jeść Akcesoria Basic,Akcesoria,Nordly,33.40,12.29,2026-08-05,true,false
1872,Klient Akcesoria Pro,Akcesoria,Tessera,142.82,68.09,2024-11-01,false,false
1879,- Akcesoria Basic,Akcesoria,Nordly,178.88,75.43,2025-09-13,true,false
1887,Dziura Akcesoria Eco,Akcesoria,GripPro,40.00,15.52,2025-07-27,true,false
1902,Obywatel Akcesoria Pro,Akcesoria,Domora,15.92,7.33,2026-08-06,true,false
1915,Zeszły Akcesoria Eco,Akcesoria,Nordly,73.26,25.97,2025-08-23,true,false
1921,Przyszły Akcesoria Classic,Akcesoria,Lumia,42.22,20.73,2025-03-01,true,false
1961,Otrzymać Akcesoria Pro,Akcesoria,Aurea,138.07,57.20,2025-09-18,true,false
1982,Statek Akcesoria Basic,Akcesoria,Vesto,233.91,121.45,2026-06-29,true,false
