customer_id,first_name,last_name,email,phone,city,postal_code,registration_date,marketing_channel,loyalty_member,birth_date
1,Gaja,Minkiewicz,gaja.minkiewicz@gmail.com,+48 851 171 872,Warszawa,36-880,2026-02-20,Google Ads,False,2007-10-01
2,Adrian,Dziduch,adrian.dziduch@gmail.com,756927003,Wrocław,33-818,2025-10-03,Influencer,False,1964-11-04
3,Szymon,Dyś,szymon.dyś@gmail.com,379-669-573,Toruń,02-367,2025-10-16,Google Ads,False,1997-06-19
4,Marek,Myk,marek.myk@wp.pl,+48 503 449 894,Poznań,42-017,2024-11-25,Google Ads,False,1964-10-30
5,Mikołaj,Cyganik,mikołaj.cyganik@gmail.com,813489192,Warszawa,95-432,2024-11-11,Meta Ads,True,1983-06-24
6,Wiktor,Teodorowicz,wiktor.teodorowicz@gmail.com,,Bydgoszcz,58-797,2025-09-16,Newsletter,False,1974-10-13
7,Tola,Kandzia,tola.kandzia@wp.pl,403-166-411,Łódź,58-516,2025-02-23,Meta Ads,False,1967-05-03
8,Aleksander,Białasik,ALEKSANDER.BIAŁASIK@GMAIL.COM,969-969-423,Olsztyn,85-534,2024-09-11,Newsletter,False,1971-08-01
9,Antoni,Surdyk,antoni.surdyk@onet.pl,+48 844 050 760,Łódź,62-868,2025-12-31,Referral,True,1976-11-17
10,Dominik,Glenc,dominik.glenc@gmail.com,218 026 384,Toruń,92-932,2024-09-16,Google Ads,False,1979-02-07
11,Maksymilian,Macek,maksymilian.macek@gmail.com,+48 951 771 727,Elbląg,78-152,2025-11-10,Meta Ads,True,1959-01-28
12,Jacek,Zębik, jacek.zębik@gmail.com ,+48 379 431 439,Wrocław,82-600,2025-10-15,Google Ads,True,1984-08-28
13,Arkadiusz,Kasak,arkadiusz.kasak@gmail.com,853-375-663,Warszawa,77-544,2026-07-21,Google Ads,False,1971-03-23
14,Dorota,Świerad,dorota.świerad@gmail.com,710-015-927,Białystok,56-102,2025-08-25,Meta Ads,False,1997-08-18
15,Oliwier,Piotrkowicz,oliwier.piotrkowicz@gmail.com,,Szczecin,84-667,2024-10-08,Organic,True,2002-02-11
16,Bianka,Jakubiuk,bianka.jakubiuk@interia.pl,+48 853 760 746,Łódź,28-441,2025-10-19,Meta Ads,True,1979-07-12
17,Olaf,Rzeszut, olaf.rzeszut@wp.pl ,+48 381 259 725,Gdynia,44-848,2026-04-20,Meta Ads,False,1979-08-19
18,Urszula,Lelonek,urszula.lelonek@gmail.com,449 672 131,Poznań,13-321,2026-08-06,Google Ads,False,1978-03-19
19,Juliusz,Maszczyk,juliusz.maszczyk@gmail.com,306 582 532,Leszno,20-704,2025-06-24,Google Ads,False,2004-07-07
20,Krzysztof,Łodyga,krzysztof.łodyga@gmail.com,452982688,Kielce,11-096,2025-03-30,Meta Ads,False,1978-06-26
21,Mariusz,Kolek,mariusz.kolek@onet.pl,021480407,Gdańsk,17-570,2026-05-30,Meta Ads,True,1958-10-10
22,Melania,Mordal,melania.mordal@interia.pl,891174862,Opole,43-687,2024-12-24,Influencer,True,1962-01-27
23,Maks,Czerniakiewicz,maks.czerniakiewicz@gmail.com,+48 849 500 722,Warszaw,86-964,2025-11-22,Meta Ads,False,1995-05-12
24,Mikołaj,Puła,mikołaj.puła@gmail.com,905-857-777,Kraków,77-320,2025-05-15,Organic,False,1974-03-26
25,Aurelia,Kierat,aurelia.kierat@o2.pl,+48 536 453 971,Gdańsk,28-159,2024-10-31,Google Ads,True,1990-05-27
26,Artur,Jachimczak,artur.jachimczak@gmail.com,478 105 865,Łódź,14-359,2025-04-27,Meta Ads,False,2000-05-26
27,Leonard,Kaźmierczyk,leonard.kaźmierczyk@gmail.com,955-525-976,Bydgoszcz,98-286,2025-02-27,Google Ads,False,1986-01-09
28,Marianna,Szylar,marianna.szylar@wp.pl,576926167,Bydgoszcz,72-998,2025-12-26,Meta Ads,False,1996-04-08
29,Dagmara,Kwasek,dagmara.kwasek@onet.pl,,Warszawa,78-952,2026-07-04,Google Ads,False,1990-06-17
30,Cezary,Kozaczuk, cezary.kozaczuk@gmail.com ,,Piła,24-280,2025-02-28,Google Ads,False,1992-11-02
31,Fabian,Boba,fabian.boba@gmail.com,394004945,Warszawa,45-007,2026-03-21,Meta Ads,False,1965-03-17
32,Julian,Matejuk,julian.matejuk@gmail.com,357460656,Poznań,85-411,2024-10-17,Meta Ads,False,1959-04-14
33,Antoni,Oleksiewicz,antoni.oleksiewicz@gmail.com,,Białystok,96-544,2025-09-27,Meta Ads,True,1966-12-30
34,Sandra,Chalimoniuk, sandra.chalimoniuk@gmail.com ,,Zielona Góra,44-162,2024-10-24,Newsletter,False,1975-03-17
35,Arkadiusz,Parzonka,arkadiusz.parzonka@wp.pl,,Radom,73-611,2026-06-22,Google Ads,False,1960-02-05
36,Mikołaj,Sulik,mikołaj.sulik@gmail.com,115 649 320,Piła,21-773,2026-02-02,Meta Ads,True,1988-05-04
37,Maksymilian,Białk,maksymilian.białk@gmail.com,350 525 383,Wrocław,57-678,2025-11-07,Newsletter,False,1978-01-25
38,Sara,Krężołek,sara.krężołek@gmail.com,658115805,Opole,35-221,2026-04-25,Google Ads,False,1995-08-10
39,Oliwier,Majerczyk,oliwier.majerczyk@gmail.com,703 317 348,Gdańsk,56-114,2025-11-20,Organic,False,1970-08-10
40,Tola,Łyczek,tola.łyczek@interia.pl,540545777,Zielona Góra,68-684,2026-07-15,Newsletter,False,1971-12-10
41,Borys,Drobik,borys.drobik@gmail.com,984 478 556,Poznań,77-057,2025-12-16,Google Ads,False,1956-01-01
42,Emil,Mzyk, emil.mzyk@o2.pl ,852-932-191,Kielce,99-141,2026-06-09,Newsletter,False,1996-02-05
43,Aleks,Skubis,aleks.skubis@gmail.com,,Piła,16-008,2025-09-10,Newsletter,True,1981-12-15
44,Kornelia,Chlebek,kornelia.chlebek@o2.pl,642-425-516,Radom,17-390,2024-11-18,Google Ads,True,1983-10-28
45,Olaf,Męcik,olaf.męcik@gmail.com,+48 952 510 495,Kraków,72-854,2025-09-05,Meta Ads,True,1991-01-01
46,Maks,Armatys,maks.armatys@gmail.com,527-962-850,Warszawa,51-883,2024-11-10,Google Ads,True,1994-12-04
47,Justyna,Wiatrak,justyna.wiatrak@o2.pl,932057193,Łódź,59-944,2025-11-24,Newsletter,False,1959-09-21
48,Jędrzej,Buszko,jędrzej.buszko@wp.pl,+48 426 892 064,Wrocław,55-588,2025-08-28,Meta Ads,False,1977-01-11
49,Urszula,Bartoś,urszula.bartoś@wp.pl,870726483,Radom,15-415,2025-11-27,Google Ads,False,1956-09-12
50,Arkadiusz,Nazar,arkadiusz.nazar@gmail.com,+48 637 234 222,Gdańsk,80-472,2024-09-19,Meta Ads,False,1999-09-11
51,Olgierd,Kopij,olgierd.kopij@wp.pl,304-444-329,Warszaw,56-865,2024-12-28,Organic,False,1961-03-16
52,Justyna,Kuczak,justyna.kuczak@wp.pl,937-090-600,Radom,52-537,2025-08-28,Google Ads,True,1959-10-06
53,Fabian,Pasieczna,fabian.pasieczna@gmail.com,+48 086 578 872,Kraków,44-227,2026-07-08,Meta Ads,False,1973-03-31
54,Alan,Jarczyk,alan.jarczyk@o2.pl,181 147 719,Kraków,66-649,2025-05-06,Referral,True,1961-08-21
55,Apolonia,Lemieszek,apolonia.lemieszek@wp.pl,101 188 522,Warszawa,45-360,2025-06-06,Newsletter,False,1994-02-23
56,Tymon,Księżak,tymon.księżak@gmail.com,254-757-846,Warszawa,14-150,2025-12-27,Referral,False,1969-02-28
57,Tymoteusz,Plona,tymoteusz.plona@wp.pl,810-098-193,Łódź,20-779,2025-11-07,Referral,True,1995-10-31
58,Igor,Wojtalik,igor.wojtalik@interia.pl,+48 877 632 024,Częstochowa,99-644,2025-03-12,Meta Ads,False,1981-10-13
59,Sylwia,Wiza,sylwia.wiza@gmail.com,,Katowice,75-460,2025-06-28,Organic,True,1991-09-12
60,Sylwia,Czuryło,sylwia.czuryło@gmail.com,017-505-634,Poznań,82-640,2024-12-20,Google Ads,False,1972-09-21
61,Jędrzej,Barteczko,jędrzej.barteczko@wp.pl,+48 745 657 591,Warszawa,57-070,2026-07-24,Influencer,False,1980-06-12
62,Emil,Wyroślak,emil.wyroślak@gmail.com,622 001 417,Kraków,36-606,2024-11-30,Meta Ads,True,1958-07-28
63,Dorota,Bródka,dorota.bródka@gmail.com,404-994-048,Warszawa,40-473,2025-05-09,Organic,False,1979-07-19
64,Adam,Bany,adam.bany@o2.pl,685-687-284,Poznań,37-079,2024-09-16,Influencer,False,1989-10-06
65,Tomasz,Grzelec,tomasz.grzelec@o2.pl,112-782-996,Warszawa,77-520,2024-12-19,Google Ads,False,1975-12-22
66,Elżbieta,Rębiś,elżbieta.rębiś@gmail.com,,Łódź,95-918,2026-02-16,Google Ads,False,1957-10-08
67,Anita,Ładniak,anita.ładniak@wp.pl,+48 611 330 070,Lublin,25-330,2024-12-26,Influencer,False,1987-08-30
68,Nela,Dawidczyk,nela.dawidczyk@gmail.com,869660130,warszawa,08-462,2024-10-27,Meta Ads,False,1961-01-29
69,Cyprian,Żelasko,cyprian.żelasko@wp.pl,658206266,Bydgoszcz,11-517,2025-07-10,Meta Ads,False,1989-11-03
70,Maciej,Powązka,maciej.powązka@onet.pl,493-684-978,Poznań,91-449,2024-09-23,Meta Ads,True,2008-02-13
71,Anna Maria,Zinkiewicz,anna maria.zinkiewicz@o2.pl,917-233-244,Warszawa,79-163,2024-11-16,Newsletter,True,1974-11-18
72,Ryszard,Księżyk,ryszard.księżyk@gmail.com,082 146 373,Kraków,53-794,2026-03-23,Google Ads,False,1973-07-12
73,Mikołaj,Imiela,mikołaj.imiela@onet.pl,120-830-154,Białystok,81-663,2026-02-14,Meta Ads,False,1973-05-01
74,Kornel,Klamka,kornel.klamka@gmail.com,304-852-367,Olsztyn,72-695,2026-06-19,Newsletter,False,1976-01-31
75,Iwo,Indyka,iwo.indyka@wp.pl,095294205,Kraków,85-988,2026-04-30,Organic,False,2003-08-19
76,Krystian,Borkiewicz,krystian.borkiewicz@wp.pl,,Toruń,11-597,2025-12-15,Meta Ads,False,1990-10-07
77,Nataniel,Korzekwa,nataniel.korzekwa@gmail.com,285459763,Częstochowa,84-716,2024-10-18,Newsletter,False,1990-09-09
78,Adrian,Kastelik,adrian.kastelik@gmail.com,716-043-240,Warszawa,91-961,2026-03-09,Google Ads,True,1960-02-01
79,Melania,Miękina,melania.miękina@gmail.com,,Gdynia,83-811,2026-04-25,Meta Ads,False,1973-01-01
80,Hubert,Posłuszna,hubert.posłuszna@interia.pl,+48 774 162 073,Warszawa,90-849,2026-03-09,Influencer,True,2005-10-17
81,Anna Maria,Deluga,anna maria.deluga@interia.pl,,Rzeszów,83-687,2025-09-26,Google Ads,True,1978-01-13
82,Olgierd,Gniewek,olgierd.gniewek@o2.pl,709-269-473,Kraków,47-317,2025-01-15,Meta Ads,True,1965-02-23
83,Bruno,Larysz,bruno.larysz@gmail.com,648980855,Gdańsk,99-498,2026-04-18,Organic,False,1965-10-09
84,Sebastian,Kowalak,sebastian.kowalak@gmail.com,+48 254 019 696,Pozznań,10-303,2026-01-28,Google Ads,False,2000-05-08
85,Oskar,Jędraszczyk,OSKAR.JĘDRASZCZYK@GMAIL.COM,093789683,Suwałki,99-553,2026-08-06,Meta Ads,True,1999-11-10
86,Anna Maria,Wdowczyk,anna maria.wdowczyk@wp.pl,285-588-556,Łódź,85-345,2024-11-04,Google Ads,False,2002-01-17
87,Adrian,Fryś,adrian.fryś@gmail.com,620-095-144,Warszawa,49-158,2025-01-06,Newsletter,False,1964-03-11
88,Leon,Hanzel,leon.hanzel@gmail.com,971 847 178,Łódź,277150,2024-12-07,Newsletter,False,1977-05-15
89,Marek,Kuska,marek.kuska@wp.pl,945268726,Kraków,79-292,2026-03-07,Referral,True,1995-06-22
90,Adrianna,Sztaba,adrianna.sztaba@wp.pl,161 097 761,Warszawa,69-245,2024-12-01,Newsletter,True,1971-12-30
91,Natasza,Wawrzyk,NATASZA.WAWRZYK@ONET.PL,177 834 664,Warszawa,25-377,2024-10-13,Google Ads,True,1991-07-19
92,Anita,Sulich,anita.sulich@o2.pl,,Konin,60-788,2026-08-06,Google Ads,True,1970-07-12
93,Fryderyk,Dudczak,fryderyk.dudczak@wp.pl,536 462 431,Warszawa,68-429,2024-09-25,Meta Ads,False,2006-10-22
94,Ksawery,Kara,ksawery.kara@gmail.com,,Szczecin,78-142,2026-04-29,Meta Ads,True,2001-11-12
95,Mikołaj,Walocha,mikołaj.walocha@gmail.com,656751451,Wrocław,62-896,2025-05-18,Google Ads,False,1975-04-09
96,Paweł,Mytnik,paweł.mytnik@wp.pl,,Warszawa,67-872,2026-04-07,Meta Ads,False,1962-03-15
97,Karol,Fuławka,karol.fuławka@gmail.com,+48 329 005 140,Poznań,21-280,2025-10-03,Meta Ads,False,1979-05-30
98,Ida,Chaber,ida.chaber@wp.pl,,Bydgoszcz,56-094,2026-05-20,Meta Ads,True,2005-10-03
99,Borys,Łaś,borys.łaś@o2.pl,706 566 088,Łódź,58-906,2026-06-04,Meta Ads,False,1974-02-14
100,Szymon,Sołek,szymon.sołek@wp.pl,334 600 602,Łódź,07-406,2024-09-02,Referral,True,1982-03-15
101,Marek,Chwalisz,marek.chwalisz@gmail.com,+48 621 192 682,Kraków,11-384,2024-10-29,Meta Ads,False,1967-06-30
102,Alex,Berg,alex.berg@gmail.com,681-721-128,Warszawa,92-666,2025-02-22,Organic,False,1973-05-13
103,Tymon,Matla,tymon.matla@wp.pl,195-594-672,Częstochowa,05-294,2025-12-26,Referral,False,2004-03-20
104,Natasza,Szeja,natasza.szeja@gmail.com,+48 405 710 758,Kraków,18-778,2026-05-23,Referral,False,1992-12-27
105,Adrianna,Zapora,adrianna.zapora@wp.pl,720850505,Warszawa,01-928,2025-07-05,Meta Ads,True,1959-10-17
106,Juliusz,Maruszczak,juliusz.maruszczak@gmail.com,601-446-074,Zielona Góra,20-562,2025-11-02,Referral,True,2005-06-05
107,Liwia,Szachniewicz,liwia.szachniewicz@interia.pl,,WWarszawa,15-795,2024-12-31,Newsletter,True,1970-11-12
108,Emil,Smutek,emil.smutek@gmail.com,752-215-165,Kraków,07-245,2026-03-03,Meta Ads,True,1977-11-05
109,Róża,Siedlaczek,róża.siedlaczek@wp.pl,040-502-233,wrocław,15-857,2026-07-05,Google Ads,False,2003-07-27
110,Gaja,Klejna,gaja.klejna@gmail.com,593031575,Warszawa,03-648,2025-02-07,Meta Ads,False,1982-11-29
111,Tadeusz,Budzeń,tadeusz.budzeń@wp.pl,977985108,Kielce,19-299,2025-08-17,Meta Ads,False,1978-05-06
112,Maks,Kopyt, maks.kopyt@onet.pl ,819495375,Suwałki,74-427,2024-11-22,Meta Ads,True,1965-07-10
113,Karol,Piaseczna,karol.piaseczna@o2.pl,+48 566 320 871,Lublin,47-070,2025-10-25,Meta Ads,True,2006-02-15
114,Inga,Kierat,inga.kierat@gmail.com,337-780-426,Warszawa,65-568,2025-09-07,Referral,True,1956-09-02
115,Natasza,Zdziech,natasza.zdziech@wp.pl,225 859 773,Warszawa,82-397,2024-11-24,Meta Ads,False,2007-08-04
116,Iwo,Piestrzeniewicz,iwo.piestrzeniewicz@onet.pl,082-927-382,Warszaw,03-366,2025-06-24,Meta Ads,False,1997-05-21
117,Mieszko,Gębura,mieszko.gębura@gmail.com,577 561 561,Warszawa,94-673,2025-04-08,Meta Ads,False,1988-11-22
118,Elżbieta,Reiter,ELŻBIETA.REITER@ONET.PL,,Warszawa,97-341,2025-09-27,Meta Ads,False,1962-08-31
119,Maks,Szatko,maks.szatko@o2.pl,115-923-472,Warszawa,44-834,2025-11-24,Google Ads,False,1989-08-30
120,Marcelina,Juraszczyk,marcelina.juraszczyk@onet.pl,710-301-572,Rzeszów,62-647,2024-09-16,Google Ads,False,1965-04-03
121,Łukasz,Pakosz,łukasz.pakosz@gmail.com,179650434,Częstochowa,715903,2026-02-01,Referral,False,2005-08-10
122,Piotr,Zapaśnik,piotr.zapaśnik@wp.pl,975074899,Łódź,26-045,2025-12-13,Google Ads,False,1997-07-11
123,Maciej,Piotrowiak,MACIEJ.PIOTROWIAK@INTERIA.PL,370 128 385,Warszawa,40-528,2025-05-21,Organic,False,1976-09-13
124,Inga,Winnik,inga.winnik@o2.pl,982 913 579,Lublin,33-038,2024-10-28,Influencer,False,1995-07-09
125,Rafał,Koleśnik,rafał.koleśnik@gmail.com,661136085,Suwałki,46-883,2026-02-06,Meta Ads,False,1996-12-24
126,Kornel,Leszczuk,kornel.leszczuk@gmail.com,,Toruń,16-819,2026-07-05,Organic,False,1975-02-06
127,Blanka,Bronka,blanka.bronka@gmail.com,,Gdynia,57-917,2025-01-26,Meta Ads,False,2006-04-16
128,Natan,Lenda,natan.lenda@interia.pl,594694317,Kraków,64-709,2025-03-07,Google Ads,False,1981-12-18
129,Eliza,Sadura,eliza.sadura@wp.pl,696-856-508,Łódź,11-745,2024-12-31,Google Ads,False,1978-02-03
130,Kornelia,Plona,kornelia.plona@gmail.com,408747516,Warszawa,24-559,2025-10-13,Google Ads,False,1971-03-02
131,Paweł,Kwinta,PAWEŁ.KWINTA@GMAIL.COM,661 155 972,Warszawa,42-677,2024-11-05,Meta Ads,False,1971-04-07
132,Adrianna,Piwowarek,adrianna.piwowarek@wp.pl,,Poznań,92-437,2025-04-27,Referral,False,1964-06-05
133,Sara,Wojtaszczyk,sara.wojtaszczyk@gmail.com,688093060,Kraków,58-044,2025-12-15,Google Ads,False,1994-02-12
134,Maks,Jantos,maks.jantos@wp.pl,441-722-044,Olsztyn,56-282,2025-10-31,Organic,False,1989-06-27
135,Adam,Drabczyk,adam.drabczyk@interia.pl,535 087 899,Lublin,86-653,2025-05-03,Referral,False,1977-02-14
136,Ida,Kara,ida.kara@gmail.com,291 401 939,Warszawa,96-696,2025-06-04,Organic,False,1964-01-28
137,Antoni,Boguta,antoniboguta@wp.pl,116 017 256,Warszawa,78-695,2025-10-12,Google Ads,True,1997-01-02
138,Filip,Byra, filip.byra@wp.pl ,209831359,Łódź,09-242,2024-09-02,Meta Ads,False,1996-11-09
139,Dariusz,Kucab,dariusz.kucab@gmail.com,599745908,Suwałki,50-973,2024-10-19,Organic,False,1985-08-29
140,Marcin,Stachewicz,marcin.stachewicz@o2.pl,915 747 624,Warszawa,58-972,2026-05-29,Meta Ads,False,1975-04-04
141,Sara,Fuławka,sara.fuławka@wp.pl,027907574,Kraków,10-588,2024-10-13,Organic,True,1962-11-22
142,Dariusz,Hejna,dariusz.hejna@wp.pl,,Lublin,41-666,2025-12-28,Newsletter,False,1970-05-14
143,Oliwier,Para,oliwier.para@wp.pl,+48 641 069 053,Poznań,95-191,2026-06-02,Organic,False,1982-01-16
144,Tobiasz,Mordal,tobiasz.mordal@gmail.com,578 919 879,Suwałki,16-269,2025-02-24,Newsletter,False,1996-09-01
145,Adrianna,Neska,adrianna.neska@wp.pl,+48 268 650 036,Łódź,79-293,2025-05-02,Influencer,False,1992-05-17
146,Marika,Pagacz,marika.pagacz@gmail.com,544591943,Warszawa,16-139,2025-10-21,Newsletter,False,2000-10-17
147,Aniela,Fedorczyk,aniela.fedorczyk@o2.pl,+48 169 571 835,Gorzów Wielkopolski,353162,2026-05-02,Influencer,True,2008-06-14
148,Alex,Grund,alex.grund@o2.pl,936-650-125,Warszawa,45-727,2026-06-06,Organic,False,1959-01-14
149,Rozalia,Pietrak,rozalia.pietrak@gmail.com,826 615 523,Częstochowa,39-872,2026-01-31,Organic,False,1963-12-11
150,Tymoteusz,Lulek,tymoteusz.lulek@gmail.com,635 394 931,Poznań,47-521,2024-11-28,Influencer,True,1967-06-25
151,Ksawery,Jenek,ksawery.jenek@o2.pl,+48 295 533 942,Suwałki,18-243,2025-12-01,Newsletter,False,1997-06-26
152,Szymon,Zegar,szymon.zegar@interia.pl,+48 216 165 591,Zielona Góra,71-587,2025-06-07,Organic,False,1975-02-23
153,Bianka,Fijoł,bianka.fijoł@wp.pl,033 021 822,Poznań,79-906,2025-07-27,Google Ads,False,1960-03-01
154,Fabian,Hejna,fabian.hejna@gmail.com,,Suwałki,92-737,2024-10-15,Google Ads,False,1980-12-18
155,Klara,Mandrysz,klara.mandrysz@onet.pl,071-421-858,Warszawa,53-844,2024-12-30,Google Ads,False,1986-01-24
156,Hubert,Zaucha,HUBERT.ZAUCHA@GMAIL.COM,574-421-433,Gdynia,83-076,2026-03-19,Google Ads,False,1979-06-12
157,Eliza,Natanek,eliza.natanek@onet.pl,536106909,Poznań,17-900,2025-07-26,Google Ads,False,1999-07-15
158,Bianka,Foit,bianka.foit@o2.pl,918-887-800,Łódź,76-187,2025-03-21,Newsletter,False,1996-04-15
159,Adrian,Poreda,adrian.poreda@onet.pl,853 594 489,Kraków,65-933,2025-05-26,Google Ads,False,2001-08-11
160,Marcel,Sito,marcel.sito@o2.pl,189 792 902,Wrocław,20-312,2026-04-04,Referral,True,1964-04-27
161,Kazimierz,Such,kazimierz.such@gmail.com,803 030 022,Warszawa,29-355,2026-02-12,Meta Ads,False,2005-10-24
162,Eliza,Cheba,eliza.cheba@gmail.com,+48 478 437 364,Olsztyn,37-867,2025-02-02,Google Ads,True,1959-10-10
163,Konrad,Kościuszko,konrad.kościuszko@wp.pl,+48 736 210 879,Warszawa,71-282,2024-11-07,Meta Ads,False,1962-03-25
164,Emil,Pasich,emil.pasich@wp.pl,993155678,Łódź,69-096,2025-02-22,Organic,True,1982-03-26
165,Alan,Huber,alan.huber@gmail.com,833-978-539,Wrocław,75-158,2026-06-21,Organic,False,1964-09-01
166,Natan,Kwapis,natan.kwapis@gmail.com,+48 203 859 471,Gorzów Wielkopolski,73-043,2025-10-19,Google Ads,True,1999-05-02
167,Antoni,Sacharczuk,antoni.sacharczuk@gmail.com,365 797 278,Katowice,06-972,2025-09-30,Organic,True,1989-08-04
168,Aurelia,Zygmuntowicz,aurelia.zygmuntowicz@gmail.com,+48 073 785 182,Kraków,84-216,2025-11-29,Organic,False,1996-03-30
169,Urszula,Prygiel,urszula.prygiel@wp.pl,678632597,Piła,82-032,2025-05-10,Meta Ads,False,1981-12-28
170,Inga,Wojciech,inga.wojciech@gmail.com,510812788,Zielona Góra,83-980,2026-03-06,Referral,False,1971-08-10
171,Andrzej,Sieczko,andrzej.sieczko@interia.pl,467 161 044,częstochowa,88-416,2025-09-20,Meta Ads,True,1971-05-12
172,Wojciech,Przeklasa,wojciech.przeklasa@o2.pl,,Warszawa,08-162,2024-11-04,Meta Ads,False,1978-11-23
173,Karina,Dłubak,karina.dłubak@gmail.com,375 429 722,warszawa,27-349,2024-11-18,Meta Ads,False,1987-10-01
174,Jędrzej,Kuźnia,jędrzej.kuźnia@o2.pl,717 212 766,Kielce,92-327,2025-09-19,Influencer,False,1994-07-05
175,Mieszko,Bełz,mieszko.bełz@gmail.com,081893378,Warszawa,17-779,2026-06-22,Organic,False,1975-03-27
176,Melania,Baszak,melania.baszak@interia.pl,009-124-333,Warszawa,41-248,2025-03-28,Meta Ads,True,1980-04-26
177,Cezary,Olearczyk,cezary.olearczyk@interia.pl,431240507,WWarszawa,32-145,2026-05-01,Google Ads,True,1960-09-22
178,Aleks,Biernacik,aleks.biernacik@gmail.com,139186078,Warszawa,79-429,2026-02-20,Google Ads,False,1968-10-02
179,Damian,Dąbroś,damian.dąbroś@wp.pl,447 635 732,Lublin,42-957,2025-02-27,Meta Ads,True,1986-03-19
180,Jędrzej,Warczak,jędrzej.warczak@wp.pl,577500975,Łódź,98-164,2024-09-03,Organic,True,1982-01-01
181,Ida,Tekieli,ida.tekieli@gmail.com,864 107 974,Leszno,64-901,2024-11-04,Meta Ads,True,1971-12-13
182,Michał,Kasperczak,MICHAŁ.KASPERCZAK@GMAIL.COM,352 381 705,Łódź,51-518,2026-01-22,Google Ads,False,1979-10-30
183,Tadeusz,Wacławczyk,tadeusz.wacławczyk@o2.pl,016-824-894,gdynia,75-362,2024-12-14,Meta Ads,True,1958-03-04
184,Ryszard,Karaśkiewicz,ryszard.karaśkiewicz@gmail.com,640944335,Gdynia,77-904,2025-05-19,Organic,False,2000-04-07
185,Natasza,Lesiewicz, natasza.lesiewicz@gmail.com ,275-856-765,Warszawa,69-009,2025-09-03,Google Ads,False,2000-06-30
186,Kornelia,Janke,kornelia.janke@gmail.com,828893696,Warszawa,34-745,2026-01-22,Meta Ads,False,1974-12-25
187,Olga,Zaraś,olga.zaraś@o2.pl,430 220 422,Gdańsk,06-411,2024-11-07,Referral,False,1958-04-22
188,Melania,Kwarciak,melania.kwarciak@onet.pl,,Konin,47-567,2025-05-17,Organic,False,1970-11-22
189,Ernest,Korek,ernest.korek@gmail.com,866662895,Szczecin,58-783,2025-08-25,Newsletter,False,1984-09-26
190,Ignacy,Błądek,ignacy.błądek@wp.pl,411997569,Radom,13-404,2025-10-18,Google Ads,False,1975-05-17
191,Natan,Kozdroń,natan.kozdroń@wp.pl,483595454,Wrocław,47-774,2026-03-01,Meta Ads,False,1963-03-29
192,Apolonia,Gryka,apolonia.gryka@wp.pl,+48 811 524 769,Katowice,65-042,2024-12-26,Meta Ads,False,1957-12-30
193,Sebastian,Feliniak,sebastian.feliniak@wp.pl,739686003,Gdynia,43-824,2026-03-26,Organic,False,1980-09-14
194,Agnieszka,Szurek,agnieszkaszurek@gmail.com,+48 128 653 319,Gdańsk,78-915,2025-12-29,Newsletter,False,1982-12-01
195,Arkadiusz,Niebudek,arkadiusz.niebudek@gmail.com,,Opole,41-167,2025-10-30,Google Ads,False,1976-06-03
196,Radosław,Siebert,radosław.siebert@o2.pl,+48 155 725 556,Łódź,44-520,2025-12-16,Meta Ads,False,1999-06-30
197,Ewelina,Mikołajewicz,ewelina.mikołajewicz@wp.pl,080 091 892,Suwałki,91-577,2025-06-23,Google Ads,True,1971-06-26
198,Kacper,Gęsiarz,kacper.gęsiarz@wp.pl,390 250 380,Łódź,43-690,2024-11-25,Google Ads,False,1961-05-27
199,Urszula,Han,urszula.han@gmail.com,686274847,Wrocław,40-816,2025-12-09,Newsletter,False,2003-03-26
200,Szymon,Niksa, szymon.niksa@o2.pl ,048 124 481,Szczecin,61-272,2025-09-30,Google Ads,False,2006-11-07
201,Elżbieta,Orzeszek,elżbieta.orzeszek@wp.pl,696565355,Wrocław,30-739,2025-11-11,Newsletter,True,1958-04-26
202,Malwina,Forma,malwina.forma@o2.pl,,Warszawa,68-645,2025-04-02,Meta Ads,False,1993-10-26
203,Fryderyk,Radzewicz,fryderyk.radzewicz@interia.pl,,Elbląg,582920,2026-05-30,Google Ads,False,1957-04-08
204,Kamil,Chomiak,kamil.chomiak@gmail.com,+48 544 072 073,Suwałki,03-452,2025-11-15,Google Ads,False,1972-03-21
205,Krystian,Ziółko,krystian.ziółko@wp.pl,+48 791 564 272,Warszawa,89-209,2024-11-28,Newsletter,True,1977-05-06
206,Natasza,Jeżyna,natasza.jeżyna@gmail.com,336 206 611,Katowice,95-745,2025-07-25,Organic,False,1958-11-23
207,Sebastian,Nojek,sebastian.nojek@onet.pl,130-002-909,Opole,27-575,2026-02-13,Meta Ads,True,1972-10-27
208,Malwina,Okła,malwina.okła@gmail.com,944510583,Elbląg,49-322,2026-03-05,Influencer,False,2006-04-20
209,Róża,Słupik,róża.słupik@gmail.com,+48 111 227 834,Wrocław,44-560,2025-08-15,Organic,False,1974-05-16
210,Błażej,Ligas,błażej.ligas@gmail.com,,Opole,62-197,2026-05-14,Meta Ads,False,2006-05-03
211,Konstanty,Jachna,konstanty.jachna@gmail.com,+48 118 191 747,Gdańsk,39-231,2025-02-27,Meta Ads,False,2005-06-30
212,Radosław,Młyńczyk,radosław.młyńczyk@interia.pl,+48 661 118 568,Bydgoszcz,807982,2025-06-23,Newsletter,True,1966-07-31
213,Marika,Zaucha,marika.zaucha@o2.pl,358283230,Szczecin,62-358,2026-05-13,Google Ads,False,1985-04-20
214,Jacek,Puła,jacek.puła@wp.pl,312-992-482,Wrocław,16-588,2026-05-20,Meta Ads,False,1991-06-16
215,Fryderyk,Szumna, fryderyk.szumna@gmail.com ,+48 862 514 568,Bydgoszcz,51-839,2025-12-14,Newsletter,False,1973-11-20
216,Tymon,Pietrak,tymon.pietrak@interia.pl,935142413,Kraków,06-295,2026-04-20,Organic,False,2006-03-24
217,Maksymilian,Duszczyk,maksymilian.duszczyk@onet.pl,,Gdańsk,57-672,2024-11-06,Organic,True,1969-03-09
218,Malwina,Połom,malwina.połom@wp.pl,752101110,Kraków,26-848,2026-05-14,Google Ads,True,1984-02-21
219,Melania,Szeja,melania.szeja@wp.pl,896715813,Warszawa,35-141,2025-03-08,Organic,False,1961-05-20
220,Julianna,Gogacz,julianna.gogacz@o2.pl,+48 577 277 513,Poznań,32-052,2024-12-27,Influencer,False,1991-02-05
221,Liwia,Walenciak,liwia.walenciak@gmail.com,+48 084 138 995,Warszawa,82-239,2025-01-29,Influencer,True,1958-05-18
222,Klara,Skierka,klara.skierka@onet.pl,,Częstochowa,92-484,2025-06-11,Meta Ads,False,1960-12-03
223,Sebastian,Kusa,sebastian.kusa@gmail.com,+48 507 745 215,Częstochowa,71-952,2025-02-26,Meta Ads,False,1963-12-19
224,Lidia,Fołta,lidia.fołta@wp.pl,+48 615 667 008,Szczecin,84-205,2025-03-03,Organic,False,1995-08-29
225,Stefan,Pabisiak,stefan.pabisiak@gmail.com,004 794 955,Gdańsk,37-662,2024-11-03,Organic,False,1958-09-24
226,Dawid,Klemens,dawid.klemens@gmail.com,+48 735 914 207,Katowice,74-238,2025-03-26,Meta Ads,True,1983-12-17
227,Piotr,Przewoźna,piotr.przewoźna@o2.pl,,Leszno,54-904,2025-10-30,Meta Ads,False,1999-12-28
228,Piotr,Osipiuk,piotr.osipiuk@gmail.com,563 804 505,Gdańsk,51-807,2025-06-27,Meta Ads,False,1981-11-07
229,Aleks,Wacławiak, aleks.wacławiak@onet.pl ,732 018 289,Warszawa,05-010,2025-04-29,Influencer,False,1971-05-30
230,Dominik,Grzenia,DOMINIK.GRZENIA@GMAIL.COM,,Wrocław,37-466,2026-01-26,Google Ads,False,2008-01-07
231,Inga,Korta,inga.korta@onet.pl,,Zielona Góra,64-911,2026-05-24,Google Ads,True,2005-05-04
232,Dorota,Graboś,dorota.graboś@gmail.com,048560498,Radom,35-198,2026-02-10,Organic,False,1998-06-18
233,Kornel,Świgoń,kornel.świgoń@gmail.com,545584129,Wrocław,94-470,2025-04-20,Influencer,False,1989-12-15
234,Daniel,Romańczyk,daniel.romańczyk@wp.pl,+48 527 703 176,Kraków,95-346,2026-01-15,Google Ads,True,1997-07-04
235,Nicole,Krzosek,nicole.krzosek@wp.pl,+48 839 408 947,Gdańsk,97-198,2024-11-23,Meta Ads,False,1964-11-23
236,Olga,Michalkiewicz,olga.michalkiewicz@wp.pl,183-999-295,Szczecin,55-528,2024-11-15,Google Ads,False,1972-12-22
237,Blanka,Dobrosz,blanka.dobrosz@gmail.com,,Bydgoszcz,13-190,2025-04-23,Google Ads,False,2007-08-17
238,Malwina,Malara,malwina.malara@o2.pl,+48 994 536 618,Konin,32-007,2026-03-23,Meta Ads,True,1969-06-01
239,Marek,Fras,marek.fras@gmail.com,+48 289 601 001,Warszawa,97-274,2025-01-29,Organic,False,2006-02-28
240,Emil,Tolak,emil.tolak@gmail.com,890-127-189,Warszawa,93-587,2024-10-11,Meta Ads,False,1956-03-14
241,Olgierd,Pasiut,olgierd.pasiut@wp.pl,,Warszawa,31-064,2024-11-10,Influencer,False,1990-12-27
242,Roksana,Dyka,roksana.dyka@interia.pl,,Wrocław,21-416,2026-04-21,Newsletter,False,1991-12-16
243,Fabian,Pacholczak,fabian.pacholczak@o2.pl,,Łódź,16-655,2025-11-16,Organic,False,2004-02-25
244,Gustaw,Zmuda, gustaw.zmuda@o2.pl ,950-342-789,Warszawa,79-227,2025-02-07,Newsletter,True,1967-03-18
245,Łukasz,Wajer,łukasz.wajer@gmail.com,320-438-132,Wrocław,20-466,2025-10-07,Google Ads,False,1995-03-24
246,Mariusz,Bieszke,mariusz.bieszke@gmail.com,,Warszawa,90-563,2025-09-02,Organic,True,2003-12-22
247,Julita,Florian,JULITA.FLORIAN@ONET.PL,954 208 134,Katowice,399385,2025-11-26,Organic,False,1967-03-04
248,Witold,Łukasz,witold.łukasz@gmail.com,541 092 687,Białystok,97-611,2025-01-06,Meta Ads,True,2001-11-15
249,Maksymilian,Okła,maksymilian.okła@gmail.com,,Rzeszów,58-541,2026-05-24,Newsletter,True,1992-11-23
250,Igor,Lampart,igor.lampart@wp.pl,976547523,Gdańsk,15-064,2025-03-19,Referral,False,1999-07-10
251,Dorota,Garncarek,dorota.garncarek@gmail.com,,Olsztyn,74-550,2025-12-20,Meta Ads,False,1963-07-15
252,Arkadiusz,Warzybok,arkadiusz.warzybok@wp.pl,293005171,Gdynia,67-453,2024-09-10,Organic,True,1961-10-03
253,Gabriel,Skrobot,gabriel.skrobot@gmail.com,+48 224 221 751,Łódź,75-501,2025-05-19,Newsletter,False,1960-05-31
254,Apolonia,Olma,apolonia.olma@onet.pl,+48 002 096 217,Warszawa,08-465,2025-04-23,Meta Ads,True,1962-08-03
255,Urszula,Krzykała,urszula.krzykała@gmail.com,548 430 907,Kraków,73-060,2025-10-15,Google Ads,False,1985-03-18
256,Norbert,Kuziora,norbert.kuziora@gmail.com,766-906-890,Gdynia,03-406,2024-10-28,Meta Ads,False,1969-01-30
257,Jakub,Pasieczna,jakub.pasieczna@gmail.com,287 803 158,Suwałki,28-593,2026-03-01,Organic,True,1959-06-19
258,Kaja,Natanek,kaja.natanek@wp.pl,+48 493 980 231,Lublin,90-066,2024-12-19,Google Ads,False,1984-04-11
259,Stanisław,Głowienka,stanisław.głowienka@gmail.com,+48 496 612 406,Łódź,09-957,2025-12-28,Meta Ads,False,1980-08-12
260,Stefan,Semik,stefan.semik@gmail.com,276979536,Częstochowa,24-788,2026-03-21,Meta Ads,False,1962-10-09
261,Sandra,Maszczyk,sandra.maszczyk@o2.pl,791-238-066,Gorzów Wielkopolski,49-460,2025-10-26,Meta Ads,False,2001-09-07
262,Albert,Łasak,albert.łasak@wp.pl,305222882,Wrocław,11-700,2026-01-22,Organic,False,2006-09-11
263,Rozalia,Szczepaniuk,rozalia.szczepaniuk@gmail.com,873-664-747,Warszawa,84-881,2025-12-30,Newsletter,False,1974-01-10
264,Kajetan,Dziadkiewicz,kajetan.dziadkiewicz@gmail.com,592-377-384,Kraków,51-542,2025-04-10,Google Ads,True,1962-05-06
265,Artur,Chołody,artur.chołody@wp.pl,+48 695 813 173,Warszawa,01-775,2026-03-06,Meta Ads,False,1956-10-19
266,Radosław,Wowra,radosław.wowra@gmail.com,137-923-929,Łódź,87-737,2025-03-08,Meta Ads,False,1984-06-13
267,Ewelina,Toś,ewelina.toś@gmail.com,284464199,Warszawa,30-254,2025-10-04,Organic,False,1980-01-04
268,Marcin,Giec,marcin.giec@gmail.com,350 921 392,Gdańsk,25-960,2026-01-26,Organic,True,2001-12-25
269,Kamil,Płaneta,kamil.płaneta@o2.pl,119 896 643,Suwałki,85-430,2025-05-15,Meta Ads,False,1988-03-09
270,Kacper,Kopyt,kacper.kopyt@onet.pl,,Lublin,27-069,2025-03-11,Newsletter,False,1960-12-10
271,Filip,Grzebyk,FILIP.GRZEBYK@GMAIL.COM,113369103,Warszawa,77-689,2025-07-13,Organic,False,1992-11-13
272,Franciszek,Pronobis,franciszek.pronobis@gmail.com,013 375 390,Elbląg,95-046,2026-03-16,Meta Ads,False,1976-11-30
273,Jerzy,Tusk,jerzy.tusk@o2.pl,,Gdańsk,28-773,2026-06-16,Influencer,False,2001-05-16
274,Adam,Gągała,adam.gągała@gmail.com,+48 459 400 901,Łódź,65-297,2025-10-17,Meta Ads,False,1968-01-03
275,Aurelia,Rećko,AURELIA.REĆKO@GMAIL.COM,338858559,Kraków,74-613,2025-12-26,Newsletter,False,1996-07-16
276,Kazimierz,Stawinoga,kazimierz.stawinoga@wp.pl,437 129 261,Wrocław,39-898,2026-05-21,Meta Ads,False,1963-03-10
277,Angelika,Michniak,angelika.michniak@gmail.com,,Wrocław,53-308,2024-11-29,Newsletter,False,1970-03-06
278,Dagmara,Kolendo,dagmara.kolendo@gmail.com,+48 867 828 103,poznań,95-934,2025-01-01,Organic,False,1964-11-16
279,Marianna,Wiraszka,marianna.wiraszka@wp.pl,+48 630 623 407,Łódź,64-049,2025-12-16,Newsletter,False,2007-02-16
280,Fryderyk,Martyn,fryderyk.martyn@gmail.com,,Warszawa,68-327,2026-03-22,Google Ads,False,1992-07-01
281,Kalina,Litwiniuk,kalina.litwiniuk@gmail.com,,Wrocław,39-386,2026-04-06,Influencer,True,1965-05-04
282,Julita,Winnik,julita.winnik@o2.pl,+48 610 227 964,Rzeszów,31-870,2025-06-17,Organic,True,1967-07-16
283,Julian,Ludwisiak,julian.ludwisiak@gmail.com,+48 067 166 096,Kraków,60-937,2024-11-08,Newsletter,False,1958-08-25
284,Klara,Skalik,klara.skalik@onet.pl,626-633-057,Olsztyn,72-543,2025-06-02,Meta Ads,True,1962-09-13
285,Andrzej,Geisler,andrzej.geisler@gmail.com,+48 439 549 470,Warszawa,27-339,2025-01-10,Google Ads,False,1989-11-14
286,Aniela,Kopiczko,aniela.kopiczko@wp.pl,,Częstochowa,48-095,2025-03-12,Google Ads,False,1983-12-26
287,Rafał,Gomuła, rafał.gomuła@gmail.com ,569 416 616,Olsztyn,35-387,2026-02-12,Newsletter,False,1991-04-20
288,Maciej,Czerniakiewicz,maciej.czerniakiewicz@gmail.com,546-420-325,Warszawa,10-193,2024-10-10,Google Ads,False,1998-03-30
289,Julianna,Gadzina,julianna.gadzina@gmail.com,892 277 731,Łódź,86-573,2026-04-23,Meta Ads,True,1967-02-05
290,Nikodem,Łabuś,nikodem.łabuś@gmail.com,+48 825 665 103,Toruń,43-311,2025-06-24,Meta Ads,False,2006-04-26
291,Bartek,Leszkiewicz,bartek.leszkiewicz@wp.pl,,Konin,25-986,2025-11-02,Organic,False,1994-11-23
292,Malwina,Boruń,malwina.boruń@gmail.com,+48 734 581 202,Leszno,90-619,2024-11-03,Meta Ads,False,1992-11-23
293,Ewa,Gogacz,EWA.GOGACZ@WP.PL,+48 817 283 337,Łódź,71-330,2025-04-21,Influencer,False,1996-09-12
294,Fryderyk,Kozica,fryderyk.kozica@wp.pl,,Warszawa,69-665,2024-11-18,Organic,False,1974-08-20
295,Robert,Gamoń,robert.gamoń@gmail.com,,Kraków,66-904,2026-07-15,Influencer,False,1981-12-13
296,Oskar,Rolek,oskar.rolek@onet.pl,388-079-678,Piła,93-481,2026-03-02,Meta Ads,False,1995-12-18
297,Alex,Łukowiak,alex.łukowiak@gmail.com,424-102-315,Gorzów Wielkopolski,48-321,2025-07-27,Organic,False,1977-07-14
298,Sylwia,Rajman,sylwia.rajman@gmail.com,,Wrocław,29-760,2024-12-19,Meta Ads,True,1963-04-30
299,Robert,Jędrys,ROBERT.JĘDRYS@GMAIL.COM,+48 471 973 844,Warszawa,75-594,2026-06-27,Google Ads,True,1993-10-03
300,Gustaw,Kolanek,gustaw.kolanek@gmail.com,091-257-810,Warszawa,26-338,2025-04-05,Meta Ads,True,1967-10-14
301,Nicole,Krzystek,nicolekrzystek@wp.pl,,Wrocław,32-512,2024-12-24,Google Ads,False,1984-10-11
302,Natan,Fabiszak,natan.fabiszak@o2.pl,719 663 217,Wrocław,98-842,2025-10-12,Newsletter,False,1981-06-29
303,Marika,Kubasiewicz,marika.kubasiewicz@wp.pl,+48 638 015 856,Elbląg,22-751,2026-07-23,Meta Ads,False,1997-09-23
304,Alan,Gągała,alan.gągała@gmail.com,470110059,Kraków,93-560,2024-09-23,Organic,False,1981-06-23
305,Rozalia,Soczewka,rozalia.soczewka@gmail.com,840820621,Kielce,08-537,2025-01-09,Influencer,False,1957-05-21
306,Igor,Filusz,igor.filusz@gmail.com,111997251,Radom,86-050,2026-06-05,Meta Ads,False,1996-02-08
307,Klara,Matla,klara.matla@onet.pl,568-117-682,Gdańsk,81-237,2024-12-29,Meta Ads,False,1959-03-13
308,Krystian,Zysk,krystian.zysk@wp.pl,320-186-353,Leszno,28-518,2024-11-16,Meta Ads,False,1979-10-06
309,Stanisław,Senger,stanisław.senger@gmail.com,187-424-431,Kraków,00000,2025-10-13,Google Ads,False,2005-02-03
310,Karina,Galos,karina.galos@o2.pl,591 209 972,Kraków,63-017,2026-04-22,Influencer,False,1955-12-12
311,Bianka,Małys,bianka.małys@wp.pl,861-627-140,Łódź,317258,2025-08-02,Meta Ads,False,1983-08-27
312,Jacek,Młotek,jacek.młotek@onet.pl,611910759,Łódź,37-018,2026-08-06,Google Ads,False,1982-03-19
313,Kornelia,Hutyra,kornelia.hutyra@wp.pl,,Elbląg,23-110,2025-12-19,Organic,False,2004-04-02
314,Anna Maria,Naglik,anna maria.naglik@wp.pl,857962877,Gorzów Wielkopolski,31-197,2024-10-07,Google Ads,False,1988-06-11
315,Iwo,Dulik,iwo.dulik@o2.pl,811060122,Warszawa,46-274,2026-08-06,Organic,False,1997-09-23
316,Maksymilian,Dydak,maksymilian.dydak@gmail.com,,Warszawa,52-471,2025-06-02,Meta Ads,False,1985-07-16
317,Artur,Szyndler, artur.szyndler@gmail.com ,009751380,Gdynia,88-848,2025-03-08,Organic,False,2000-07-13
318,Filip,Deluga,FILIP.DELUGA@ONET.PL,986 656 036,Bydgoszcz,52-389,2025-10-30,Meta Ads,False,1975-08-02
319,Lidia,Wołczyk,lidia.wołczyk@wp.pl,863-792-490,Kraków,82-010,2025-03-31,Organic,False,1992-11-05
320,Karol,Wietecha,karol.wietecha@gmail.com,,Lublin,56-661,2024-11-17,Referral,False,1997-03-02
321,Sylwia,Szwaj,sylwia.szwaj@gmail.com,853977484,Gdańsk,13-917,2024-09-21,Influencer,False,1983-08-03
322,Maciej,Morcinek,maciejmorcinek@gmail.com,162764444,Gdynia,28-923,2025-07-19,Organic,False,2001-08-09
323,Nicole,Zbróg,nicole.zbróg@onet.pl,+48 169 813 393,Szczecin,35-048,2026-04-12,Organic,False,2004-07-29
324,Konstanty,Ludwik,konstanty.ludwik@gmail.com,559-322-467,Warszawa,70-578,2025-10-20,Meta Ads,False,1990-06-23
325,Kajetan,Miechowicz,kajetan.miechowicz@wp.pl,+48 493 753 007,Olsztyn,41-017,2026-08-06,Organic,False,2006-07-22
326,Julianna,Klama,julianna.klama@wp.pl,916-534-285,Rzeszów,97-841,2025-03-18,Organic,True,1993-05-15
327,Ewa,Tomalak,ewa.tomalak@gmail.com,237168831,Gdańsk,39-167,2025-02-15,Meta Ads,False,1985-06-26
328,Nicole,Cofała,nicole.cofała@wp.pl,815 257 085,Wrocław,50-694,2024-11-11,Organic,False,2003-02-10
329,Kornel,Cylwik,kornel.cylwik@wp.pl,487-139-219,Szczecin,97-758,2024-12-07,Meta Ads,False,1963-01-05
330,Maksymilian,Furga,maksymilian.furga@interia.pl,873 299 302,Szczecin,96-998,2025-03-22,Google Ads,False,1973-12-04
331,Oskar,Pawliczak,oskar.pawliczak@gmail.com,+48 701 446 017,Białystok,30-859,2026-03-02,Meta Ads,True,1959-08-16
332,Gaja,Pilich,gaja.pilich@gmail.com,693 234 949,Wrocław,00000,2026-05-25,Meta Ads,True,1989-03-15
333,Aniela,Eckert,aniela.eckert@o2.pl,197-181-029,Gdańsk,00000,2026-07-16,Google Ads,False,1984-11-27
334,Albert,Doroz,albert.doroz@onet.pl,241 885 340,Wrocław,24-697,2025-01-07,Meta Ads,True,1986-08-24
335,Fryderyk,Szczudło,FRYDERYK.SZCZUDŁO@GMAIL.COM,+48 108 972 719,Radom,99-634,2026-05-18,Newsletter,False,1971-04-02
336,Witold,Grzywnowicz,witold.grzywnowicz@o2.pl,,Łódź,10-085,2025-04-16,Google Ads,False,1969-10-18
337,Fryderyk,Lukas,fryderyklukas@gmail.com,635 242 232,Toruń,82-158,2024-11-24,Referral,False,1994-10-18
338,Alex,Cis,alex.cis@gmail.com,157 942 860,Wrocław,14-094,2026-05-08,Meta Ads,True,1955-11-14
339,Norbert,Folga,norbert.folga@gmail.com,626 994 045,Łódź,47-780,2025-11-12,Meta Ads,False,1969-11-22
340,Adrian,Pietryga,adrianpietryga@gmail.com,+48 301 433 697,Olsztyn,24-442,2024-12-02,Meta Ads,False,1979-05-21
341,Dagmara,Wilkos,dagmara.wilkos@gmail.com,284743185,Warszawa,53-106,2025-06-27,Google Ads,True,1956-12-26
342,Maks,Rębiś,maks.rębiś@wp.pl,729-055-000,Toruń,12-612,2025-03-18,Meta Ads,False,1987-04-17
343,Arkadiusz,Tałaj,arkadiusz.tałaj@onet.pl,056-226-375,Suwałki,50-013,2026-01-27,Influencer,False,1971-01-23
344,Tobiasz,Citko,tobiasz.citko@wp.pl,937465715,Kielce,11-743,2025-07-05,Meta Ads,False,2003-05-11
345,Andrzej,Mleczek,andrzej.mleczek@wp.pl,888825694,Gdynia,67-174,2026-08-06,Organic,False,1991-12-02
346,Alan,Karczmarz,alan.karczmarz@gmail.com,724853507,Wrocław,35-309,2024-10-25,Google Ads,False,1969-10-27
347,Tymon,Burchardt,tymon.burchardt@interia.pl,945 295 807,Warszawa,22-446,2025-04-19,Meta Ads,False,1970-03-22
348,Radosław,Poczta,radosław.poczta@wp.pl,+48 527 083 577,Kraków,313715,2025-08-26,Organic,True,1968-12-07
349,Witold,Jakubiuk,witold.jakubiuk@wp.pl,418324563,Łódź,81-508,2025-09-02,Google Ads,False,1987-01-25
350,Konrad,Wasilewicz,konrad.wasilewicz@gmail.com,499 752 714,Warszawa,14-139,2025-03-20,Google Ads,False,1971-09-28
351,Ewa,Kloska,ewa.kloska@gmail.com,+48 765 998 439,Kraków,80-390,2026-01-11,Google Ads,False,1998-03-19
352,Kornel,Szumiło,kornel.szumiło@wp.pl,381 236 015,Łódź,43-441,2026-05-01,Meta Ads,False,1998-10-25
353,Gaja,Margol,gaja.margol@interia.pl,321082860,Katowice,39-329,2026-06-11,Newsletter,False,1987-07-26
354,Ksawery,Wenda,ksawery.wenda@wp.pl,,Poznań,41-182,2026-03-14,Meta Ads,False,2006-09-20
355,Alex,Góraj,alex.góraj@gmail.com,+48 217 232 047,Konin,95-712,2026-04-25,Newsletter,False,1989-02-20
356,Aurelia,Hein,aurelia.hein@onet.pl,158 957 873,Olsztyn,32-334,2025-10-18,Referral,False,1975-07-12
357,Kamila,Brejnak,kamila.brejnak@wp.pl,164-551-138,Warszawa,15-955,2026-04-02,Meta Ads,False,1985-06-24
358,Tola,Hnat,tola.hnat@o2.pl,+48 045 479 224,Kraków,24-699,2025-03-04,Meta Ads,False,1996-04-12
359,Szymon,Białasik,szymon.białasik@gmail.com,918 891 112,Toruń,60-966,2025-05-03,Newsletter,False,1993-02-20
360,Monika,Rzeźniczek,monika.rzeźniczek@gmail.com,,Łódź,38-852,2025-03-09,Google Ads,False,1992-04-25
361,Kalina,Beck,kalina.beck@wp.pl,+48 460 617 545,Łódź,64-143,2025-07-09,Organic,False,1989-02-28
362,Tadeusz,Szałaj,tadeusz.szałaj@gmail.com,,Kraków,85-158,2025-03-17,Google Ads,True,1993-07-03
363,Albert,Dybka,ALBERT.DYBKA@GMAIL.COM,+48 460 970 373,Gdańsk,58-613,2026-07-12,Meta Ads,False,1980-12-29
364,Blanka,Kopytko,BLANKA.KOPYTKO@WP.PL,,Szczecin,65-946,2025-03-02,Newsletter,False,2004-05-17
365,Sandra,Jaszczur,sandra.jaszczur@gmail.com,305-864-108,Kraków,05-810,2024-11-09,Referral,False,2006-12-03
366,Julita,Moneta,julita.moneta@wp.pl,894-022-098,Warszawa,82-937,2025-09-29,Meta Ads,True,1960-02-06
367,Witold,Szok,witold.szok@gmail.com,+48 257 179 753,kraków,86-364,2024-10-06,Google Ads,False,1964-05-30
368,Aleksander,Wojtoń,aleksander.wojtoń@onet.pl,309 404 870,Kraków,83-694,2024-11-23,Google Ads,False,1989-11-15
369,Kornel,Wyroślak,kornel.wyroślak@gmail.com,163-958-148,Gdańsk,56-109,2024-12-29,Google Ads,True,1956-02-26
370,Robert,Powierża,robert.powierża@gmail.com,542 300 532,Lublin,66-765,2025-07-03,Organic,True,1983-02-03
371,Elżbieta,Bortkiewicz,elżbieta.bortkiewicz@wp.pl,140 477 979,Warszawa,74-227,2025-06-21,Meta Ads,False,1979-03-22
372,Kamila,Wowra,kamila.wowra@gmail.com,449 515 534,Poznań,00000,2026-03-06,Meta Ads,False,1986-10-16
373,Nela,Dawidczyk,nela.dawidczyk@onet.pl,090-220-052,Zielona Góra,45-026,2026-01-15,Meta Ads,False,1981-03-07
374,Gustaw,Bieszke, gustaw.bieszke@gmail.com ,502 405 805,Kielce,11-119,2025-06-16,Meta Ads,False,1999-08-28
375,Julian,Żynda,julian.żynda@onet.pl,+48 776 357 399,Gdynia,40-352,2025-04-08,Meta Ads,True,1979-09-23
376,Gabriel,Zastawny,gabriel.zastawny@o2.pl,210-890-083,Radom,62-357,2025-03-05,Referral,False,1980-10-31
377,Monika,Stefankiewicz,monika.stefankiewicz@gmail.com,280-332-403,Poznań,90-464,2026-02-09,Google Ads,False,1972-06-30
378,Radosław,Orman,RADOSŁAW.ORMAN@ONET.PL,+48 878 750 596,Kraków,91-118,2024-10-31,Meta Ads,True,1956-10-16
379,Cyprian,Skolik,CYPRIAN.SKOLIK@GMAIL.COM,469 473 941,Bydgoszcz,14-694,2024-09-01,Google Ads,True,1997-12-31
380,Andrzej,Wiciak,andrzej.wiciak@gmail.com,171140163,Rzeszów,23-566,2026-03-13,Meta Ads,False,1964-01-31
381,Melania,Rejmer,melania.rejmer@wp.pl,240 121 008,Warszawa,60-238,2025-08-19,Referral,False,1997-11-16
382,Daniel,Dadej,DANIEL.DADEJ@GMAIL.COM,707-439-779,Olszttyn,82-674,2024-11-29,Google Ads,False,1978-07-01
383,Antoni,Wojniak,antoni.wojniak@wp.pl,639 102 377,Kraków,79-905,2025-01-28,Meta Ads,True,1966-01-20
384,Tola,Kiełbus,tola.kiełbus@wp.pl,+48 951 316 861,Gdańsk,50-005,2026-06-28,Google Ads,False,1992-12-11
385,Gabriel,Widłak,gabriel.widłak@gmail.com,982-098-845,Szczecin,97-721,2026-04-15,Meta Ads,False,1998-06-17
386,Wiktor,Roś,wiktor.roś@gmail.com,091-554-312,Gdynia,14-819,2025-12-10,Influencer,False,2001-10-23
387,Daniel,Zaraś,daniel.zaraś@wp.pl,+48 074 273 351,Gdańsk,42-202,2025-08-10,Newsletter,False,1979-11-05
388,Błażej,Woroch,błażej.woroch@gmail.com,750-128-433,Warszawa,63-541,2025-09-26,Meta Ads,False,2006-10-16
389,Jędrzej,Habdas,jędrzej.habdas@wp.pl,594 808 891,Suwałki,50-626,2026-07-07,Newsletter,False,1976-05-26
390,Oliwier,Andrearczyk,oliwier.andrearczyk@onet.pl,,Warszawa,46-866,2026-07-06,Meta Ads,False,1979-11-11
391,Tymoteusz,Ciaś,tymoteusz.ciaś@gmail.com,569080029,Kraków,87-723,2024-12-16,Referral,True,1998-01-11
392,Tola,Więckiewicz,tola.więckiewicz@interia.pl,716397966,Rzeszów,87-138,2026-03-19,Newsletter,False,1972-03-11
393,Tadeusz,Sobkiewicz,tadeusz.sobkiewicz@wp.pl,301 242 570,Opole,15-188,2024-12-27,Google Ads,False,1975-05-19
394,Julian,Pitura,julian.pitura@wp.pl,774 910 616,Warszawa,50-429,2024-12-20,Referral,False,1987-03-17
395,Aurelia,Duczek,aurelia.duczek@gmail.com,548-085-191,Szczecin,55-191,2025-12-23,Organic,False,1981-05-22
396,Julita,Kuczaj,julita.kuczaj@wp.pl,066271891,Gdańsk,675826,2025-05-01,Google Ads,False,2008-08-04
397,Dagmara,Kumorek,dagmara.kumorek@onet.pl,628937813,Suwałki,63-296,2026-06-27,Meta Ads,False,1963-01-12
398,Jędrzej,Potoczek,jędrzej.potoczek@wp.pl,399678187,Warszawa,58-635,2024-11-19,Meta Ads,False,1958-06-08
399,Maurycy,Rychel,MAURYCY.RYCHEL@WP.PL,+48 148 008 019,Wrocław,63-140,2025-09-26,Influencer,False,1965-12-08
400,Ernest,Mordal,ernest.mordal@onet.pl,269-825-038,Szczecin,65-669,2026-06-25,Meta Ads,False,1981-10-30
401,Marika,Ciochoń,marika.ciochoń@gmail.com,453-781-799,Gdynia,91-861,2026-05-19,Google Ads,False,1979-02-13
402,Leon,Bohdanowicz,leon.bohdanowicz@wp.pl,186-784-231,Gorzów Wielkopolski,73-032,2024-11-12,Referral,False,1997-10-11
403,Borys,Rusiniak,borys.rusiniak@wp.pl,402 843 874,Rzeszów,05-282,2025-05-07,Meta Ads,False,1967-07-06
404,Stefan,Rozum,stefan.rozum@gmail.com,820 387 631,Poznań,59-580,2025-11-13,Influencer,False,1994-12-13
405,Anastazja,Salach,anastazja.salach@wp.pl,304206324,Kraków,66-116,2024-11-11,Meta Ads,False,1985-12-13
406,Cezary,Berek,cezary.berek@wp.pl,625-786-460,Lublin,70-844,2026-07-13,Newsletter,False,2008-02-11
407,Rozalia,Labocha,rozalia.labocha@gmail.com,723058745,Kraków,97-043,2026-06-28,Organic,False,1995-11-16
408,Monika,Styrna,MONIKA.STYRNA@INTERIA.PL,347584324,Łódź,28-436,2024-12-08,Organic,True,1961-01-08
409,Witold,Brudny,witold.brudny@wp.pl,+48 842 019 117,Kraków,05-461,2024-11-16,Google Ads,False,1969-07-10
410,Dawid,Świerkot,dawid.świerkot@gmail.com,265125523,Zielona Góra,16-795,2024-11-01,Meta Ads,False,1998-08-17
411,Nikodem,Teter,NIKODEM.TETER@GMAIL.COM,955092628,Kraków,00000,2026-06-15,Referral,True,1992-02-13
412,Marianna,Krzywonos,marianna.krzywonos@gmail.com,803-005-244,Łódź,79-143,2024-12-08,Meta Ads,False,1997-03-11
413,Gabriel,Łacina,gabriel.łacina@gmail.com,425 590 392,Radom,08-584,2025-06-20,Organic,False,1974-03-10
414,Konstanty,Niksa,konstanty.niksa@gmail.com,417181582,Toruń,69-173,2025-07-27,Google Ads,True,1972-09-30
415,Aleks,Bartoś,aleks.bartoś@onet.pl,,Częstochowa,74-274,2025-11-17,Organic,False,2006-01-27
416,Ida,Gładka,ida.gładka@gmail.com,780007198,Warszawa,87-835,2024-10-29,Google Ads,False,1960-08-22
417,Klara,Zeman,klara.zeman@gmail.com,595 119 219,Wrocław,36-888,2025-01-26,Google Ads,False,1990-05-11
418,Adrian,Breguła,adrian.breguła@gmail.com,679-276-085,Poznań,19-729,2026-06-07,Referral,False,1972-08-31
419,Witold,Koniec,witold.koniec@gmail.com,951 805 792,Kraków,87-403,2026-06-25,Meta Ads,True,1981-07-15
420,Aurelia,Oskroba,aurelia.oskroba@gmail.com,538610194,Gdynia,35-643,2026-02-12,Google Ads,True,1977-07-19
421,Aniela,Sawko,aniela.sawko@gmail.com,,Warszawa,82-814,2024-09-24,Google Ads,True,2002-03-30
422,Tomasz,Helman,tomasz.helman@gmail.com,,Gdynia,66-768,2025-04-06,Newsletter,False,1970-05-05
423,Leonard,Gawliczek,leonard.gawliczek@gmail.com,,Elbląg,63-336,2025-11-10,Meta Ads,False,1986-06-10
424,Tomasz,Jędra,tomasz.jędra@wp.pl,562 616 219,Warszawa,59-651,2025-02-26,Influencer,False,1990-10-18
425,Maurycy,Nieradzik,maurycy.nieradzik@gmail.com,935 446 812,Szczecin,09-815,2026-06-18,Google Ads,False,1983-12-02
426,Przemysław,Kiełbus,przemysław.kiełbus@o2.pl,452 405 673,Gdańsk,28-507,2025-11-25,Google Ads,False,1969-10-29
427,Ryszard,Rogal,ryszard.rogal@gmail.com,724-673-986,Opole,71-592,2024-10-19,Google Ads,True,1962-07-08
428,Ada,Oczkowicz,ada.oczkowicz@gmail.com,+48 753 794 794,Kraków,44-916,2026-06-29,Meta Ads,False,1991-10-09
429,Franciszek,Jankowicz,franciszek.jankowicz@gmail.com,,Warszawa,13-642,2026-07-01,Meta Ads,False,1997-02-21
430,Róża,Marcol,róża.marcol@gmail.com,108 602 070,Poznań,16-952,2024-10-18,Newsletter,True,2001-01-19
431,Monika,Spadło,monika.spadło@gmail.com,928-640-546,Kraków,01-982,2025-09-30,Influencer,False,1978-04-08
432,Adrian,Oleśkiewicz,adrian.oleśkiewicz@wp.pl,325905212,Warszawa,84-310,2025-03-05,Meta Ads,False,1964-01-08
433,Jacek,Deluga,jacek.deluga@gmail.com,672-792-973,Kraków,84-370,2025-05-30,Referral,True,1968-11-12
434,Mariusz,Krauz,mariusz.krauz@wp.pl,544908222,Kraków,84-170,2024-12-26,Meta Ads,False,1958-05-04
435,Norbert,Mizia,norbert.mizia@gmail.com,984 612 182,Poznań,90-774,2025-10-09,Meta Ads,False,1968-01-02
436,Tomasz,Imiołczyk,tomasz.imiołczyk@gmail.com,318-547-032,Kraków,13-002,2026-07-25,Meta Ads,False,1966-11-27
437,Igor,Grys,igor.grys@gmail.com,147-009-528,Białystok,76-232,2025-09-06,Meta Ads,False,1983-02-15
438,Sara,Sroga,sara.sroga@gmail.com,+48 075 252 438,Wrocław,02-713,2024-10-15,Organic,False,1973-10-21
439,Ignacy,Kuster,ignacy.kuster@gmail.com,+48 335 468 824,Leszno,55-711,2025-11-25,Meta Ads,False,1962-08-07
440,Wojciech,Kosela,wojciech.kosela@gmail.com,,Warszawa,50-092,2025-04-11,Meta Ads,False,1994-04-29
441,Paweł,Tokarek,paweł.tokarek@wp.pl,248 082 224,Gorzów Wielkopolski,41-377,2026-04-21,Google Ads,False,2002-04-16
442,Sebastian,Ostafin,sebastian.ostafin@gmail.com,951748452,Warszawa,97-896,2025-06-15,Organic,False,1962-08-26
443,Julian,Mućka,julian.mućka@gmail.com,+48 680 424 386,Częstochowa,768865,2024-12-05,Meta Ads,False,1956-01-17
444,Leon,Wawrzyńczyk,leon.wawrzyńczyk@gmail.com,775470310,Warszawa,45-740,2024-12-30,Influencer,False,1966-11-20
445,Krystian,Giersz,krystian.giersz@wp.pl,575 665 511,Warszawa,79-704,2026-02-25,Meta Ads,False,1979-01-16
446,Przemysław,Śmieszek,przemysław.śmieszek@wp.pl,958 324 207,Łódź,13-144,2025-02-25,Meta Ads,False,1995-06-23
447,Julianna,Jarmużek,julianna.jarmużek@onet.pl,+48 027 640 316,Wrocław,50-360,2026-02-20,Organic,True,2006-08-25
448,Jędrzej,Miąsko,jędrzej.miąsko@gmail.com,762018674,Wrocław,18-254,2024-12-30,Meta Ads,False,1970-04-10
449,Karol,Krekora,karol.krekora@o2.pl,185 879 162,Gdańsk,71-616,2025-03-03,Google Ads,True,1987-05-25
450,Ryszard,Ficoń,RYSZARD.FICOŃ@INTERIA.PL,942400606,Toruń,89-028,2025-07-17,Meta Ads,False,2000-07-14
451,Emil,Fronczek,emil.fronczek@wp.pl,225-708-456,Katowice,67-622,2026-06-21,Organic,False,1982-08-07
452,Kamila,Kapera,kamila.kapera@gmail.com,783174155,Waarszawa,83-056,2026-06-02,Newsletter,False,1997-02-19
453,Tadeusz,Karaśkiewicz,tadeusz.karaśkiewicz@gmail.com,+48 223 561 296,Kraków,50-116,2024-12-01,Referral,False,1968-05-16
454,Gaja,Matyka,gaja.matyka@o2.pl,825-591-230,Piła,68-911,2025-04-27,Influencer,True,2007-06-01
455,Olgierd,Januchta,olgierd.januchta@gmail.com,+48 172 388 332,Kielce,17-397,2024-11-23,Organic,False,2001-03-21
456,Nicole,Browarczyk,nicole.browarczyk@interia.pl,+48 988 285 137,Gdańsk,47-560,2025-09-12,Google Ads,False,1991-10-17
457,Natasza,Wyłupek,natasza.wyłupek@gmail.com,143-866-520,Lublin,10-018,2025-07-16,Influencer,False,1986-09-22
458,Bartek,Michnik,BARTEK.MICHNIK@INTERIA.PL,+48 314 604 049,Warszawa,28-041,2026-05-13,Newsletter,False,2004-06-29
459,Ewa,Lelito,ewa.lelito@o2.pl,+48 777 235 495,Radom,37-644,2026-06-06,Google Ads,False,1993-05-13
460,Urszula,Sypek,urszula.sypek@gmail.com,509 888 025,Częstochowa,90-412,2025-05-05,Meta Ads,False,1959-12-18
461,Julita,Rapa,julita.rapa@gmail.com,096 916 707,Warszawa,79-157,2025-08-24,Organic,True,1970-04-20
462,Fabian,Drozdowicz, fabian.drozdowicz@gmail.com ,398-406-436,Wrocław,66-944,2026-05-31,Influencer,True,1966-05-13
463,Marcin,Heinrich,marcin.heinrich@gmail.com,152809949,Warszawa,42-401,2026-03-29,Newsletter,False,1986-09-04
464,Wiktor,Korzekwa,wiktor.korzekwa@interia.pl,868410436,Białystok,90-448,2024-09-04,Organic,False,1994-04-14
465,Tadeusz,Drygas,tadeusz.drygas@wp.pl,967 802 941,Poznań,32-089,2025-03-22,Meta Ads,False,2004-08-07
466,Oliwier,Fal,oliwier.fal@gmail.com,041 149 047,Rzeszów,79-624,2025-06-11,Newsletter,False,1958-07-06
467,Tymoteusz,Kostro,tymoteusz.kostro@o2.pl,514-178-838,Gdynia,00000,2025-01-14,Meta Ads,False,1962-11-13
468,Mateusz,Sumera,mateusz.sumera@gmail.com,+48 309 084 070,Elbląg,64-976,2024-12-23,Organic,False,1973-12-20
469,Eliza,Pawlos,eliza.pawlos@gmail.com,685-031-260,Gdańsk,93-266,2024-09-18,Referral,True,1964-06-11
470,Hubert,Bittner,hubert.bittner@gmail.com,,Warszawa,00000,2025-11-27,Meta Ads,False,2002-07-30
471,Antoni,Grzenia,antoni.grzenia@gmail.com,+48 076 751 802,Poznań,55-279,2025-02-24,Referral,True,1983-05-12
472,Błażej,Królikiewicz,błażej.królikiewicz@gmail.com,,Konin,74-643,2024-10-10,Influencer,False,1959-09-05
473,Agnieszka,Pitura,agnieszka.pitura@gmail.com,342964209,Radom,47-057,2025-01-16,Meta Ads,False,1982-01-27
474,Nicole,Kumorek,nicole.kumorek@wp.pl,506-160-886,Toruń,48-162,2026-03-07,Influencer,False,1969-02-11
475,Paweł,Głowienka,paweł.głowienka@gmail.com,555382616,Kraków,74-691,2026-04-22,Influencer,False,1993-11-26
476,Olaf,Bejger,olaf.bejger@gmail.com,404 272 790,Kraków,66-003,2025-08-03,Google Ads,False,1957-12-05
477,Bartek,Szyca,bartek.szyca@gmail.com,575 478 914,Wrocław,06-484,2025-06-13,Meta Ads,False,1974-11-20
478,Krystian,Komsta,krystian.komsta@gmail.com,503890950,Warszawa,05-567,2026-08-06,Meta Ads,False,1998-02-28
479,Sandra,Dzierwa, sandra.dzierwa@gmail.com ,,Warszawa,42-255,2024-12-21,Meta Ads,True,1977-08-28
480,Alex,Gmur,alex.gmur@gmail.com,674 345 216,Warszawa,10-586,2024-12-20,Influencer,False,1975-05-10
481,Nela,Tekiela,nela.tekiela@gmail.com,999-622-690,Warszawa,07-184,2025-03-10,Influencer,False,1967-06-04
482,Eliza,Jankowicz,eliza.jankowicz@gmail.com,057-533-288,Poznań,52-071,2024-12-28,Meta Ads,False,2002-01-28
483,Ryszard,Mszyca,ryszard.mszyca@gmail.com,,Suwałki,00000,2025-05-21,Meta Ads,False,1960-03-04
484,Agnieszka,Lorenz,agnieszka.lorenz@gmail.com,933096027,Lublin,48-206,2026-06-11,Google Ads,True,1971-01-18
485,Emil,Trochim,emil.trochim@wp.pl,132-535-032,Suwałki,80-249,2025-11-11,Influencer,False,1980-03-08
486,Tola,Neugebauer, tola.neugebauer@wp.pl ,+48 906 553 998,Rzeszów,99-795,2025-06-13,Meta Ads,False,1965-12-14
487,Inga,Parkitna,inga.parkitna@gmail.com,+48 653 934 799,Kraków,32-155,2026-06-03,Organic,True,1955-12-07
488,Kalina,Buśko,kalina.buśko@o2.pl,034 281 762,Warszawa,30-555,2024-10-13,Google Ads,True,1973-12-15
489,Mateusz,Grzenia,mateusz.grzenia@wp.pl,+48 789 846 511,Kraków,01-778,2024-12-23,Meta Ads,True,1990-06-07
490,Norbert,Uliasz,norbert.uliasz@gmail.com,152-906-275,elbląg,27-543,2025-10-16,Newsletter,True,2007-09-14
491,Sandra,Kabala,sandra.kabala@wp.pl,+48 748 832 380,Częstochowa,08-996,2025-11-20,Newsletter,True,2008-06-08
492,Konstanty,Gruszczyk,konstanty.gruszczyk@gmail.com,+48 921 746 794,Bydgooszcz,06-944,2024-10-03,Google Ads,False,1967-11-12
493,Angelika,Ziółko,angelika.ziółko@onet.pl,424-942-327,Piła,90-918,2025-05-17,Google Ads,True,1975-05-04
494,Karol,Kudełka,karol.kudełka@gmail.com,771 406 473,Wrocła,13-518,2025-11-12,Organic,False,1962-09-02
495,Kamila,Koj,KAMILA.KOJ@GMAIL.COM,159679879,Częstochowa,76-582,2025-12-11,Newsletter,False,1958-11-23
496,Adrian,Ufnal,adrian.ufnal@gmail.com,965-455-297,Częstochowa,38-268,2025-11-14,Meta Ads,False,2000-09-10
497,Kamila,Wichary,kamila.wichary@gmail.com,761-482-179,rzeszów,95-335,2025-03-04,Meta Ads,False,1972-06-14
498,Jeremi,Molak,jeremi.molak@onet.pl,669 329 206,Gdynia,10-967,2024-11-23,Meta Ads,True,1966-05-04
499,Janina,Kandzia,janina.kandzia@o2.pl,341863776,Kraków,20-109,2025-06-17,Meta Ads,False,1964-04-22
500,Roksana,Bartel,roksana.bartel@gmail.com,606 923 069,Warszawa,53-124,2024-11-21,Google Ads,False,1983-12-31
501,Nikodem,Terka,nikodem.terka@interia.pl,+48 993 734 427,Rzeszów,40-475,2026-07-08,Meta Ads,False,1969-08-22
502,Ignacy,Wiech,ignacy.wiech@gmail.com,055-104-043,Radom,21-827,2025-07-14,Google Ads,False,1991-12-16
503,Maciej,Wołos,maciej.wołos@wp.pl,+48 734 092 400,Konin,42-152,2025-03-14,Organic,False,1960-06-05
504,Witold,Goliszek,WITOLD.GOLISZEK@ONET.PL,211230569,Wrocław,51-526,2026-02-07,Meta Ads,False,1958-03-10
505,Radosław,Szykuła, radosław.szykuła@gmail.com ,887-494-068,Elbląg,23-032,2025-08-21,Google Ads,True,2006-01-21
506,Aniela,Romankiewicz,aniela.romankiewicz@onet.pl,506872607,Warszaw,96-564,2025-03-16,Organic,False,1968-11-01
507,Marcelina,Dziedzina,marcelina.dziedzina@gmail.com,+48 223 203 027,Warszawa,18-125,2026-03-17,Meta Ads,False,1956-03-24
508,Borys,Świerszcz,borys.świerszcz@o2.pl,203-870-641,Gorzów Wielkopolski,26-844,2026-05-26,Meta Ads,False,1976-10-28
509,Karol,Tolak,karol.tolak@gmail.com,+48 732 801 300,Warszawa,76-266,2025-12-18,Google Ads,False,2004-03-21
510,Igor,Linek,igor.linek@gmail.com,354 295 105,Kielce,09-203,2024-10-21,Organic,False,2003-06-06
511,Sara,Kowalówka,sara.kowalówka@gmail.com,271-806-736,Konin,17-095,2025-10-16,Google Ads,False,2003-07-26
512,Kornel,Plaskota,kornel.plaskota@gmail.com,631566639,Kraków,06-965,2026-02-10,Referral,True,1980-01-11
513,Alan,Pasiak,alan.pasiak@gmail.com,458992416,Gdańsk,56-842,2024-11-19,Meta Ads,False,1993-12-28
514,Sonia,Rzońca,sonia.rzońca@gmail.com,077932756,Kraków,49-700,2025-01-26,Organic,False,1978-03-17
515,Maks,Kozłowicz,maks.kozłowicz@gmail.com,743259856,Gdynia,24-282,2026-05-15,Organic,True,1970-06-05
516,Krystian,Klucznik,krystian.klucznik@gmail.com,+48 535 673 455,Gdynia,79-635,2024-09-28,Meta Ads,False,1988-04-18
517,Gustaw,Grosz,gustaw.grosz@wp.pl,561976630,Suwałki,53-904,2026-02-26,Organic,False,1984-10-12
518,Stanisław,Malcher,stanisław.malcher@o2.pl,,Szczecin,36-393,2025-07-08,Organic,False,1962-11-13
519,Ksawery,Dynia,ksawery.dynia@wp.pl,829 594 399,Częstochowa,68-256,2025-07-16,Google Ads,False,1989-01-09
520,Inga,Joniak,inga.joniak@gmail.com,,Kielce,03-392,2024-09-21,Meta Ads,False,1997-01-14
521,Maurycy,Huczek,maurycy.huczek@wp.pl,,poznań,70-801,2026-03-03,Google Ads,False,1981-04-13
522,Sylwia,Ornat,sylwia.ornat@o2.pl,+48 126 304 916,Warszawa,42-398,2025-04-20,Meta Ads,False,1969-12-05
523,Szymon,Rećko,szymon.rećko@o2.pl,658-163-724,Gdynia,77-225,2025-10-19,Google Ads,True,1957-02-23
524,Konstanty,Franczuk,konstanty.franczuk@interia.pl,980213246,Łódź,61-543,2025-12-12,Organic,False,1974-07-16
525,Janina,Warchał,janina.warchał@o2.pl,625-972-050,Kraków,21-103,2025-12-21,Meta Ads,False,1968-09-24
526,Tadeusz,Wojsa,tadeusz.wojsa@gmail.com,+48 870 375 570,Łódź,69-836,2026-07-26,Google Ads,False,1997-07-13
527,Adam,Szoka,adam.szoka@gmail.com,,Łódź,00000,2025-09-06,Meta Ads,True,2000-06-17
528,Tobiasz,Litwa,tobiasz.litwa@gmail.com,698072246,Konin,23-181,2025-05-18,Meta Ads,False,1968-02-18
529,Alex,Hutyra,alexhutyra@gmail.com,714-699-701,Toruń,95-715,2026-07-19,Influencer,False,1974-08-11
530,Tola,Zimoń,tola.zimoń@onet.pl,844-179-490,Szczecin,91-718,2025-11-09,Meta Ads,False,1974-03-27
531,Nicole,Torbus,nicole.torbus@gmail.com,162 650 979,Warszawa,19-577,2025-03-20,Referral,True,2005-11-10
532,Anastazja,Bilik,anastazja.bilik@wp.pl,624-201-280,Olsztyn,40-180,2024-11-14,Google Ads,True,1981-08-03
533,Tomasz,Waniek,tomasz.waniek@gmail.com,412-573-936,Gdańsk,30-617,2026-04-21,Meta Ads,False,1967-03-11
534,Anna Maria,Aleksa,anna maria.aleksa@gmail.com,060-999-501,Radom,01-340,2025-04-07,Meta Ads,False,2004-03-30
535,Ksawery,Dziugieł,ksawery.dziugieł@gmail.com,155-537-909,Suwałki,17-349,2025-12-03,Google Ads,False,1993-08-05
536,Kazimierz,Mejer,kazimierz.mejer@wp.pl,027455308,Wrocław,03-152,2025-07-10,Meta Ads,False,1986-09-08
537,Julian,Dziwak,julian.dziwak@wp.pl,053006423,Gorzów Wielkopolski,15-867,2024-12-09,Meta Ads,False,1983-06-28
538,Dariusz,Młyńczak,dariusz.młyńczak@gmail.com,845 506 454,Elbląg,48-722,2025-11-02,Google Ads,False,2005-07-08
539,Ewa,Kabza,ewa.kabza@gmail.com,519732714,Gorzów Wielkopolski,13-345,2024-10-31,Organic,False,1971-08-03
540,Łukasz,Budniak,łukasz.budniak@o2.pl,,Poznań,94-972,2025-06-09,Google Ads,False,1978-10-01
541,Ada,Januszewicz,adajanuszewicz@gmail.com,827 111 092,Białystok,41-179,2025-10-12,Google Ads,True,1993-01-28
542,Melania,Kuczaj,melania.kuczaj@gmail.com,781-252-516,Warszawa,79-806,2025-06-04,Meta Ads,True,1974-07-04
543,Julianna,Marko,julianna.marko@gmail.com,632 137 247,Radom,23-388,2026-02-14,Meta Ads,True,1971-11-09
544,Gustaw,Jonczyk,gustaw.jonczyk@onet.pl,276-498-256,Warszawa,23-747,2026-04-08,Google Ads,False,1955-09-09
545,Anita,Maćczak,anita.maćczak@gmail.com,948 504 893,Warszawa,99-989,2026-02-20,Google Ads,False,1985-09-02
546,Grzegorz,Plona,grzegorz.plona@gmail.com,+48 245 324 927,Warszawa,41-944,2024-10-11,Meta Ads,False,1998-06-18
547,Borys,Jaśkowiec,borys.jaśkowiec@onet.pl,+48 675 322 879,Elbląg,73-107,2024-12-04,Google Ads,False,2005-03-29
548,Julian,Bogaczyk,julian.bogaczyk@o2.pl,+48 997 522 925,Kraków,96-080,2025-09-14,Meta Ads,False,1968-03-17
549,Alex,Szczechowicz,alex.szczechowicz@gmail.com,,Elbląg,82-907,2026-06-17,Newsletter,True,2006-08-22
550,Józef,Fras,JÓZEF.FRAS@GMAIL.COM,+48 434 180 054,Rzeszów,02-272,2026-04-01,Organic,False,1966-09-16
551,Krzysztof,Gorol,krzysztof.gorol@onet.pl,112-752-733,Szczecin,33-806,2026-04-27,Newsletter,True,1961-04-27
552,Jakub,Jacak,jakub.jacak@gmail.com,854-758-632,Wrocław,50-449,2025-03-22,Meta Ads,True,1994-06-04
553,Leon,Piekart,leon.piekart@onet.pl,,Białystok,53-505,2025-06-04,Meta Ads,False,2002-05-01
554,Nataniel,Szatko,nataniel.szatko@gmail.com,+48 267 071 292,Katowice,49-104,2025-07-07,Influencer,True,1999-07-10
555,Aurelia,Semenowicz, aurelia.semenowicz@gmail.com ,279842025,Warszawa,98-704,2024-11-19,Newsletter,False,1967-07-21
556,Aniela,Gowin,aniela.gowin@o2.pl,805844199,Piiła,05-302,2024-09-08,Google Ads,True,1956-08-28
557,Robert,Błaszyk,robert.błaszyk@gmail.com,358921465,Kraków,10-351,2026-07-19,Meta Ads,True,1964-08-11
558,Albert,Linkiewicz,ALBERT.LINKIEWICZ@GMAIL.COM,887187069,Szczecin,94-077,2025-01-15,Influencer,False,1984-08-03
559,Tomasz,Reszke,tomasz.reszke@wp.pl,218 463 990,Kraków,77-629,2025-01-17,Google Ads,False,2002-12-08
560,Antoni,Raźniak,antoni.raźniak@gmail.com,590-639-637,Wrocław,84-169,2024-11-04,Google Ads,False,1987-10-14
561,Justyna,Szczerbiak,justyna.szczerbiak@gmail.com,334-691-058,Warszawa,07-104,2026-06-25,Newsletter,False,1973-02-21
562,Rafał,Melka, rafał.melka@gmail.com ,+48 707 556 593,Poznań,90-568,2025-10-31,Newsletter,True,1993-11-11
563,Rozalia,Bobrowicz,rozalia.bobrowicz@gmail.com,674 364 372,Warszawa,85-289,2025-12-21,Influencer,True,1971-05-11
564,Patryk,Zieja,patryk.zieja@gmail.com,,Kraków,51-586,2026-06-27,Google Ads,False,1984-09-22
565,Marika,Kusek,marika.kusek@gmail.com,571-099-450,Katowice,07-370,2025-04-04,Organic,True,1955-10-18
566,Dawid,Gumienny,dawid.gumienny@gmail.com,,Kraków,85-641,2025-11-11,Meta Ads,False,1987-05-29
567,Ksawery,Rawa,ksawery.rawa@o2.pl,007548281,Gdańsk,04-212,2024-10-01,Referral,False,1964-08-25
568,Aleks,Chachuła,aleks.chachuła@interia.pl,165-909-269,Poznań,61-865,2024-12-02,Newsletter,False,1961-09-19
569,Ewa,Gilewicz,ewagilewicz@gmail.com,812892037,suwałki,63-917,2026-04-16,Organic,False,1990-08-19
570,Tomasz,Monkiewicz,tomasz.monkiewicz@gmail.com,516692374,Kielce,70-397,2026-02-18,Organic,False,1965-05-24
571,Fryderyk,Nyk,fryderyk.nyk@gmail.com,694-998-453,Konin,24-457,2025-04-30,Organic,False,1957-12-16
572,Monika,Bobko,monika.bobko@wp.pl,525-786-466,Częstochowa,34-232,2025-05-26,Organic,False,1999-12-18
573,Sylwia,Hamera,sylwia.hamera@gmail.com,424 240 314,Gdańsk,20-771,2025-09-10,Newsletter,False,1992-07-04
574,Patryk,Szczudło,patryk.szczudło@gmail.com,+48 517 616 324,Warszawa,86-353,2024-09-26,Meta Ads,False,1998-06-06
575,Klara,Golisz,klara.golisz@gmail.com,225 724 113,Leszno,76-233,2025-01-04,Google Ads,False,1984-12-08
576,Tobiasz,Budych,tobiasz.budych@wp.pl,938 531 142,Poznań,67-429,2024-12-26,Google Ads,False,2006-10-10
577,Lidia,Dorobek,lidia.dorobek@gmail.com,+48 069 130 086,Wrocław,31-488,2025-02-20,Newsletter,True,1971-06-08
578,Ewa,Choina,ewa.choina@gmail.com,680 049 116,Kraków,92-036,2026-03-07,Organic,False,1982-03-17
579,Eliza,Nitkiewicz,eliza.nitkiewicz@gmail.com,302855378,Warszawa,74-694,2025-02-04,Influencer,False,2007-09-07
580,Tymon,Tułacz,tymon.tułacz@wp.pl,,Warszawa,97-460,2024-12-27,Google Ads,False,1964-10-03
581,Leon,Leszkiewicz,leon.leszkiewicz@gmail.com,735-049-810,Leszno,25-130,2025-09-05,Referral,True,1957-11-09
582,Maksymilian,Olszowa,maksymilian.olszowa@o2.pl,772-342-207,Szczecin,56-207,2026-05-22,Newsletter,False,2008-06-14
583,Tymon,Fraszczyk,tymon.fraszczyk@gmail.com,444 014 841,Warszawa,77-265,2025-01-21,Google Ads,False,1972-07-17
584,Krzysztof,Rej,krzysztof.rej@gmail.com,+48 612 636 643,Warszawa,50-570,2024-10-08,Meta Ads,True,1976-08-27
585,Arkadiusz,Cłapa,arkadiusz.cłapa@wp.pl,183676324,Suwałki,36-533,2025-04-10,Meta Ads,True,1979-11-17
586,Bartek,Bryczek,bartek.bryczek@interia.pl,+48 727 568 701,Warszawa,90-639,2026-02-17,Google Ads,False,1986-09-26
587,Sandra,Tomaszkiewicz,sandra.tomaszkiewicz@gmail.com,524 584 309,Kraków,54-154,2025-10-04,Meta Ads,False,1963-06-13
588,Julianna,Sypuła,julianna.sypuła@gmail.com,+48 142 488 838,Konin,98-988,2026-03-31,Google Ads,True,2005-05-25
589,Dominik,Zbrożek,dominik.zbrożek@wp.pl,393-445-551,Łódź,13-805,2026-07-23,Google Ads,False,1970-10-04
590,Julita,Bobik,julita.bobik@gmail.com,041535318,Warszawa,45-899,2026-03-25,Organic,False,1977-05-16
591,Ernest,Rompa,ernest.rompa@gmail.com,304-728-805,Gorzów Wielkopolski,63-586,2025-11-12,Meta Ads,True,1987-11-14
592,Piotr,Jarczak,piotr.jarczak@gmail.com,968 662 345,Kraków,36-413,2025-08-10,Influencer,False,1963-03-21
593,Blanka,Bernatowicz,blanka.bernatowicz@gmail.com,504 699 124,Kielce,51-911,2024-10-23,Influencer,True,2002-03-07
594,Marek,Janiszek,marek.janiszek@onet.pl,,Warszawa,96-487,2026-08-05,Meta Ads,True,2004-05-26
595,Mariusz,Ważny,mariusz.ważny@onet.pl,,Warszawa,44-838,2025-05-06,Influencer,False,1997-08-29
596,Fabian,Bak,fabian.bak@wp.pl,638629885,Lublin,63-879,2024-11-14,Google Ads,False,1992-06-29
597,Oskar,Ścieszka,oskar.ścieszka@gmail.com,670520680,Warszawa,30-138,2025-12-04,Organic,False,1971-07-10
598,Sara,Kudłacz,sara.kudłacz@onet.pl,,Suwałki,42-276,2025-03-08,Meta Ads,False,1994-03-22
599,Dawid,Mrózek,dawid.mrózek@wp.pl,,Szczecin,57-217,2025-11-04,Google Ads,False,2004-01-04
600,Kalina,Bejger,kalina.bejger@gmail.com,+48 842 090 876,Poznań,63-778,2025-11-18,Newsletter,False,1982-12-20
601,Mariusz,Dub,mariusz.dub@onet.pl,+48 394 791 548,Opole,08-528,2025-07-17,Meta Ads,False,1997-07-18
602,Wiktor,Witoń,wiktorwitoń@gmail.com,+48 839 213 554,Kraków,91-519,2026-04-08,Google Ads,False,1976-12-22
603,Anna Maria,Doliwa,anna maria.doliwa@wp.pl,523-609-730,Łódź,73-030,2025-02-14,Google Ads,False,1964-10-20
604,Ksawery,Grotek,ksawerygrotek@gmail.com,152 944 358,Toruń,08-256,2025-07-12,Referral,False,1957-05-07
605,Franciszek,Kanik,franciszek.kanik@gmail.com,+48 949 058 909,Kraków,91-204,2025-09-01,Newsletter,False,1970-02-11
606,Marcelina,Wiertel,marcelina.wiertel@wp.pl,974 991 851,Łódź,51-651,2025-12-17,Google Ads,True,2004-07-08
607,Antoni,Dybiec,antonidybiec@gmail.com,+48 018 122 260,Toruń,48-501,2026-03-15,Organic,True,1987-01-30
608,Kajetan,Budzich,kajetan.budzich@onet.pl,,Rzeszów,61-601,2025-05-22,Google Ads,False,1984-10-25
609,Mieszko,Gierak,mieszko.gierak@gmail.com,071 989 937,Łódź,34-767,2025-11-23,Meta Ads,True,1999-08-19
610,Tomasz,Szyda,TOMASZ.SZYDA@WP.PL,,Warszawa,04-396,2024-11-02,Referral,False,1958-03-24
611,Anita,Żabierek,anita.żabierek@gmail.com,105-135-224,Warszawa,28-878,2026-06-30,Meta Ads,True,1967-04-30
612,Artur,Kuban,artur.kuban@wp.pl,+48 401 245 839,Wrocław,27-276,2025-05-10,Influencer,False,1990-02-17
613,Ida,Ważny,ida.ważny@gmail.com,941-641-535,Kraków,99-699,2026-01-06,Influencer,False,1956-01-25
614,Adrian,Chachaj,adrianchachaj@gmail.com,760303773,Warszawa,23-616,2024-09-07,Meta Ads,False,1998-01-15
615,Artur,Deryło,artur.deryło@gmail.com,067 934 625,Warszawa,78-825,2024-12-02,Meta Ads,False,2005-07-29
616,Jacek,Sojda,jacek.sojda@gmail.com,255 783 891,Częstochowa,49-873,2025-08-03,Google Ads,False,1974-01-28
617,Iwo,Walkusz,iwo.walkusz@interia.pl,629764073,Radom,60-310,2026-05-05,Meta Ads,False,1991-06-27
618,Ewa,Prokopiak,ewaprokopiak@wp.pl,,Gdynia,14-008,2025-09-18,Meta Ads,False,1982-09-15
619,Mariusz,Wyrwał,mariusz.wyrwał@gmail.com,+48 966 215 971,Łódź,83-609,2026-06-14,Referral,False,1987-11-16
620,Radosław,Frymus,radosław.frymus@gmail.com,846 043 865,Zielona Góra,14-494,2025-08-18,Organic,False,1958-12-23
621,Jacek,Działa, jacek.działa@gmail.com ,764451448,Konin,42-883,2025-08-15,Newsletter,False,1970-04-09
622,Radosław,Kulisz,radosław.kulisz@gmail.com,667902585,Bydgoszcz,20-530,2024-11-16,Organic,False,1996-03-01
623,Adam,Łacina,adam.łacina@gmail.com,308-937-000,Częstochowa,77-414,2026-03-29,Referral,False,1990-08-09
624,Sebastian,Głowiak,sebastian.głowiak@wp.pl,919883050,Opole,04-672,2025-02-14,Meta Ads,True,1981-12-15
625,Gustaw,Radzio,gustaw.radzio@gmail.com,256 548 469,Gorzów Wielkopolsk,54-415,2026-05-19,Meta Ads,True,1976-03-04
626,Piotr,Rasała,piotr.rasała@onet.pl,063-641-706,Warszawa,91-586,2026-06-08,Meta Ads,False,1998-11-05
627,Cyprian,Holeksa,cyprian.holeksa@gmail.com,+48 074 198 796,kraków,92-228,2026-06-19,Organic,False,1991-12-21
628,Lidia,Pachnik,lidia.pachnik@onet.pl,638-687-399,Olsztyn,46-520,2025-09-30,Organic,True,1971-07-04
629,Alan,Fogiel,alan.fogiel@wp.pl,+48 339 230 345,Gdańsk,85-898,2025-12-07,Influencer,False,1985-03-08
630,Gustaw,Karyś,gustaw.karyś@wp.pl,+48 729 354 144,Wrocław,61-132,2026-02-17,Google Ads,True,1994-11-12
631,Melania,Husak,melania.husak@o2.pl,505 627 676,Warszawa,24-970,2024-11-10,Meta Ads,False,1991-08-15
632,Józef,Bielat,józef.bielat@o2.pl,+48 007 373 755,Częstochowa,12-228,2025-11-01,Meta Ads,False,1974-06-04
633,Norbert,Dębosz,norbert.dębosz@gmail.com,756-494-193,Wrocław,43-381,2024-09-01,Meta Ads,False,1969-05-28
634,Gustaw,Roj,gustaw.roj@gmail.com,910160901,Warszawa,16-482,2025-08-29,Meta Ads,True,1958-06-10
635,Janina,Patoka,janina.patoka@o2.pl,,Rzeszów,80-073,2024-11-12,Organic,True,1980-08-15
636,Eryk,Męcik,eryk.męcik@gmail.com,+48 814 698 365,Kraków,16-889,2024-12-23,Influencer,False,1991-09-03
637,Liwia,Pilarek,liwia.pilarek@gmail.com,797-865-306,Wrocław,53-056,2025-05-25,Influencer,True,2001-10-01
638,Krystian,Pusz, krystian.pusz@onet.pl ,184-143-910,Kielce,26-351,2025-06-14,Influencer,False,1977-04-13
639,Nicole,Siwka,nicole.siwka@interia.pl,145557415,Kraków,59-147,2025-11-20,Google Ads,True,1972-05-12
640,Grzegorz,Ficoń,grzegorz.ficoń@o2.pl,440 377 859,Łódź,11-500,2024-10-14,Google Ads,True,1973-03-23
641,Kajetan,Madzia,kajetan.madzia@gmail.com,,Warszawa,82-060,2025-09-27,Meta Ads,False,1955-11-05
642,Jacek,Oślizło,jacek.oślizło@gmail.com,,Gdańsk,98-793,2024-12-19,Meta Ads,False,1964-07-13
643,Damian,Misiejuk,damian.misiejuk@gmail.com,822 462 786,Olsztyn,98-799,2025-10-16,Meta Ads,False,1960-04-05
644,Justyna,Dylak,JUSTYNA.DYLAK@GMAIL.COM,996373048,Warszawa,55-414,2025-11-20,Meta Ads,False,1978-05-02
645,Malwina,Fogel,malwina.fogel@wp.pl,152503247,Piła,01-039,2025-10-19,Organic,False,1983-11-20
646,Mariusz,Romańczyk,mariusz.romańczyk@gmail.com,,Zielona Góra,42-776,2026-01-13,Referral,False,1999-10-04
647,Rafał,Wożniak,rafał.wożniak@wp.pl,873 305 543,Łódź,87-005,2025-04-01,Newsletter,False,1988-10-23
648,Witold,Pakos,witold.pakos@gmail.com,620 717 500,Kraków,89-899,2026-02-15,Meta Ads,True,1973-11-05
649,Adrian,Jędrusiak,adrian.jędrusiak@gmail.com,051 026 171,Poznań,50-516,2025-06-25,Influencer,False,1986-10-18
650,Leon,Jarosiewicz,leon.jarosiewicz@onet.pl,405666797,Warszawa,06-306,2025-08-23,Google Ads,False,2005-11-12
651,Agnieszka,Rode,agnieszka.rode@wp.pl,060040125,gdynia,67-611,2025-11-27,Newsletter,False,1983-05-17
652,Justyna,Staręga,justyna.staręga@gmail.com,+48 017 767 323,Kraków,88-138,2024-09-11,Google Ads,False,1973-10-04
653,Marika,Koterba,marika.koterba@gmail.com,246-175-414,Radom,97-193,2025-11-13,Referral,False,1964-05-01
654,Olga,Patalas,olga.patalas@wp.pl,205-842-911,radom,30-230,2025-11-10,Google Ads,False,1994-02-19
655,Adrian,Mzyk,adrian.mzyk@gmail.com,226-047-616,Gdańsk,94-023,2025-03-04,Newsletter,False,1986-11-06
656,Alan,Baranowicz,alan.baranowicz@onet.pl,448339354,Elbląg,47-729,2024-11-25,Meta Ads,True,1990-01-27
657,Piotr,Strug,piotr.strug@wp.pl,927603971,Wrocław,82-262,2024-11-30,Meta Ads,False,1996-06-21
658,Franciszek,Moneta,franciszek.moneta@gmail.com,,radom,07-678,2026-06-15,Influencer,False,1961-04-28
659,Michał,Jacak,michałjacak@o2.pl,467768426,Lublin,89-119,2025-12-05,Meta Ads,False,1977-09-07
660,Fryderyk,Topa,fryderyk.topa@gmail.com,345066980,Warszawa,71-259,2024-11-22,Influencer,False,1980-09-26
661,Marcin,Fronczek,marcin.fronczek@gmail.com,059-338-771,Łódź,89-703,2025-04-30,Organic,False,1989-01-01
662,Emil,Browarczyk,emil.browarczyk@wp.pl,876 805 961,Warszawa,00000,2025-11-16,Google Ads,True,1990-09-16
663,Jeremi,Rochowiak,jeremi.rochowiak@onet.pl,864180652,Suwałki,78-718,2026-04-23,Newsletter,False,1962-11-12
664,Paweł,Gumuła,paweł.gumuła@wp.pl,737534986,Łódź,93-633,2024-10-24,Meta Ads,False,1961-11-01
665,Oliwier,Wrochna,oliwier.wrochna@gmail.com,818-067-380,Kraków,14-510,2025-01-29,Meta Ads,False,1966-02-14
666,Ksawery,Częścik,ksawery.częścik@onet.pl,406-352-287,Warszawa,34-852,2026-05-13,Meta Ads,False,1983-04-28
667,Ksawery,Gabara, ksawery.gabara@gmail.com ,+48 363 905 638,Toruń,91-420,2024-09-24,Meta Ads,False,1971-04-01
668,Maciej,Hołota,maciej.hołota@o2.pl,468 399 450,Kielce,64-933,2024-12-07,Google Ads,False,1966-08-08
669,Karina,Pabiś,karina.pabiś@onet.pl,220936679,Opole,31-003,2026-07-26,Influencer,True,1956-04-08
670,Dawid,Suszko,dawid.suszko@gmail.com,743-080-721,Warszawa,74-686,2025-11-01,Meta Ads,False,1981-10-13
671,Tomasz,Bidas,tomasz.bidas@interia.pl,,Łódź,66-077,2025-02-10,Meta Ads,False,1993-12-11
672,Oskar,Feliksiak,oskar.feliksiak@gmail.com,010363306,Gdańsk,83-237,2024-10-13,Meta Ads,False,1979-10-21
673,Gustaw,Czerwionka,gustaw.czerwionka@gmail.com,+48 327 516 147,Warszawa,60-052,2024-09-14,Newsletter,True,1960-11-19
674,Tymoteusz,Żymełka,tymoteusz.żymełka@wp.pl,350 087 168,Kraków,06-873,2025-01-09,Newsletter,False,1970-12-30
675,Jędrzej,Strawa,JĘDRZEJ.STRAWA@GMAIL.COM,,Kraków,95-119,2026-05-17,Google Ads,False,1960-08-18
676,Aleksander,Rychel,aleksander.rychel@gmail.com,,Kielce,18-680,2025-06-11,Meta Ads,False,1989-11-24
677,Kornel,Jewuła,kornel.jewuła@gmail.com,698 968 988,Gdańsk,57-979,2025-12-20,Google Ads,False,1988-07-20
678,Tomasz,Pacia,tomasz.pacia@gmail.com,432-152-055,Kraków,44-188,2026-06-15,Meta Ads,False,1961-08-17
679,Blanka,Spadło,blanka.spadło@onet.pl,654455441,Wrocław,35-856,2025-06-14,Organic,True,1976-01-15
680,Malwina,Potok,malwina.potok@o2.pl,077-297-913,Wrocław,54-665,2024-12-01,Newsletter,False,2002-07-24
681,Leon,Mikusek,leon.mikusek@onet.pl,636-286-269,Szczecin,17-713,2025-09-14,Organic,False,1994-02-04
682,Damian,Hanc,damian.hanc@gmail.com,674-772-308,Warszawa,54-934,2026-06-14,Meta Ads,False,1986-11-27
683,Nicole,Franaszek,nicole.franaszek@o2.pl,+48 430 108 858,Elbląg,57-186,2026-03-13,Google Ads,False,1987-12-30
684,Maurycy,Dębniak,maurycy.dębniak@o2.pl,,Warszawa,04-884,2024-10-01,Referral,True,1991-11-15
685,Adrian,Deptuch,adrian.deptuch@wp.pl,+48 396 276 539,Kraków,63-116,2025-12-25,Organic,True,2002-08-21
686,Monika,Jankowicz,monika.jankowicz@gmail.com,972 326 255,Łódź,09-268,2025-10-22,Meta Ads,True,1990-04-23
687,Bartek,Stochel,bartek.stochel@wp.pl,+48 770 888 384,Gdańsk,87-538,2026-06-05,Google Ads,True,1996-04-10
688,Aurelia,Indyka,aurelia.indyka@wp.pl,595-844-798,Bydgoszcz,73-230,2024-11-10,Organic,False,2007-06-05
689,Natan,Kazana,natan.kazana@o2.pl,,Warszawa,67-705,2025-09-01,Organic,False,1992-09-22
690,Patryk,Poreda,patryk.poreda@gmail.com,103427057,Gdańsk,85-745,2026-05-02,Google Ads,False,1968-10-08
691,Mieszko,Mordak,mieszko.mordak@onet.pl,222 986 429,Gdańsk,87-657,2025-06-14,Google Ads,False,1975-12-29
692,Dagmara,Franiak,dagmara.franiak@onet.pl,092-097-078,Olsztyn,79-056,2025-08-20,Influencer,False,1956-03-18
693,Damian,Składanek,damian.składanek@wp.pl,,Piła,61-873,2024-10-16,Organic,False,1981-11-15
694,Leon,Koj,leon.koj@wp.pl,562 453 673,Warszawa,00000,2025-02-05,Google Ads,False,1972-08-03
695,Kornel,Batóg,kornel.batóg@o2.pl,621-227-514,Radom,07-520,2025-04-27,Organic,False,1967-05-26
696,Albert,Gendera,albert.gendera@wp.pl,000 853 338,Rzeszów,31-081,2026-07-09,Organic,False,1979-12-05
697,Anita,Brząkała,anita.brząkała@gmail.com,880 321 976,Piła,12-878,2025-03-08,Google Ads,False,1982-01-05
698,Jędrzej,Piesik,jędrzej.piesik@interia.pl,,Elbląg,64-764,2025-07-12,Meta Ads,True,1990-03-23
699,Paweł,Dydo,paweł.dydo@interia.pl,399731153,Katowice,53-037,2025-12-23,Influencer,False,1985-02-14
700,Jakub,Windak,jakub.windak@gmail.com,335 883 362,Warszawa,12-811,2024-12-08,Google Ads,False,1987-08-14
701,Emil,Kupaj,emil.kupaj@gmail.com,001 588 116,Katowice,66-576,2025-08-23,Newsletter,False,1966-07-23
702,Agnieszka,Gogola,agnieszka.gogola@wp.pl,705915192,Katowice,47-846,2026-01-07,Meta Ads,True,1958-06-21
703,Artur,Wiercigroch,artur.wiercigroch@gmail.com,930030407,Zielona Góra,59-340,2026-05-14,Google Ads,False,1985-04-13
704,Lidia,Sobieszczyk,lidia.sobieszczyk@o2.pl,484 739 377,Wrocław,85-373,2025-11-14,Newsletter,False,1993-07-16
705,Oliwier,Karyś,oliwier.karyś@gmail.com,+48 306 714 163,Radom,98-675,2025-12-02,Referral,False,1967-05-07
706,Cyprian,Kreczmer,cyprian.kreczmer@o2.pl,174-189-108,Suwałki,82-988,2024-11-21,Google Ads,False,1997-12-28
707,Krystyna,Koźlak,krystyna.koźlak@interia.pl,564-777-051,Białystok,48-719,2026-07-18,Newsletter,False,1961-03-25
708,Leon,Zamora,leon.zamora@gmail.com,,Krakó,18-842,2024-11-29,Influencer,False,1993-08-03
709,Kalina,Łuczkiewicz,kalina.łuczkiewicz@onet.pl,809 993 805,Poznań,33-626,2026-02-09,Meta Ads,False,1965-12-23
710,Ignacy,Cichos,ignacy.cichos@gmail.com,939-905-205,Gdańsk,51-221,2025-02-09,Meta Ads,True,1979-10-26
711,Rafał,Sobieszczyk,rafał.sobieszczyk@gmail.com,,Szczecin,44-111,2026-06-02,Google Ads,False,1995-09-22
712,Aleksander,Gmurczyk,ALEKSANDER.GMURCZYK@O2.PL,713945648,Warszawa,00000,2025-12-25,Influencer,False,1962-02-15
713,Aniela,Gronostaj,aniela.gronostaj@o2.pl,759535728,Leszno,85-604,2026-02-15,Meta Ads,False,2006-04-10
714,Łukasz,Grosz,łukasz.grosz@gmail.com,420-571-748,Częstochowa,01-544,2024-12-13,Newsletter,False,1994-08-13
715,Bianka,Poreda,bianka.poreda@gmail.com,517951851,Białystok,75-495,2025-06-07,Meta Ads,True,2004-08-02
716,Kajetan,Bednarowicz,kajetan.bednarowicz@gmail.com,+48 352 949 656,Kraków,75-178,2025-11-08,Organic,False,1994-04-24
717,Hubert,Hanc,hubert.hanc@wp.pl,303 293 373,Wrocław,50-674,2026-02-16,Google Ads,False,1987-06-04
718,Kazimierz,Krępa,kazimierz.krępa@gmail.com,725691478,Kielce,50-429,2024-11-14,Meta Ads,False,2007-07-06
719,Witold,Kapciak,witold.kapciak@o2.pl,036314549,Wrocław,51-987,2026-07-31,Meta Ads,False,1973-10-07
720,Gustaw,Pezda,GUSTAW.PEZDA@GMAIL.COM,807 561 915,Piła,18-142,2026-05-06,Organic,False,1977-06-21
721,Ida,Harasimiuk,ida.harasimiuk@gmail.com,260-065-002,Bydgoszcz,90-561,2025-02-28,Google Ads,False,2001-03-19
722,Bianka,Mitera,bianka.mitera@interia.pl,547 132 402,Radom,28-206,2026-03-29,Google Ads,False,1966-09-16
723,Aleks,Klebba,aleks.klebba@interia.pl,740329825,Wrocław,45-944,2025-09-17,Google Ads,False,1991-03-26
724,Kajetan,Makoś,kajetan.makoś@onet.pl,710 833 878,Olsztyn,70-711,2025-07-22,Organic,False,1989-05-08
725,Oliwier,Majtczak,oliwier.majtczak@wp.pl,342636270,Poznań,46-576,2025-03-03,Influencer,False,1981-01-20
726,Anita,Małż,anita.małż@onet.pl,543 056 276,Białystok,91-428,2025-10-14,Google Ads,False,1991-05-01
727,Ewelina,Koleśnik,ewelina.koleśnik@wp.pl,,Kraków,55-828,2026-01-24,Newsletter,True,1956-04-09
728,Dominik,Orkisz,dominik.orkisz@o2.pl,756-188-110,Kraków,49-149,2025-06-02,Organic,False,1958-05-29
729,Adam,Zieniewicz,adam.zieniewicz@gmail.com,254 961 964,Elbląg,35-769,2025-11-09,Meta Ads,False,1997-03-25
730,Stefan,Ograbek,stefan.ograbek@gmail.com,+48 194 541 367,Piła,33-150,2025-12-11,Newsletter,False,2000-01-31
731,Gustaw,Węgrzynowicz,gustaw.węgrzynowicz@o2.pl,+48 859 307 778,Łódź,97-555,2025-12-16,Google Ads,False,1957-04-22
732,Aniela,Kazek,aniela.kazek@o2.pl,,Warszzawa,79-889,2024-10-13,Newsletter,False,1991-05-26
733,Melania,Kosznik,melania.kosznik@o2.pl,964-882-257,Radom,29-761,2026-04-07,Organic,False,1989-11-22
734,Tobiasz,John,tobiasz.john@onet.pl,181036601,Gdańs,66-804,2025-07-26,Newsletter,True,1997-10-29
735,Stefan,Małyszka,stefan.małyszka@wp.pl,153 091 738,Warszawa,86-049,2025-02-19,Google Ads,False,2004-09-12
736,Tobiasz,Skalik,tobiasz.skalik@gmail.com,493 635 444,Leszno,88-321,2025-01-25,Meta Ads,False,2006-10-14
737,Mikołaj,Sus,mikołaj.sus@gmail.com,+48 601 693 436,Łódź,96-258,2025-08-08,Google Ads,False,1966-05-11
738,Sara,Ciechowicz,sara.ciechowicz@gmail.com,+48 065 078 800,Białystok,29-934,2026-05-12,Referral,False,1989-03-09
739,Leonard,Wiekiera,leonard.wiekiera@wp.pl,018-194-845,Gdańsk,76-560,2025-05-05,Organic,False,1994-09-25
740,Konrad,Pyc,konrad.pyc@gmail.com,,Leszno,93-988,2026-02-16,Newsletter,False,1965-11-06
741,Adrianna,Rok,adrianna.rok@gmail.com,373-962-971,Kraków,88-077,2024-11-04,Organic,True,1965-07-03
742,Tymoteusz,Siemieńczuk,tymoteusz.siemieńczuk@wp.pl,603450305,Elbląg,66-123,2025-08-27,Influencer,False,1975-08-03
743,Marianna,Kosidło,marianna.kosidło@interia.pl,240 310 062,Wrocław,72-271,2026-08-06,Meta Ads,True,1962-06-27
744,Janina,Preuss,janina.preuss@gmail.com,+48 004 794 470,Radom,33-006,2026-02-04,Organic,True,1973-02-11
745,Marcin,Brach,marcin.brach@gmail.com,+48 044 861 012,Rzeszów,20-951,2024-12-04,Organic,False,1972-09-10
746,Mikołaj,Mszyca,mikołajmszyca@gmail.com,323-464-164,Katowice,81-631,2025-09-08,Newsletter,False,2000-04-13
747,Emil,Eckert,emil.eckert@gmail.com,+48 977 621 897,Szczecin,74-564,2025-01-03,Referral,False,1974-07-29
748,Alex,Okła,alex.okła@wp.pl,+48 554 021 325,Lublin,29-980,2025-06-11,Meta Ads,False,1965-05-04
749,Krzysztof,Ceran,krzysztof.ceran@gmail.com,775 532 089,Warszawa,65-164,2026-02-18,Meta Ads,False,1977-08-22
750,Julita,Dydo,julita.dydo@gmail.com,044 830 393,Wrocław,12-358,2026-02-04,Meta Ads,False,1967-04-27
751,Bruno,Nastały,brunonastały@gmail.com,920 356 750,Warszawa,43-340,2025-01-20,Organic,True,1974-09-19
752,Przemysław,Dyrek,przemysław.dyrek@gmail.com,135983196,Gorzów Wielkopolski,80-544,2026-06-09,Organic,False,1980-10-05
753,Melania,Startek,melania.startek@o2.pl,,Opole,97-665,2025-11-10,Google Ads,False,1956-01-23
754,Mieszko,Kuśnierek,mieszko.kuśnierek@onet.pl,+48 468 864 221,Gorzów Wielkopolski,31-927,2025-05-15,Google Ads,False,1989-08-20
755,Andrzej,Brach,andrzej.brach@gmail.com,732503848,Gorzów Wielkopolski,88-907,2025-09-13,Meta Ads,False,1972-08-09
756,Oliwier,Durys,oliwier.durys@gmail.com,759872481,Wrocław,33-554,2025-11-16,Google Ads,False,1993-12-19
757,Szymon,Kacperczyk,szymon.kacperczyk@gmail.com,445713523,Toruń,99-384,2025-10-20,Organic,True,1982-11-08
758,Apolonia,Kuśnierek,apolonia.kuśnierek@gmail.com,483 559 974,Suwałki,63-045,2025-08-26,Organic,False,1971-04-22
759,Eryk,Filek,eryk.filek@interia.pl,+48 843 065 843,Rzeszów,66-085,2025-09-24,Referral,False,2005-11-07
760,Leon,Nijak,leon.nijak@onet.pl,423 151 605,Warszawa,69-547,2024-12-07,Influencer,False,1955-12-25
761,Wiktor,Janczarek,wiktor.janczarek@gmail.com,522-047-089,Łódź,86-645,2026-03-01,Google Ads,False,1996-08-05
762,Kaja,Policht,kaja.policht@gmail.com,+48 831 313 480,Gorzów Wielkopolski,14-211,2025-10-17,Organic,False,1984-02-05
763,Justyna,Koperek,justyna.koperek@wp.pl,196 750 133,Elbląg,00000,2024-11-15,Google Ads,False,1991-12-16
764,Szymon,Dziuda,szymon.dziuda@gmail.com,489 564 360,Wrocław,92-340,2026-02-03,Organic,True,1957-08-08
765,Wojciech,Majdak,wojciech.majdak@o2.pl,+48 599 976 545,Warszawa,23-814,2026-06-16,Meta Ads,False,1968-12-11
766,Wojciech,Jędraszek,wojciech.jędraszek@gmail.com,571 846 334,Warszawa,30-933,2026-07-18,Organic,True,1969-04-21
767,Tobiasz,Kosałka,tobiasz.kosałka@gmail.com,143091177,Warszawa,81-415,2025-05-10,Google Ads,False,1978-07-18
768,Kacper,Rubacha,kacper.rubacha@gmail.com,180824837,Warszawa,87-122,2024-11-22,Organic,False,1983-12-10
769,Wiktor,Laszkiewicz,wiktor.laszkiewicz@gmail.com,705-725-910,Wrocław,96-600,2025-09-29,Meta Ads,False,1958-01-03
770,Wojciech,Hallmann,wojciech.hallmann@gmail.com,478-391-142,Łódź,65-109,2024-11-21,Organic,True,1970-12-15
771,Emil,Fronczyk,emil.fronczyk@gmail.com,499 601 011,Gdańsk,12-289,2026-06-05,Meta Ads,True,1996-02-26
772,Monika,Baumgart,monika.baumgart@wp.pl,614-319-396,kraków,51-842,2024-12-03,Google Ads,False,1990-08-12
773,Lidia,Stosio,lidia.stosio@o2.pl,107 393 899,Toruń,69-226,2025-02-27,Meta Ads,False,1962-10-28
774,Kamila,Stranc,kamila.stranc@gmail.com,556 169 997,Kraków,70-303,2025-05-23,Organic,False,2006-06-26
775,Julian,Babij,julian.babij@gmail.com,633-851-934,Wrocław,87-909,2025-05-28,Google Ads,True,2004-01-18
776,Mariusz,Godyń,mariusz.godyń@onet.pl,+48 657 296 614,Leszno,71-896,2026-03-24,Meta Ads,False,1985-01-05
777,Marcel,Kargol, marcel.kargol@o2.pl ,418 469 812,Warszawa,01-587,2025-07-26,Newsletter,True,1987-03-21
778,Julita,Łasica,julita.łasica@interia.pl,960 134 177,Radom,11-313,2024-12-30,Meta Ads,True,1966-09-23
779,Mieszko,Leszkiewicz,mieszko.leszkiewicz@gmail.com,865-162-969,Poznań,53-928,2025-02-06,Organic,False,1989-10-30
780,Ida,Dorociak,ida.dorociak@interia.pl,446 770 380,Łódź,21-189,2025-09-06,Referral,False,1967-04-19
781,Iwo,Kiryluk,iwo.kiryluk@gmail.com,600-903-408,łódź,15-186,2024-11-16,Meta Ads,False,1991-02-27
782,Nicole,Cichos,nicole.cichos@gmail.com,+48 726 165 777,Poznań,07-872,2025-11-09,Organic,True,1995-05-27
783,Krystyna,Bartoszak,krystyna.bartoszak@gmail.com,+48 403 275 193,Kraków,83-563,2025-10-15,Meta Ads,True,1959-06-22
784,Krzysztof,Roczniak,krzysztof.roczniak@gmail.com,923 682 123,Konin,13-203,2025-12-30,Meta Ads,True,1994-01-19
785,Ada,Folta,ada.folta@wp.pl,402093183,Białystok,46-132,2026-06-12,Google Ads,False,1991-03-05
786,Marek,Dmoch,marek.dmoch@gmail.com,,Gorzów Wielkopolski,37-635,2026-06-12,Google Ads,False,1959-04-18
787,Eryk,Pianka,eryk.pianka@gmail.com,045-588-789,Warszawa,63-462,2026-07-23,Google Ads,False,1972-12-30
788,Norbert,Kuczaj,norbert.kuczaj@interia.pl,816 834 194,Łódź,75-157,2025-01-21,Meta Ads,False,1985-07-27
789,Dariusz,Smolec, dariusz.smolec@gmail.com ,480653943,Białystok,00000,2024-11-03,Google Ads,True,1978-04-18
790,Jan,Rudzik,jan.rudzik@gmail.com,,Kraków,32-805,2025-03-02,Referral,False,1967-05-03
791,Justyna,Kleina,justynakleina@gmail.com,,Warszawa,47-138,2026-05-29,Google Ads,False,1991-08-12
792,Kornel,Nazarko,kornel.nazarko@gmail.com,945-356-990,Szczecin,62-474,2026-07-13,Google Ads,False,1979-03-14
793,Norbert,Kleban,norbert.kleban@wp.pl,104-148-791,Lublin,71-112,2026-04-15,Meta Ads,False,1964-11-28
794,Maksymilian,Skocz,maksymilian.skocz@gmail.com,,Wrocław,36-880,2024-11-10,Newsletter,False,1999-05-26
795,Julita,Polaszek,julita.polaszek@wp.pl,+48 459 354 383,Białystok,34-752,2026-07-10,Google Ads,False,2002-07-28
796,Igor,Woźniczko,igor.woźniczko@onet.pl,492759629,Gdańsk,10-914,2025-06-17,Google Ads,False,1956-07-31
797,Dorota,Uzar,dorota.uzar@gmail.com,426045178,Łódź,04-833,2024-09-22,Meta Ads,True,1986-06-08
798,Olga,Mandrysz,olga.mandrysz@gmail.com,992369295,Warszawa,76-218,2025-06-18,Meta Ads,False,2003-08-19
799,Bianka,Porwoł,bianka.porwoł@gmail.com,,Gorzów Wielkopolski,70-916,2024-10-10,Meta Ads,False,2008-07-12
800,Natasza,Kala,natasza.kala@gmail.com,+48 067 195 632,Kielce,20-375,2025-10-23,Meta Ads,False,1976-05-25
801,Julianna,Kosak,julianna.kosak@o2.pl,343401029,Leszno,38-138,2025-04-15,Meta Ads,True,1980-03-23
802,Apolonia,Wiech,apolonia.wiech@o2.pl,+48 029 818 800,Warszawa,51-373,2025-07-26,Meta Ads,False,1982-03-18
803,Tadeusz,Dorna,tadeusz.dorna@wp.pl,226-057-434,Łódź,79-701,2025-11-28,Google Ads,False,1964-05-20
804,Ida,Chwedoruk,ida.chwedoruk@gmail.com,252-537-244,Kraków,58-164,2026-05-03,Meta Ads,False,1965-02-02
805,Sylwia,Galos,sylwia.galos@onet.pl,689-762-500,Warszawa,19-754,2025-12-03,Organic,False,1994-05-23
806,Maurycy,Szyc,maurycy.szyc@gmail.com,678 365 874,Warszawa,29-780,2025-06-08,Meta Ads,True,1981-06-10
807,Wiktor,Ledzion,wiktor.ledzion@gmail.com,188 639 307,Warszawa,48-240,2026-03-28,Newsletter,False,1957-11-11
808,Gabriel,Trybała,gabriel.trybała@gmail.com,,Poznań,47-398,2026-05-09,Google Ads,False,1980-06-27
809,Agnieszka,Strządała,agnieszka.strządała@gmail.com,+48 746 420 702,Szczecin,06-041,2024-11-19,Newsletter,False,2007-07-27
810,Kazimierz,Tokarek,kazimierztokarek@wp.pl,,Suwałki,91-992,2025-09-25,Organic,False,1983-03-25
811,Jacek,Chołody,jacek.chołody@onet.pl,926005434,Warszaw,95-270,2025-03-02,Google Ads,False,1986-04-06
812,Nicole,Oleszczak,nicole.oleszczak@gmail.com,543576855,Warszawa,49-670,2024-10-08,Google Ads,False,1975-08-28
813,Julianna,Wosiek,julianna.wosiek@gmail.com,474 972 453,Warszawa,10-530,2025-12-30,Meta Ads,False,1968-12-05
814,Artur,Kusik,artur.kusik@gmail.com,174006102,Warszawa,52-362,2026-04-11,Newsletter,False,1998-11-28
815,Mieszko,Kleban,mieszko.kleban@gmail.com,567993151,Wrocław,62-909,2024-12-12,Meta Ads,False,1987-08-14
816,Nela,Omiotek,nela.omiotek@gmail.com,+48 534 377 966,Warszawa,18-451,2026-03-07,Organic,False,1964-05-15
817,Igor,Wasążnik,igor.wasążnik@onet.pl,479 175 358,Gdynia,83-288,2026-04-16,Newsletter,False,1966-10-21
818,Daniel,Snoch,daniel.snoch@wp.pl,092578464,Bydgoszcz,47-617,2026-06-18,Newsletter,True,1993-08-12
819,Ignacy,Węgrzyk,ignacy.węgrzyk@gmail.com,811-065-693,Łódź,30-425,2025-02-27,Newsletter,False,1998-08-03
820,Oliwier,Szymańczak,oliwierszymańczak@wp.pl,634827216,Radom,87-491,2026-05-13,Referral,False,1980-12-25
821,Tola,Jereczek,tola.jereczek@gmail.com,800930009,Kraków,83-854,2025-03-03,Google Ads,False,1977-05-16
822,Andrzej,Hołubowicz,andrzej.hołubowicz@gmail.com,579 760 980,Katowice,17-588,2025-10-28,Google Ads,False,1986-12-28
823,Łukasz,Broszkiewicz,łukasz.broszkiewicz@wp.pl,687-541-620,Gdańsk,66-041,2024-10-29,Organic,False,2002-10-22
824,Tymon,Wołczyk,tymon.wołczyk@o2.pl,,Łódź,22-265,2024-10-03,Organic,False,2004-06-26
825,Eliza,Plebanek,eliza.plebanek@gmail.com,667 814 764,Bydgoszcz,77-993,2025-12-30,Newsletter,False,1985-06-19
826,Kacper,Ludwin,kacper.ludwin@gmail.com,022 505 213,Warszawa,93-746,2025-07-13,Organic,False,1990-09-01
827,Ryszard,Szczudło,ryszard.szczudło@gmail.com,566-389-394,Kraków,28-460,2025-02-09,Referral,False,1987-09-28
828,Natasza,Lewicz,natasza.lewicz@gmail.com,419139240,Olsztyn,62-175,2024-12-03,Google Ads,False,1967-03-22
829,Klara,Czuj,klara.czuj@o2.pl,063875909,Gdańsk,994117,2025-12-13,Google Ads,False,1986-06-23
830,Grzegorz,Markiel,grzegorz.markiel@gmail.com,+48 071 365 942,Łódź,85-524,2024-09-07,Newsletter,False,1969-08-12
831,Cyprian,Fal,cyprian.fal@wp.pl,,Zielona Góra,77-605,2026-03-14,Meta Ads,False,1959-03-30
832,Albert,Łosiak,albert.łosiak@o2.pl,,Bydgoszcz,17-112,2024-10-23,Meta Ads,False,1956-06-21
833,Angelika,Malecha,angelika.malecha@o2.pl,,Kraków,65-701,2024-12-08,Influencer,False,1977-11-04
834,Krystian,Szkatuła,krystian.szkatuła@interia.pl,101040252,Gdańsk,13-182,2025-05-16,Newsletter,False,1980-10-25
835,Piotr,Nazarko,piotr.nazarko@o2.pl,673-070-305,Kraków,69-516,2025-08-23,Meta Ads,True,1995-06-22
836,Tomasz,Pastuszek,tomasz.pastuszek@gmail.com,912 075 096,Krakó,85-134,2025-04-07,Organic,False,2003-05-27
837,Rozalia,Broniarek,rozalia.broniarek@wp.pl,+48 585 814 318,Kraków,01-919,2025-03-16,Referral,False,2005-04-18
838,Kornelia,Koźlak,kornelia.koźlak@gmail.com,900-035-062,warszawa,54-380,2026-07-24,Newsletter,True,2001-12-17
839,Liwia,Połetek,liwia.połetek@gmail.com,+48 810 103 306,Białystok,30-961,2025-11-14,Meta Ads,False,1998-02-12
840,Fryderyk,Gorol,fryderyk.gorol@gmail.com,312 169 938,Kraków,76-824,2024-09-21,Google Ads,True,1994-11-21
841,Aurelia,Rodzeń, aurelia.rodzeń@onet.pl ,449-765-011,Wrocław,55-138,2025-06-11,Organic,False,1969-01-31
842,Jerzy,Palica,jerzy.palica@wp.pl,542-925-909,Kraków,11-291,2026-05-26,Organic,True,1987-04-22
843,Inga,Stasica,inga.stasica@wp.pl,088-816-837,Częstochowa,33-194,2025-03-29,Meta Ads,True,1955-11-19
844,Jan,Mijas,jan.mijas@wp.pl,468-114-550,Gdańsk,67-121,2024-11-05,Google Ads,False,1983-02-22
845,Albert,Żyto,albert.żyto@interia.pl,905835497,Poznań,27-705,2026-02-06,Meta Ads,True,1998-03-23
846,Kalina,Kucab,kalina.kucab@gmail.com,,Kraków,14-159,2025-11-16,Google Ads,False,1978-03-06
847,Janina,Suchta,janina.suchta@onet.pl,+48 866 585 469,Warszawa,34-876,2025-10-28,Meta Ads,True,1984-01-04
848,Sylwia,Zielke,sylwia.zielke@wp.pl,681369855,Leszno,79-283,2024-10-25,Meta Ads,False,2008-02-29
849,Ewa,Wiekiera,ewa.wiekiera@gmail.com,956-442-567,Rzeszów,27-424,2024-11-22,Newsletter,False,1984-11-09
850,Dagmara,Mroczko,dagmara.mroczko@gmail.com,+48 458 716 922,Poznań,23-380,2025-11-04,Influencer,False,1985-03-24
851,Karina,Pokrzywa,karina.pokrzywa@gmail.com,+48 595 968 746,Wrocław,40-592,2024-12-15,Organic,False,1973-11-05
852,Ewa,Miętka,ewa.miętka@wp.pl,,Leszno,18-876,2025-09-22,Meta Ads,False,2001-05-18
853,Ignacy,Nitek,ignacy.nitek@wp.pl,961 660 525,Rzeszów,30-458,2025-10-17,Google Ads,False,1997-02-06
854,Miłosz,Śleziak,miłosz.śleziak@gmail.com,+48 393 772 799,Łódź,28-521,2025-03-08,Google Ads,False,1976-10-28
855,Natan,Krata,natan.krata@gmail.com,261924046,Poznań,71-629,2026-07-11,Google Ads,False,1992-07-16
856,Mikołaj,Patrzałek,mikołaj.patrzałek@gmail.com,+48 012 192 932,Toruń,50-988,2026-04-06,Meta Ads,False,1989-04-18
857,Tomasz,Wizner,tomasz.wizner@o2.pl,167 040 711,Łódź,19-483,2025-12-08,Newsletter,False,2004-08-31
858,Justyna,Kaczan,justyna.kaczan@gmail.com,+48 536 933 950,Warszawa,09-270,2024-10-01,Organic,False,1967-05-08
859,Maksymilian,Ziarek,maksymilian.ziarek@o2.pl,,Elbląg,05-742,2024-11-24,Meta Ads,False,1975-12-19
860,Blanka,Szkaradek,blanka.szkaradek@onet.pl,198-516-153,Gdańsk,84-534,2025-08-15,Referral,False,1970-10-11
861,Gaja,Misztela,gaja.misztela@o2.pl,+48 903 102 826,Częstochowa,23-656,2024-12-06,Meta Ads,False,1981-10-18
862,Mateusz,Danisz,mateusz.danisz@wp.pl,,Warszawa,85-954,2026-08-06,Meta Ads,False,1998-03-15
863,Stefan,Kwarciak,stefan.kwarciak@gmail.com,585-642-402,kraków,05-803,2024-11-29,Google Ads,False,1987-05-16
864,Eliza,Nawój,ELIZA.NAWÓJ@GMAIL.COM,687-009-450,Bydgoszcz,30-630,2025-08-12,Organic,False,1964-07-30
865,Piotr,Gamoń,piotr.gamoń@onet.pl,058-868-946,Warszawa,31-671,2025-04-06,Google Ads,False,1955-08-11
866,Damian,Śmieszek,damian.śmieszek@wp.pl,492486234,Toruń,36-799,2025-11-29,Newsletter,False,1976-10-06
867,Ewa,Plebanek,ewa.plebanek@wp.pl,+48 330 559 860,Toruń,76-206,2024-11-01,Google Ads,True,1983-01-13
868,Krzysztof,Woszczyna,krzysztof.woszczyna@gmail.com,037-502-694,Gorzów Wielkopolski,71-292,2025-06-19,Google Ads,False,1994-01-30
869,Melania,Sadowy,melania.sadowy@wp.pl,+48 117 253 962,Kraków,45-356,2025-02-20,Meta Ads,False,2006-08-26
870,Jacek,Pakos,jacek.pakos@onet.pl,+48 910 574 811,Lubli,78-987,2026-05-31,Meta Ads,False,1965-11-26
871,Olga,Kuboń,olga.kuboń@gmail.com,957-541-946,Wrocław,01-268,2024-10-30,Organic,False,1964-11-14
872,Dorota,Łój,dorota.łój@onet.pl,470 131 651,Warszawa,72-075,2026-06-02,Meta Ads,True,1982-04-06
873,Cyprian,Strzępek,cyprian.strzępek@gmail.com,+48 366 246 696,Leszno,66-980,2026-04-15,Referral,False,1969-04-02
874,Julita,Dywan,julita.dywan@gmail.com,+48 672 600 237,Kraków,74-257,2025-03-26,Influencer,False,1992-05-21
875,Albert,Wojtoń,albert.wojtoń@gmail.com,+48 978 773 576,Warszawa,62-789,2026-03-29,Google Ads,False,1968-06-27
876,Natan,Wykręt,natan.wykręt@wp.pl,073-675-635,Warszawa,59-698,2024-09-17,Meta Ads,True,1980-01-06
877,Julianna,Kurzac,julianna.kurzac@wp.pl,032 355 413,Poznań,04-494,2026-07-24,Newsletter,True,1961-10-03
878,Krzysztof,Ostafin,krzysztof.ostafin@gmail.com,736-054-455,Warszawa,82-808,2025-09-03,Meta Ads,False,2008-04-15
879,Olaf,Olewniczak,olaf.olewniczak@gmail.com,067 129 580,Katowice,41-423,2025-03-09,Meta Ads,False,2006-03-27
880,Eliza,Młotek,eliza.młotek@o2.pl,515899516,Gorzów Wieelkopolski,02-718,2025-04-16,Influencer,True,1999-09-14
881,Witold,Steinke,witold.steinke@gmail.com,,Szczecin,12-409,2024-10-15,Meta Ads,False,1991-04-21
882,Cyprian,Karpiel,cyprian.karpiel@gmail.com,+48 181 494 956,Elbląg,71-954,2026-08-06,Google Ads,False,1965-01-20
883,Jędrzej,Materek,jędrzej.materek@interia.pl,216975629,Toruń,28-916,2024-10-14,Meta Ads,False,1986-01-01
884,Grzegorz,Hak,grzegorz.hak@o2.pl,528-501-292,Poznań,88-953,2025-11-24,Influencer,False,2003-10-28
885,Sonia,Wojtarowicz,sonia.wojtarowicz@gmail.com,811-980-946,Warszawa,26-241,2025-06-28,Google Ads,False,1994-07-29
886,Błażej,Tereszkiewicz, błażej.tereszkiewicz@gmail.com ,,Warszawa,30-208,2026-07-21,Meta Ads,False,1999-11-06
887,Maurycy,Matulka,maurycy.matulka@gmail.com,716264854,Kielce,14-123,2025-01-11,Influencer,False,2004-05-13
888,Anastazja,Szkaradek,anastazja.szkaradek@o2.pl,424 725 065,Gdańsk,01-783,2025-09-06,Newsletter,False,2001-01-08
889,Maciej,Dorna,maciej.dorna@gmail.com,396-715-165,Szczeecin,00000,2025-08-08,Meta Ads,False,1988-06-28
890,Anastazja,Rolak,anastazja.rolak@gmail.com,+48 847 717 924,Leszno,74-890,2025-12-05,Google Ads,False,1970-02-26
891,Grzegorz,Melcer,grzegorz.melcer@wp.pl,+48 563 457 971,Opole,66-287,2024-10-09,Google Ads,False,1976-09-06
892,Aurelia,Kuran,aurelia.kuran@gmail.com,+48 826 879 632,Warszawa,07-539,2024-12-05,Organic,False,1997-12-16
893,Malwina,Czerner,malwina.czerner@gmail.com,574-014-761,Warszawa,05-515,2024-12-30,Meta Ads,False,1974-01-01
894,Tymoteusz,Holc, tymoteusz.holc@gmail.com ,+48 324 676 978,Kraków,16-716,2026-01-04,Google Ads,False,1983-01-22
895,Jędrzej,Błażejewicz,jędrzej.błażejewicz@wp.pl,747-284-589,Lublin,268747,2024-12-07,Meta Ads,False,1991-04-28
896,Fryderyk,Krzyśko,fryderyk.krzyśko@gmail.com,535-940-882,Rzeszów,13-334,2025-10-19,Influencer,False,1974-10-05
897,Robert,Wolff,robert.wolff@gmail.com,053017295,Kraków,71-270,2024-12-31,Organic,False,1968-02-29
898,Natasza,Niebudek,natasza.niebudek@gmail.com,463 870 501,Gdańsk,44-375,2026-04-26,Meta Ads,False,1965-05-05
899,Kaja,Karpik,kaja.karpik@gmail.com,454-993-464,Kielce,54-718,2026-06-19,Google Ads,False,1995-06-18
900,Dariusz,Warzybok,DARIUSZ.WARZYBOK@GMAIL.COM,261-701-589,Gdańsk,52-287,2025-09-20,Google Ads,False,1979-06-26
901,Anita,Opioła,anita.opioła@gmail.com,819987657,Elbląg,74-703,2025-04-28,Meta Ads,False,1967-09-16
902,Oskar,Jakubiuk,oskar.jakubiuk@gmail.com,473-027-643,Kraków,530838,2025-01-06,Influencer,False,1968-02-03
903,Kornelia,Demiańczuk,kornelia.demiańczuk@onet.pl,,Kraków,49-201,2024-10-03,Organic,False,1963-04-29
904,Krystian,Borzym,krystian.borzym@onet.pl,435 728 621,Gdańsk,02-181,2025-02-14,Meta Ads,True,1977-12-08
905,Łukasz,Odrzywołek,łukasz.odrzywołek@gmail.com,+48 239 925 302,Radom,81-530,2025-11-14,Organic,False,1983-11-24
906,Jędrzej,Opalach,jędrzej.opalach@wp.pl,110106202,Kraków,63-308,2025-09-18,Meta Ads,True,1968-11-23
907,Nicole,Witaszek, nicole.witaszek@o2.pl ,034811568,Suwałki,51-102,2026-07-07,Meta Ads,False,1992-03-12
908,Stanisław,Ochnik,stanisław.ochnik@onet.pl,417864997,Lublin,33-488,2025-05-28,Newsletter,True,2000-01-23
909,Patryk,Mirończuk,patryk.mirończuk@wp.pl,572 381 770,Bydgoszcz,96-343,2025-12-19,Google Ads,False,1969-05-12
910,Olgierd,Frydrychowicz,olgierd.frydrychowicz@gmail.com,,Gorzów Wielkopolski,72-955,2025-08-24,Meta Ads,True,1998-07-12
911,Mieszko,Danilczuk,mieszko.danilczuk@gmail.com,506877387,Warszawa,53-125,2025-09-19,Newsletter,False,1974-03-15
912,Konrad,Wiertelak,konrad.wiertelak@gmail.com,036 458 362,Kraków,74-666,2025-02-23,Organic,True,1989-12-31
913,Tymoteusz,Tarach,tymoteusz.tarach@gmail.com,875-806-511,Gorzów Wielkopolski,354266,2025-07-18,Meta Ads,False,1972-10-28
914,Apolonia,Fudalej,apolonia.fudalej@gmail.com,784-183-566,Gorzów Wielkopolski,95-458,2025-07-28,Meta Ads,True,2002-09-30
915,Fryderyk,Szpyrka,fryderyk.szpyrka@wp.pl,+48 995 174 595,Warszawa,37-475,2025-12-27,Newsletter,True,1989-01-28
916,Tymon,Borak,TYMON.BORAK@WP.PL,+48 233 475 792,Łódź,22-656,2026-06-05,Meta Ads,False,1998-05-28
917,Natan,Niećko,natan.niećko@wp.pl,540250172,Warszawa,81-628,2025-04-04,Influencer,False,1985-11-22
918,Wojciech,Stypa,wojciech.stypa@onet.pl,+48 431 301 306,Łódź,00000,2024-10-11,Influencer,False,1967-09-10
919,Alex,Bisaga,alex.bisaga@gmail.com,393799994,Gdańsk,38-728,2025-08-07,Google Ads,False,1969-10-08
920,Ewa,Gmur,ewa.gmur@gmail.com,+48 983 440 980,Leszno,57-800,2025-10-16,Referral,True,2001-04-29
921,Olgierd,Nitek,olgierd.nitek@wp.pl,966 677 783,Łódź,76-534,2024-12-28,Meta Ads,False,2006-10-08
922,Klara,Klinkosz,klara.klinkosz@onet.pl,276-069-011,Pooznań,24-875,2026-02-01,Meta Ads,True,1956-10-26
923,Marek,Maligłówka,marek.maligłówka@o2.pl,898-061-457,Suwałki,33-964,2026-08-06,Meta Ads,False,1995-01-08
924,Maksymilian,Karpik,maksymilian.karpik@gmail.com,+48 431 076 863,Gdańsk,22-407,2026-07-17,Meta Ads,False,1961-01-20
925,Wiktor,Kubaczyk,wiktor.kubaczyk@gmail.com,998-642-462,Warszawa,61-562,2024-12-22,Meta Ads,False,1958-06-13
926,Ewa,Koziarz,ewa.koziarz@wp.pl,276766000,Łódź,98-086,2026-05-10,Newsletter,False,1961-02-06
927,Marcin,Łyskawa,marcin.łyskawa@gmail.com,288 793 268,Toruń,84-954,2025-12-28,Meta Ads,False,2002-07-11
928,Fabian,Radziewicz,fabian.radziewicz@interia.pl,856468786,Gdańsk,32-756,2025-07-05,Google Ads,False,1970-08-28
929,Hubert,Opioła,hubert.opioła@gmail.com,+48 483 587 059,Gdańsk,68-859,2025-10-17,Newsletter,True,1964-08-20
930,Filip,Nastały,filip.nastały@wp.pl,,Warszawa,46-882,2026-04-12,Google Ads,True,2004-02-08
931,Lidia,Pancerz,lidia.pancerz@wp.pl,755-637-296,Wrocław,70-958,2025-08-24,Organic,False,1970-01-12
932,Sara,Szpila,sara.szpila@wp.pl,631 917 750,Warszawa,90-553,2025-05-19,Organic,True,1964-12-23
933,Gaja,Rajtar,gaja.rajtar@onet.pl,+48 149 852 594,Białystok,81-767,2025-08-22,Organic,True,1989-04-18
934,Sylwia,Roszko,sylwia.roszko@interia.pl,194878002,Warszawa,68-656,2025-10-24,Google Ads,False,1989-06-28
935,Fabian,Stawowczyk,fabian.stawowczyk@interia.pl,148 709 825,Częstochowa,62-553,2024-12-16,Influencer,False,1967-08-19
936,Dawid,Gogol,dawid.gogol@gmail.com,+48 404 288 344,Radom,40-375,2026-05-25,Newsletter,False,1977-06-10
937,Marcin,Kiepura,marcin.kiepura@gmail.com,+48 450 903 770,Piła,02-001,2025-12-08,Meta Ads,True,1983-05-01
938,Łukasz,Jonak,łukasz.jonak@o2.pl,199-209-794,Szczecin,00000,2025-11-11,Meta Ads,False,1983-12-15
939,Marika,Rudyk,marika.rudyk@gmail.com,341-354-650,Poznań,62-307,2024-11-13,Influencer,False,1956-01-29
940,Kornelia,Pajdak,kornelia.pajdak@o2.pl,429 153 477,Białystok,38-612,2025-11-27,Meta Ads,False,1967-11-07
941,Jan,Hołota,jan.hołota@gmail.com,122-476-806,Kraków,48-194,2024-11-30,Meta Ads,True,1977-06-01
942,Melania,Pawliczak,melania.pawliczak@gmail.com,811685536,Toruń,51-256,2024-10-29,Organic,False,1964-03-31
943,Tobiasz,Pikula,tobiasz.pikula@gmail.com,586396446,Warszawa,49-226,2025-09-13,Google Ads,False,1969-07-14
944,Kaja,Mętel,kaja.mętel@gmail.com,136 526 123,Gdańsk,31-530,2025-05-21,Newsletter,False,1996-02-12
945,Jeremi,Wendt,jeremi.wendt@gmail.com,955 652 494,Suwałki,84-761,2025-11-12,Meta Ads,True,1983-10-15
946,Cezary,Ziółko,cezary.ziółko@o2.pl,+48 843 306 033,Warszawa,25-874,2024-11-17,Google Ads,False,1959-03-23
947,Łukasz,Wojciech,łukasz.wojciech@gmail.com,240256415,Warszawa,114113,2025-06-25,Google Ads,True,1979-09-23
948,Aniela,Białk,aniela.białk@wp.pl,926-692-253,Leszno,90-638,2024-12-22,Newsletter,False,1981-09-02
949,Kazimierz,Kwoka,KAZIMIERZ.KWOKA@WP.PL,801 842 627,warszawa,20-051,2026-08-06,Organic,True,2006-12-28
950,Michał,Lisik,michał.lisik@gmail.com,945506001,Kraków,14-289,2025-10-13,Influencer,False,1969-11-11
951,Monika,Białasik,monika.białasik@interia.pl,743-775-566,Warszawa,02-239,2025-12-09,Meta Ads,False,1960-05-17
952,Bartek,Kołtuniak,bartek.kołtuniak@gmail.com,,Częstochowa,28-351,2025-04-16,Meta Ads,False,1977-11-13
953,Sonia,Olkowicz,sonia.olkowicz@wp.pl,242-924-507,Katowice,60-714,2024-11-01,Newsletter,False,1997-07-17
954,Kornel,Koczy,kornel.koczy@gmail.com,+48 158 745 952,Częstochowa,97-975,2026-08-06,Meta Ads,False,1963-05-04
955,Cezary,Sztuba,cezary.sztuba@wp.pl,+48 013 108 683,Lublin,51-074,2025-03-06,Meta Ads,False,1984-05-20
956,Grzegorz,Mędrala,grzegorz.mędrala@interia.pl,,Wrocław,33-837,2025-06-07,Google Ads,False,1975-10-26
957,Bartek,Smutek,bartek.smutek@o2.pl,950422491,Katowice,99-732,2025-11-04,Google Ads,True,1968-10-15
958,Sara,Kalarus,sara.kalarus@onet.pl,695459056,Łódź,95-035,2024-09-11,Organic,False,1966-02-24
959,Patryk,Zastawny,patryk.zastawny@gmail.com,474-123-770,Łódź,86-214,2026-03-26,Organic,True,1980-08-27
960,Fabian,Wężyk,fabian.wężyk@gmail.com,349-030-760,Warszawa,21-645,2025-09-04,Meta Ads,False,1994-03-11
961,Krystyna,Horbacz,krystyna.horbacz@onet.pl,+48 356 758 550,Olsztyn,16-260,2025-02-16,Meta Ads,False,1981-02-06
962,Radosław,Augustynek,radosław.augustynek@gmail.com,877989989,Zielona Góra,47-909,2024-10-04,Newsletter,False,1958-05-10
963,Przemysław,Staniaszek,przemysław.staniaszek@o2.pl,015115972,Kraków,31-649,2024-12-16,Influencer,True,1978-08-09
964,Bartek,Klinkosz,bartek.klinkosz@wp.pl,+48 372 030 991,Olsztyn,36-599,2026-05-24,Meta Ads,False,1961-12-08
965,Andrzej,Kus,andrzej.kus@gmail.com,944015065,Warszawa,06-596,2025-12-22,Influencer,False,1997-02-13
966,Lidia,Puc,lidia.puc@onet.pl,203 577 590,Łódź,77-159,2025-02-27,Newsletter,False,1975-04-12
967,Dawid,Pyszka,dawid.pyszka@wp.pl,681053178,Częstochowa,21-512,2024-10-12,Meta Ads,True,1960-06-09
968,Natan,Andziak,NATAN.ANDZIAK@INTERIA.PL,+48 542 165 027,Kraków,81-062,2025-12-23,Meta Ads,False,1958-10-06
969,Marcin,Solich,marcin.solich@gmail.com,524-328-045,Gorzów Wielkopolski,69-811,2025-10-02,Google Ads,False,1961-04-14
970,Ada,Warchał,ada.warchał@wp.pl,,Elbląg,41-572,2025-05-20,Newsletter,True,1997-05-22
971,Mieszko,Łacina,mieszko.łacina@gmail.com,691866243,Rzeszów,57-751,2025-04-07,Meta Ads,True,1965-10-27
972,Albert,Budzyń,albert.budzyń@wp.pl,+48 442 783 917,Wrocław,93-138,2024-12-31,Google Ads,True,1968-11-18
973,Maciej,Hewelt,maciej.hewelt@gmail.com,+48 301 518 459,Szczecin,91-449,2025-12-13,Google Ads,False,1985-03-23
974,Rozalia,Duchnik,rozalia.duchnik@interia.pl,003 992 711,Gorzów Wielkopolski,63-195,2026-07-11,Referral,False,1985-08-18
975,Inga,Malisz,inga.malisz@gmail.com,566841907,Warszawa,42-750,2024-12-29,Meta Ads,False,1980-06-02
976,Bianka,Abramczuk,bianka.abramczuk@gmail.com,,Warszawa,09-544,2025-11-05,Organic,True,1963-10-24
977,Gustaw,Pachowicz,gustaw.pachowicz@interia.pl,896-088-575,Wrocław,34-555,2025-06-07,Influencer,False,1975-01-19
978,Jakub,Smykała,jakub.smykała@wp.pl,637019104,Rzeszów,82-519,2025-07-31,Meta Ads,False,1975-09-07
979,Daniel,Krokosz,daniel.krokosz@gmail.com,+48 934 774 235,Białystok,03-635,2025-02-28,Google Ads,False,2001-01-03
980,Tadeusz,Salawa,tadeusz.salawa@gmail.com,551-746-321,Katowice,93-065,2026-04-29,Organic,False,1990-06-26
981,Julita,Tatarczyk,julita.tatarczyk@wp.pl,392-355-540,Leszno,50-195,2025-08-13,Google Ads,False,1983-05-16
982,Sonia,Szajner,sonia.szajner@gmail.com,278 471 630,Elbląg,71-158,2025-10-12,Newsletter,True,1988-02-01
983,Kazimierz,Dąbrówka,kazimierz.dąbrówka@interia.pl,,Gdańsk,83-330,2025-03-09,Google Ads,False,1961-06-13
984,Angelika,Latko,angelika.latko@o2.pl,739-256-486,Częstochowa,09-045,2024-12-29,Google Ads,False,1999-11-11
985,Adrian,Ciemięga,adrian.ciemięga@gmail.com,407-773-254,Toruń,05-207,2024-11-21,Meta Ads,False,1961-04-08
986,Eryk,Hajda,eryk.hajda@wp.pl,507 981 516,Suwałki,05-585,2025-12-08,Organic,True,1989-08-10
987,Tobiasz,Suchenek,tobiasz.suchenek@wp.pl,+48 211 262 080,Wrocław,63-539,2024-12-10,Referral,False,1988-08-31
988,Tola,Feliksiak,tola.feliksiak@gmail.com,348-242-389,Suwałki,371981,2025-12-31,Meta Ads,False,1967-04-17
989,Wojciech,Sus,wojciech.sus@wp.pl,985-854-771,Zielona Góra,27-672,2025-05-07,Meta Ads,False,1981-08-22
990,Maksymilian,Graboś,maksymilian.graboś@onet.pl,941-794-902,Wrocław,82-063,2025-06-07,Meta Ads,False,1974-09-22
991,Urszula,Michnowicz,urszula.michnowicz@gmail.com,759 096 973,Wrocław,48-814,2025-07-01,Google Ads,False,1993-02-21
992,Cezary,Czopik,cezary.czopik@wp.pl,737-972-906,Rzeszów,06-752,2025-05-24,Organic,False,1959-04-29
993,Emil,Rajchel,emil.rajchel@wp.pl,+48 647 928 163,Gdańsk,28-984,2024-11-14,Organic,False,1983-02-16
994,Oskar,Wabik,oskar.wabik@gmail.com,508349037,Zielona Góra,30-545,2025-03-26,Google Ads,True,1976-01-07
995,Eryk,Front,eryk.front@gmail.com,088-180-021,Zielona Góra,00000,2025-12-24,Meta Ads,False,1985-10-22
996,Kajetan,Dułak,kajetan.dułak@wp.pl,250-079-097,Łódź,96-572,2025-12-01,Google Ads,False,1977-08-07
997,Dominik,Peda,dominik.peda@o2.pl,+48 945 936 542,Piła,187442,2025-03-06,Meta Ads,False,1974-07-26
998,Róża,Pawliszyn,róża.pawliszyn@wp.pl,896 467 394,Szczecin,86-438,2025-07-15,Meta Ads,True,2002-05-21
999,Leon,Honkisz,leon.honkisz@gmail.com,844-618-485,Suwałki,24-564,2024-12-18,Newsletter,False,1976-11-16
1000,Natan,Szok,natanszok@interia.pl,649 594 895,Katowice,21-547,2024-12-28,Google Ads,True,2008-07-06
1001,Sara,Nicewicz,sara.nicewicz@gmail.com,486-873-382,Gorzów Wielkopolski,41-564,2024-09-13,Google Ads,False,2008-02-22
1002,Arkadiusz,Tryc,arkadiusz.tryc@o2.pl,036 724 230,Gdynia,48-423,2026-05-08,Google Ads,False,1996-02-05
1003,Kornelia,Sobolak, kornelia.sobolak@o2.pl ,763-263-048,Radom,93-332,2024-12-25,Organic,False,1987-11-04
1004,Sylwia,Hnat,sylwia.hnat@gmail.com,595162637,Gdańsk,28-385,2025-01-25,Meta Ads,False,1996-03-06
1005,Juliusz,Pasierbek,juliuszpasierbek@gmail.com,373 192 018,Kielce,58-459,2025-02-28,Organic,False,2006-06-20
1006,Jakub,Łaskawiec,jakub.łaskawiec@wp.pl,946 297 987,Gdynia,05-292,2024-11-05,Organic,True,1987-03-04
1007,Eliza,Szpila,eliza.szpila@o2.pl,+48 577 728 001,Katowice,39-007,2025-11-18,Meta Ads,False,1971-07-07
1008,Borys,Kozłowicz,borys.kozłowicz@gmail.com,554545980,Radom,41-023,2024-10-11,Organic,False,1996-06-26
1009,Jacek,Guzdek,jacek.guzdek@gmail.com,,Gdańsk,66-570,2024-11-17,Organic,False,1985-11-03
1010,Anita,Pociask,anita.pociask@gmail.com,959952798,Olsztyn,13-039,2025-11-09,Google Ads,False,1979-12-30
1011,Marcin,Nazimek,marcin.nazimek@wp.pl,172949436,Częstochowa,34-376,2025-04-02,Newsletter,False,2002-09-30
1012,Witold,Starzak,witold.starzak@o2.pl,824-957-635,Lublin,33-831,2025-12-01,Meta Ads,True,1971-07-06
1013,Anita,Fierek,anita.fierek@wp.pl,,Gdańsk,73-940,2025-10-28,Organic,True,1967-02-13
1014,Igor,Korniak,igor.korniak@gmail.com,704575222,Piła,42-812,2025-02-11,Referral,False,1981-03-03
1015,Ada,Windak,ada.windak@gmail.com,063-073-460,Warszawa,89-720,2025-11-21,Meta Ads,False,1986-02-19
1016,Patryk,Gwizdek,patryk.gwizdek@o2.pl,,Toruń,83-308,2024-11-19,Meta Ads,False,1957-07-29
1017,Aurelia,Baumgart,aurelia.baumgart@gmail.com,211863093,Wrocław,11-799,2025-09-22,Organic,True,1958-07-23
1018,Józef,Andrearczyk,józef.andrearczyk@interia.pl,919-387-029,Warszawa,56-427,2025-06-15,Meta Ads,False,2004-11-24
1019,Ignacy,Kominiak,ignacy.kominiak@wp.pl,428918362,Gdańsk,99-233,2025-02-06,Organic,True,1995-03-23
1020,Mateusz,Wojtaszak,mateusz.wojtaszak@gmail.com,+48 421 395 136,Leszno,81-392,2025-11-22,Influencer,True,1958-06-18
1021,Anna Maria,Saternus,ANNA MARIA.SATERNUS@O2.PL,,Poznań,41-553,2026-05-10,Organic,False,1985-07-15
1022,Arkadiusz,Ornat,arkadiusz.ornat@onet.pl,+48 305 627 090,Gdynia,90-227,2026-08-06,Google Ads,False,1963-09-18
1023,Kamila,Kuśnierek,kamila.kuśnierek@gmail.com,+48 007 114 348,Kraków,97-610,2025-11-19,Meta Ads,False,1986-01-31
1024,Tomasz,Powierża,tomasz.powierża@gmail.com,878-256-002,Warszawa,56-297,2025-05-10,Organic,False,1997-04-10
1025,Tymon,Tyka,tymon.tyka@onet.pl,278416348,Białystok,44-085,2025-01-08,Google Ads,False,1980-10-25
1026,Franciszek,Hołota,franciszek.hołota@interia.pl,673-117-114,Kraków,52-269,2025-02-10,Google Ads,False,1960-02-08
1027,Nela,Sapeta,nela.sapeta@o2.pl,960-393-223,Elbląg,90-134,2025-08-14,Meta Ads,False,1995-12-26
1028,Karina,Ubysz,karina.ubysz@wp.pl,279-497-408,Gdynia,26-500,2025-05-26,Referral,False,1976-07-18
1029,Anita,Hyjek,anita.hyjek@wp.pl,+48 200 965 707,Warszawa,72-631,2026-06-18,Google Ads,False,2008-06-10
1030,Anna Maria,Wojak,anna maria.wojak@onet.pl,,Kielce,32-074,2025-05-25,Organic,True,1969-09-15
1031,Kornelia,Szaj,kornelia.szaj@gmail.com,+48 112 076 779,Warszawa,88-947,2025-05-06,Meta Ads,False,1986-02-15
1032,Kamil,Pachnik,kamil.pachnik@wp.pl,+48 169 565 295,Łódź,53-434,2025-05-08,Referral,False,1974-12-15
1033,Rafał,Salawa,RAFAŁ.SALAWA@ONET.PL,027422742,Warszawa,45-609,2026-04-07,Referral,False,1990-05-02
1034,Norbert,Dziewit,norbert.dziewit@interia.pl,447 306 483,Kraków,45-632,2025-11-22,Meta Ads,False,1999-02-21
1035,Sara,Markiel,sara.markiel@gmail.com,,Łódź,19-452,2025-11-13,Organic,False,1957-12-21
1036,Jerzy,Bzymek,jerzy.bzymek@wp.pl,934 959 191,Lublin,88-383,2025-04-08,Influencer,False,1963-11-11
1037,Karol,Tomaszkiewicz,karol.tomaszkiewicz@o2.pl,410427703,Olsztyn,95-056,2026-03-30,Google Ads,False,1968-06-23
1038,Tymon,Tywoniuk,tymon.tywoniuk@gmail.com,973-388-643,Leszno,37-015,2024-09-13,Organic,False,1973-10-15
1039,Kamil,Ścibisz,kamil.ścibisz@gmail.com,137 622 624,Warszawa,00000,2026-05-09,Google Ads,False,1956-10-19
1040,Nikodem,Janic,nikodem.janic@gmail.com,195440303,Łódź,69-217,2025-09-22,Newsletter,True,1966-05-25
1041,Angelika,Rembacz,angelika.rembacz@gmail.com,+48 285 002 111,Poznań,34-562,2025-05-07,Meta Ads,False,1981-03-12
1042,Julian,Kryszczuk,julian.kryszczuk@o2.pl,,konin,90-685,2025-08-20,Meta Ads,False,1956-07-26
1043,Janina,Nastały,janina.nastały@wp.pl,828-460-847,Gdańsk,68-045,2025-12-31,Meta Ads,False,1969-02-18
1044,Stanisław,Gogół,stanisław.gogół@gmail.com,,Łódź,26-809,2024-09-29,Meta Ads,True,1992-07-06
1045,Jeremi,Lizoń,jeremi.lizoń@o2.pl,+48 981 928 026,Bydgoszcz,60-671,2026-05-06,Google Ads,False,2005-09-09
1046,Krzysztof,Wota,krzysztof.wota@gmail.com,204 354 143,Gdańsk,85-278,2025-07-29,Meta Ads,False,1990-09-25
1047,Olgierd,Perlik,olgierd.perlik@o2.pl,,Lublin,14-020,2025-04-11,Organic,False,1971-02-05
1048,Ernest,Janoszka,ernest.janoszka@gmail.com,,Warszawa,49-521,2024-11-09,Organic,False,2007-05-11
1049,Oskar,Piotrowiak,oskar.piotrowiak@onet.pl,838 851 872,Gdynia,63-888,2025-06-09,Google Ads,False,1987-03-30
1050,Dawid,Dadej,dawid.dadej@o2.pl,107386075,Poznań,26-513,2025-08-20,Meta Ads,True,2006-11-02
1051,Melania,Kamieniak,melania.kamieniak@interia.pl,922373348,Bydgoszcz,03-041,2025-05-10,Meta Ads,False,1968-09-15
1052,Liwia,Teterycz,liwia.teterycz@gmail.com,617 092 083,Wrocław,43-502,2025-12-26,Meta Ads,False,1976-06-11
1053,Damian,Buława,damian.buława@wp.pl,683 546 330,Olsztyn,45-701,2025-06-08,Meta Ads,False,1974-03-31
1054,Emil,Księżak,emil.księżak@gmail.com,+48 857 652 642,Warszawa,65-283,2026-07-17,Newsletter,False,1998-08-17
1055,Juliusz,Kubaczyk,juliusz.kubaczyk@onet.pl,782-931-759,Łódź,50-912,2025-11-28,Google Ads,False,2008-08-05
1056,Antoni,Hawro,antoni.hawro@wp.pl,,Warszawa,36-231,2026-03-30,Newsletter,False,1963-08-20
1057,Kamila,Moczko,kamila.moczko@gmail.com,870-692-850,Warszawa,608944,2024-11-06,Organic,True,1994-04-12
1058,Angelika,Gajcy,angelika.gajcy@onet.pl,,Konin,79-894,2025-05-21,Newsletter,False,1988-09-30
1059,Olaf,Krzysztofek,olaf.krzysztofek@gmail.com,235-376-981,Rado,31-587,2025-04-04,Meta Ads,False,1963-09-10
1060,Fabian,Świerad,fabian.świerad@onet.pl,677-763-034,Łódź,43-460,2025-10-14,Newsletter,False,1984-05-02
1061,Gabriel,Jancewicz,gabriel.jancewicz@wp.pl,172-494-639,Gdańsk,18-595,2026-04-18,Meta Ads,False,1984-04-15
1062,Ksawery,Gotfryd,ksawery.gotfryd@wp.pl,110 026 845,Toruń,18-317,2024-10-19,Meta Ads,False,1992-02-02
1063,Anna Maria,Szpila,anna maria.szpila@wp.pl,+48 620 742 331,Gdynia,56-931,2024-10-27,Google Ads,True,2007-04-25
1064,Tymon,Bacia, tymon.bacia@gmail.com ,544-111-561,Elbląg,73-940,2026-04-06,Meta Ads,True,1963-12-21
1065,Krzysztof,Majdan,krzysztof.majdan@gmail.com,490266848,Łódź,69-972,2024-12-23,Newsletter,False,1993-09-22
1066,Daniel,Siergiej,daniel.siergiej@interia.pl,301333356,Opole,19-745,2025-12-02,Newsletter,True,1957-02-26
1067,Alex,Bobik,ALEX.BOBIK@GMAIL.COM,+48 584 348 211,Kiellce,53-985,2025-10-01,Organic,False,1977-05-23
1068,Sara,Pasieczna,sara.pasieczna@gmail.com,+48 296 280 701,Poznań,82-956,2026-04-09,Newsletter,True,1994-09-23
1069,Krystian,Citko,krystian.citko@wp.pl,087 586 696,Wrocław,25-110,2024-11-28,Newsletter,False,1962-07-26
1070,Szymon,Maciejczuk,szymon.maciejczuk@wp.pl,,Gdańsk,79-632,2024-11-27,Google Ads,False,1969-09-27
1071,Nicole,Block,nicole.block@gmail.com,+48 992 901 127,Suwałki,30-611,2025-10-05,Newsletter,True,1967-11-25
1072,Szymon,Koterba,szymon.koterba@gmail.com,722-230-963,Wrocław,11-705,2026-07-22,Meta Ads,False,1996-12-04
1073,Łukasz,Ornat,łukasz.ornat@wp.pl,,Łódź,78-481,2025-06-10,Newsletter,True,1993-05-01
1074,Mariusz,Zacharek, mariusz.zacharek@gmail.com ,+48 328 593 121,Poznań,50-504,2025-04-05,Organic,False,1980-09-16
1075,Miłosz,Śmieja,miłosz.śmieja@gmail.com,731-603-410,Radom,29-034,2025-11-19,Meta Ads,True,1977-04-01
1076,Bartek,Kalisiak,bartek.kalisiak@gmail.com,259-211-008,Gdynia,53-228,2026-06-19,Organic,True,1994-12-10
1077,Ksawery,Ropiak,ksawery.ropiak@gmail.com,198-804-816,Warszawa,27-068,2026-04-17,Organic,False,1964-12-24
1078,Monika,Maślach,monika.maślach@gmail.com,054952383,Bydgoszcz,79-502,2026-08-06,Influencer,False,1992-01-20
1079,Róża,Wielgo,róża.wielgo@gmail.com,168 003 114,Warszawa,32-438,2024-09-06,Organic,True,1977-01-19
1080,Maciej,Nędzi,maciej.nędzi@onet.pl,893 940 270,Warszawa,95-845,2024-11-25,Meta Ads,True,1975-10-03
1081,Jędrzej,Nieszporek,jędrzej.nieszporek@gmail.com,+48 331 919 967,Elblą,79-962,2025-11-14,Influencer,False,1994-12-12
1082,Gaja,Jałowiec, gaja.jałowiec@gmail.com ,841 061 260,Olsztyn,68-657,2026-03-12,Meta Ads,True,2002-01-05
1083,Piotr,Koniecko,piotr.koniecko@interia.pl,917 812 420,Leszno,14-463,2025-03-28,Google Ads,False,1979-10-24
1084,Maciej,Nazarko,maciej.nazarko@wp.pl,268 195 969,Łódź,32-532,2025-01-21,Google Ads,False,1984-02-07
1085,Maciej,Kozdroń,maciej.kozdroń@onet.pl,629460632,Opole,50-529,2026-03-19,Meta Ads,False,1996-02-24
1086,Franciszek,Warczak,franciszek.warczak@gmail.com,400-486-437,Gorzów Wielkopolski,38-451,2024-10-20,Newsletter,False,1976-09-09
1087,Emil,Mszyca,emil.mszyca@gmail.com,574-729-893,Lublin,37-473,2025-05-09,Referral,True,1964-06-02
1088,Gustaw,Niebudek,gustaw.niebudek@wp.pl,,Gdańsk,07-707,2025-09-30,Meta Ads,True,1982-12-30
1089,Julian,Spychaj,julian.spychaj@wp.pl,,Białystok,83-463,2025-10-29,Meta Ads,True,1960-05-21
1090,Nela,Mikusek,nela.mikusek@gmail.com,874907881,Wrocław,24-798,2026-01-03,Organic,False,1986-08-16
1091,Inga,Samiec,inga.samiec@onet.pl,+48 934 678 919,Gorzów Wielkopolski,51-424,2025-04-14,Meta Ads,False,1972-09-26
1092,Szymon,Soliwoda,SZYMON.SOLIWODA@GMAIL.COM,291-054-904,Gorzów Wielkopolski,59-605,2025-11-09,Influencer,False,2003-02-12
1093,Ksawery,Morawiak,ksawery.morawiak@gmail.com,507 297 691,Warszawa,59-093,2025-11-01,Organic,True,1968-11-06
1094,Miłosz,Czenczek,miłosz.czenczek@gmail.com,+48 064 471 726,Warszawa,94-127,2025-10-07,Influencer,True,1960-06-05
1095,Aniela,Wisła,aniela.wisła@gmail.com,,Warszawa,00000,2025-11-07,Meta Ads,True,1983-05-11
1096,Ernest,Fugiel,ernest.fugiel@gmail.com,+48 304 916 653,Gdańsk,66-627,2025-02-13,Referral,True,2005-12-07
1097,Albert,Galica,albert.galica@interia.pl,957984443,Leszno,49-045,2024-11-22,Meta Ads,True,1996-04-24
1098,Józef,Pera,józef.pera@o2.pl,566-705-221,Łódź,85-884,2024-11-14,Organic,False,1963-07-20
1099,Tymon,Soliwoda,tymon.soliwoda@o2.pl,725809543,Warszawa,99-730,2024-12-04,Google Ads,False,1958-04-25
1100,Norbert,Ostapczuk,norbert.ostapczuk@wp.pl,575 367 098,Poznań,94-788,2025-09-15,Meta Ads,False,2006-07-12
1101,Stefan,Domek,STEFAN.DOMEK@GMAIL.COM,880-979-034,Poznań,24-121,2026-04-12,Google Ads,False,2003-03-21
1102,Ksawery,Staś,ksawery.staś@onet.pl,327 079 764,Gdańsk,80-784,2025-12-05,Meta Ads,False,1969-01-03
1103,Róża,Wochna, róża.wochna@onet.pl ,027649972,Warszawa,64-557,2026-03-16,Organic,False,1998-05-23
1104,Anastazja,Fleszar,anastazja.fleszar@gmail.com,,Wrocła,28-603,2025-04-18,Google Ads,False,1990-07-19
1105,Agnieszka,Wyroba,agnieszka.wyroba@gmail.com,+48 402 376 627,Warszawa,57-082,2025-05-13,Newsletter,False,1987-06-17
1106,Jan,Pronobis,jan.pronobis@wp.pl,628676072,Suwałki,71-285,2025-05-20,Referral,False,1988-06-11
1107,Dagmara,Kornet,dagmara.kornet@wp.pl,520-819-605,Częstochowa,27-051,2024-12-27,Meta Ads,False,1965-05-23
1108,Adam,Złotnik,adam.złotnik@gmail.com,713-080-227,Elbląg,45-038,2024-10-12,Google Ads,False,1963-04-20
1109,Filip,Małż,filipmałż@gmail.com,,Olsztyn,74-859,2025-11-29,Meta Ads,False,1987-07-28
1110,Kornel,Malcher,KORNEL.MALCHER@GMAIL.COM,+48 627 310 626,Warszawa,07-112,2026-08-06,Meta Ads,False,1977-09-10
1111,Kajetan,Jereczek,kajetan.jereczek@gmail.com,341-493-756,Gdańsk,87-292,2024-12-23,Meta Ads,False,1987-12-26
1112,Gaja,Kaczmarkiewicz,gaja.kaczmarkiewicz@gmail.com,939-416-352,Poznań,72-182,2024-10-07,Meta Ads,True,2006-10-23
1113,Elżbieta,Kuchciak,elżbieta.kuchciak@gmail.com,+48 569 768 153,Lublin,05-096,2026-02-23,Influencer,False,1996-04-29
1114,Kazimierz,Frost,kazimierz.frost@onet.pl,+48 422 721 174,Gdynia,49-840,2025-02-09,Organic,False,1959-03-07
1115,Marianna,Flisek,MARIANNA.FLISEK@GMAIL.COM,+48 005 893 517,Częstochowa,71-067,2026-04-07,Organic,False,1971-02-11
1116,Łukasz,Smutek,łukasz.smutek@wp.pl,280-118-248,Łódź,89-881,2025-12-07,Newsletter,False,1970-02-20
1117,Anna Maria,Rzeszut,anna maria.rzeszut@interia.pl,988 162 053,Warszawa,68-215,2026-07-26,Meta Ads,False,1992-06-22
1118,Adam,Gieroń,adam.gieroń@gmail.com,010-879-726,Wrocław,74-748,2025-06-15,Organic,False,2007-07-03
1119,Liwia,Malcher,liwia.malcher@onet.pl,749-573-767,Kraków,62-742,2025-12-15,Referral,False,1992-02-04
1120,Stefan,Klekot,stefan.klekot@gmail.com,172 761 751,Warszawa,78-869,2025-07-01,Meta Ads,True,1972-05-14
1121,Anna Maria,Jędraszek,anna maria.jędraszek@gmail.com,+48 414 877 207,Kraków,80-363,2025-11-03,Meta Ads,False,2004-09-24
1122,Sylwia,Wąsek,SYLWIA.WĄSEK@WP.PL,181-714-663,łódź,67-747,2025-07-17,Influencer,False,1989-01-31
1123,Anastazja,Słoka,anastazja.słoka@interia.pl,+48 422 262 789,Radom,24-905,2024-12-23,Google Ads,False,1987-11-23
1124,Aleks,Solarczyk,aleks.solarczyk@o2.pl,183-010-412,Łódź,01-122,2025-09-13,Organic,False,1956-11-12
1125,Ignacy,Wojniak,ignacy.wojniak@gmail.com,,Gdańsk,27-819,2025-09-12,Meta Ads,False,1988-03-16
1126,Urszula,Pyza,urszula.pyza@gmail.com,911419975,Kraków,06-342,2026-03-22,Influencer,False,1974-02-15
1127,Bruno,Chmara,bruno.chmara@o2.pl,015064156,Gdańsk,82-207,2026-01-04,Organic,False,1992-03-02
1128,Juliusz,Broncel,juliusz.broncel@gmail.com,+48 634 020 367,Wrocław,09-316,2025-12-12,Organic,False,1971-07-06
1129,Krystyna,Kłoczko,krystyna.kłoczko@gmail.com,788 203 172,WWarszawa,99-007,2024-11-17,Newsletter,False,1961-08-17
1130,Józef,Lica,józef.lica@o2.pl,+48 435 903 730,Gorzów Wielkopolski,51-742,2025-12-14,Newsletter,False,1985-09-30
1131,Antoni,Olbrych,antoni.olbrych@gmail.com,919-260-796,Bydgoszcz,23-199,2025-09-02,Influencer,False,1973-02-10
1132,Natan,Keler,natan.keler@gmail.com,+48 369 625 248,Wrocław,62-939,2026-05-15,Organic,False,1980-09-28
1133,Piotr,Bona,piotr.bona@onet.pl,,Lublin,18-494,2026-06-30,Google Ads,False,1963-10-31
1134,Róża,Franiak,róża.franiak@gmail.com,425 582 401,Kraków,69-918,2024-10-24,Meta Ads,False,1973-05-10
1135,Klara,Klepka,klara.klepka@o2.pl,+48 899 404 245,Konin,08-856,2026-03-27,Organic,False,1983-03-19
1136,Sylwia,Bazela,sylwia.bazela@gmail.com,910 979 691,Gdynia,87-324,2024-09-04,Meta Ads,False,1985-01-07
1137,Kacper,Wlizło,kacper.wlizło@gmail.com,207-455-712,Opole,74-702,2025-05-13,Meta Ads,True,1973-03-05
1138,Maks,Ciepłuch,maks.ciepłuch@onet.pl,345466229,Szczecin,20-288,2025-10-27,Newsletter,False,2000-02-26
1139,Natan,Strug,natan.strug@gmail.com,492868888,Gorzów Wielkopolski,81-548,2024-11-14,Meta Ads,True,2000-03-30
1140,Anita,Szkatuła,anita.szkatuła@gmail.com,280-025-769,Wrocław,50-192,2026-01-03,Newsletter,False,1987-02-21
1141,Norbert,Kuciak,norbert.kuciak@gmail.com,489-877-872,Gdańsk,41-727,2024-09-04,Organic,True,1957-04-09
1142,Klara,Śmieszek,klara.śmieszek@onet.pl,158 627 651,Szczecin,64-899,2024-12-06,Meta Ads,False,1968-03-10
1143,Aniela,Grymuza,aniela.grymuza@gmail.com,588813706,Warszawa,39-222,2025-10-22,Influencer,True,1983-06-05
1144,Tymoteusz,Cecot,tymoteusz.cecot@wp.pl,,Wrocław,48-804,2025-12-18,Newsletter,False,1957-07-29
1145,Ksawery,Samol,ksawery.samol@gmail.com,834-498-973,Katowice,57-519,2026-06-13,Google Ads,False,1956-11-30
1146,Karina,Sass,KARINA.SASS@GMAIL.COM,+48 981 433 140,Opol,20-195,2025-12-17,Organic,False,1973-08-15
1147,Karina,Pela,karina.pela@gmail.com,146 564 655,Rzeszów,68-318,2025-12-22,Google Ads,True,1996-09-12
1148,Julian,Kulus,julian.kulus@wp.pl,920 182 006,Gdańsk,00000,2025-05-30,Meta Ads,False,2007-08-28
1149,Eliza,Berendt,eliza.berendt@gmail.com,253436351,Konin,17-211,2024-09-15,Meta Ads,False,1993-12-30
1150,Róża,Goss,róża.goss@gmail.com,+48 981 570 233,Leszno,92-886,2024-11-29,Meta Ads,False,1983-04-13
1151,Jan,Biegała,jan.biegała@wp.pl,774245193,Kraków,06-704,2025-09-24,Organic,False,2000-07-18
1152,Dawid,Borkiewicz,dawid.borkiewicz@gmail.com,+48 664 953 892,Częstochowa,60-911,2025-12-04,Organic,False,1958-01-15
1153,Angelika,Peda,angelika.peda@gmail.com,880806988,Kielce,85-764,2025-06-11,Influencer,False,1972-02-27
1154,Aurelia,Krauza,aurelia.krauza@gmail.com,+48 411 786 568,Warszawa,40-655,2026-01-24,Meta Ads,False,2002-11-17
1155,Kazimierz,Bubak,KAZIMIERZ.BUBAK@GMAIL.COM,276-935-273,Kraków,25-294,2025-09-09,Meta Ads,True,1970-04-04
1156,Alex,Tomzik,alex.tomzik@wp.pl,,Zielona Góra,57-688,2024-10-01,Referral,False,1961-10-30
1157,Krystian,Budniak,krystian.budniak@gmail.com,,Radom,36-118,2024-12-01,Organic,False,1956-05-27
1158,Melania,Chylak,melania.chylak@wp.pl,+48 729 746 243,Konin,14-212,2026-04-15,Google Ads,False,1984-05-07
1159,Krystyna,Sobisz,krystyna.sobisz@gmail.com,140 941 822,Łódź,35-145,2026-01-23,Meta Ads,False,2005-08-03
1160,Ryszard,Panasiewicz, ryszard.panasiewicz@gmail.com ,286-544-856,Warszawa,32-176,2026-05-26,Organic,False,1959-05-16
1161,Natan,Czerner,natan.czerner@onet.pl,866 041 614,Łódź,57-052,2024-11-11,Organic,False,1962-06-28
1162,Natasza,Owsiany,natasza.owsiany@gmail.com,,Warszawa,07-109,2026-08-06,Meta Ads,True,1975-12-05
1163,Dawid,Rejmer,dawid.rejmer@gmail.com,217840169,Łódź,51-184,2024-12-05,Meta Ads,False,1992-12-10
1164,Tola,Broszkiewicz,tola.broszkiewicz@gmail.com,158 584 561,Radom,89-717,2024-09-07,Meta Ads,True,1979-03-23
1165,Maurycy,Kordus,maurycy.kordus@gmail.com,293-749-982,Częstochowa,43-838,2026-08-06,Organic,False,1966-02-04
1166,Ewelina,Gąbka,EWELINA.GĄBKA@O2.PL,627-837-748,Rzeszów,97-783,2025-02-11,Google Ads,False,1980-04-11
1167,Adrian,Jamroży,adrian.jamroży@gmail.com,+48 297 851 793,Kraków,90-480,2025-12-12,Organic,False,1960-09-30
1168,Fabian,Frymus,fabianfrymus@gmail.com,,Białystok,83-728,2024-12-06,Meta Ads,False,1996-03-21
1169,Natasza,Płócienniczak,natasza.płócienniczak@gmail.com,+48 681 623 001,Wrocław,29-148,2025-10-20,Organic,True,2001-03-26
1170,Robert,Penkala,robert.penkala@gmail.com,510 737 391,Warszawa,51-188,2026-05-02,Meta Ads,False,1992-09-03
1171,Kornel,Małysiak,kornel.małysiak@onet.pl,+48 312 446 536,Leszno,42-465,2025-03-22,Google Ads,False,1981-06-07
1172,Wiktor,Buchalik,wiktor.buchalik@wp.pl,533933546,Lubllin,15-360,2025-12-10,Meta Ads,False,1980-12-18
1173,Alan,Sochaj,alan.sochaj@gmail.com,+48 903 536 141,Piła,99-357,2024-12-07,Referral,True,1987-08-19
1174,Hubert,Handke,hubert.handke@onet.pl,638-457-740,Toruń,14-416,2025-11-22,Influencer,True,1998-12-05
1175,Dominik,Kopyto,dominik.kopyto@gmail.com,+48 413 927 359,Opole,72-666,2025-04-13,Referral,False,1959-05-10
1176,Emil,Chlebda,emil.chlebda@onet.pl,,Leszno,60-411,2024-12-20,Influencer,False,1986-11-23
1177,Tadeusz,Namysł,tadeusz.namysł@gmail.com,892 685 515,Warszawa,32-562,2025-03-03,Meta Ads,False,1964-01-09
1178,Karina,Cylwik,karina.cylwik@wp.pl,+48 766 806 190,Kraków,09-349,2024-12-12,Meta Ads,True,1966-08-19
1179,Tola,Graś,tola.graś@gmail.com,,Olsztyn,56-581,2026-05-06,Meta Ads,True,1997-04-28
1180,Inga,Praczyk,inga.praczyk@gmail.com,,radom,00000,2025-05-19,Newsletter,False,1990-09-18
1181,Igor,Ceynowa,igor.ceynowa@wp.pl,,Warszawa,92-588,2025-01-11,Google Ads,False,1999-12-11
1182,Oliwier,Giel,oliwier.giel@wp.pl,,Wrocław,77-475,2025-07-22,Referral,False,1972-11-02
1183,Patryk,Michnowicz,patryk.michnowicz@wp.pl,651 813 608,Warszawa,57-181,2025-03-18,Meta Ads,True,1971-12-03
1184,Olga,Osiadacz,olga.osiadacz@gmail.com,360 120 432,Gdańsk,77-112,2026-01-22,Meta Ads,True,1991-12-05
1185,Gaja,Miros,gaja.miros@gmail.com,894-857-903,Warszawa,49-336,2026-07-09,Referral,True,1981-10-17
1186,Stanisław,Wiech,stanisław.wiech@gmail.com,050693609,Radom,28-837,2025-06-20,Organic,False,1962-12-16
1187,Elżbieta,Wiekiera,elżbieta.wiekiera@gmail.com,355-129-424,warszawa,82-830,2026-04-02,Referral,True,1955-08-09
1188,Tymon,Zuziak,tymon.zuziak@onet.pl,+48 220 923 809,Gorzów Wielkopolsk,20-464,2025-10-15,Meta Ads,False,1983-10-02
1189,Tobiasz,Wnuczek,tobiasz.wnuczek@wp.pl,,Warsszawa,74-458,2024-11-02,Google Ads,True,1965-12-18
1190,Alex,Wijata,alex.wijata@gmail.com,668-840-003,Wrocław,73-814,2025-12-19,Google Ads,False,2003-12-30
1191,Emil,Sadownik,emil.sadownik@gmail.com,087207632,Lublin,92-938,2025-09-22,Organic,True,1973-11-03
1192,Dawid,Sypuła,dawid.sypuła@gmail.com,883-474-495,Warszawa,02-627,2025-11-24,Meta Ads,True,2007-11-17
1193,Olga,Hirsch,olga.hirsch@wp.pl,439497086,Warszawa,17-873,2026-05-31,Meta Ads,False,1971-03-10
1194,Leonard,Toczko,leonard.toczko@gmail.com,+48 311 635 655,Piła,07-001,2025-06-17,Organic,True,1992-11-15
1195,Maurycy,Chwała,maurycy.chwała@gmail.com,163 460 728,Kielce,37-887,2026-05-14,Meta Ads,False,1957-03-31
1196,Kornelia,Budrewicz,kornelia.budrewicz@gmail.com,214 527 361,Suwałki,76-404,2026-02-18,Google Ads,False,1988-09-24
1197,Fryderyk,Gołofit,fryderyk.gołofit@gmail.com,298888960,Lublin,49-446,2025-08-09,Referral,True,1984-06-26
1198,Tymoteusz,Ciapa,tymoteusz.ciapa@onet.pl,+48 318 918 218,Wrocław,18-193,2025-11-12,Organic,True,1985-01-12
1199,Olgierd,Merda,olgierd.merda@gmail.com,196-322-104,Wrocław,54-158,2025-04-19,Google Ads,False,1970-11-19
1200,Hubert,Hulbój,hubert.hulbój@gmail.com,571632131,Wrocław,02-074,2026-08-06,Referral,False,1989-12-17
1201,Julian,Głowiak,julian.głowiak@gmail.com,+48 258 914 229,Kielce,63-674,2025-12-26,Meta Ads,False,1978-09-28
1202,Łukasz,Goś,łukasz.goś@gmail.com,,Warszawa,18-658,2024-10-27,Organic,True,1998-04-24
1203,Agnieszka,Kozubal,agnieszka.kozubal@onet.pl,+48 702 992 468,Poznań,90-619,2025-04-24,Meta Ads,False,2004-11-25
1204,Grzegorz,Grochola,grzegorz.grochola@gmail.com,+48 047 373 862,Opole,66-435,2025-11-29,Meta Ads,False,1984-11-08
1205,Aniela,Szajek,aniela.szajek@wp.pl,703 482 051,Warszawa,46-232,2024-10-07,Meta Ads,False,1965-06-10
1206,Jan,Mijas,jan.mijas@gmail.com,919649896,Warszawa,64-868,2024-09-13,Meta Ads,True,1994-05-02
1207,Nela,Maksym,nela.maksym@wp.pl,867687481,Kielce,53-949,2025-07-09,Meta Ads,True,1984-07-17
1208,Dariusz,Kielan,dariusz.kielan@gmail.com,428-909-517,Bydgoszcz,05-582,2025-04-20,Meta Ads,False,1981-03-17
1209,Leonard,Mikusek,leonard.mikusek@o2.pl,887 612 345,Poznań,75-494,2025-06-16,Google Ads,False,2006-07-27
1210,Maksymilian,Iwanow,maksymilian.iwanow@gmail.com,+48 261 028 593,Warszawa,94-749,2025-02-17,Google Ads,False,1983-06-30
1211,Konstanty,Bobko,konstanty.bobko@gmail.com,406234904,Olsztyn,67-081,2024-12-03,Organic,False,1983-05-02
1212,Dawid,Bryzek,dawid.bryzek@gmail.com,821 078 325,Szczecin,61-646,2025-12-11,Meta Ads,False,1994-11-27
1213,Igor,Maron,igor.maron@gmail.com,750 489 973,Zielona Góra,82-553,2025-09-18,Referral,False,1997-11-23
1214,Fabian,Niebudek,fabian.niebudek@onet.pl,013852456,Gdańsk,07-926,2024-12-25,Meta Ads,False,1973-10-20
1215,Mateusz,Bracha,mateusz.bracha@o2.pl,657931732,Opole,59-525,2025-03-22,Organic,False,2003-08-14
1216,Anita,Jarmuła, anita.jarmuła@wp.pl ,,Warszawa,43-432,2025-11-22,Newsletter,False,1974-04-20
1217,Gustaw,Capała,gustaw.capała@onet.pl,201 412 513,Gdańsk,22-037,2024-10-03,Meta Ads,False,1992-06-07
1218,Gaja,Breś,gaja.breś@wp.pl,569981252,Gorzów Wielkopolski,39-745,2024-11-26,Google Ads,True,1997-03-15
1219,Robert,Makaruk,robert.makaruk@gmail.com,608206268,Łódź,81-485,2024-10-21,Newsletter,False,1986-03-28
1220,Anita,Gomuła,anita.gomuła@gmail.com,+48 019 024 774,Warszawa,85-299,2026-03-28,Google Ads,False,1998-06-20
1221,Szymon,Jaszczyszyn,szymon.jaszczyszyn@gmail.com,,Kielce,63-085,2026-02-13,Newsletter,True,1962-04-26
1222,Igor,Kielczyk,igor.kielczyk@gmail.com,571619037,Poznań,36-259,2026-02-11,Google Ads,False,1962-08-14
1223,Konstanty,Kurzydło,KONSTANTY.KURZYDŁO@WP.PL,+48 704 739 728,warszawa,33-015,2025-12-30,Google Ads,False,1994-11-22
1224,Tymoteusz,Kolendo,tymoteusz.kolendo@gmail.com,+48 168 521 243,Lublin,95-155,2025-12-22,Meta Ads,True,1990-07-13
1225,Leonard,Smolec,leonard.smolec@wp.pl,715-557-606,Gdańsk,23-268,2025-08-03,Google Ads,False,1997-01-25
1226,Marek,Jany,marek.jany@o2.pl,,Poznań,24-819,2025-11-12,Meta Ads,False,1983-07-19
1227,Filip,Pytko,filip.pytko@onet.pl,328754467,Kraków,11-991,2024-09-15,Meta Ads,False,1963-04-14
1228,Marcin,Żal,marcin.żal@onet.pl,163015073,Kielce,64-771,2025-11-02,Newsletter,False,2008-04-03
1229,Ernest,Fleszar,ernest.fleszar@onet.pl,422-751-608,wrocław,85-451,2026-02-16,Google Ads,False,1994-01-27
1230,Leon,Janczarek,leon.janczarek@onet.pl,887748303,Kraków,74-752,2025-09-17,Organic,True,2000-03-19
1231,Mikołaj,Majtyka,mikołaj.majtyka@interia.pl,+48 344 849 895,Gdańsk,34-774,2025-04-09,Google Ads,False,1999-01-12
1232,Mikołaj,Falba,mikołaj.falba@wp.pl,619254119,Poznań,60-409,2025-02-20,Google Ads,True,1980-11-01
1233,Lidia,Hak,lidia.hak@gmail.com,+48 458 857 855,Warszawa,97-945,2025-11-21,Newsletter,False,1983-10-27
1234,Fryderyk,Ograbek,fryderyk.ograbek@gmail.com,016225817,Kraków,91-400,2025-12-01,Meta Ads,True,1980-09-30
1235,Tymon,Pyszczek,tymon.pyszczek@gmail.com,042165544,Wrocław,56-013,2026-05-12,Meta Ads,False,1970-11-25
1236,Adrianna,Nogieć,adrianna.nogieć@gmail.com,014-274-362,Warszawa,00000,2025-04-01,Influencer,True,2006-07-27
1237,Maciej,Kręcisz,maciej.kręcisz@wp.pl,171 489 271,Kraków,69-653,2026-02-03,Meta Ads,False,1974-05-07
1238,Kornelia,Kuder,kornelia.kuder@interia.pl,856 487 559,Elbląg,84-879,2025-10-07,Newsletter,False,1970-01-16
1239,Jeremi,Łyjak,jeremi.łyjak@onet.pl,+48 174 709 643,Warszawa,13-262,2026-05-10,Organic,True,1990-04-11
1240,Kamila,Bazyluk,kamila.bazyluk@o2.pl,852-026-676,Warszawa,00000,2025-09-12,Meta Ads,False,1995-04-19
1241,Julianna,Wyłupek,julianna.wyłupek@gmail.com,,Elbląg,25-533,2025-09-26,Referral,True,1973-06-23
1242,Grzegorz,Madzia,grzegorz.madzia@gmail.com,407732825,Gdańsk,71-011,2025-10-24,Newsletter,False,1991-04-03
1243,Krzysztof,Bałazy,krzysztof.bałazy@wp.pl,073244203,Łódź,53-101,2026-02-14,Google Ads,True,1983-06-08
1244,Adrianna,Wojtaszczyk,adrianna.wojtaszczyk@gmail.com,386-675-889,Kraków,29-743,2026-07-25,Google Ads,True,1970-08-11
1245,Eryk,Tecław,eryk.tecław@onet.pl,898089546,Łódź,04-635,2024-10-30,Meta Ads,False,1960-06-19
1246,Gaja,Styn,gaja.styn@gmail.com,775 126 973,Gdynia,00000,2024-10-25,Google Ads,True,1987-05-13
1247,Marcel,Cięciwa,MARCEL.CIĘCIWA@WP.PL,320 559 401,Opole,16-089,2026-06-18,Organic,True,2000-12-26
1248,Adrian,Kulczak,adriankulczak@gmail.com,349 491 422,Warszawa,85-783,2025-09-14,Organic,True,2003-04-17
1249,Sylwia,Młocek,sylwia.młocek@gmail.com,363-888-540,Opole,24-918,2025-11-20,Meta Ads,True,1961-06-20
1250,Daniel,Żołądź,daniel.żołądź@onet.pl,739-864-970,Łódź,38-479,2025-08-18,Meta Ads,True,1990-08-08
1251,Igor,Naumiuk,igor.naumiuk@gmail.com,984812450,Kraków,59-945,2024-11-10,Meta Ads,False,2008-05-05
1252,Marianna,Rakus,marianna.rakus@gmail.com,770-096-994,Wrocław,86-789,2026-02-25,Influencer,True,1996-05-30
1253,Juliusz,Fiedoruk,juliusz.fiedoruk@onet.pl,+48 458 606 115,Poznań,10-284,2026-02-05,Meta Ads,True,1996-10-12
1254,Fryderyk,Wota,fryderyk.wota@gmail.com,527-161-950,Warszawa,43-062,2025-03-01,Organic,False,1969-04-13
1255,Błażej,Latoszek,błażej.latoszek@wp.pl,+48 346 806 715,Piła,57-072,2025-03-13,Google Ads,True,1981-08-28
1256,Ksawery,Kuzior,ksawery.kuzior@gmail.com,+48 598 887 802,Olsztyn,51-183,2026-04-10,Google Ads,False,1989-10-21
1257,Dominik,Stanaszek,DOMINIK.STANASZEK@GMAIL.COM,+48 265 266 403,Gorzów Wielkopolski,70-788,2024-10-01,Organic,True,1978-06-14
1258,Dominik,Kiełbik,DOMINIK.KIEŁBIK@WP.PL,818 504 484,Poznań,92-266,2026-05-27,Influencer,False,1961-01-25
1259,Wojciech,Drózd,wojciech.drózd@gmail.com,019 934 057,Toruń,74-746,2025-02-07,Google Ads,True,1968-11-16
1260,Adrianna,Wiatrak,adrianna.wiatrak@wp.pl,+48 817 493 380,Radom,64-153,2025-11-16,Meta Ads,False,1990-03-13
1261,Jakub,Wdowczyk,jakub.wdowczyk@onet.pl,473-792-885,Warszawa,86-400,2026-06-27,Newsletter,False,1969-09-18
1262,Kornel,Ziemann,kornel.ziemann@onet.pl,971174228,Warszawa,74-004,2025-12-24,Google Ads,False,1982-11-29
1263,Marika,Wajer,marika.wajer@o2.pl,785-955-205,Warszawa,56-414,2025-06-06,Referral,False,2000-04-30
1264,Krzysztof,Dziduch,krzysztofdziduch@gmail.com,732-225-139,Konin,29-004,2025-12-15,Meta Ads,False,1975-12-21
1265,Karina,Hajduga,karina.hajduga@gmail.com,964 506 899,Poznań,73-549,2025-04-22,Organic,False,2005-02-25
1266,Maurycy,Borkiewicz,maurycy.borkiewicz@interia.pl,565 474 718,Szczecin,394776,2025-02-14,Organic,True,1976-10-29
1267,Tomasz,Tasarz,tomasz.tasarz@gmail.com,790799717,Kraków,69-874,2026-08-06,Google Ads,True,2006-07-11
1268,Maksymilian,Świergiel,maksymilian.świergiel@onet.pl,,Łódź,59-779,2026-02-02,Meta Ads,False,1996-03-21
1269,Ksawery,Janczura,ksawery.janczura@gmail.com,+48 541 680 957,Łódź,71-041,2025-11-27,Organic,False,2006-11-16
1270,Rafał,Harasimiuk,rafał.harasimiuk@o2.pl,770 484 539,Częstochowa,90-400,2025-04-22,Influencer,False,2003-02-09
1271,Maurycy,Młodzik,maurycy.młodzik@gmail.com,,Elbląg,11-907,2024-10-01,Organic,False,1989-02-18
1272,Rafał,Gągała,rafał.gągała@gmail.com,917-228-308,Warszawa,05-198,2024-09-10,Organic,True,1956-12-09
1273,Tola,Kurc,tola.kurc@wp.pl,878 620 763,Warszawa,63-399,2025-10-25,Meta Ads,False,1958-12-07
1274,Rozalia,Apostel,rozalia.apostel@gmail.com,064983150,Gdańsk,40-512,2026-02-17,Google Ads,True,1983-11-23
1275,Aniela,Szybiak,aniela.szybiak@onet.pl,060-882-564,Gdańsk,05-348,2025-09-20,Meta Ads,False,1958-07-26
1276,Maciej,Plebanek,maciej.plebanek@gmail.com,946529828,Gdańsk,16-217,2026-04-06,Influencer,True,1998-05-16
1277,Angelika,Łapot,angelika.łapot@interia.pl,,Łódź,87-892,2024-09-22,Meta Ads,False,2001-12-06
1278,Krystian,Bawoł,KRYSTIAN.BAWOŁ@INTERIA.PL,239-674-047,Opole,75-239,2025-05-06,Organic,False,2004-08-11
1279,Piotr,Mycek,piotr.mycek@onet.pl,518-199-071,Bydgoszcz,19-501,2025-01-28,Google Ads,False,1990-04-01
1280,Natasza,Pawela,natasza.pawela@gmail.com,303 079 176,Warszawa,06-249,2025-07-02,Meta Ads,False,1992-10-06
1281,Adrian,Makieła,adrian.makieła@interia.pl,231 955 209,Elblląg,23-648,2024-10-09,Meta Ads,False,1958-03-30
1282,Norbert,Grześków,norbert.grześków@gmail.com,770 204 205,Częstochowa,13-468,2026-07-02,Organic,False,1987-12-28
1283,Tola,Morys,tola.morys@gmail.com,+48 268 630 359,Warszawa,14-117,2024-12-20,Meta Ads,False,1981-12-11
1284,Borys,Pakosz,borys.pakosz@gmail.com,564-427-073,Wrocław,26-437,2026-06-11,Influencer,False,1973-06-22
1285,Blanka,Golenia,blanka.golenia@wp.pl,,Kraków,00000,2025-06-01,Meta Ads,False,1986-02-14
1286,Sebastian,Butrym,sebastian.butrym@gmail.com,,Radom,28-783,2026-08-06,Influencer,False,1958-01-04
1287,Tymoteusz,Gajowiak,tymoteusz.gajowiak@gmail.com,425-060-140,Radom,09-124,2025-10-18,Meta Ads,True,1970-02-10
1288,Urszula,Rozum,urszula.rozum@wp.pl,685-722-692,Łódź,90-379,2026-06-28,Google Ads,True,1984-12-04
1289,Monika,Pabis,monika.pabis@wp.pl,654-270-066,Gorzów Wielkopolski,75-042,2024-09-24,Organic,True,1962-08-30
1290,Albert,Gabryszak,albert.gabryszak@wp.pl,+48 545 637 934,Goorzów Wielkopolski,21-017,2026-02-25,Meta Ads,False,2002-03-20
1291,Maksymilian,Anders,MAKSYMILIAN.ANDERS@GMAIL.COM,+48 497 008 087,Suwałki,01-184,2026-05-20,Newsletter,True,2004-09-06
1292,Tola,Bartoszczyk,tola.bartoszczyk@gmail.com,116656864,Łódź,37-427,2024-11-06,Meta Ads,False,1992-05-08
1293,Lidia,Rakus,LIDIA.RAKUS@INTERIA.PL,399 491 134,Poznań,17-212,2024-11-05,Referral,False,1963-03-07
1294,Jeremi,Sznura,jeremi.sznura@gmail.com,685915608,Warszawa,58-422,2025-06-24,Influencer,False,1968-04-10
1295,Tymoteusz,Kuder,tymoteusz.kuder@interia.pl,,Lublin,89-039,2026-06-14,Referral,False,1987-03-14
1296,Sonia,Chaberek,sonia.chaberek@gmail.com,,Łódź,12-643,2025-10-25,Meta Ads,False,1999-05-26
1297,Emil,Malisz,emil.malisz@wp.pl,715-637-197,Toruń,54-005,2025-09-19,Referral,False,1985-02-25
1298,Eryk,Pyć,eryk.pyć@gmail.com,+48 568 483 273,Gdańsk,68-098,2024-11-22,Referral,True,1988-05-25
1299,Rozalia,Kierat,rozalia.kierat@wp.pl,+48 839 716 576,Konin,29-476,2024-09-07,Influencer,False,1996-06-03
1300,Nikodem,Klimko,nikodem.klimko@gmail.com,+48 729 137 019,Opole,07-199,2026-03-15,Google Ads,True,1961-07-26
1301,Krystian,Woronko,krystian.woronko@wp.pl,497-442-908,Warszawa,61-510,2024-11-06,Organic,False,1964-12-09
1302,Aleksander,Piórek,aleksander.piórek@onet.pl,647-418-841,Warszawa,83-373,2025-11-13,Newsletter,False,1970-09-14
1303,Justyna,Gubernat, justyna.gubernat@wp.pl ,243028959,Łódź,43-632,2026-06-01,Google Ads,False,1998-04-08
1304,Agnieszka,Andrzejuk,agnieszka.andrzejuk@gmail.com,083 027 840,Warszawa,14-759,2024-12-02,Influencer,False,1958-05-17
1305,Julita,Balas,julita.balas@wp.pl,637-119-189,Radom,21-805,2025-12-06,Organic,False,1957-02-18
1306,Ida,Fulara,ida.fulara@wp.pl,+48 095 941 274,Warszaw,10-917,2024-10-12,Meta Ads,False,1968-01-25
1307,Sara,Dyja,SARA.DYJA@GMAIL.COM,690-919-034,Poznań,75-334,2025-11-07,Google Ads,False,1977-10-21
1308,Arkadiusz,Bastek,arkadiusz.bastek@wp.pl,541955824,Częstochowa,15-334,2024-12-22,Google Ads,True,1967-09-01
1309,Marek,Piechura,marek.piechura@wp.pl,849 054 552,Warszawa,53-891,2026-01-25,Meta Ads,False,1966-03-11
1310,Borys,Gowin,borys.gowin@wp.pl,646-194-023,Poznań,61-600,2025-03-30,Google Ads,False,1981-04-08
1311,Justyna,Walasik,justyna.walasik@gmail.com,628475902,Łódź,28-951,2025-07-03,Newsletter,False,1987-11-24
1312,Kajetan,Księżyk,kajetan.księżyk@gmail.com,862795787,Wrocław,48-140,2025-11-17,Meta Ads,False,1979-11-09
1313,Eryk,Siedlarz,ERYK.SIEDLARZ@GMAIL.COM,355836901,Radom,46-999,2024-12-27,Meta Ads,False,1969-11-21
1314,Józef,Jonczyk,józef.jonczyk@wp.pl,703929584,Warszawa,05-709,2026-01-25,Meta Ads,False,1985-09-25
1315,Konstanty,Engel,konstanty.engel@gmail.com,489-098-998,Warszawa,15-873,2025-03-23,Influencer,False,1980-04-08
1316,Sandra,Siwa,sandra.siwa@wp.pl,708-255-856,Gdańsk,98-352,2025-12-13,Meta Ads,False,1967-04-01
1317,Gustaw,Halik,gustaw.halik@gmail.com,+48 873 937 873,Kraków,21-809,2024-11-21,Meta Ads,True,1997-09-15
1318,Alan,Mijas,alan.mijas@wp.pl,395-721-203,Wrocław,71-876,2025-12-25,Meta Ads,False,1967-10-08
1319,Klara,Berdzik,klara.berdzik@wp.pl,895-429-486,Warszawa,67-501,2024-11-12,Organic,True,2001-04-17
1320,Przemysław,Kolendo,przemysław.kolendo@gmail.com,682-280-228,Szczecin,61-858,2025-06-16,Organic,False,1980-02-14
1321,Bartek,Jarmużek,bartek.jarmużek@wp.pl,+48 143 313 941,Białystok,55-754,2025-02-08,Google Ads,False,2001-11-04
1322,Witold,Job,witold.job@gmail.com,256673398,Warszawa,56-594,2026-02-27,Meta Ads,False,1967-05-20
1323,Tola,Szurek,tola.szurek@gmail.com,601-280-765,Warszawa,74-920,2025-02-22,Meta Ads,True,1955-11-12
1324,Aleksander,Tatarek,aleksander.tatarek@gmail.com,029715879,Zielona Góra,61-752,2026-05-16,Referral,True,1996-05-01
1325,Filip,Wójt,filip.wójt@o2.pl,706 002 278,Opole,68-404,2026-05-21,Organic,False,1980-12-30
1326,Oskar,Pikor,oskar.pikor@o2.pl,199-135-912,Olsztyn,64-247,2024-12-15,Referral,True,1959-12-31
1327,Bartek,Kurz,bartek.kurz@gmail.com,+48 096 581 095,Kielce,94-417,2025-11-13,Meta Ads,False,2005-12-10
1328,Adrian,Andruszko,adrian.andruszko@gmail.com,552 807 649,Gdynia,38-245,2024-11-20,Google Ads,False,1989-12-02
1329,Tomasz,Oleszko,tomasz.oleszko@gmail.com,986-131-619,Olsztyn,62-686,2025-05-14,Influencer,False,1971-10-02
1330,Róża,Szwaj,róża.szwaj@wp.pl,+48 744 609 572,Zielona Góra,74-766,2025-12-08,Organic,False,1986-07-13
1331,Agnieszka,Roj,agnieszka.roj@interia.pl,,Wrocław,99-142,2025-11-07,Organic,False,2001-12-05
1332,Olga,Bareja,olga.bareja@gmail.com,958375644,Gdynia,48-642,2025-11-21,Meta Ads,False,1980-03-15
1333,Jakub,Stoltman, jakub.stoltman@gmail.com ,+48 702 544 010,Warszawa,81-073,2025-03-09,Organic,False,1975-12-29
1334,Józef,Osman,józef.osman@wp.pl,+48 679 050 295,Warszawa,05-304,2025-05-22,Meta Ads,False,1978-03-03
1335,Jeremi,Nawrotek,jeremi.nawrotek@o2.pl,,Leszno,79-556,2024-11-15,Meta Ads,False,1986-01-30
1336,Nikodem,Szlachcic,nikodem.szlachcic@gmail.com,272-243-444,Warszawa,88-083,2025-12-05,Google Ads,False,1988-06-24
1337,Józef,Miętka,józef.miętka@wp.pl,202 640 090,Poznań,065089,2025-09-13,Influencer,False,2005-09-12
1338,Dariusz,Staręga,dariusz.staręga@interia.pl,+48 478 747 173,Toruń,07-114,2025-12-26,Referral,True,1975-11-22
1339,Roksana,Graban,roksana.graban@gmail.com,993-135-784,Kraków,06-375,2025-02-18,Referral,True,1975-01-06
1340,Melania,Mysior,melania.mysior@o2.pl,,Warszawa,09-575,2025-04-21,Newsletter,True,1993-03-11
1341,Gabriel,Nazimek,gabriel.nazimek@onet.pl,,Lublin,43-245,2025-04-11,Google Ads,False,1984-03-12
1342,Malwina,Wojniak,malwina.wojniak@gmail.com,+48 337 193 024,Lublin,97-595,2024-09-26,Influencer,False,2001-10-07
1343,Nikodem,Szumacher,nikodem.szumacher@gmail.com,073 878 646,Warszawa,96-780,2025-04-06,Organic,False,1967-07-18
1344,Maks,Władyka,maks.władyka@interia.pl,734632570,Kraków,35-516,2026-03-30,Newsletter,False,1991-08-25
1345,Jacek,Bruzda,jacek.bruzda@gmail.com,184 012 782,Radom,09-382,2026-05-16,Meta Ads,False,1973-11-22
1346,Ada,Dawiec,ada.dawiec@gmail.com,,Kraków,68-850,2025-09-26,Google Ads,False,1962-02-05
1347,Ewelina,Franaszek,ewelina.franaszek@wp.pl,+48 361 631 556,Olsztyn,69-922,2025-07-05,Referral,True,1971-01-31
1348,Leonard,Potok,leonard.potok@o2.pl,+48 318 543 839,Kraków,87-969,2024-09-14,Organic,False,1992-05-03
1349,Wiktor,Kulisz,wiktor.kulisz@gmail.com,341510999,Gorzów Wielkopolski,59-090,2026-05-18,Organic,False,1959-11-05
1350,Kajetan,Majorczyk,kajetan.majorczyk@gmail.com,+48 310 515 688,Poznań,10-112,2024-09-09,Meta Ads,False,1964-04-29
1351,Kamil,Duchnik,kamil.duchnik@o2.pl,754 136 339,Warszawa,19-509,2026-07-09,Referral,False,1963-07-28
1352,Gabriel,Koniecko,gabriel.koniecko@gmail.com,818 691 193,Łódź,81-024,2025-08-18,Newsletter,False,1971-02-18
1353,Rozalia,Broś,rozaliabroś@gmail.com,+48 236 214 686,Wrocław,61-356,2025-04-12,Newsletter,False,1977-11-11
1354,Michał,Fyda,michał.fyda@gmail.com,795-607-473,Łódź,25-065,2026-06-17,Organic,False,1956-10-05
1355,Jerzy,Chołody,jerzy.chołody@gmail.com,,Toruń,67-661,2024-09-28,Organic,False,1973-05-25
1356,Elżbieta,Pytko,elżbieta.pytko@wp.pl,241155438,Poznań,84-662,2025-10-27,Organic,False,1997-04-19
1357,Ada,Wandas,ada.wandas@wp.pl,827-807-930,Gdańsk,86-714,2025-10-08,Google Ads,False,1983-09-11
1358,Krystyna,Ślebioda, krystyna.ślebioda@gmail.com ,231 487 491,Gdańsk,59-312,2024-12-02,Referral,False,1985-08-29
1359,Norbert,Nazar,norbert.nazar@gmail.com,783 939 555,Białystok,34-233,2025-06-04,Newsletter,False,1981-04-05
1360,Stefan,Duras,stefan.duras@wp.pl,+48 665 817 418,Warszawa,07-152,2025-11-16,Organic,True,1974-04-24
1361,Agnieszka,Szóstak,agnieszka.szóstak@wp.pl,845695330,Zielona Góra,80-947,2026-01-12,Newsletter,True,1964-02-12
1362,Julita,Suchoń,julita.suchoń@o2.pl,879 760 421,Warszawa,24-997,2024-09-17,Meta Ads,False,1964-11-20
1363,Marcin,Jereczek, marcin.jereczek@gmail.com ,+48 741 435 899,Szczecin,31-120,2026-06-11,Organic,True,1957-10-10
1364,Alex,Lizurej,alex.lizurej@wp.pl,+48 503 325 013,Częstochow,17-452,2024-12-28,Newsletter,False,1969-05-25
1365,Daniel,Hendzel,daniel.hendzel@interia.pl,+48 001 064 011,Warszawa,72-725,2025-01-26,Meta Ads,False,1957-06-07
1366,Alex,Jonak,alex.jonak@wp.pl,348 512 953,Kraków,19-382,2025-02-01,Google Ads,False,1979-05-13
1367,Miłosz,Oleksak,miłosz.oleksak@gmail.com,505659495,Białystok,39-125,2024-09-18,Google Ads,False,2004-05-18
1368,Olga,Chorążewicz,OLGA.CHORĄŻEWICZ@GMAIL.COM,+48 933 777 310,Konin,99-149,2024-11-12,Meta Ads,False,2005-10-30
1369,Alex,Herbut,alex.herbut@gmail.com,565-069-851,Kraków,01-994,2026-08-06,Organic,False,1994-09-26
1370,Dorota,Bogaczyk,DOROTA.BOGACZYK@WP.PL,700497513,Warszawa,83-723,2025-03-04,Meta Ads,False,1971-04-05
1371,Aleks,Jakimiak,aleks.jakimiak@o2.pl,,Gdańsk,74-683,2024-11-19,Meta Ads,True,1963-05-23
1372,Sylwia,Klus,sylwia.klus@gmail.com,606376367,Opole,57-347,2024-11-21,Google Ads,True,1992-02-14
1373,Malwina,Gładka,malwina.gładka@gmail.com,137-900-720,Łódź,06-143,2025-12-09,Meta Ads,False,1991-07-13
1374,Oliwier,Labudda,oliwier.labudda@o2.pl,760-003-595,Kielce,04-412,2026-04-24,Organic,False,1988-04-28
1375,Borys,Krzan,borys.krzan@onet.pl,810514554,Szczecin,989991,2025-02-01,Meta Ads,False,1972-11-22
1376,Eryk,Kazubek,eryk.kazubek@gmail.com,100339314,Szczecin,68-228,2024-09-14,Meta Ads,True,1997-01-01
1377,Konstanty,Mysiak,konstanty.mysiak@o2.pl,717-834-753,Lublin,03-086,2024-12-21,Organic,False,1984-02-18
1378,Adrianna,Przewłoka,adrianna.przewłoka@wp.pl,603490239,Kielce,86-981,2024-10-09,Organic,True,1960-03-23
1379,Ida,Kandora,IDA.KANDORA@GMAIL.COM,342-367-194,Katowice,25-503,2024-11-03,Newsletter,False,1972-06-08
1380,Apolonia,Wołczyk,apolonia.wołczyk@gmail.com,+48 852 581 688,Katowice,86-370,2025-06-11,Referral,True,1976-08-31
1381,Marianna,Milcarz,marianna.milcarz@wp.pl,614 880 161,Kraaków,50-382,2025-01-11,Google Ads,True,1956-03-29
1382,Mieszko,Wojtaszczyk,mieszko.wojtaszczyk@gmail.com,105-983-006,Kraków,40-457,2025-09-21,Google Ads,False,2001-12-07
1383,Dawid,Maruszczak,DAWID.MARUSZCZAK@GMAIL.COM,652 896 441,Opole,625171,2025-02-16,Meta Ads,False,1979-02-20
1384,Urszula,Haponiuk,urszula.haponiuk@gmail.com,474-469-785,Łódź,57-296,2026-06-15,Newsletter,False,1964-04-10
1385,Kaja,Klus,kaja.klus@wp.pl,+48 261 043 818,Wrocław,54-143,2026-05-27,Newsletter,False,1999-11-17
1386,Dawid,Szymajda,dawid.szymajda@onet.pl,445700177,Warszawa,27-311,2025-10-11,Meta Ads,False,1980-10-01
1387,Anna Maria,Giezek,anna maria.giezek@wp.pl,167680032,Kraków,09-956,2025-04-18,Meta Ads,False,2006-06-25
1388,Albert,Janasik,albert.janasik@gmail.com,+48 768 903 762,Radom,01-420,2025-05-16,Meta Ads,True,1989-06-14
1389,Jeremi,Kazior,jeremi.kazior@gmail.com,670 417 320,Warszawa,23-570,2025-06-06,Meta Ads,False,1980-02-02
1390,Nicole,Tatarczuk,nicole.tatarczuk@wp.pl,991 791 946,Gorzów Wielkopolski,18-205,2026-01-05,Meta Ads,True,1965-06-14
1391,Fryderyk,Bartoś,fryderykbartoś@gmail.com,846-378-056,Wrocław,71-503,2025-07-17,Google Ads,False,1957-10-31
1392,Emil,Cofała,emil.cofała@gmail.com,,Gdańsk,75-312,2026-04-15,Meta Ads,False,1981-10-13
1393,Marcelina,Dzierwa, marcelina.dzierwa@wp.pl ,900 873 300,Kraków,04-811,2026-07-16,Google Ads,False,1955-09-22
1394,Błażej,Morka,błażej.morka@o2.pl,551 245 891,Poznań,82-855,2025-04-22,Influencer,True,1989-05-02
1395,Marcel,Kala,MARCEL.KALA@GMAIL.COM,+48 659 848 265,Poznań,86-915,2025-10-09,Organic,False,1970-11-04
1396,Kajetan,Kloch,kajetan.kloch@wp.pl,572-439-828,Warszawa,89-661,2024-11-21,Meta Ads,False,1968-07-26
1397,Ignacy,Dulemba,ignacy.dulemba@wp.pl,084405717,Poznań,36-505,2024-12-08,Referral,False,2008-04-18
1398,Krzysztof,Stąpór,krzysztof.stąpór@onet.pl,217652104,Częstochowa,96-371,2025-06-30,Meta Ads,False,1986-05-23
1399,Sylwia,Zaniewicz,sylwia.zaniewicz@wp.pl,,Warszawa,34-644,2024-12-02,Organic,False,1991-12-13
1400,Ignacy,Dydak,IGNACY.DYDAK@GMAIL.COM,,Kraków,66-751,2026-05-29,Influencer,True,1986-01-31
1401,Robert,Parada,robert.parada@gmail.com,,Poznań,75-060,2024-11-01,Meta Ads,False,1963-05-05
1402,Marcelina,Majzner,marcelina.majzner@interia.pl,,Suwałki,89-139,2025-07-02,Google Ads,False,1974-07-15
1403,Mikołaj,Wiesiołek,mikołaj.wiesiołek@gmail.com,469-847-719,Gorzów Wielkopolski,47-430,2025-11-17,Newsletter,False,1989-04-26
1404,Maurycy,Wejman,maurycy.wejman@o2.pl,,Suwałki,38-299,2025-12-26,Organic,False,1983-08-31
1405,Igor,Jagiełka,igor.jagiełka@gmail.com,062078825,Gdańsk,25-785,2025-05-11,Google Ads,False,1988-11-18
1406,Patryk,Wardzała,PATRYK.WARDZAŁA@O2.PL,,Poznań,97-172,2026-05-02,Meta Ads,True,1984-05-30
1407,Jędrzej,Pudełek,jędrzej.pudełek@wp.pl,096-640-235,Warszawa,88-820,2025-10-01,Meta Ads,True,1971-07-21
1408,Olgierd,Wawrzyczek,olgierd.wawrzyczek@onet.pl,,Warszawa,69-594,2025-06-09,Meta Ads,True,1974-03-26
1409,Julian,Fikus,julian.fikus@gmail.com,901 848 691,Elbląg,18-531,2024-10-02,Newsletter,False,1970-07-05
1410,Ada,Zugaj,ada.zugaj@gmail.com,454 289 807,Wrocław,44-944,2025-07-14,Google Ads,False,2003-11-13
1411,Paweł,Lisak,paweł.lisak@interia.pl,372-972-700,Warszawa,20-516,2026-03-04,Influencer,False,1967-04-25
1412,Rafał,Jezior,rafał.jezior@o2.pl,667767045,Olsztyn,72-629,2025-11-19,Influencer,False,1992-02-23
1413,Anna Maria,Preuss,anna maria.preuss@interia.pl,859-263-822,Toruń,69-730,2026-04-09,Influencer,True,1984-10-20
1414,Oliwier,Krzysztofek,oliwier.krzysztofek@o2.pl,+48 460 653 832,Gorzów Wielkopolski,59-939,2025-08-09,Meta Ads,False,1959-08-24
1415,Adrian,Gruchot,adriangruchot@wp.pl,,Łódź,62-357,2024-11-30,Organic,True,1972-02-09
1416,Olgierd,Gajzler,olgierd.gajzler@wp.pl,,Warszawa,57-912,2024-09-09,Meta Ads,False,2007-12-09
1417,Angelika,Bryda,angelika.bryda@gmail.com,680997052,Opole,44-177,2025-03-04,Organic,False,1993-03-21
1418,Antoni,Tadych,antoni.tadych@o2.pl,782 913 438,Poznań,16-228,2025-12-25,Google Ads,True,1962-06-01
1419,Julian,Sudak,julian.sudak@onet.pl,+48 902 164 134,Kraków,30-315,2026-03-26,Meta Ads,False,1962-03-28
1420,Adrian,Gąbka,adrian.gąbka@onet.pl,142 416 466,Poznań,55-708,2025-03-22,Google Ads,False,1996-01-14
1421,Kamil,Brańka,kamil.brańka@o2.pl,+48 286 985 386,Warszawa,03-794,2025-08-23,Newsletter,True,1981-04-05
1422,Kornelia,Kolbusz,kornelia.kolbusz@onet.pl,,Wrocław,26-111,2025-06-04,Newsletter,False,1957-05-01
1423,Ida,Apanowicz,ida.apanowicz@gmail.com,033-708-459,Warszawa,08-481,2025-06-06,Meta Ads,True,1961-11-24
1424,Iwo,Andrzejuk,iwo.andrzejuk@gmail.com,042-788-497,Warszawa,09-309,2025-01-04,Meta Ads,False,1990-12-23
1425,Patryk,Derek,patryk.derek@gmail.com,541294951,Suwałki,16-943,2024-11-26,Newsletter,True,1987-06-29
1426,Julianna,Pagacz,julianna.pagacz@gmail.com,983-757-851,Warszawa,24-687,2024-12-24,Meta Ads,False,1974-03-24
1427,Tomasz,Kujawiak,tomasz.kujawiak@gmail.com,653333449,Warszawa,96-965,2024-10-12,Google Ads,False,1970-04-18
1428,Elżbieta,Malisz,elżbieta.malisz@wp.pl,,Piła,46-165,2024-12-24,Organic,False,2000-12-01
1429,Tadeusz,Wiertel,tadeusz.wiertel@o2.pl,957 203 718,Opole,348086,2024-09-07,Referral,False,1960-11-05
1430,Elżbieta,Fabiańczyk,elżbieta.fabiańczyk@gmail.com,769953254,Warszawa,02-542,2025-11-02,Meta Ads,False,1967-02-04
1431,Eryk,Ziętal,eryk.ziętal@gmail.com,560-051-009,Rzesszów,22-924,2025-03-05,Meta Ads,False,1995-07-24
1432,Jan,Ragus,jan.ragus@wp.pl,259 237 379,Wrocław,13-947,2026-07-11,Influencer,False,1966-12-09
1433,Dorota,Kozień,dorota.kozień@wp.pl,041876489,Szczecin,91-487,2024-12-23,Google Ads,True,1975-01-07
1434,Julianna,Pawlukiewicz,julianna.pawlukiewicz@gmail.com,785892337,Elbląg,57-690,2025-04-10,Meta Ads,True,2006-05-11
1435,Grzegorz,Chołody,grzegorzchołody@gmail.com,,Poznań,46-389,2025-04-16,Google Ads,False,1978-01-26
1436,Ida,Mądrzak,ida.mądrzak@onet.pl,,Radom,53-116,2024-09-09,Meta Ads,False,1995-12-14
1437,Jędrzej,Topa,jędrzej.topa@gmail.com,020-723-637,gdańsk,60-113,2026-04-15,Google Ads,True,1983-02-21
1438,Anastazja,Maciejczuk,anastazja.maciejczuk@gmail.com,+48 512 434 010,Białystok,47-722,2024-09-03,Organic,True,1970-11-15
1439,Maciej,Malarczyk,maciej.malarczyk@gmail.com,160633023,Konin,42-506,2026-06-28,Meta Ads,False,1961-09-23
1440,Ryszard,Krzykała,ryszard.krzykała@gmail.com,488968881,Łódź,77-754,2026-05-25,Meta Ads,False,1972-02-18
1441,Sara,Twardosz,sara.twardosz@wp.pl,133 422 343,Warszawa,71-418,2025-09-22,Organic,True,1970-12-30
1442,Marianna,Walus,MARIANNA.WALUS@INTERIA.PL,241 962 478,Konin,09-917,2025-10-23,Google Ads,False,2000-03-04
1443,Lidia,Stachewicz,lidia.stachewicz@onet.pl,259-900-638,Warszawa,48-184,2025-11-26,Organic,True,1956-04-09
1444,Marika,Kudra,marika.kudra@wp.pl,+48 409 746 648,Wrocław,14-406,2025-05-02,Google Ads,True,1978-10-24
1445,Karol,Murach,karol.murach@gmail.com,+48 511 544 846,Kraków,19-405,2025-11-03,Newsletter,True,1976-10-29
1446,Tola,Grab,tola.grab@gmail.com,156-248-490,Kraków,95-948,2024-10-11,Organic,True,2002-11-23
1447,Alan,Bobak,alan.bobak@gmail.com,+48 777 684 032,Olsztyn,47-999,2024-10-27,Meta Ads,True,1966-02-23
1448,Ksawery,Lichoń,ksawery.lichoń@wp.pl,913900326,Gdańsk,52-126,2025-07-23,Newsletter,False,1967-12-09
1449,Kaja,Wabik,kaja.wabik@wp.pl,+48 364 927 233,Poznań,64-286,2025-10-25,Influencer,False,1996-02-18
1450,Elżbieta,Siebert,elżbieta.siebert@gmail.com,+48 093 989 761,Łódź,35-775,2026-05-23,Referral,True,1997-06-09
1451,Blanka,Flieger,blanka.flieger@wp.pl,,Szczecin,61-683,2024-11-14,Newsletter,False,1987-07-25
1452,Olga,Nowotka,olga.nowotka@gmail.com,821968913,Opole,66-286,2026-03-13,Meta Ads,False,1963-05-29
1453,Agnieszka,Budner,agnieszka.budner@wp.pl,+48 622 195 011,Łódź,416306,2024-12-12,Google Ads,False,1981-07-13
1454,Jerzy,Piksa,jerzy.piksa@gmail.com,240 517 785,Suwałki,18-031,2025-05-10,Meta Ads,True,1960-11-15
1455,Mikołaj,Brodawka,mikołaj.brodawka@wp.pl,760066696,Częstochowa,09-511,2025-03-28,Google Ads,False,1991-07-15
1456,Kajetan,Ostafin,kajetan.ostafin@gmail.com,,Wrocław,78-696,2025-05-08,Organic,False,1972-12-03
1457,Emil,Dankiewicz,emil.dankiewicz@gmail.com,+48 445 159 852,Warszawa,80-099,2024-11-24,Google Ads,False,1995-11-20
1458,Angelika,Biesaga,angelika.biesaga@wp.pl,+48 726 637 091,Suwałki,64-812,2025-09-26,Meta Ads,False,1980-04-17
1459,Gustaw,Maligłówka,gustaw.maligłówka@gmail.com,393-146-186,Katowice,64-503,2026-03-08,Influencer,False,1982-05-08
1460,Rozalia,Kaszkowiak,rozalia.kaszkowiak@wp.pl,+48 487 858 801,Bydgoszcz,70-560,2025-06-16,Meta Ads,False,1956-07-13
1461,Filip,Jarkiewicz,filip.jarkiewicz@gmail.com,,Elbląg,16-393,2025-08-08,Meta Ads,False,1979-06-14
1462,Albert,Bartuś,ALBERT.BARTUŚ@GMAIL.COM,841 058 264,Warszawa,59-037,2026-04-30,Meta Ads,False,1957-05-03
1463,Dagmara,Galos,dagmara.galos@gmail.com,+48 022 008 753,Bydgoszcz,39-906,2025-12-03,Meta Ads,False,1993-01-06
1464,Marika,Hartman,marika.hartman@gmail.com,,Elbląg,18-320,2025-08-23,Influencer,False,1993-07-12
1465,Ada,Szoka,ada.szoka@gmail.com,+48 586 080 695,Radom,15-583,2025-02-18,Newsletter,False,1991-05-16
1466,Bianka,Trawka,bianka.trawka@onet.pl,942-326-441,Kraków,70-586,2026-05-09,Meta Ads,False,1980-06-30
1467,Melania,Warzybok,melania.warzybok@gmail.com,870793032,Warszawa,21-519,2025-10-11,Newsletter,False,1958-07-20
1468,Błażej,Kuza,błażejkuza@gmail.com,618879444,Olsztyn,76-995,2024-12-17,Google Ads,False,1975-08-14
1469,Maks,Obarzanek,maks.obarzanek@wp.pl,138738664,Poznań,37-329,2025-02-11,Meta Ads,False,1958-11-07
1470,Tola,Hermanowicz,tola.hermanowicz@gmail.com,735-733-595,Leszno,17-858,2026-03-18,Meta Ads,False,1975-01-06
1471,Janina,Łuszczak,janina.łuszczak@gmail.com,022 992 192,Bydgoszcz,98-913,2024-10-21,Meta Ads,False,1988-09-23
1472,Fryderyk,Kręcisz,fryderyk.kręcisz@onet.pl,,warszawa,55-354,2026-08-03,Google Ads,False,2008-03-03
1473,Klara,Zmarzły,klara.zmarzły@wp.pl,909 606 059,Konin,08-678,2024-11-05,Influencer,False,1968-07-16
1474,Marek,Skolik,marek.skolik@interia.pl,,Radom,40-607,2026-03-15,Google Ads,False,1960-02-05
1475,Wiktor,Ścieszka,wiktor.ścieszka@onet.pl,+48 044 259 345,Warszawa,40-118,2025-05-02,Google Ads,False,1973-06-27
1476,Michał,Lamch,michał.lamch@onet.pl,717282067,Warszawa,42-039,2025-08-06,Referral,False,1980-01-09
1477,Kaja,Sykała,kaja.sykała@wp.pl,892-686-160,Zielona Góra,66-924,2026-05-21,Referral,False,1977-12-01
1478,Michał,Boduch,MICHAŁ.BODUCH@WP.PL,+48 341 547 851,Elbląg,00000,2025-06-13,Newsletter,True,1956-10-09
1479,Alex,Malcherek,alex.malcherek@onet.pl,+48 423 338 114,Warszawa,74-400,2025-09-14,Meta Ads,False,1972-09-06
1480,Oskar,Putek,oskar.putek@gmail.com,818 072 851,Lublin,63-103,2024-10-06,Google Ads,False,1992-03-18
1481,Gabriel,Fechner,gabriel.fechner@gmail.com,+48 932 659 889,Gdańsk,64-515,2024-09-18,Meta Ads,False,1998-08-08
1482,Natan,Płoskonka,natan.płoskonka@gmail.com,643 229 987,Wrocław,79-307,2025-01-09,Google Ads,True,1974-11-07
1483,Justyna,Danisz,justyna.danisz@o2.pl,694028646,Pozna,64-651,2025-12-20,Meta Ads,False,2000-07-03
1484,Igor,Łokietek,igor.łokietek@interia.pl,204508439,Poznań,69-220,2024-11-11,Newsletter,False,1970-10-28
1485,Franciszek,Pielka,franciszek.pielka@o2.pl,934 950 240,Warszawa,74-412,2024-11-26,Meta Ads,False,1998-03-29
1486,Tomasz,Krywult,tomasz.krywult@gmail.com,+48 933 301 140,Gdańs,75-098,2025-06-25,Referral,False,1986-12-18
1487,Jeremi,Rohde,jeremi.rohde@gmail.com,715253021,Gdańsk,73-821,2025-11-02,Google Ads,False,1983-09-28
1488,Marianna,Szela,marianna.szela@gmail.com,928-146-735,Gdańsk,45-815,2025-12-27,Newsletter,True,1959-08-29
1489,Emil,Andrejczuk,emil.andrejczuk@gmail.com,209318418,Białystok,39-444,2024-12-28,Google Ads,False,1990-10-04
1490,Jędrzej,Pagacz,jędrzej.pagacz@o2.pl,,Warszawa,54-412,2024-10-24,Google Ads,False,1968-11-29
1491,Ida,Groń,ida.groń@gmail.com,737599326,Radom,86-782,2026-06-19,Organic,False,1984-08-13
1492,Kacper,Siewiera,kacper.siewiera@gmail.com,,Łódź,91-529,2025-02-01,Newsletter,False,2001-04-27
1493,Aurelia,Czubaj,aurelia.czubaj@gmail.com,037 543 548,Piła,28-677,2026-04-15,Google Ads,False,2006-08-03
1494,Roksana,Kryszkiewicz,roksana.kryszkiewicz@o2.pl,402 910 559,Piła,82-546,2026-04-19,Organic,True,1998-06-21
1495,Justyna,Matwiejczyk,justyna.matwiejczyk@wp.pl,+48 464 063 156,Toruń,94-642,2026-02-17,Influencer,True,1958-10-08
1496,Ksawery,Kukuczka,KSAWERY.KUKUCZKA@O2.PL,+48 307 885 909,Gorzów Wielkopolski,60-152,2024-12-28,Meta Ads,False,1968-05-02
1497,Radosław,Broniek,radosław.broniek@onet.pl,+48 947 651 266,Szczecin,56-421,2026-03-07,Meta Ads,True,1972-06-25
1498,Wiktor,Wojtaszak,wiktor.wojtaszak@wp.pl,058-829-950,Warszawa,27-867,2026-02-07,Meta Ads,False,1977-06-15
1499,Stefan,Zięciak,stefan.zięciak@wp.pl,+48 963 126 507,Poznań,21-263,2025-11-21,Newsletter,False,1991-12-31
1500,Marek,Kacperek,marek.kacperek@o2.pl,045 825 963,Olsztyn,31-117,2025-04-24,Organic,False,1963-07-18
1501,Antoni,Ambrożewicz,antoni.ambrożewicz@gmail.com,735627208,Warszawa,40-476,2025-02-13,Meta Ads,True,1981-04-27
1502,Justyna,Midura,justyna.midura@o2.pl,+48 284 547 066,Radom,00000,2024-11-01,Google Ads,False,1957-07-22
1503,Damian,Wakuła,damian.wakuła@gmail.com,344-316-468,Lublin,18-030,2025-09-11,Newsletter,False,1969-04-16
1504,Konstanty,Machul,konstanty.machul@gmail.com,411691946,Kraków,00000,2025-11-25,Meta Ads,True,1989-09-28
1505,Maciej,Piechna,maciej.piechna@gmail.com,+48 245 221 257,Leszno,63-802,2025-04-29,Meta Ads,False,1956-08-25
1506,Karol,Górkiewicz,karol.górkiewicz@onet.pl,+48 890 332 553,Piła,78-306,2025-07-10,Referral,False,2001-07-22
1507,Kalina,Kubieniec,kalina.kubieniec@gmail.com,,Białystok,47-688,2025-04-02,Organic,False,1990-06-10
1508,Tomasz,Marach,TOMASZ.MARACH@GMAIL.COM,853-337-008,Warszawa,93-863,2025-11-24,Organic,False,1963-01-17
1509,Kamil,Zasępa,kamil.zasępa@onet.pl,,Gorzów Wielkopolski,95-513,2026-05-07,Meta Ads,True,2005-01-15
1510,Angelika,Leszczak,angelika.leszczak@gmail.com,,Bydgoszcz,75-973,2024-12-09,Meta Ads,False,1996-09-04
1511,Anna Maria,Wiszowata,anna maria.wiszowata@gmail.com,199-923-536,Gdańsk,64-906,2025-05-22,Google Ads,True,1960-05-18
1512,Marcel,Pindral,marcel.pindral@gmail.com,+48 620 413 537,Poznań,41-338,2024-11-29,Organic,False,1999-09-17
1513,Tobiasz,Ludwisiak,tobiasz.ludwisiak@wp.pl,,Poznań,96-762,2025-11-13,Google Ads,False,1968-02-06
1514,Kaja,Lisak,kaja.lisak@o2.pl,194-262-271,Warszawa,19-110,2026-01-14,Organic,False,1964-11-16
1515,Jacek,Kluj,jacekkluj@onet.pl,916 779 477,Wrocław,53-261,2026-06-19,Meta Ads,False,2001-04-30
1516,Adam,Glenc,adam.glenc@o2.pl,429 615 061,Olszty,69-384,2025-02-17,Google Ads,False,1992-09-03
1517,Kamil,Januchta,kamiljanuchta@interia.pl,250-645-078,Olsztyn,70-434,2026-07-12,Google Ads,False,1980-10-05
1518,Witold,Grunt,witold.grunt@o2.pl,292740746,Warszawa,19-372,2024-10-11,Newsletter,False,1980-10-12
1519,Leonard,Urynowicz,leonard.urynowicz@gmail.com,,Łódź,40-022,2025-11-03,Meta Ads,False,1989-10-20
1520,Filip,Stempel,filip.stempel@gmail.com,027952490,Opole,00000,2024-10-12,Newsletter,False,1997-12-09
1521,Mikołaj,Jakóbik,mikołaj.jakóbik@gmail.com,,Opole,86-246,2026-05-20,Organic,True,1969-01-01
1522,Ernest,Strycharz,ernest.strycharz@gmail.com,+48 782 654 376,Zielona Góra,82-982,2025-09-19,Meta Ads,False,1992-09-23
1523,Marcel,Droździel,marcel.droździel@gmail.com,+48 656 994 755,Wrocław,31-879,2025-12-01,Meta Ads,False,1979-01-16
1524,Mateusz,Gros,mateusz.gros@gmail.com,342 857 406,Gdańsk,33-309,2026-04-21,Organic,False,1960-05-18
1525,Marek,Macioł,marek.macioł@gmail.com,248864043,Łódź,27-881,2024-11-26,Meta Ads,False,2002-10-12
1526,Monika,Fitas,monika.fitas@wp.pl,658867800,Kraków,41-901,2024-10-08,Organic,False,1998-08-24
1527,Kalina,Graboń,kalina.graboń@o2.pl,609 883 515,Warszawa,05-281,2026-05-16,Google Ads,False,2001-07-08
1528,Marika,Żółtek,marika.żółtek@interia.pl,+48 563 073 672,Szczecin,95-423,2025-03-15,Google Ads,False,2004-09-13
1529,Józef,Leżoń,józef.leżoń@onet.pl,+48 262 717 329,Kraków,55-898,2024-11-07,Organic,True,2004-04-12
1530,Oskar,Pal,oskar.pal@onet.pl,468496436,Katowice,21-716,2025-07-18,Meta Ads,False,1969-06-05
1531,Wiktor,Szalast,wiktor.szalast@gmail.com,+48 054 945 283,Zielona Góra,54-617,2025-11-14,Google Ads,False,1994-03-31
1532,Krystyna,Piechura,krystyna.piechura@gmail.com,+48 702 200 933,Suwałki,42-465,2024-09-12,Google Ads,False,1992-06-10
1533,Mikołaj,Toma,mikołaj.toma@gmail.com,754 900 056,Bydgoszcz,83-189,2025-02-26,Google Ads,False,1988-12-29
1534,Łukasz,Hojka,łukasz.hojka@interia.pl,768 889 388,Gdynia,52-205,2024-09-11,Meta Ads,False,1988-11-23
1535,Jędrzej,Buszko,jędrzej.buszko@gmail.com,568129833,Wrocła,11-114,2025-06-02,Google Ads,False,1963-12-17
1536,Eliza,Feliniak,ELIZA.FELINIAK@O2.PL,,Bydgoszcz,99-851,2026-05-10,Google Ads,False,1990-01-01
1537,Adrian,Kopiczko,adrian.kopiczko@o2.pl,688-185-064,Białysto,77-703,2026-08-06,Organic,False,1977-05-05
1538,Alex,Dulas,alex.dulas@gmail.com,,Piła,62-895,2025-11-02,Organic,False,1994-07-24
1539,Robert,Gierek,robert.gierek@gmail.com,,Warszawa,88-608,2024-12-15,Referral,False,1999-06-01
1540,Ryszard,Augustynek,RYSZARD.AUGUSTYNEK@GMAIL.COM,974968812,Warszawa,11-425,2026-05-19,Google Ads,False,1975-01-29
1541,Kamila,Westfal,kamila.westfal@o2.pl,194290288,Kraków,49-968,2025-09-03,Influencer,True,1999-11-01
1542,Anita,Dzierwa,anitadzierwa@gmail.com,372 276 536,Gdynia,03-971,2024-11-16,Organic,False,1956-10-23
1543,Dagmara,Dziewior,dagmara.dziewior@onet.pl,+48 917 506 846,Warszawa,79-642,2026-06-29,Google Ads,False,1967-09-19
1544,Dawid,Gryska,dawid.gryska@gmail.com,,Warszawa,26-269,2026-02-11,Referral,False,1992-10-05
1545,Alan,Zieja,alan.zieja@wp.pl,064757719,Gdańsk,52-633,2026-01-12,Meta Ads,False,1978-04-30
1546,Robert,Litwiniuk,robert.litwiniuk@gmail.com,547-666-429,Leszno,12-982,2025-12-28,Organic,False,1975-02-04
1547,Nicole,Sondej, nicole.sondej@gmail.com ,,Kraków,02-736,2024-12-10,Influencer,True,1983-06-19
1548,Agnieszka,Fularczyk,agnieszka.fularczyk@gmail.com,331-251-261,Piła,87-507,2024-12-13,Newsletter,True,1961-11-16
1549,Gabriel,Ciuła,gabriel.ciuła@onet.pl,167339194,Warszawa,35-295,2025-12-16,Meta Ads,True,1995-02-27
1550,Fryderyk,Włodarz,fryderyk.włodarz@gmail.com,+48 922 217 574,Poznań,56-877,2024-12-18,Meta Ads,False,1966-07-18
1551,Przemysław,Rozynek,PRZEMYSŁAW.ROZYNEK@GMAIL.COM,677 087 180,Łódź,37-745,2025-06-24,Google Ads,False,1991-06-27
1552,Sandra,Trzmiel,sandra.trzmiel@wp.pl,478168973,Kraków,53-812,2026-03-27,Influencer,True,1963-05-01
1553,Aleks,Owczarczak,aleks.owczarczak@interia.pl,044803864,Kraków,31-633,2026-03-10,Referral,True,1979-07-01
1554,Witold,Milcarz,witold.milcarz@wp.pl,,Wrocław,935557,2025-07-03,Meta Ads,False,1989-11-24
1555,Karol,Rozmiarek,karol.rozmiarek@interia.pl,683-631-673,Gorzów Wielkopolski,61-137,2026-03-11,Google Ads,True,2001-10-13
1556,Ewa,Jaje,ewajaje@gmail.com,778671571,Kraków,28-731,2026-04-29,Google Ads,True,1975-12-03
1557,Kaja,Lipok,kaja.lipok@wp.pl,+48 620 965 511,Częstochowa,77-263,2025-11-24,Google Ads,True,1959-06-20
1558,Dagmara,Rycerz,dagmara.rycerz@gmail.com,+48 477 266 356,Elbląg,07-341,2025-01-02,Influencer,False,2004-12-10
1559,Natasza,Świstek,NATASZA.ŚWISTEK@GMAIL.COM,+48 566 869 875,Kielce,78-962,2025-02-03,Meta Ads,False,1991-02-23
1560,Aleksander,Kusa,aleksander.kusa@o2.pl,242-955-355,Wrocław,33-517,2025-03-26,Organic,True,1988-06-08
1561,Emil,Janasz,emil.janasz@gmail.com,744487297,Warszawa,86-380,2024-11-26,Google Ads,True,1962-08-09
1562,Melania,Saternus,melania.saternus@onet.pl,,Wrocław,75-184,2025-02-24,Organic,True,1969-05-22
1563,Nela,Sobków,nela.sobków@o2.pl,,Kraków,44-899,2024-12-17,Meta Ads,False,1980-05-27
1564,Dawid,Sularz,dawid.sularz@gmail.com,185585614,Warszawa,91-544,2025-07-12,Meta Ads,False,1978-07-17
1565,Robert,Forysiak,robert.forysiak@gmail.com,,Kraków,41-046,2026-06-21,Meta Ads,True,2007-06-17
1566,Sonia,Misiurek,SONIA.MISIUREK@O2.PL,005-880-508,Szczecin,36-766,2024-11-28,Influencer,True,1974-09-15
1567,Kornelia,Małyszek,kornelia.małyszek@gmail.com,816 207 907,Lublin,34-628,2025-12-12,Meta Ads,True,1999-07-26
1568,Błażej,Kacperczyk,błażejkacperczyk@gmail.com,430-382-940,Kraków,41-447,2025-12-31,Google Ads,True,2002-11-28
1569,Jędrzej,Cuch,jędrzej.cuch@o2.pl,408 597 203,Łódź,63-783,2024-11-14,Google Ads,False,2005-12-13
1570,Dagmara,Oziębło, dagmara.oziębło@wp.pl ,993221357,Łódź,85-652,2026-06-13,Meta Ads,False,1997-11-25
1571,Mikołaj,Walus, mikołaj.walus@gmail.com ,213-080-579,Zielona Góra,20-056,2025-10-23,Influencer,False,1967-10-11
1572,Piotr,Gumienna,piotr.gumienna@gmail.com,101651109,Wrocław,34-168,2025-04-20,Meta Ads,False,1993-01-04
1573,Justyna,Fulara,justyna.fulara@o2.pl,343-979-394,Warszawa,64-042,2026-02-04,Google Ads,False,1978-12-30
1574,Melania,Hewelt,melania.hewelt@gmail.com,+48 621 644 885,Piła,59-505,2025-02-05,Meta Ads,True,1961-07-22
1575,Tymon,Topa,tymon.topa@wp.pl,,lublin,45-096,2025-12-30,Google Ads,False,1966-05-24
1576,Ryszard,Jagieło,RYSZARD.JAGIEŁO@GMAIL.COM,+48 399 068 973,Poznań,22-768,2024-10-30,Meta Ads,True,1982-07-23
1577,Jeremi,Tórz,jeremi.tórz@onet.pl,409-659-205,Toruń,85-600,2026-04-15,Meta Ads,True,1966-11-07
1578,Jan,Hankiewicz,JAN.HANKIEWICZ@GMAIL.COM,701139602,Kraków,99-585,2025-07-06,Organic,True,1965-03-01
1579,Igor,Wojak,igor.wojak@gmail.com,360296355,Katowice,99-511,2025-11-07,Referral,False,1991-06-22
1580,Kornel,Para,kornel.para@o2.pl,798 584 639,Lublin,37-698,2024-12-31,Google Ads,False,2007-08-10
1581,Marcel,Nieszporek,marcel.nieszporek@onet.pl,425318590,Wrocław,48-605,2025-12-31,Google Ads,True,2004-11-03
1582,Dominik,Grotek,dominik.grotek@wp.pl,885140567,Katowice,42-158,2026-02-28,Meta Ads,False,1957-02-14
1583,Róża,Bela,RÓŻA.BELA@GMAIL.COM,854817187,Poznań,91-676,2025-07-28,Meta Ads,False,1981-01-10
1584,Cezary,Ziajka,cezary.ziajka@gmail.com,+48 487 582 921,Warszawa,85-006,2025-11-13,Newsletter,True,1973-01-20
1585,Aleksander,Bacia,aleksander.bacia@gmail.com,738-850-349,Elbląg,80-974,2025-07-01,Google Ads,False,1979-08-11
1586,Nicole,Babiuch,nicole.babiuch@gmail.com,+48 426 279 384,Warszawa,28-884,2026-05-15,Newsletter,True,1958-03-05
1587,Ryszard,Wężyk,ryszard.wężyk@gmail.com,729940660,Gdańsk,08-762,2025-08-11,Influencer,False,1959-05-06
1588,Fryderyk,Samol,FRYDERYK.SAMOL@GMAIL.COM,,Warszawa,52-262,2026-04-24,Newsletter,True,1965-01-11
1589,Blanka,Strzyż,blanka.strzyż@wp.pl,284226450,Warszawa,03-873,2026-03-10,Meta Ads,True,1966-08-18
1590,Tobiasz,Bidas,tobiasz.bidas@wp.pl,711-194-914,Leszno,52-292,2025-06-26,Referral,True,1989-11-23
1591,Marcin,Przewoźny,marcin.przewoźny@gmail.com,339-849-167,Gdańsk,39-503,2025-01-08,Organic,False,1998-01-20
1592,Fabian,Woszczak,fabian.woszczak@gmail.com,+48 825 026 478,Warszawa,78-135,2025-05-17,Organic,False,1974-08-16
1593,Patryk,Olbrych,patryk.olbrych@gmail.com,676298151,Leszno,48-525,2026-04-13,Meta Ads,False,1966-03-10
1594,Adrianna,Kozieja,adrianna.kozieja@wp.pl,805 651 975,Szczecin,50-488,2025-01-10,Google Ads,True,1969-10-28
1595,Kaja,Woszczyna,kaja.woszczyna@gmail.com,+48 725 644 214,Łódź,97-433,2025-09-29,Meta Ads,False,1998-07-31
1596,Daniel,Ślimak,daniel.ślimak@o2.pl,,Olsztyn,81-437,2026-03-07,Google Ads,False,1960-07-09
1597,Ida,Larysz,ida.larysz@gmail.com,394 541 450,Białystok,60-693,2025-04-09,Organic,False,1967-06-24
1598,Marcin,Judek,marcin.judek@gmail.com,040 564 665,Warszawa,68-645,2025-11-25,Organic,False,1989-11-24
1599,Karol,Łuksza,karol.łuksza@wp.pl,,Kraków,60-448,2025-01-10,Organic,False,1959-10-16
1600,Malwina,Mendyka,malwina.mendyka@gmail.com,677-206-406,Leszno,00000,2024-11-23,Meta Ads,False,1991-11-12
1601,Radosław,Stempel,radosław.stempel@gmail.com,+48 981 924 245,Lublin,32-536,2026-03-18,Newsletter,False,1978-04-07
1602,Nicole,Witaszek,nicolewitaszek@onet.pl,149047663,Gdynia,71-079,2024-11-19,Organic,True,2004-03-19
1603,Ida,Froń,ida.froń@interia.pl,456-949-227,Gdańsk,66-436,2025-02-28,Organic,True,1977-06-26
1604,Marcelina,Zuziak,marcelina.zuziak@gmail.com,455 623 209,Łódź,93-583,2026-04-29,Organic,False,1998-09-04
1605,Maks,Gula,maks.gula@interia.pl,+48 012 038 401,Kraków,75-084,2025-04-11,Newsletter,False,1996-05-02
1606,Kacper,Brzykcy,kacper.brzykcy@gmail.com,944750858,Warszawa,95-678,2026-07-03,Newsletter,True,1980-02-16
1607,Grzegorz,Jakóbiak,grzegorz.jakóbiak@wp.pl,+48 331 571 849,Kielce,51-047,2026-08-06,Newsletter,False,1960-01-04
1608,Radosław,Górkiewicz,radosław.górkiewicz@gmail.com,067-519-093,Leszno,76-742,2025-02-17,Google Ads,True,1979-09-17
1609,Aniela,Elwart,ANIELA.ELWART@WP.PL,,Kraków,34-350,2024-10-01,Referral,True,2006-10-31
1610,Daniel,Hajdukiewicz,daniel.hajdukiewicz@gmail.com,960-394-481,Częstochowa,24-081,2025-12-15,Influencer,False,1995-03-10
1611,Robert,Misiurek,robert.misiurek@gmail.com,683644833,Konin,87-109,2025-07-25,Meta Ads,False,1978-08-02
1612,Kacper,Masiak,kacper.masiak@gmail.com,166544757,Gdańsk,51-120,2024-11-17,Organic,True,1956-04-19
1613,Malwina,Tryka,malwina.tryka@gmail.com,+48 995 218 398,Warszawa,89-415,2025-12-06,Newsletter,False,2001-08-22
1614,Ada,Świerkosz,ada.świerkosz@gmail.com,+48 629 017 283,Toruń,80-833,2024-09-30,Meta Ads,False,2007-03-20
1615,Olgierd,Maciejewicz,olgierd.maciejewicz@gmail.com,+48 749 069 389,Poznań,87-987,2026-05-12,Meta Ads,False,1992-03-07
1616,Ewa,Ślipek,ewa.ślipek@gmail.com,499 686 677,Warszawa,39-090,2024-11-16,Meta Ads,False,1962-03-23
1617,Bartek,Chomiak,bartek.chomiak@gmail.com,498-063-695,Częstochowa,15-836,2024-11-30,Referral,False,1956-06-08
1618,Rafał,Palica,rafał.palica@o2.pl,923475865,Gdańsk,04-215,2024-12-14,Meta Ads,False,1981-02-03
1619,Tymon,Foremniak,tymon.foremniak@gmail.com,,Warszawa,31-447,2026-07-10,Meta Ads,False,2000-03-24
1620,Julita,Chomiak,julita.chomiak@wp.pl,628 149 498,Kraków,12-309,2025-12-13,Meta Ads,True,1996-05-23
1621,Tymon,Kubanek,tymon.kubanek@gmail.com,+48 035 566 063,Szczecin,315628,2026-03-21,Meta Ads,False,1961-10-07
1622,Marcin,Jamroz,marcin.jamroz@wp.pl,947788097,Bydgoszcz,90-456,2025-05-14,Referral,False,2006-09-06
1623,Natasza,Krzempek,nataszakrzempek@gmail.com,+48 737 101 743,Suwałki,58-600,2025-04-13,Google Ads,False,1968-06-15
1624,Gustaw,Trojanek,gustaw.trojanek@wp.pl,+48 329 225 311,wrocław,51-053,2025-01-18,Newsletter,True,1973-04-16
1625,Paweł,Mieloch,paweł.mieloch@onet.pl,+48 225 597 583,Warszawa,92-443,2025-08-12,Google Ads,False,2007-07-05
1626,Anastazja,Wojtarowicz,anastazja.wojtarowicz@gmail.com,120-913-981,rzeszów,75-611,2025-10-23,Meta Ads,False,1994-05-05
1627,Aleks,Janowiak,aleks.janowiak@wp.pl,861 499 588,Kraków,63-410,2025-11-27,Newsletter,False,1981-05-11
1628,Tola,Bystrek,tola.bystrek@gmail.com,,Kraków,79-958,2025-02-03,Meta Ads,True,1991-07-26
1629,Ada,Płócienniczak, ada.płócienniczak@gmail.com ,421-482-647,Elbląg,92-063,2026-07-05,Newsletter,False,1983-08-06
1630,Kaja,Wyskiel,kaja.wyskiel@interia.pl,941 260 685,Łódź,41-567,2024-12-20,Meta Ads,False,1958-12-17
1631,Urszula,Golonko,urszula.golonko@gmail.com,+48 382 169 485,Leszno,61-120,2026-07-16,Influencer,False,1981-10-26
1632,Mieszko,Borysiak,mieszko.borysiak@interia.pl,594307206,Warszawa,90-447,2024-09-01,Google Ads,False,1956-09-11
1633,Stefan,Łaskawiec,stefan.łaskawiec@gmail.com,,Elbląg,25-481,2025-08-26,Influencer,False,1973-10-26
1634,Jerzy,Jędraszczyk,jerzy.jędraszczyk@wp.pl,372 323 952,Częstochowa,29-602,2025-04-09,Influencer,True,2003-10-11
1635,Natan,Smela,natan.smela@gmail.com,259044086,Gdynia,92-673,2025-07-09,Newsletter,False,1980-06-04
1636,Gustaw,Maślankiewicz,gustaw.maślankiewicz@gmail.com,+48 130 337 797,Olsztyn,92-400,2025-10-10,Newsletter,False,2006-06-19
1637,Olgierd,Cop,olgierd.cop@gmail.com,688567206,Szczecin,61-819,2025-06-12,Referral,False,2007-01-21
1638,Miłosz,Dankiewicz,miłosz.dankiewicz@wp.pl,,Radom,27-290,2025-06-18,Newsletter,False,1992-03-15
1639,Dawid,Małż,dawid.małż@o2.pl,627-678-734,Gdańsk,62-133,2026-01-15,Meta Ads,False,1964-10-11
1640,Damian,Sajnóg,damian.sajnóg@wp.pl,645-805-860,Kraków,63-104,2025-12-05,Meta Ads,True,1997-08-26
1641,Anastazja,Kiepura,anastazja.kiepura@gmail.com,203-254-460,Gdynia,31-215,2026-04-29,Referral,True,1985-02-08
1642,Kacper,Pałyga,kacper.pałyga@wp.pl,496 700 013,Suwałki,34-366,2025-02-03,Referral,False,1991-06-22
1643,Tymoteusz,Towarek,tymoteusz.towarek@gmail.com,069-444-945,Olsztyn,65-033,2025-11-12,Meta Ads,False,1998-05-11
1644,Natan,Jambor,natan.jambor@wp.pl,971-603-651,Warszawa,15-633,2025-11-02,Meta Ads,False,1967-08-11
1645,Melania,Młynarz, melania.młynarz@gmail.com ,+48 729 502 560,Gorzów Wielkopolski,63-265,2025-05-10,Google Ads,False,2008-04-05
1646,Maks,Kulus,maks.kulus@gmail.com,,łódź,06-789,2025-08-26,Newsletter,True,2002-02-11
1647,Cezary,Ogłaza,cezary.ogłaza@gmail.com,+48 877 647 726,Piła,20-874,2025-03-12,Organic,False,1992-03-04
1648,Ida,Damian,IDA.DAMIAN@O2.PL,347679799,Toruń,86-107,2024-11-23,Newsletter,False,1993-01-13
1649,Monika,Fitrzyk,monika.fitrzyk@gmail.com,558-320-032,Olsztyn,504003,2024-12-25,Organic,False,2000-03-14
1650,Kamil,Łuc,kamil.łuc@wp.pl,742 792 104,Wrocław,79-625,2024-11-02,Meta Ads,False,1997-01-18
1651,Paweł,Startek,paweł.startek@wp.pl,999-685-977,Gdańsk,72-043,2025-12-27,Newsletter,False,1982-06-25
1652,Leon,Stiller,leon.stiller@wp.pl,461-753-723,Warszawa,16-892,2025-12-30,Organic,True,1966-06-25
1653,Olgierd,Szczerbiak,olgierd.szczerbiak@gmail.com,505 096 444,Warszawa,94-300,2026-07-11,Meta Ads,False,1993-02-16
1654,Dorota,Kobak,dorota.kobak@gmail.com,040346298,Opole,94-892,2026-01-12,Newsletter,False,1960-11-09
1655,Dariusz,Pacholak,dariusz.pacholak@wp.pl,+48 493 343 556,Gdynia,18-126,2024-10-27,Organic,False,2000-07-27
1656,Monika,Ciochoń,monika.ciochoń@o2.pl,+48 670 278 360,Szczzecin,99-788,2026-05-12,Newsletter,False,1955-12-11
1657,Lidia,Lica,lidia.lica@o2.pl,671039174,Warszawa,37-518,2026-04-20,Influencer,False,1964-09-02
1658,Cezary,Pazdan,cezary.pazdan@o2.pl,770176599,Suwałki,92-773,2025-07-25,Organic,True,1977-08-04
1659,Andrzej,Warych,andrzejwarych@gmail.com,095 305 228,Białystok,97-772,2025-11-17,Meta Ads,False,1983-09-01
1660,Olaf,Pazik,olaf.pazik@wp.pl,+48 792 192 741,Leszno,55-424,2026-08-06,Google Ads,False,2004-04-01
1661,Róża,Sorbian,róża.sorbian@gmail.com,323 469 181,Wrocław,67-814,2025-09-18,Google Ads,False,1991-10-02
1662,Antoni,Bartuś,antoni.bartuś@gmail.com,+48 928 151 789,Suwałki,19-789,2026-05-01,Meta Ads,False,1956-02-14
1663,Eliza,Osiadacz,eliza.osiadacz@wp.pl,294-781-465,Rzeszów,11-347,2024-11-19,Meta Ads,True,1972-04-12
1664,Leon,Witko,leon.witko@gmail.com,615-360-636,Gdańsk,08-403,2024-12-22,Google Ads,False,1995-11-01
1665,Krystian,Lizurej,krystian.lizurej@wp.pl,422-614-052,Warszawa,08-647,2025-06-21,Meta Ads,False,2007-07-16
1666,Angelika,Golan,angelika.golan@gmail.com,753-013-214,Gdańsk,54-412,2025-11-09,Meta Ads,True,2002-07-17
1667,Bianka,Czerniakiewicz,bianka.czerniakiewicz@o2.pl,278 568 685,Gdynia,39-739,2026-03-09,Google Ads,False,1994-12-16
1668,Mieszko,Lorenz,mieszko.lorenz@onet.pl,089693538,Warszawa,36-922,2026-08-06,Google Ads,True,1983-07-27
1669,Tymon,Gierat, tymon.gierat@gmail.com ,088571682,Białystok,52-457,2025-05-11,Organic,False,1989-09-20
1670,Inga,Zębik,inga.zębik@gmail.com,+48 438 659 592,Warszawa,80-668,2024-10-14,Meta Ads,False,1979-01-11
1671,Mieszko,Wielgo,mieszko.wielgo@gmail.com,615 506 031,Bydgoszcz,84-415,2026-03-17,Referral,False,1996-09-09
1672,Emil,Łyskawa,emil.łyskawa@onet.pl,071 408 075,Kraków,05-551,2025-11-23,Newsletter,False,1973-04-28
1673,Hubert,Mazek,hubert.mazek@gmail.com,+48 086 990 078,Zielona Góra,70-291,2024-12-06,Influencer,False,1966-12-03
1674,Apolonia,Zaborek,apolonia.zaborek@o2.pl,+48 583 182 588,Kraków,40-534,2025-08-11,Google Ads,False,1973-08-26
1675,Damian,Karpeta,damian.karpeta@o2.pl,+48 223 538 152,Warszawa,04-912,2026-01-27,Newsletter,True,1997-10-25
1676,Tola,Bekus,tola.bekus@gmail.com,942614256,częstochowa,31-853,2026-02-28,Newsletter,False,1996-08-16
1677,Kaja,Soroko,kaja.soroko@wp.pl,104756628,Gdynia,15-750,2025-08-20,Meta Ads,False,1958-10-09
1678,Mariusz,Kuliberda,mariusz.kuliberda@wp.pl,+48 372 285 119,Kraków,81-520,2025-03-01,Organic,False,1974-05-20
1679,Franciszek,Golisz,franciszek.golisz@gmail.com,380-922-763,Warszawa,84-964,2026-07-20,Meta Ads,False,1962-03-17
1680,Radosław,Kaczmarkiewicz,radosław.kaczmarkiewicz@o2.pl,287 036 173,Gdańs,95-006,2025-12-20,Newsletter,False,1979-08-12
1681,Marek,Nyc,marek.nyc@wp.pl,163-693-246,Wroocław,96-596,2025-06-16,Meta Ads,False,1985-07-28
1682,Ewelina,Usarek,ewelina.usarek@wp.pl,280624669,Elbląg,77-240,2025-02-02,Influencer,False,1974-03-01
1683,Ryszard,Pokusa,ryszard.pokusa@gmail.com,+48 665 881 610,Katowice,92-587,2026-01-07,Referral,False,1991-03-27
1684,Albert,Rosołek,albert.rosołek@interia.pl,+48 543 473 343,Lublin,95-254,2025-01-24,Google Ads,False,1961-03-04
1685,Eliza,Tolak,eliza.tolak@wp.pl,485-100-326,Wrocław,25-843,2024-12-15,Newsletter,False,1996-11-09
1686,Agnieszka,Karalus,agnieszka.karalus@wp.pl,520 863 063,Warszawa,19-729,2025-09-30,Google Ads,False,1978-02-26
1687,Klara,Chachuła,klara.chachuła@wp.pl,154863515,Warszawa,12-064,2025-03-30,Newsletter,True,1978-02-11
1688,Adrian,Teodorowicz,adrian.teodorowicz@o2.pl,940 587 364,Warszawa,28-457,2025-11-18,Newsletter,False,1959-09-25
1689,Anna Maria,Kościk,anna maria.kościk@wp.pl,+48 026 522 693,Częstochowa,76-573,2024-11-18,Organic,True,1983-02-06
1690,Ewa,Miąsik,ewa.miąsik@gmail.com,,Piła,34-599,2025-11-21,Google Ads,True,1982-01-12
1691,Kaja,Wawrzyńczyk,kaja.wawrzyńczyk@onet.pl,,Warszawa,89-954,2025-03-26,Organic,False,2005-10-30
1692,Urszula,Smolorz,urszula.smolorz@gmail.com,+48 945 380 152,Wrocław,21-148,2024-09-07,Meta Ads,False,1982-05-27
1693,Ada,Niedbał,ada.niedbał@onet.pl,312725113,Elbląg,59-133,2024-11-12,Google Ads,False,2006-11-26
1694,Ida,Ciuruś,ida.ciuruś@gmail.com,+48 847 392 182,Warszawa,68-121,2026-06-04,Organic,True,1992-05-27
1695,Agnieszka,Wojtczuk,agnieszka.wojtczuk@gmail.com,906 422 224,Warszawa,05-765,2026-05-24,Google Ads,False,1963-11-28
1696,Melania,Rudowicz,melania.rudowicz@gmail.com,041864830,Kraków,16-617,2025-01-24,Meta Ads,False,2000-10-08
1697,Kamil,Łapacz,kamil.łapacz@wp.pl,350 773 336,Warszawa,48-586,2026-02-11,Google Ads,False,1970-12-11
1698,Angelika,Faruga,angelika.faruga@gmail.com,,Kraków,16-381,2025-11-17,Newsletter,True,1971-10-04
1699,Mariusz,Kojder,mariusz.kojder@o2.pl,+48 503 599 239,Gdańsk,38-498,2026-07-18,Meta Ads,False,1957-01-28
1700,Julian,Garczarek,julian.garczarek@wp.pl,545 350 337,Kraków,76-432,2025-05-30,Organic,True,1958-03-04
1701,Norbert,Golonko,norbert.golonko@onet.pl,352-349-043,Rzeszów,37-221,2025-12-12,Google Ads,False,1965-04-19
1702,Marika,Borczyk,marika.borczyk@o2.pl,535-877-111,kielce,16-561,2024-10-08,Influencer,True,1974-01-27
1703,Aleksander,Grycz,aleksander.grycz@gmail.com,487-273-068,Warszawa,62-587,2025-05-02,Meta Ads,False,1972-01-04
1704,Aniela,Gładka,aniela.gładka@gmail.com,569 727 123,Warszawa,44-801,2026-07-05,Meta Ads,False,1975-08-05
1705,Adrian,Stupak,adrian.stupak@gmail.com,700 156 562,Warszawa,18-517,2025-10-27,Organic,False,1989-04-30
1706,Aniela,Małż,aniela.małż@gmail.com,+48 336 445 862,Łódź,58-153,2025-03-29,Referral,False,2001-07-06
1707,Arkadiusz,Strzyż,arkadiusz.strzyż@wp.pl,202 504 538,Radom,80-681,2024-11-07,Meta Ads,False,1988-08-24
1708,Tobiasz,Warchał,tobiasz.warchał@gmail.com,+48 449 745 286,Poznań,51-348,2025-12-07,Organic,False,1984-04-08
1709,Sara,Łupina,sara.łupina@onet.pl,121111525,Kraków,36-662,2025-11-11,Meta Ads,False,1960-04-14
1710,Leon,Misior,leon.misior@gmail.com,,łódź,04-586,2025-05-30,Meta Ads,True,1988-12-28
1711,Fabian,Zubowicz,fabian.zubowicz@gmail.com,+48 658 552 860,Kraków,83-127,2026-07-20,Influencer,True,1989-09-21
1712,Karol,Hennig,karol.hennig@wp.pl,138-792-746,Zielona Góra,80-555,2024-09-29,Newsletter,True,1986-03-03
1713,Mikołaj,Behrendt, mikołaj.behrendt@interia.pl ,,Łódź,67-194,2025-03-18,Google Ads,False,1995-05-18
1714,Nela,Kubieniec,nela.kubieniec@wp.pl,526 277 162,Warszawa,03-124,2026-06-13,Google Ads,True,1990-06-26
1715,Ewelina,Skotarczak,ewelina.skotarczak@interia.pl,849-901-863,Opole,03-282,2025-03-04,Referral,False,1997-04-17
1716,Andrzej,Dąbkiewicz,andrzej.dąbkiewicz@gmail.com,304-446-065,Gdańsk,91-860,2025-02-19,Google Ads,False,2002-08-23
1717,Sara,Goś,sara.goś@gmail.com,127 791 427,Warszawa,69-622,2025-09-03,Google Ads,False,1972-07-30
1718,Julianna,Hermanowicz,julianna.hermanowicz@gmail.com,892018270,Wrocław,63-883,2026-03-14,Organic,True,2005-02-02
1719,Cyprian,Pawliczak,cyprian.pawliczak@o2.pl,+48 290 913 772,Warszawa,24-425,2024-11-02,Google Ads,False,1956-11-13
1720,Liwia,Sularz,liwia.sularz@onet.pl,568097400,Olsztyn,49-264,2026-06-10,Google Ads,False,1960-06-02
1721,Oskar,Ćwirko,oskar.ćwirko@gmail.com,917476020,Warszawa,22-293,2026-03-02,Google Ads,True,1963-03-25
1722,Juliusz,Ulrych,juliuszulrych@onet.pl,,Kraków,12-158,2024-12-28,Google Ads,False,1971-11-09
1723,Kalina,Chwedczuk,KALINA.CHWEDCZUK@GMAIL.COM,235-433-049,Kraków,22-061,2025-12-09,Organic,True,1988-02-29
1724,Arkadiusz,Bączkiewicz,arkadiusz.bączkiewicz@gmail.com,179-460-751,Warszawa,04-731,2025-05-23,Google Ads,True,1958-09-11
1725,Tobiasz,Hajda,tobiasz.hajda@gmail.com,+48 620 189 026,Olsztyn,41-146,2025-05-07,Meta Ads,False,1977-06-22
1726,Kazimierz,Ryczko,kazimierz.ryczko@wp.pl,101759371,Warszawa,49-965,2026-03-26,Meta Ads,False,1999-06-20
1727,Ignacy,Wesoły,ignacy.wesoły@onet.pl,984009762,Gdynia,26-246,2026-07-04,Referral,False,1995-06-17
1728,Julianna,Gumieniak,juliannagumieniak@interia.pl,517 691 717,Wrocław,64-521,2024-11-29,Google Ads,False,1995-06-22
1729,Ernest,Kandziora,ernest.kandziora@onet.pl,+48 682 178 146,Poznań,35-063,2025-06-14,Newsletter,False,1972-06-19
1730,Bianka,Kubrak,bianka.kubrak@wp.pl,,Bydgoszcz,09-496,2025-08-16,Organic,False,1957-02-15
1731,Jerzy,Garbaciak,jerzy.garbaciak@o2.pl,045 820 623,Łódź,03-276,2025-05-12,Organic,False,1984-12-17
1732,Julianna,Rajch,julianna.rajch@wp.pl,407-604-918,Warszawa,13-253,2025-04-13,Newsletter,False,1996-01-13
1733,Hubert,Wlaźlak,hubert.wlaźlak@gmail.com,894109502,Lublin,73-417,2024-10-21,Influencer,False,1979-03-26
1734,Nela,Kopciuch,nela.kopciuch@gmail.com,+48 474 828 590,Opole,19-383,2025-12-16,Google Ads,True,1984-03-28
1735,Alan,Fronia, alan.fronia@gmail.com ,396024636,Poznań,32-551,2025-06-12,Google Ads,False,2006-01-31
1736,Dagmara,Żelazek,dagmara.żelazek@gmail.com,782433657,Poznań,06-002,2024-12-04,Referral,False,1998-08-31
1737,Aleks,Bisaga,aleks.bisaga@onet.pl,824201942,Warszawa,22-001,2026-03-14,Google Ads,False,1958-10-13
1738,Karina,Leszczuk,karina.leszczuk@onet.pl,283 871 839,Warszawa,77-257,2026-03-02,Influencer,False,2000-02-02
1739,Fryderyk,Wojtaszczyk,FRYDERYK.WOJTASZCZYK@GMAIL.COM,245-433-987,Lublin,81-218,2025-08-08,Meta Ads,False,1986-08-11
1740,Apolonia,Hornik,apolonia.hornik@gmail.com,,Gorzów Wielkopolski,06-166,2025-03-05,Meta Ads,False,1994-10-09
1741,Sylwia,Miśko,sylwia.miśko@gmail.com,+48 456 537 571,Łódź,39-092,2025-11-16,Google Ads,True,1976-07-18
1742,Marcel,Borzych,MARCEL.BORZYCH@O2.PL,+48 778 746 114,Wrocław,18-743,2025-03-11,Meta Ads,False,1985-02-01
1743,Konstanty,Majzner,konstanty.majzner@gmail.com,+48 847 597 535,Warszzawa,56-216,2025-01-20,Organic,False,1987-12-13
1744,Alex,Związek,alex.związek@onet.pl,389-515-547,Kraków,88-969,2026-01-23,Meta Ads,False,1973-10-03
1745,Robert,Żołądkiewicz,robert.żołądkiewicz@gmail.com,,Radom,91-464,2024-10-21,Meta Ads,True,1970-01-24
1746,Kazimierz,Larysz,KAZIMIERZ.LARYSZ@GMAIL.COM,,Katowice,27-471,2024-11-16,Google Ads,False,2006-06-04
1747,Kornel,Oleszko,kornel.oleszko@o2.pl,+48 388 565 137,Leszno,89-137,2024-09-19,Meta Ads,False,1989-11-09
1748,Jakub,Heleniak,jakub.heleniak@gmail.com,632 368 518,Poznań,61-005,2024-11-13,Newsletter,False,2003-05-17
1749,Tymoteusz,Trzyna,tymoteusz.trzyna@gmail.com,591779158,Leszno,72-917,2024-10-01,Organic,True,1992-07-05
1750,Marika,Irla,marika.irla@gmail.com,765 900 762,Radom,51-552,2026-08-06,Meta Ads,True,1959-11-23
1751,Igor,Głuszko,igor.głuszko@gmail.com,220-275-167,Suwałki,04-914,2025-03-15,Google Ads,True,1999-09-12
1752,Sara,Kretek,sara.kretek@gmail.com,807-054-830,Warszawa,16-362,2024-11-16,Newsletter,False,2007-02-11
1753,Albert,Broniarek,ALBERT.BRONIAREK@ONET.PL,+48 290 122 970,Szczecin,77-367,2025-01-11,Google Ads,False,1976-02-04
1754,Mateusz,Tomaszczyk,mateusz.tomaszczyk@o2.pl,+48 769 223 341,Warszawa,60-380,2026-06-16,Meta Ads,True,2005-03-20
1755,Sara,Sroga,sara.sroga@gmail.com,042 030 707,Szczecin,29-761,2025-09-26,Meta Ads,False,1956-08-22
1756,Konstanty,Kornek,konstanty.kornek@gmail.com,415 694 430,Leszno,91-367,2025-05-25,Meta Ads,False,1965-09-29
1757,Emil,Pietrewicz,emil.pietrewicz@gmail.com,016 187 643,Warszawa,92-227,2026-05-12,Google Ads,True,1968-01-04
1758,Anastazja,Sip,anastazja.sip@interia.pl,223-659-563,Gdańsk,05-288,2025-05-10,Newsletter,False,1981-09-18
1759,Nikodem,Pych, nikodem.pych@onet.pl ,,Kraków,26-841,2025-04-21,Organic,False,1989-06-07
1760,Kamil,Dietrich,kamil.dietrich@o2.pl,225 918 483,Elbląg,36-583,2024-12-25,Meta Ads,True,1982-02-10
1761,Alan,Zaborek,alan.zaborek@wp.pl,823-288-069,Warszawa,25-676,2025-05-01,Google Ads,False,1994-10-02
1762,Sylwia,Nikel,sylwia.nikel@wp.pl,675 654 182,Konin,09-603,2025-03-26,Organic,True,1962-05-23
1763,Wiktor,Jonczyk,wiktor.jonczyk@wp.pl,+48 753 484 043,Gdańsk,34-956,2025-12-17,Influencer,False,1985-10-19
1764,Olaf,Tyma, olaf.tyma@gmail.com ,+48 061 487 436,Warszawa,67-747,2025-03-24,Organic,False,1997-01-20
1765,Eryk,Dytrych,eryk.dytrych@wp.pl,+48 901 356 124,Częstochowa,87-024,2025-10-15,Meta Ads,False,2008-03-03
1766,Ewelina,Pasich,ewelina.pasich@gmail.com,541431995,Radom,207231,2024-10-10,Organic,False,1985-04-13
1767,Agnieszka,Borczyk,agnieszka.borczyk@gmail.com,+48 989 583 479,Warszawa,55-657,2024-12-16,Newsletter,False,1991-04-09
1768,Mikołaj,Choina,mikołaj.choina@o2.pl,273-835-181,Konin,42-443,2025-06-12,Meta Ads,True,2000-05-06
1769,Kalina,Buszka,kalina.buszka@onet.pl,+48 324 380 563,Kraków,16-697,2026-06-23,Organic,True,1983-01-24
1770,Anastazja,Paprotny,anastazja.paprotny@wp.pl,+48 510 293 388,Gdynia,67-778,2025-05-17,Influencer,False,1957-11-24
1771,Artur,Kałek,artur.kałek@wp.pl,689 335 804,Łódź,36-941,2025-12-28,Organic,False,1977-11-09
1772,Adrianna,Klatka,adrianna.klatka@gmail.com,701 926 870,Białystok,01-402,2025-02-07,Newsletter,False,1965-11-28
1773,Maksymilian,Boguś, maksymilian.boguś@gmail.com ,805 248 092,Olsztyn,74-828,2024-11-07,Newsletter,False,1956-12-09
1774,Artur,Tuzimek,artur.tuzimek@gmail.com,796332905,Radom,55-981,2024-10-17,Meta Ads,False,1959-07-17
1775,Witold,Kubisz,witold.kubisz@gmail.com,096-685-072,Warszawa,22-338,2025-03-01,Google Ads,False,1972-01-25
1776,Patryk,Faryna,patryk.faryna@gmail.com,+48 192 366 657,Kraków,62-443,2024-11-20,Google Ads,False,1998-06-04
1777,Tola,Skomra,tolaskomra@o2.pl,244 950 835,Rzeszów,080807,2024-12-11,Newsletter,True,1973-04-24
1778,Iwo,Kalarus,iwo.kalarus@gmail.com,,Katowice,14-485,2026-02-07,Google Ads,True,1968-03-24
1779,Cyprian,Ogrodowicz,cyprian.ogrodowicz@gmail.com,797969586,Olsztyn,07-842,2024-09-20,Organic,True,1973-04-10
1780,Marek,Kupidura,marek.kupidura@gmail.com,+48 390 471 288,Białystok,77-635,2025-10-26,Google Ads,True,1978-11-02
1781,Patryk,Mętel,patryk.mętel@wp.pl,005-703-746,Opole,58-593,2025-05-30,Google Ads,False,1962-03-18
1782,Stanisław,Kuciel,stanisław.kuciel@wp.pl,125-076-593,Gdańs,49-321,2025-09-20,Influencer,False,2002-10-09
1783,Wiktor,Bruś,wiktor.bruś@gmail.com,200974633,Szczeci,17-064,2025-10-31,Organic,True,2004-04-23
1784,Sara,Bakun,sara.bakun@gmail.com,369000177,Kraków,00000,2025-03-09,Organic,False,1988-10-13
1785,Wiktor,Dziedzina,wiktor.dziedzina@onet.pl,776 651 856,Wrocław,87-058,2025-03-23,Organic,False,1985-03-27
1786,Gustaw,Pazoła,gustaw.pazoła@gmail.com,119779509,Poznań,49-412,2026-01-04,Google Ads,True,1960-09-03
1787,Klara,Starzak,klara.starzak@gmail.com,183 917 043,Łódź,77-807,2026-05-03,Meta Ads,True,1990-07-24
1788,Mateusz,Fal,mateusz.fal@onet.pl,+48 980 012 904,Białystok,50-476,2024-12-13,Newsletter,False,1997-09-27
1789,Oskar,Boba,oskar.boba@gmail.com,793323318,Łódź,84-961,2024-11-20,Newsletter,True,1991-05-31
1790,Szymon,Karnas,szymon.karnas@wp.pl,563607991,Kraków,67-337,2026-05-05,Google Ads,False,1986-10-01
1791,Dominik,Jędrusiak,dominik.jędrusiak@gmail.com,+48 449 109 599,Zielona Góra,02-610,2025-04-24,Referral,False,1993-05-26
1792,Tola,Graboń,tola.graboń@gmail.com,577 142 314,Gdańsk,25-927,2025-10-25,Organic,False,1985-12-22
1793,Apolonia,Cybul,apolonia.cybul@onet.pl,601 099 376,Zielona Góra,46-432,2025-04-10,Newsletter,False,1981-02-09
1794,Sara,Lisik,sara.lisik@wp.pl,229813001,Zielona Góra,00000,2024-11-03,Google Ads,False,1997-11-02
1795,Stanisław,Szymańczyk,stanisław.szymańczyk@gmail.com,+48 658 083 911,Poznań,475394,2025-11-19,Referral,False,1978-09-11
1796,Maurycy,Witoń,maurycy.witoń@onet.pl,+48 563 038 676,Toruń,75-907,2025-09-23,Google Ads,True,1984-04-11
1797,Tymon,Chaber,tymon.chaber@gmail.com,,Białystok,61-317,2024-12-26,Organic,False,1987-07-28
1798,Aleks,Bany,aleks.bany@onet.pl,,Warszawa,02-531,2025-07-31,Meta Ads,False,1986-09-04
1799,Tymon,Żbik,tymon.żbik@onet.pl,469-444-198,Lublin,31-520,2026-03-04,Google Ads,False,1999-01-05
1800,Melania,Sarota,melania.sarota@gmail.com,116 950 414,Kielce,07-433,2025-11-26,Organic,False,1973-10-25
1801,Ksawery,Działa,ksawery.działa@onet.pl,+48 202 648 506,Wrocław,26-805,2024-11-27,Organic,False,1959-03-22
1802,Rafał,Grund,rafał.grund@gmail.com,+48 787 613 262,Olsztyn,61-712,2025-10-10,Organic,False,1992-04-06
1803,Roksana,Kryk,roksana.kryk@gmail.com,457-762-424,Kielce,89-340,2025-12-29,Meta Ads,False,2000-10-02
1804,Sylwia,Gajowiak,sylwia.gajowiak@o2.pl,585-348-123,Łódź,79-307,2026-03-15,Newsletter,False,1977-10-14
1805,Miłosz,Wyrobek,miłosz.wyrobek@o2.pl,868639004,Kielce,59-898,2025-11-05,Organic,True,1997-06-03
1806,Maciej,Drobniak,maciej.drobniak@o2.pl,553-623-366,Gdańsk,29-943,2024-11-16,Google Ads,False,1955-10-16
1807,Artur,Kurz,artur.kurz@wp.pl,497 723 511,Gdańsk,30-478,2025-12-01,Google Ads,False,1988-08-30
1808,Tadeusz,Mikiciuk,TADEUSZ.MIKICIUK@GMAIL.COM,+48 798 124 049,Katowice,997379,2025-12-07,Meta Ads,True,2006-01-31
1809,Kornel,Zawartka,kornel.zawartka@gmail.com,917-995-232,Warszawwa,95-385,2024-09-04,Referral,True,1966-06-23
1810,Daniel,Sobolak,daniel.sobolak@onet.pl,+48 340 071 903,Warszawa,01-372,2025-06-16,Newsletter,False,1956-02-13
1811,Maurycy,Glapiak, maurycy.glapiak@gmail.com ,027210892,Katowice,72-118,2025-04-06,Meta Ads,False,1963-02-21
1812,Monika,Wrześniak,monika.wrześniak@o2.pl,+48 351 491 704,Łódź,81-600,2025-12-16,Influencer,False,2003-12-21
1813,Olgierd,Szymonik,olgierd.szymonik@gmail.com,510 261 912,Toruń,04-204,2024-12-05,Meta Ads,False,1966-01-29
1814,Tymoteusz,Simon,tymoteusz.simon@gmail.com,832126320,Poznań,34-737,2025-11-14,Meta Ads,False,1964-10-30
1815,Bianka,Mrozowicz,bianka.mrozowicz@gmail.com,515418237,Gdańsk,23-201,2026-06-03,Meta Ads,True,1956-09-25
1816,Błażej,Smętek,błażej.smętek@gmail.com,+48 920 772 481,Kielce,03-852,2026-03-11,Meta Ads,True,1991-07-02
1817,Fryderyk,Rompa,fryderyk.rompa@interia.pl,989-267-980,Białystok,15-347,2026-06-19,Meta Ads,False,2005-03-18
1818,Norbert,Sterna,norbert.sterna@interia.pl,864 018 513,Poznań,31-379,2026-08-06,Organic,True,1998-07-01
1819,Alan,Bylina,alan.bylina@gmail.com,,Radom,80-903,2024-09-22,Organic,True,1978-08-01
1820,Wiktor,Szynkiewicz,wiktor.szynkiewicz@gmail.com,,Konin,19-904,2025-11-27,Meta Ads,False,2004-07-29
1821,Rafał,Zimoląg,rafał.zimoląg@gmail.com,858-446-094,Łódź,69-388,2025-06-01,Meta Ads,True,1992-05-24
1822,Alex,Pierzak,alex.pierzak@wp.pl,482-865-228,kraków,55-652,2026-04-26,Organic,False,1968-07-22
1823,Aleksander,Fuławka,aleksander.fuławka@wp.pl,+48 114 752 524,Kraków,79-602,2025-02-08,Referral,False,1965-08-13
1824,Julita,Pałgan,julita.pałgan@gmail.com,513619098,Łódź,20-336,2026-08-06,Meta Ads,False,1968-09-10
1825,Konstanty,Jeżyna,konstanty.jeżyna@o2.pl,057-262-749,Warszawa,17-872,2025-11-16,Google Ads,False,1982-07-14
1826,Janina,Gaś,janina.gaś@gmail.com,674118923,Warszawa,63-215,2026-03-07,Referral,False,1994-02-21
1827,Natasza,Siedlik,natasza.siedlik@wp.pl,738-974-519,Białystok,85-630,2024-11-19,Google Ads,False,1959-01-12
1828,Apolonia,Bąkiewicz,apolonia.bąkiewicz@onet.pl,315 339 065,Warszawa,97-904,2024-12-01,Organic,True,1989-10-13
1829,Apolonia,Pleśniak,apolonia.pleśniak@gmail.com,239-879-468,Katowice,64-532,2026-02-13,Organic,False,1980-03-14
1830,Kazimierz,Kamieniak,kazimierz.kamieniak@o2.pl,670 938 547,Katowice,48-539,2024-09-10,Organic,False,1992-05-28
1831,Anastazja,Kuk,anastazja.kuk@onet.pl,,Gdańsk,35-596,2026-03-25,Meta Ads,False,1976-11-04
1832,Janina,Foremniak,janina.foremniak@gmail.com,139175490,Wrocław,05-213,2024-09-07,Meta Ads,False,1967-03-25
1833,Ksawery,Terka,ksawery.terka@gmail.com,,Warszawa,31-406,2025-11-21,Google Ads,False,1967-03-07
1834,Kaja,Kobel,kaja.kobel@onet.pl,696-998-391,Leszno,49-586,2025-05-23,Google Ads,False,1963-12-05
1835,Mariusz,Kik,mariusz.kik@gmail.com,913 445 160,Łódź,71-087,2025-11-29,Influencer,True,1962-09-18
1836,Karol,Erdmann,karolerdmann@onet.pl,+48 315 560 569,Bydgoszcz,57-532,2025-12-10,Newsletter,False,1974-03-25
1837,Janina,Saternus,janina.saternus@gmail.com,,Warszawa,60-525,2025-04-11,Meta Ads,True,1988-07-07
1838,Marianna,Kosałka, marianna.kosałka@onet.pl ,830 420 693,Toruń,60-443,2024-11-15,Organic,False,1977-04-08
1839,Sonia,Zaucha,sonia.zaucha@gmail.com,,Radom,35-392,2024-10-04,Newsletter,False,1956-11-26
1840,Sara,Duszkiewicz,sara.duszkiewicz@wp.pl,365 642 886,Radom,34-661,2025-11-29,Meta Ads,False,1959-08-14
1841,Karol,Gumienny,karol.gumienny@gmail.com,842 289 228,Poznań,65-526,2025-09-10,Google Ads,False,1984-07-26
1842,Maksymilian,Martyn,MAKSYMILIAN.MARTYN@O2.PL,360 316 056,Częstochowa,36-949,2026-01-07,Meta Ads,False,1967-08-31
1843,Ignacy,Cabała,ignacy.cabała@o2.pl,+48 588 236 661,Kraków,47-040,2025-09-08,Organic,False,1984-07-14
1844,Józef,Pazera,józef.pazera@onet.pl,176244414,Bydgoszcz,87-338,2025-06-26,Google Ads,False,1968-11-05
1845,Jacek,Ciuła,jacek.ciuła@o2.pl,312 306 537,Łódź,91-619,2025-05-08,Meta Ads,False,2008-06-28
1846,Inga,Kasica,inga.kasica@onet.pl,624286908,Rzeszów,02-789,2024-09-12,Meta Ads,False,1971-06-20
1847,Mieszko,Pawlos,mieszko.pawlos@wp.pl,+48 195 940 071,Warszawa,52-969,2025-04-30,Meta Ads,True,1977-02-06
1848,Elżbieta,Ropiak,elżbieta.ropiak@wp.pl,729764840,Łódź,84-013,2026-08-06,Google Ads,False,1980-08-11
1849,Ida,Krenc,ida.krenc@o2.pl,729 430 174,warszawa,20-887,2026-05-19,Meta Ads,False,1976-08-30
1850,Olaf,Kuziora,olaf.kuziora@interia.pl,053 073 268,Warszawa,96-215,2025-04-12,Google Ads,False,1980-09-27
1851,Eliza,Miksza,eliza.miksza@wp.pl,+48 069 372 352,Łódź,71-776,2025-11-08,Referral,False,1980-06-09
1852,Marcelina,Ignatiuk,marcelina.ignatiuk@wp.pl,740922101,Opole,11-321,2026-04-26,Meta Ads,False,2000-06-03
1853,Marianna,Borejko,marianna.borejko@o2.pl,526 582 996,Łódź,90-428,2025-06-21,Meta Ads,False,1966-09-14
1854,Aniela,Piotrkowicz,aniela.piotrkowicz@gmail.com,945880818,Olsztyn,72-031,2024-09-19,Meta Ads,False,1975-06-15
1855,Aurelia,Czerniakiewicz,aurelia.czerniakiewicz@wp.pl,656 685 909,Warszawa,17-313,2024-10-29,Google Ads,False,2005-08-05
1856,Mateusz,Wietecha,mateusz.wietecha@wp.pl,187482336,Suwałki,85-855,2025-09-12,Google Ads,False,1974-05-23
1857,Artur,Kudela,artur.kudela@onet.pl,553301526,Toruń,55-703,2026-07-12,Newsletter,True,1995-06-27
1858,Julita,Wijata,julita.wijata@gmail.com,,Poznań,42-602,2025-12-16,Meta Ads,True,1956-10-28
1859,Filip,Gajzler,filip.gajzler@gmail.com,327 501 235,Leszno,20-976,2024-10-18,Google Ads,False,2008-04-16
1860,Nicole,Zontek, nicole.zontek@gmail.com ,,Kraków,78-936,2024-12-12,Meta Ads,False,1987-10-24
1861,Kamila,Czubaszek,kamila.czubaszek@wp.pl,961 743 617,Elbląg,161061,2026-02-25,Meta Ads,True,1976-04-19
1862,Ewelina,Bembenek,ewelina.bembenek@interia.pl,+48 584 981 446,Kraków,25-487,2026-04-30,Newsletter,False,1961-05-09
1863,Nicole,Dulas,NICOLE.DULAS@ONET.PL,448 619 440,Kraków,82-917,2025-11-29,Influencer,False,1971-09-28
1864,Alan,Piłka,alan.piłka@o2.pl,331-519-355,Kraków,87-567,2025-11-10,Organic,False,1965-01-03
1865,Marika,Hejduk,marika.hejduk@interia.pl,+48 779 919 973,Kraków,24-204,2024-09-14,Google Ads,False,1959-04-12
1866,Ernest,Kosno,ernest.kosno@gmail.com,014-383-574,Piła,27-239,2026-04-12,Organic,False,1971-01-09
1867,Anna Maria,Miśko,anna maria.miśko@o2.pl,350843660,Poznań,59-059,2026-03-13,Google Ads,False,1975-02-18
1868,Mateusz,Nazar,mateusz.nazar@o2.pl,,Elbląg,42-881,2025-02-06,Google Ads,True,2003-10-26
1869,Kamila,Szczerbiak,kamila.szczerbiak@interia.pl,+48 056 263 988,Kraków,15-133,2025-12-04,Google Ads,False,1984-01-11
1870,Malwina,Katana,malwina.katana@o2.pl,306-927-529,Wrocław,09-399,2024-12-28,Meta Ads,False,2006-03-20
1871,Gabriel,Zatoń,gabriel.zatoń@gmail.com,667-439-966,Piła,27-318,2024-10-16,Newsletter,False,1978-07-02
1872,Lidia,Szuta,lidia.szuta@gmail.com,+48 054 352 008,Warszawa,78-589,2024-12-01,Organic,False,2005-05-16
1873,Julianna,Naczk,julianna.naczk@gmail.com,763-864-620,Warszaw,65-734,2024-12-17,Meta Ads,True,1991-11-22
1874,Jacek,Danisz,jacek.danisz@gmail.com,+48 102 052 055,Leszno,01-147,2025-04-27,Organic,False,1979-03-21
1875,Blanka,Węgrzynek,blanka.węgrzynek@gmail.com,+48 338 654 879,Kraków,32-539,2025-06-13,Newsletter,False,1973-01-10
1876,Nicole,Doliwa,nicole.doliwa@gmail.com,517-815-753,Suwałki,63-472,2025-09-19,Google Ads,False,1980-02-13
1877,Maciej,Wojtarowicz,maciej.wojtarowicz@wp.pl,461-156-836,Kraków,12-295,2025-08-01,Organic,False,1989-11-06
1878,Agnieszka,Wysota,agnieszka.wysota@gmail.com,860-683-575,Gorzów Wielkkopolski,90-863,2025-02-23,Meta Ads,False,1993-04-24
1879,Radosław,Palak,radosław.palak@wp.pl,+48 423 862 625,Kraków,79-844,2024-09-28,Meta Ads,True,1998-07-11
1880,Tymoteusz,Gordon,tymoteusz.gordon@gmail.com,861276892,Leszno,32-184,2025-11-03,Newsletter,False,2003-04-18
1881,Kornelia,Wasilewicz,kornelia.wasilewicz@onet.pl,044627486,Warszawa,50-933,2025-05-06,Referral,True,1990-07-12
1882,Nicole,Armata,nicole.armata@gmail.com,+48 228 236 585,Piła,51-716,2025-03-16,Meta Ads,False,2005-09-19
1883,Tadeusz,Kaziród,tadeusz.kaziród@gmail.com,,Warszawa,21-281,2026-05-26,Referral,False,2002-05-16
1884,Julita,Siemion,julita.siemion@o2.pl,422-280-365,Łódź,86-939,2026-01-16,Meta Ads,True,1959-02-18
1885,Przemysław,Kołtuniak,przemysław.kołtuniak@wp.pl,110-886-944,Gdańsk,53-781,2026-04-03,Meta Ads,False,1984-11-23
1886,Leonard,Flaga,leonard.flaga@gmail.com,011-108-647,Toruń,97-108,2025-08-05,Organic,True,1982-04-30
1887,Arkadiusz,Wyroba,arkadiusz.wyroba@onet.pl,122 656 983,Łódź,58-169,2024-11-27,Organic,False,1968-12-28
1888,Dorota,Seta,dorota.seta@o2.pl,+48 957 434 180,Gdynia,60-028,2025-12-05,Influencer,True,1959-06-22
1889,Marcelina,Czubaszek,marcelina.czubaszek@gmail.com,023122484,Gdańsk,44-764,2024-12-06,Google Ads,True,1976-10-04
1890,Eryk,Pilich,eryk.pilich@interia.pl,338-868-294,Konin,05-011,2025-06-20,Meta Ads,True,1968-11-16
1891,Łukasz,Loska,łukasz.loska@onet.pl,356-449-797,Częstochowa,86-767,2024-10-09,Meta Ads,True,1980-03-14
1892,Marcelina,Gajdzik,marcelina.gajdzik@interia.pl,527141989,poznań,11-562,2026-04-20,Organic,False,1990-06-02
1893,Monika,Chwedoruk,monika.chwedoruk@gmail.com,415-956-992,Opole,61-841,2024-11-17,Google Ads,False,1970-05-22
1894,Miłosz,Forma,miłosz.forma@o2.pl,987-991-068,Kraków,03-622,2026-05-18,Organic,False,1960-12-02
1895,Gustaw,Lato,gustaw.lato@wp.pl,965 976 254,Piła,69-760,2026-04-01,Google Ads,True,1976-04-23
1896,Igor,Pastuła,igor.pastuła@o2.pl,831 315 405,Kraków,98-012,2025-07-27,Organic,False,1991-07-01
1897,Marcin,Sulich,marcin.sulich@gmail.com,,Łódź,46-183,2026-01-05,Google Ads,False,1967-01-29
1898,Filip,Troka,filip.troka@o2.pl,493425048,Warszawa,87-546,2025-11-16,Newsletter,False,1967-01-19
1899,Franciszek,Mateńko,franciszek.mateńko@wp.pl,031-986-412,Częstochowa,00000,2026-03-19,Newsletter,False,1983-04-23
1900,Paweł,Szwiec,paweł.szwiec@gmail.com,095451480,Gdańsk,89-316,2025-06-12,Google Ads,False,1979-02-16
1901,Jan,Wejman,jan.wejman@interia.pl,061 018 300,Warszawa,99-387,2026-03-18,Google Ads,False,1996-04-02
1902,Witold,Ludwiniak,witold.ludwiniak@gmail.com,465-846-775,Poznań,31-205,2025-07-08,Meta Ads,False,1960-06-09
1903,Sandra,Faryna,sandra.faryna@gmail.com,149418055,Warszawa,02-346,2026-06-25,Influencer,True,1999-01-31
1904,Wiktor,Warmuz,wiktor.warmuz@gmail.com,334 271 381,Kraków,13-817,2025-08-26,Google Ads,False,1999-11-15
1905,Leon,Gałach,leon.gałach@gmail.com,062-358-233,Leszno,22-046,2025-07-15,Meta Ads,False,1977-08-17
1906,Dominik,Dorynek,dominik.dorynek@wp.pl,714-634-652,Łódź,42-331,2026-03-06,Referral,True,1985-05-20
1907,Rafał,Siatka, rafał.siatka@onet.pl ,,Kraków,27-957,2026-03-10,Referral,False,1984-04-21
1908,Marianna,Pizoń,marianna.pizoń@wp.pl,103-828-610,Rzeszów,30-219,2025-10-01,Meta Ads,False,1961-03-16
1909,Kazimierz,Romaniak,kazimierz.romaniak@onet.pl,490-580-825,Leszno,02-412,2024-12-21,Meta Ads,False,1990-04-04
1910,Bartek,Bogdał,bartek.bogdał@gmail.com,745741796,Poznań,28-470,2025-07-07,Google Ads,False,1967-04-05
1911,Konstanty,Fijałek,konstanty.fijałek@gmail.com,+48 985 069 564,Opole,80-378,2026-07-08,Meta Ads,False,1957-12-03
1912,Przemysław,Podsiedlik,przemysław.podsiedlik@gmail.com,446 953 196,Warszawa,39-786,2026-02-26,Google Ads,False,1987-05-03
1913,Paweł,Kamieniak,paweł.kamieniak@o2.pl,541-418-776,Warszawa,69-811,2026-03-07,Google Ads,True,2008-02-04
1914,Nicole,Niemczuk,nicole.niemczuk@wp.pl,215-206-028,Lublin,33-983,2024-09-16,Meta Ads,False,1960-08-13
1915,Arkadiusz,Goworek,ARKADIUSZ.GOWOREK@GMAIL.COM,,Piła,90-398,2025-07-15,Meta Ads,False,1991-07-11
1916,Łukasz,Kloska,łukasz.kloska@interia.pl,045 440 472,Warszawa,23-651,2025-11-14,Organic,False,1995-12-20
1917,Alex,Kielczyk,alex.kielczyk@gmail.com,,Toruń,86-494,2026-04-05,Google Ads,False,1959-03-04
1918,Kacper,Jasionek,kacper.jasionek@gmail.com,,Elbląg,75-460,2024-10-05,Meta Ads,False,1975-11-11
1919,Jerzy,Pich,jerzy.pich@onet.pl,890071909,Kraków,76-722,2026-04-26,Meta Ads,False,2007-12-25
1920,Jerzy,Tylek,jerzy.tylek@gmail.com,+48 454 081 607,Warszawa,79-778,2025-10-05,Referral,True,2003-02-15
1921,Fabian,Gumieniak,fabian.gumieniak@wp.pl,999534108,Warszawa,95-439,2024-12-11,Meta Ads,False,1995-09-24
1922,Maksymilian,Jędruch,maksymilian.jędruch@gmail.com,279059137,radom,18-384,2025-03-12,Newsletter,False,1982-01-10
1923,Ksawery,Miodek,ksawery.miodek@gmail.com,127-423-266,Poznań,49-210,2025-03-04,Influencer,False,1989-08-16
1924,Marek,Wabik,marek.wabik@gmail.com,+48 666 015 487,Kraków,77-969,2025-09-06,Meta Ads,False,1979-02-11
1925,Kornel,Dąbrowicz,korneldąbrowicz@wp.pl,+48 082 405 334,Zielona Góra,36-326,2024-10-21,Meta Ads,False,1989-09-15
1926,Maciej,Horbacz,maciej.horbacz@wp.pl,609-074-929,Toruń,54-664,2024-11-11,Newsletter,False,1998-09-02
1927,Szymon,Guźniczak,szymon.guźniczak@onet.pl,471 694 324,Wrocław,94-340,2026-03-30,Organic,False,1973-10-04
1928,Gabriel,Ziemak,gabriel.ziemak@interia.pl,392-761-877,Kraków,07-929,2024-11-11,Newsletter,True,2004-03-26
1929,Witold,Hołysz,witold.hołysz@gmail.com,682 478 539,warszawa,88-713,2025-01-08,Google Ads,False,1993-09-23
1930,Fryderyk,Orszulik,fryderyk.orszulik@onet.pl,489-759-787,Poznań,42-188,2025-07-05,Influencer,True,1979-01-15
1931,Jan,Kijanka,jan.kijanka@onet.pl,843-703-490,łódź,63-072,2025-09-03,Google Ads,False,2006-02-20
1932,Mikołaj,Wasyluk,mikołaj.wasyluk@gmail.com,236103474,Suwałki,19-961,2026-02-07,Newsletter,False,1966-06-02
1933,Tomasz,Romaniak,tomaszromaniak@gmail.com,671830950,Opole,76-563,2025-07-10,Meta Ads,True,1999-08-26
1934,Gabriel,Księżak,gabriel.księżak@wp.pl,033 244 106,Warszawa,65-081,2026-03-06,Google Ads,False,1978-03-09
1935,Roksana,Szpara,roksana.szpara@onet.pl,027425884,Katowice,22-739,2025-11-06,Google Ads,False,1966-01-24
1936,Kaja,Ambrozik,kaja.ambrozik@gmail.com,923195295,wrocław,78-255,2024-11-24,Meta Ads,False,1971-08-29
1937,Aurelia,Borysiak,aurelia.borysiak@gmail.com,+48 324 272 815,Radom,82-207,2024-11-10,Google Ads,False,1970-01-01
1938,Karina,Kwinta,karina.kwinta@wp.pl,192327910,Kielce,47-408,2025-06-13,Meta Ads,True,1975-08-13
1939,Natasza,Krzyszczak,natasza.krzyszczak@wp.pl,+48 358 037 531,Olsztyn,55-518,2025-05-07,Meta Ads,False,1987-11-23
1940,Kornelia,Parkitna,kornelia.parkitna@onet.pl,867 958 164,Łód,20-840,2026-01-22,Referral,True,2006-02-22
1941,Karina,Danilczuk,karina.danilczuk@gmail.com,740 208 034,Kraków,98-391,2025-10-05,Google Ads,False,1978-03-31
1942,Karol,Gemza,karol.gemza@gmail.com,432 450 929,Olsztyn,39-610,2025-05-17,Influencer,False,1984-01-25
1943,Bianka,Hajdasz,bianka.hajdasz@gmail.com,871 474 671,Warszawa,23-264,2024-12-25,Meta Ads,True,1975-10-05
1944,Norbert,Fal,norbert.fal@o2.pl,+48 667 516 412,Radom,37-385,2025-01-19,Google Ads,False,1985-05-22
1945,Karina,Bereś,karina.bereś@gmail.com,566-959-755,Gdańsk,43-140,2025-10-27,Organic,True,1993-06-26
1946,Konrad,Pociask,konrad.pociask@interia.pl,365303800,Warszawa,25-005,2025-06-14,Meta Ads,True,1956-04-10
1947,Nela,Włodyka,nela.włodyka@gmail.com,816 430 604,Suwałki,93-384,2025-09-15,Meta Ads,False,1981-08-23
1948,Urszula,Janasz,urszula.janasz@wp.pl,+48 291 067 879,Wrocław,96-383,2024-12-21,Google Ads,False,1975-12-13
1949,Norbert,Zdancewicz,norbert.zdancewicz@gmail.com,278-278-713,Gdańsk,76-073,2025-12-13,Google Ads,False,1977-04-05
1950,Piotr,Kołton,piotr.kołton@gmail.com,349-403-635,Kielce,50-955,2026-04-02,Google Ads,False,1985-07-28
1951,Eryk,Fuławka,eryk.fuławka@gmail.com,239-486-212,Białystok,56-981,2025-02-10,Organic,False,1969-02-14
1952,Nataniel,Karmelita,nataniel.karmelita@wp.pl,085605165,Poznań,91-501,2025-08-19,Newsletter,False,1989-04-01
1953,Leonard,Pryk,leonard.pryk@gmail.com,528164603,Opole,08-667,2026-07-15,Referral,False,1976-01-07
1954,Kaja,Miętka, kaja.miętka@interia.pl ,448 711 501,Katowice,32-249,2025-04-26,Google Ads,False,1980-11-30
1955,Olgierd,Goworek,olgierd.goworek@interia.pl,+48 228 742 221,Poznań,91-693,2025-11-06,Google Ads,False,1957-02-03
1956,Tymon,Jakiel,tymon.jakiel@wp.pl,+48 051 486 335,Łódź,78-467,2024-11-11,Meta Ads,False,2005-08-23
1957,Tymon,Litwińczuk,tymon.litwińczuk@gmail.com,+48 792 231 204,Kraków,32-617,2025-11-15,Google Ads,False,1986-04-01
1958,Miłosz,Wika,miłosz.wika@interia.pl,321589296,Zielona Góra,15-790,2024-11-29,Google Ads,False,1960-06-26
1959,Ernest,Kaliciak,ernest.kaliciak@wp.pl,+48 200 363 563,ZZielona Góra,91-601,2026-07-23,Referral,True,2007-03-24
1960,Maksymilian,Pietraszkiewicz,maksymilian.pietraszkiewicz@gmail.com,031-765-696,Zielona Góra,25-898,2025-12-14,Google Ads,False,1978-01-04
1961,Marianna,Rzeszutko,marianna.rzeszutko@o2.pl,648379788,Warszawa,89-310,2026-03-08,Meta Ads,False,1982-02-17
1962,Ewelina,Machul,ewelina.machul@onet.pl,807952417,Radom,49-601,2025-12-02,Meta Ads,True,1971-12-02
1963,Klara,Dyrek,klara.dyrek@gmail.com,754694698,Wrocław,94-891,2025-11-14,Google Ads,False,1960-04-21
1964,Anita,Parzonka,anita.parzonka@onet.pl,525-576-459,Częstochowa,45-834,2025-07-24,Organic,False,1963-02-27
1965,Nikodem,Kozok,nikodem.kozok@wp.pl,+48 080 962 080,Gdańsk,51-716,2026-04-06,Meta Ads,False,1971-12-04
1966,Alan,Rozumek,alan.rozumek@gmail.com,+48 687 997 693,Katowice,63-002,2026-07-20,Organic,False,1960-09-23
1967,Urszula,Janoszek,URSZULA.JANOSZEK@GMAIL.COM,+48 802 031 021,Kraków,54-671,2025-08-04,Meta Ads,True,1970-11-16
1968,Kornelia,Forma,kornelia.forma@wp.pl,429 746 957,Kraków,23-384,2026-06-02,Google Ads,False,1965-06-22
1969,Łukasz,Kaczka,łukasz.kaczka@wp.pl,317-441-991,Kraków,63-187,2025-11-03,Google Ads,False,1982-03-27
1970,Kamil,Żelazo,kamil.żelazo@gmail.com,966386873,Warszawa,73-834,2025-09-02,Meta Ads,False,1966-11-11
1971,Ksawery,Żok,ksawery.żok@wp.pl,+48 901 160 428,Poznań,96-188,2025-07-07,Google Ads,False,1998-06-25
1972,Eryk,Radzio,erykradzio@gmail.com,854-810-486,Kraków,53-452,2024-12-21,Newsletter,True,1988-10-25
1973,Dominik,Borak,dominik.borak@gmail.com,+48 270 304 309,Warszawa,82-171,2024-09-09,Influencer,True,1959-10-29
1974,Karol,Malcherek,karol.malcherek@o2.pl,+48 969 363 424,Wrocław,16-284,2025-01-29,Influencer,False,1959-01-01
1975,Antoni,Maruszczyk,antoni.maruszczyk@wp.pl,843 746 910,Piła,31-490,2025-09-20,Meta Ads,False,1981-04-23
1976,Oskar,Sroga,oskar.sroga@gmail.com,+48 401 654 123,Opole,08-273,2025-05-31,Meta Ads,True,1995-06-11
1977,Jan,Wojtach,jan.wojtach@gmail.com,+48 609 949 835,Warszawa,75-809,2025-07-27,Google Ads,False,2007-12-10
1978,Patryk,Hajdukiewicz,patryk.hajdukiewicz@wp.pl,112 515 950,Konin,67-811,2026-08-06,Organic,False,1955-12-24
1979,Angelika,Koniec,angelika.koniec@gmail.com,330 174 291,Wrocław,35-955,2025-04-15,Google Ads,True,1981-05-08
1980,Natan,Damian,natan.damian@gmail.com,+48 763 758 396,Warszawa,55-345,2025-07-19,Meta Ads,False,1975-04-01
1981,Cyprian,Pułka,cyprian.pułka@gmail.com,240916540,Gdynia,31-964,2024-11-25,Influencer,False,1974-09-27
1982,Blanka,Bodzak,blanka.bodzak@gmail.com,558 666 772,Gdynia,79-059,2024-10-07,Organic,False,2007-04-15
1983,Kornel,Hutyra,kornel.hutyra@wp.pl,757159284,Gdynia,13-004,2026-02-06,Referral,True,1979-10-24
1984,Blanka,Wabik,blanka.wabik@gmail.com,676492615,Poznań,18-027,2025-10-30,Newsletter,False,1987-07-01
1985,Liwia,Aleksander,liwia.aleksander@gmail.com,+48 197 703 174,Konin,90-770,2026-02-02,Organic,False,1998-10-17
1986,Leonard,Terka,leonard.terka@onet.pl,544-774-506,Kielce,80-703,2024-11-30,Google Ads,False,1990-07-08
1987,Lidia,Syldatk,lidia.syldatk@wp.pl,+48 404 911 722,katowice,53-677,2025-10-04,Organic,False,1965-07-22
1988,Kazimierz,Ruszczak,kazimierz.ruszczak@gmail.com,701 349 914,Toruń,82-369,2025-02-25,Meta Ads,False,2001-11-20
1989,Arkadiusz,Gebauer,arkadiusz.gebauer@onet.pl,+48 562 266 580,Pił,57-240,2025-01-23,Organic,True,1987-10-03
1990,Blanka,Huczko,blanka.huczko@o2.pl,+48 690 205 427,Wrocław,79-814,2024-09-10,Google Ads,True,1959-11-28
1991,Marianna,Teodorowicz,marianna.teodorowicz@gmail.com,+48 747 564 114,Gdańsk,85-878,2024-11-11,Meta Ads,True,1992-09-01
1992,Oskar,Blank,oskar.blank@gmail.com,308 889 676,Warszaw,50-301,2025-03-29,Google Ads,True,1987-10-11
1993,Julian,Kominiak,julian.kominiak@gmail.com,,Gdańsk,67-898,2024-11-28,Referral,False,1985-11-27
1994,Dorota,Tworzydło,dorota.tworzydło@gmail.com,+48 835 881 123,Suwałki,17-510,2026-08-05,Meta Ads,False,1997-10-29
1995,Emil,Ogrodowicz,emil.ogrodowicz@o2.pl,185 304 519,Elbląg,87-562,2025-03-19,Google Ads,False,2007-12-02
1996,Roksana,Rozum, roksana.rozum@wp.pl ,430 882 960,Warszawa,58-978,2024-11-02,Influencer,False,1961-09-22
1997,Rozalia,Karłowicz,rozaliakarłowicz@gmail.com,+48 656 812 149,Zielona Góra,32-217,2024-12-31,Meta Ads,True,1964-08-17
1998,Dawid,Pindor,dawid.pindor@gmail.com,,Zielona Góra,56-733,2025-11-18,Google Ads,False,1957-02-21
1999,Arkadiusz,Fogel,arkadiusz.fogel@wp.pl,909-208-594,Suwałki,99-288,2024-10-06,Organic,False,1967-04-11
2000,Juliusz,Szara,juliusz.szara@onet.pl,+48 450 310 778,Warszawa,61-975,2026-04-10,Meta Ads,False,2003-03-01
2001,Marcel,Wojtach,MARCEL.WOJTACH@GMAIL.COM,,Warszawa,18-945,2026-07-01,Organic,False,1983-12-05
2002,Marika,Wiech,marika.wiech@gmail.com,482-859-593,Zielona Góra,89-341,2025-01-19,Newsletter,True,2001-10-22
2003,Aurelia,Peda,aurelia.peda@gmail.com,777-980-114,Kraków,77-067,2025-07-25,Google Ads,True,1989-09-22
2004,Albert,Leżoń,albert.leżoń@o2.pl,060446249,Leszno,96-754,2024-09-26,Meta Ads,True,1994-01-08
2005,Melania,Kalista,melania.kalista@gmail.com,+48 925 703 218,Elbląg,56-828,2025-11-12,Google Ads,False,1967-12-18
2006,Robert,Reich,robert.reich@gmail.com,799 003 569,Bydgoszcz,38-090,2025-06-27,Google Ads,False,1961-07-01
2007,Cyprian,Cyrulik,cyprian.cyrulik@gmail.com,697-941-694,Warszawa,76-960,2025-02-04,Google Ads,False,1965-07-26
2008,Oliwier,Burchard,oliwier.burchard@gmail.com,,Leszno,941345,2024-12-10,Google Ads,False,2000-10-27
2009,Fryderyk,Wiak,fryderyk.wiak@interia.pl,294-468-606,Łódź,95-002,2025-11-05,Meta Ads,False,1972-01-25
2010,Tola,Posmyk,tola.posmyk@gmail.com,395 365 338,Lublin,25-868,2025-06-18,Meta Ads,False,1976-03-02
2011,Kaja,Wochnik,kaja.wochnik@gmail.com,609-311-404,Kraków,99-374,2024-12-15,Organic,False,1997-11-12
2012,Hubert,Rosołek,hubert.rosołek@gmail.com,681-706-858,Toruń,85-617,2025-12-31,Organic,False,1986-11-27
2013,Dominik,Ciołczyk,dominik.ciołczyk@o2.pl,+48 736 404 404,Wrocław,02-552,2025-10-04,Referral,False,2000-10-08
2014,Jędrzej,Dzierżak,jędrzej.dzierżak@gmail.com,801-872-300,Białystok,38-858,2026-04-19,Newsletter,True,1967-03-13
2015,Agnieszka,Chaber,agnieszka.chaber@gmail.com,+48 432 047 608,Warszawa,77-291,2024-11-10,Google Ads,False,1963-04-29
2016,Filip,Stąpór,filip.stąpór@wp.pl,103629162,Łódź,41-317,2026-03-07,Organic,False,1982-03-22
2017,Marcel,Kapciak, marcel.kapciak@gmail.com ,,Leszno,91-588,2025-12-04,Google Ads,False,1980-12-11
2018,Przemysław,Karaśkiewicz,przemysław.karaśkiewicz@o2.pl,142594540,Elbląg,38-722,2024-11-17,Organic,False,2006-10-27
2019,Stanisław,Antoszczyk,stanisław.antoszczyk@wp.pl,+48 411 886 403,Gdańsk,43-157,2025-12-08,Meta Ads,False,1999-06-23
2020,Nikodem,Dorna,NIKODEM.DORNA@ONET.PL,665 842 048,Gdańsk,94-957,2025-06-15,Meta Ads,True,1998-07-19
2021,Mikołaj,Jaracz,mikołaj.jaracz@gmail.com,322 930 522,Gorzów Wielkopolski,23-878,2026-07-14,Referral,False,1981-06-07
2022,Kamila,Durlak,kamila.durlak@gmail.com,778-958-780,Gdańsk,85-935,2024-11-10,Meta Ads,False,2000-07-26
2023,Michał,Koronkiewicz,michał.koronkiewicz@gmail.com,+48 664 487 062,Opole,51-346,2025-11-20,Newsletter,False,1977-12-25
2024,Lidia,Żynda,lidia.żynda@wp.pl,067 698 104,Kraków,97-401,2025-05-07,Google Ads,False,1976-04-27
2025,Liwia,Hajdasz,liwia.hajdasz@o2.pl,353-951-048,Toruń,37-290,2026-07-15,Organic,False,1992-07-03
2026,Eryk,Sornat,eryk.sornat@gmail.com,,Gdańsk,71-404,2025-04-01,Meta Ads,True,1960-10-02
2027,Kazimierz,Dzienniak,kazimierz.dzienniak@gmail.com,994 766 202,Olsztyn,75-887,2026-07-22,Referral,False,1998-04-07
2028,Emil,Barej,emil.barej@gmail.com,668 951 182,Kielce,84-168,2026-05-30,Referral,False,1986-03-09
2029,Sara,Boduch,SARA.BODUCH@GMAIL.COM,748 945 557,Warszawa,62-299,2025-02-04,Google Ads,False,2003-02-24
2030,Nikodem,Walkusz,nikodem.walkusz@gmail.com,902011159,poznań,96-201,2026-03-14,Newsletter,False,1994-07-27
2031,Mateusz,Kucab,mateusz.kucab@gmail.com,221-186-491,Warszawa,93-877,2026-08-06,Meta Ads,False,1986-02-08
2032,Tymon,Miękina,tymon.miękina@gmail.com,354587966,Warszawa,55-696,2025-02-10,Meta Ads,True,2000-03-15
2033,Adam,Prokopczyk,adam.prokopczyk@onet.pl,326-013-770,Kraków,46-998,2025-06-08,Meta Ads,True,1980-09-16
2034,Mikołaj,Sondej,mikołaj.sondej@gmail.com,199 747 601,Bydgoszcz,66-666,2025-09-22,Organic,True,1973-07-14
2035,Justyna,Dukat,justyna.dukat@o2.pl,595 345 453,Rzeszów,81-740,2025-03-19,Newsletter,True,1977-01-02
2036,Filip,Piesik,filip.piesik@wp.pl,943190601,Olsztyn,31-407,2024-09-28,Google Ads,False,1981-06-29
2037,Gaja,Felisiak,gaja.felisiak@gmail.com,+48 221 417 549,Bydgoszcz,84-764,2024-12-12,Organic,False,1975-06-28
2038,Dawid,Gabryszak,DAWID.GABRYSZAK@GMAIL.COM,+48 064 873 682,Wrocław,60-886,2025-03-10,Referral,True,1998-12-17
2039,Fryderyk,Kurzydło,fryderyk.kurzydło@gmail.com,696-974-509,Warszawa,81-669,2025-07-20,Meta Ads,False,1979-03-10
2040,Mateusz,Engler,mateusz.engler@gmail.com,122371795,Leszno,15-085,2024-12-25,Meta Ads,False,1962-01-23
2041,Apolonia,Taciak,apolonia.taciak@gmail.com,058785373,Konin,03-601,2026-05-02,Organic,False,1985-12-18
2042,Anita,Huczek,anita.huczek@gmail.com,+48 421 642 401,Konin,36-711,2025-12-23,Meta Ads,False,1995-02-06
2043,Tola,Troć,tola.troć@onet.pl,293-810-947,Katowice,50-496,2024-11-30,Organic,False,2008-08-05
2044,Justyna,Pilarek,justyna.pilarek@wp.pl,179 480 061,Lublin,74-129,2025-11-13,Google Ads,True,1960-11-12
2045,Wiktor,Dzienisz,wiktor.dzienisz@gmail.com,641685042,Wrocław,69-190,2025-11-20,Meta Ads,True,1977-01-28
2046,Michał,Ważna,michał.ważna@o2.pl,063 244 508,Poznań,72-838,2026-07-12,Organic,False,1984-01-10
2047,Liwia,Wołoszyk,liwia.wołoszyk@gmail.com,+48 012 209 195,Gdańsk,09-532,2024-09-30,Meta Ads,True,1999-12-19
2048,Julita,Dzienisz,julita.dzienisz@gmail.com,556976144,Łódź,84-128,2025-02-01,Newsletter,False,1995-07-14
2049,Nikodem,Machul,nikodem.machul@gmail.com,+48 635 233 387,Kielce,16-186,2026-06-10,Google Ads,False,2001-04-13
2050,Grzegorz,Kusa,grzegorz.kusa@gmail.com,317 113 236,Kraków,72-458,2026-06-25,Newsletter,False,1998-01-09
2051,Marcel,Rejniak,marcel.rejniak@o2.pl,,Łódź,17-589,2025-12-03,Meta Ads,True,1966-07-11
2052,Miłosz,Malcher,miłosz.malcher@onet.pl,039 509 803,Elbląg,00000,2026-02-09,Organic,True,2000-09-21
2053,Filip,Goś,filip.goś@gmail.com,+48 962 991 971,Warszawa,16-519,2024-11-11,Google Ads,True,1971-06-03
2054,Inga,Niemczuk,inga.niemczuk@gmail.com,,Zielona Góra,55-968,2025-09-23,Meta Ads,True,1990-06-24
2055,Witold,Kubiaczyk,witold.kubiaczyk@wp.pl,879880648,Warszawa,06-969,2025-01-10,Newsletter,False,2005-09-21
2056,Gustaw,Krzyśków,gustaw.krzyśków@wp.pl,441 402 299,Warszawa,69-456,2024-12-17,Meta Ads,False,1963-01-03
2057,Marika,Kryszczuk,marika.kryszczuk@wp.pl,077 530 966,Piła,41-536,2026-03-31,Organic,False,2003-11-13
2058,Maks,Kudlak,maks.kudlak@wp.pl,,Warszawa,69-523,2024-11-16,Meta Ads,True,1966-09-19
2059,Oskar,Dobosiewicz,oskar.dobosiewicz@gmail.com,696878616,Gorzów Wielkopolski,06-243,2025-07-02,Meta Ads,True,1957-07-17
2060,Julian,Wijata,julian.wijata@gmail.com,631 127 647,Bydgoszcz,28-981,2026-06-20,Meta Ads,False,1962-09-16
2061,Bianka,Lesner,bianka.lesner@gmail.com,+48 820 521 787,Rzeszów,76-368,2024-12-22,Meta Ads,False,1970-04-19
2062,Kaja,Wziątek,kaja.wziątek@gmail.com,810536868,Gdańsk,71-262,2026-08-05,Meta Ads,True,1969-05-30
2063,Miłosz,Żuchowicz,MIŁOSZ.ŻUCHOWICZ@WP.PL,526598557,Częstochowa,59-086,2026-08-06,Google Ads,True,2005-09-01
2064,Kaja,Milka,kaja.milka@gmail.com,972 902 284,Kraków,19-549,2025-10-31,Meta Ads,True,1966-05-24
2065,Cezary,Gmurczyk,cezary.gmurczyk@gmail.com,717032641,Leszno,90-662,2024-12-11,Meta Ads,False,1965-10-21
2066,Mariusz,Torbus,mariusz.torbus@o2.pl,510 937 204,Gorzów Wielkopolski,85-664,2025-03-11,Newsletter,True,1999-01-31
2067,Miłosz,Getka,miłosz.getka@gmail.com,550-435-912,Poznań,20-324,2025-06-17,Google Ads,False,2008-03-12
2068,Justyna,Bartłomiejczyk,justyna.bartłomiejczyk@gmail.com,097-886-958,Warszawa,04-988,2025-03-18,Google Ads,False,1987-08-03
2069,Igor,Bździuch,igor.bździuch@gmail.com,173865315,Warszawa,16-545,2025-02-18,Meta Ads,False,1961-06-04
2070,Krystyna,Mizgała,krystyna.mizgała@gmail.com,043-043-548,Elbląg,09-338,2026-07-22,Organic,False,1989-07-11
2071,Olgierd,Araszkiewicz,olgierd.araszkiewicz@gmail.com,924-873-067,Szczecin,35-150,2024-11-21,Organic,True,2001-08-24
2072,Artur,Kapciak,artur.kapciak@gmail.com,768-168-832,Leszno,02-101,2026-01-19,Organic,False,1975-08-02
2073,Borys,Bodzak,borys.bodzak@gmail.com,439 779 547,Częstochowa,14-802,2024-09-02,Meta Ads,True,2004-08-27
2074,Tymoteusz,Daraż,tymoteusz.daraż@gmail.com,+48 007 800 716,Gdańsk,94-897,2025-11-14,Google Ads,False,1971-11-04
2075,Marika,Armata,marika.armata@onet.pl,+48 995 135 801,Elbląg,68-358,2026-06-08,Referral,False,1992-09-20
2076,Ryszard,Zyzik,ryszard.zyzik@gmail.com,,Łódź,35-623,2025-03-03,Google Ads,True,1960-11-04
2077,Franciszek,Ciesiółka,franciszek.ciesiółka@gmail.com,+48 947 806 008,Piła,41-970,2024-12-13,Meta Ads,False,1995-06-12
2078,Grzegorz,Majerczyk,grzegorz.majerczyk@gmail.com,,Warszawa,95-695,2025-11-12,Influencer,False,2006-11-25
2079,Ewelina,Zyzik,ewelina.zyzik@gmail.com,392633437,Kraków,77-904,2025-12-05,Meta Ads,False,2000-08-16
2080,Malwina,Gałęza,malwina.gałęza@gmail.com,+48 667 134 688,Warszawa,17-266,2025-12-11,Meta Ads,False,1956-02-05
2081,Ida,Frukacz,ida.frukacz@gmail.com,,Katowice,20-674,2025-03-25,Influencer,False,1962-04-17
2082,Albert,Ankiewicz,albert.ankiewicz@onet.pl,829166431,Leszno,255252,2025-02-02,Meta Ads,False,1958-05-25
2083,Leonard,Leoniak,leonard.leoniak@gmail.com,966-080-330,Katowice,32-695,2026-07-22,Referral,False,1987-11-09
2084,Róża,Janiuk,róża.janiuk@gmail.com,197521605,Radom,57-363,2026-06-17,Google Ads,False,1997-11-30
2085,Nela,Jaszczyszyn,nela.jaszczyszyn@interia.pl,+48 494 419 640,Suwałki,36-976,2025-07-23,Influencer,False,1978-04-08
2086,Olaf,Sobkiewicz,olaf.sobkiewicz@onet.pl,632569506,Wrocław,82-879,2026-04-27,Meta Ads,False,1960-03-15
2087,Norbert,Świadek,norbert.świadek@gmail.com,+48 849 042 855,Olsztyn,99-321,2025-07-23,Google Ads,False,2000-05-24
2088,Maksymilian,Fiedorczuk,maksymilian.fiedorczuk@gmail.com,550-980-802,Warszawa,94-246,2025-06-24,Meta Ads,False,2005-09-03
2089,Leon,Dylik,LEON.DYLIK@GMAIL.COM,561 347 264,Warszawa,08-087,2024-11-19,Meta Ads,True,1994-12-30
2090,Bianka,Sobków,bianka.sobków@interia.pl,582-789-909,Poznań,02-986,2025-06-18,Google Ads,True,2005-11-11
2091,Apolonia,Jędra,apolonia.jędra@onet.pl,950-667-696,Kielce,18-492,2025-09-15,Meta Ads,False,1981-12-24
2092,Ewelina,Waloszek,ewelina.waloszek@gmail.com,493610960,Gdaańsk,16-416,2024-09-28,Newsletter,False,1956-05-01
2093,Rafał,Trepczyk,rafałtrepczyk@gmail.com,204 876 097,Poznań,96-008,2025-07-26,Meta Ads,True,1993-06-12
2094,Ewelina,Bodych,ewelina.bodych@wp.pl,855010767,Warszawa,45-251,2026-02-06,Meta Ads,False,2008-04-16
2095,Liwia,Maron,liwia.maron@gmail.com,917-249-944,Łódź,78-044,2025-12-18,Google Ads,True,1987-10-15
2096,Alan,Krzosek,alan.krzosek@gmail.com,516-555-043,Kraków,98-537,2025-11-11,Influencer,False,2003-07-01
2097,Tymoteusz,Drabczyk,tymoteusz.drabczyk@gmail.com,,Bydgoszcz,47-860,2026-06-06,Influencer,False,1962-08-29
2098,Maks,Machoń,maks.machoń@gmail.com,+48 432 625 443,Kraków,55-508,2024-09-22,Influencer,True,1975-09-08
2099,Mariusz,Mikusek, mariusz.mikusek@gmail.com ,+48 991 454 045,Warszawa,44-936,2025-10-10,Referral,False,1991-08-02
2100,Rozalia,Langiewicz,rozalia.langiewicz@gmail.com,+48 494 102 735,Warszaawa,99-879,2026-03-12,Meta Ads,True,1961-11-03
2101,Radosław,Deptuch,radosław.deptuch@gmail.com,+48 256 586 584,Warszawa,38-272,2025-10-21,Meta Ads,False,1966-11-20
2102,Nicole,Ważna,nicole.ważna@gmail.com,073 240 983,Białystok,28-946,2025-04-24,Meta Ads,True,1971-10-02
2103,Ida,Windak,ida.windak@gmail.com,967 599 133,Szczecin,05-958,2024-11-06,Meta Ads,False,1980-02-20
2104,Ada,Misztela,ada.misztela@onet.pl,001-760-792,Rzeszów,46-007,2026-05-15,Influencer,False,1988-03-21
2105,Kornel,Pilarek,kornel.pilarek@onet.pl,+48 180 169 582,Wrocław,46-110,2025-07-09,Newsletter,False,1955-11-13
2106,Daniel,Rezmer,daniel.rezmer@o2.pl,684 194 323,gdańsk,46-010,2026-05-07,Organic,True,1960-12-18
2107,Marika,Kliber,marika.kliber@gmail.com,625-976-390,Kraków,11-542,2025-11-02,Google Ads,True,1982-11-08
2108,Marcin,Ryszkiewicz,marcin.ryszkiewicz@gmail.com,,Gdynia,16-936,2025-12-22,Google Ads,False,1981-06-05
2109,Marcin,Kulus,marcin.kulus@gmail.com,325056109,Suwałki,85-257,2026-03-05,Newsletter,False,1967-07-30
2110,Ewa,Maszczyk,ewa.maszczyk@gmail.com,+48 021 339 405,Gdańsk,39-374,2025-11-20,Meta Ads,False,1978-04-19
2111,Grzegorz,Heinrich,grzegorz.heinrich@gmail.com,027-472-498,Kraków,35-112,2025-05-08,Meta Ads,False,2008-01-13
2112,Monika,Flasza,monika.flasza@gmail.com,988-279-403,Kraków,18-363,2025-09-14,Referral,True,1995-03-11
2113,Jan,Koterba,jan.koterba@o2.pl,120 160 399,Poznań,91-204,2026-03-07,Meta Ads,False,1961-06-17
2114,Ryszard,Tatarek,ryszard.tatarek@gmail.com,746 404 669,Warszawa,18-405,2025-05-29,Influencer,False,1977-11-29
2115,Kornel,Domżał,kornel.domżał@onet.pl,+48 690 218 645,Wrocław,21-683,2025-05-05,Google Ads,True,1966-02-21
2116,Malwina,Bartman,malwina.bartman@gmail.com,852425788,Wrocław,35-122,2024-11-22,Google Ads,False,1977-11-29
2117,Krystyna,Jędryczka,krystyna.jędryczka@gmail.com,640 166 317,Olsztyn,88-732,2026-06-27,Meta Ads,False,1962-05-07
2118,Blanka,Tarasek,BLANKA.TARASEK@WP.PL,987390685,Leszno,93-946,2024-11-04,Organic,False,1994-12-01
2119,Tobiasz,Kursa,tobiasz.kursa@o2.pl,,Piła,15-981,2025-11-01,Meta Ads,False,1961-04-24
2120,Michał,Chruszcz,michał.chruszcz@gmail.com,270553905,Warszawa,20-353,2025-06-28,Organic,True,1982-02-04
2121,Marek,Solarek,marek.solarek@gmail.com,+48 188 860 145,Warszawa,87-850,2025-05-13,Organic,False,1973-09-23
2122,Gaja,Wojniak,gaja.wojniak@gmail.com,,Piła,02-445,2025-12-31,Meta Ads,True,1981-01-17
2123,Ryszard,Sędek,ryszard.sędek@gmail.com,382-094-876,Rzeszów,11-780,2024-10-18,Google Ads,False,1978-05-01
2124,Marcin,Osipowicz,marcin.osipowicz@interia.pl,748115009,Bydgoszcz,66-192,2025-11-25,Google Ads,True,1968-10-25
2125,Oliwier,Rajman,oliwier.rajman@wp.pl,045 191 896,Toruń,34-718,2026-02-25,Meta Ads,False,1968-09-14
2126,Marianna,Bicz,marianna.bicz@gmail.com,,Kraków,61-724,2026-04-20,Meta Ads,False,1997-01-29
2127,Paweł,Sornat,paweł.sornat@wp.pl,747662360,Warszawa,94-515,2024-12-21,Influencer,False,1987-12-26
2128,Rafał,Pyzel,rafał.pyzel@gmail.com,,Łódź,76-645,2026-05-08,Referral,False,1989-03-22
2129,Olaf,Przewoźny,olaf.przewoźny@gmail.com,523-931-152,Warszawa,17-411,2025-11-10,Meta Ads,False,1957-08-17
2130,Eryk,Tofil,eryk.tofil@gmail.com,+48 423 048 942,Poznań,55-019,2026-05-14,Google Ads,True,1988-04-08
2131,Tomasz,Perlik,tomasz.perlik@gmail.com,+48 504 265 816,Warszawa,07-390,2025-08-30,Referral,False,1977-03-07
2132,Norbert,Hasiak, norbert.hasiak@interia.pl ,563 634 807,Kielce,82-237,2025-10-03,Influencer,True,1967-05-08
2133,Marianna,Wenda,marianna.wenda@gmail.com,380 421 312,Opole,08-523,2026-06-19,Meta Ads,False,1978-03-25
2134,Mikołaj,Bukowiec,mikołaj.bukowiec@gmail.com,,Lublin,15-276,2026-05-25,Organic,False,1974-11-12
2135,Nataniel,Morgała,nataniel.morgała@onet.pl,+48 520 730 754,Katowice,54-253,2025-07-09,Referral,False,1972-07-18
2136,Franciszek,Ulewicz,franciszek.ulewicz@onet.pl,825 598 894,Warszaw,06-001,2025-02-26,Google Ads,False,1958-05-11
2137,Kazimierz,Hutnik, kazimierz.hutnik@gmail.com ,,Kraków,37-484,2025-05-02,Meta Ads,True,1970-06-11
2138,Oskar,Hartman,oskar.hartman@gmail.com,372465607,Zielona Góra,24-259,2025-05-03,Meta Ads,True,2005-11-09
2139,Dariusz,Potyrała,dariusz.potyrała@o2.pl,,Suwałki,39-115,2025-03-18,Influencer,False,1960-09-23
2140,Bartek,Olszyna,bartek.olszyna@gmail.com,126-793-077,Gdynia,71-789,2025-02-04,Google Ads,False,2001-04-12
2141,Kornel,Kanik,kornel.kanik@wp.pl,+48 996 440 991,Opole,95-830,2026-04-20,Meta Ads,False,1974-10-01
2142,Julianna,Czopik, julianna.czopik@interia.pl ,988345585,Toruń,78-381,2024-10-22,Newsletter,False,1968-03-22
2143,Jacek,Mol,jacek.mol@onet.pl,+48 879 866 566,Szczecin,75-394,2025-12-26,Google Ads,False,1960-03-20
2144,Dominik,Trepka,dominik.trepka@gmail.com,639442685,Gdynia,81-761,2024-12-24,Google Ads,False,1987-06-29
2145,Maciej,Smagała,maciej.smagała@o2.pl,+48 295 276 974,Kraków,84-838,2025-04-15,Meta Ads,False,1965-09-08
2146,Adrianna,Hajda,adrianna.hajda@gmail.com,771-999-120,Szczecin,10-965,2024-10-18,Organic,True,1984-07-25
2147,Cyprian,Bok,cyprian.bok@wp.pl,,olsztyn,93-486,2025-02-07,Organic,False,2008-01-18
2148,Ksawery,Oleksak,ksawery.oleksak@wp.pl,066 741 607,Warszawa,93-158,2026-02-03,Organic,False,1957-12-01
2149,Eryk,Downar, eryk.downar@wp.pl ,+48 531 771 668,Poznań,71-729,2026-05-12,Influencer,False,1968-12-23
2150,Melania,Stawowczyk,melania.stawowczyk@gmail.com,,Kielce,47-460,2024-12-05,Meta Ads,False,1988-12-23
2151,Ignacy,Zaniewicz,ignacy.zaniewicz@gmail.com,804407755,Bydgoszcz,09-495,2025-07-17,Newsletter,False,1977-10-20
2152,Nela,Siedlik,nela.siedlik@gmail.com,+48 156 009 386,Konin,03-171,2025-07-16,Influencer,True,1987-05-09
2153,Adrian,Wojciech,adrian.wojciech@gmail.com,338-122-930,Warszawa,06-979,2026-05-21,Google Ads,False,1985-08-08
2154,Rafał,Cyrulik,rafał.cyrulik@onet.pl,575-309-238,Warszawa,033486,2026-02-20,Google Ads,False,1991-11-19
2155,Ida,Drabczyk,ida.drabczyk@interia.pl,682-071-929,Olsztyn,22-449,2025-09-27,Google Ads,True,1995-05-21
2156,Ernest,Gabrych,ERNEST.GABRYCH@WP.PL,+48 705 089 562,Warszawa,50-411,2025-12-07,Meta Ads,False,1987-10-12
2157,Gabriel,Zacharek, gabriel.zacharek@gmail.com ,849927924,Warszawa,01-164,2026-04-19,Meta Ads,False,1985-11-27
2158,Tola,Pitala,tola.pitala@gmail.com,325 712 933,Gdańsk,02-901,2024-09-12,Organic,False,2004-10-24
2159,Ida,Wacław,ida.wacław@gmail.com,+48 679 717 928,Warszawa,65-725,2025-05-18,Meta Ads,False,1993-10-14
2160,Robert,Kojder,robert.kojder@o2.pl,+48 454 365 060,Gorzów Wielkopolski,29-304,2026-06-28,Meta Ads,True,1993-02-18
2161,Bianka,Nasiadka,bianka.nasiadka@wp.pl,303-317-877,Poznań,22-230,2026-01-25,Meta Ads,False,1958-01-05
2162,Marek,Siemion,marek.siemion@gmail.com,760 855 615,Elbląg,06-655,2025-10-06,Meta Ads,False,1963-06-12
2163,Konstanty,Szczepaniuk,konstanty.szczepaniuk@gmail.com,828 986 429,Gdańs,35-895,2025-09-05,Meta Ads,True,1997-07-01
2164,Witold,Wizner,witold.wizner@gmail.com,737-122-997,Częstochowa,27-548,2025-04-09,Meta Ads,False,1961-10-02
2165,Mieszko,Mitera,mieszko.mitera@wp.pl,204 273 372,Warszawa,78-996,2025-09-27,Meta Ads,False,1975-02-27
2166,Karol,Kłósek,karol.kłósek@gmail.com,939 766 492,Łódź,71-271,2025-11-24,Google Ads,False,1993-11-12
2167,Kalina,Prejs,kalina.prejs@gmail.com,714-101-841,Warszawa,79-302,2025-06-10,Organic,True,1972-10-19
2168,Adam,Karwan,adam.karwan@gmail.com,579234109,Warszawa,00000,2025-12-17,Meta Ads,False,1974-06-08
2169,Konstanty,Janczura,konstanty.janczura@gmail.com,116821664,Konnin,33-995,2026-04-16,Referral,False,1956-06-03
2170,Janina,Majak,JANINA.MAJAK@WP.PL,159 134 955,Częęstochowa,93-764,2024-11-26,Referral,False,1992-01-25
2171,Juliusz,Dietrich,juliusz.dietrich@gmail.com,100640271,łódź,81-650,2025-07-13,Organic,False,1987-08-17
2172,Gabriel,Łaś, gabriel.łaś@gmail.com ,+48 735 903 901,Wrocław,57-226,2025-06-01,Organic,False,1972-10-12
2173,Gabriel,Ziegler,gabriel.ziegler@onet.pl,171 982 297,Kielce,81-828,2025-12-20,Influencer,False,2001-01-30
2174,Ewa,Sulik,ewa.sulik@interia.pl,+48 555 276 996,Warszawa,58-238,2025-02-10,Newsletter,False,1994-04-11
2175,Justyna,Frost,justyna.frost@onet.pl,,Białystok,19-924,2025-11-20,Meta Ads,False,1980-12-25
2176,Anastazja,Bączkiewicz,anastazja.bączkiewicz@gmail.com,896191297,Warszawa,59-190,2026-05-24,Organic,False,1998-10-28
2177,Kajetan,Walus,kajetan.walus@gmail.com,,Częstochowa,73-503,2025-06-17,Referral,False,2005-08-05
2178,Grzegorz,Sołoducha,grzegorz.sołoducha@o2.pl,117-351-233,Poznań,37-022,2026-06-03,Meta Ads,False,1972-01-13
2179,Kajetan,Karol,kajetan.karol@gmail.com,650-118-212,Wrocław,51-704,2026-08-06,Meta Ads,False,1987-10-23
2180,Krzysztof,Wawrzynek,krzysztof.wawrzynek@onet.pl,661556804,Białystok,10-437,2024-11-13,Organic,False,1968-08-04
2181,Olga,Śleziak,olga.śleziak@o2.pl,,Warszawa,456719,2025-01-29,Meta Ads,True,1962-11-14
2182,Bartek,Klos,bartek.klos@o2.pl,727820338,Olsztyn,13-387,2026-07-01,Organic,True,1975-12-12
2183,Kamil,Rajczak,kamil.rajczak@wp.pl,430 896 803,Gdańsk,02-782,2026-07-09,Google Ads,False,1999-08-12
2184,Aleksander,Tyka,aleksander.tyka@gmail.com,384738924,Elbląg,32-789,2024-11-14,Organic,False,1960-01-10
2185,Julian,Strama,julian.strama@gmail.com,,Warszawa,77-014,2024-09-17,Meta Ads,False,1997-08-05
2186,Mateusz,Konat,mateusz.konat@gmail.com,,Gdynia,14-556,2024-12-04,Organic,True,1994-08-11
2187,Natan,Ruman,natan.ruman@gmail.com,+48 477 026 196,Piła,91-088,2026-08-06,Meta Ads,False,1966-04-26
2188,Malwina,Andziak,malwina.andziak@wp.pl,,Gdańsk,73-914,2024-12-31,Meta Ads,False,1979-02-22
2189,Miłosz,Gospodarek,miłosz.gospodarek@gmail.com,173 842 968,Zielona Góra,43-491,2025-09-26,Influencer,True,1963-10-14
2190,Adam,Jaszczur,adam.jaszczur@gmail.com,,Lublin,89-274,2026-04-12,Organic,True,1988-11-07
2191,Marcel,Tylek,marcel.tylek@gmail.com,454 366 701,Warszawa,06-106,2024-09-25,Referral,False,1984-06-17
2192,Paweł,Gumuła,paweł.gumuła@gmail.com,214099143,Kraków,54-146,2025-11-26,Google Ads,True,1955-08-29
2193,Artur,Słomian,artur.słomian@o2.pl,898 099 526,Poznań,30-438,2025-02-02,Meta Ads,False,1976-01-08
2194,Maks,Kołpak,makskołpak@gmail.com,370457732,Suwałki,37-232,2026-04-17,Meta Ads,False,2004-06-12
2195,Ernest,Klebba,ernest.klebba@gmail.com,,Katowice,92-843,2025-03-23,Newsletter,False,2003-05-20
2196,Marika,Mueller,marika.mueller@wp.pl,362091497,Gdańsk,15-230,2025-12-05,Meta Ads,False,1960-12-26
2197,Ryszard,Komisarczyk,ryszard.komisarczyk@gmail.com,801 831 518,Poznań,10-631,2025-12-03,Organic,False,1973-04-13
2198,Olgierd,Więckiewicz,olgierd.więckiewicz@o2.pl,633 443 571,Warszawa,06-620,2024-12-04,Organic,True,1963-08-09
2199,Marianna,Pyszczek,marianna.pyszczek@gmail.com,642 693 386,Warszawa,191944,2024-09-13,Google Ads,True,1965-03-17
2200,Kaja,Popielarczyk,kaja.popielarczyk@o2.pl,869-864-790,Łódź,86-704,2025-06-06,Google Ads,False,1971-07-30
2201,Stefan,Żynda,stefan.żynda@o2.pl,744616777,Warszawa,14-278,2025-03-23,Meta Ads,True,2004-02-27
2202,Leonard,Żurawik,leonard.żurawik@gmail.com,+48 973 036 058,Warszawa,92-818,2026-03-12,Meta Ads,True,1959-08-23
2203,Jakub,Kuśmider,jakub.kuśmider@o2.pl,617 725 161,Bydgoszcz,20-797,2026-03-18,Organic,False,1990-05-10
2204,Alex,Radzewicz,alex.radzewicz@wp.pl,873433599,Warszawa,50-458,2025-07-03,Meta Ads,False,1993-10-29
2205,Malwina,Marko,malwina.marko@gmail.com,279894728,Wrocław,09-116,2025-11-07,Newsletter,False,1986-03-22
2206,Konstanty,Dzierżak,konstanty.dzierżak@gmail.com,276-333-677,Leszno,12-331,2025-11-23,Meta Ads,True,2008-04-26
2207,Grzegorz,Biesaga,grzegorz.biesaga@gmail.com,523 002 529,Olsztyn,50-362,2026-04-22,Google Ads,True,1972-07-08
2208,Kaja,Wielądek,kaja.wielądek@gmail.com,279987784,Warszawa,89-997,2025-06-15,Newsletter,False,1977-07-14
2209,Józef,Nazimek,józef.nazimek@gmail.com,408 624 304,Łódź,84-944,2025-02-03,Referral,False,1968-08-17
2210,Sandra,Słysz,sandra.słysz@wp.pl,195-082-934,Opole,64-552,2025-02-11,Meta Ads,False,1983-11-20
2211,Ewelina,Jałowiec,ewelina.jałowiec@wp.pl,+48 044 539 409,Bydgoszcz,30-394,2025-09-29,Influencer,True,1960-01-10
2212,Sandra,Bylina,sandra.bylina@wp.pl,384 837 854,Łódź,74-796,2025-07-09,Google Ads,False,1992-05-08
2213,Borys,Kuffel,borys.kuffel@wp.pl,301-106-659,Łódź,12-241,2025-06-05,Meta Ads,False,1974-10-07
2214,Gabriel,Langiewicz, gabriel.langiewicz@gmail.com ,297617193,Toruń,03-372,2024-11-30,Newsletter,False,1985-03-10
2215,Łukasz,Fiedler,łukasz.fiedler@gmail.com,+48 553 426 009,Suwałki,08-934,2025-12-28,Google Ads,False,1974-02-10
2216,Sebastian,Fedak,sebastian.fedak@gmail.com,301 039 012,Białystok,59-148,2024-12-14,Organic,True,1999-11-12
2217,Bianka,Sąsiadek,bianka.sąsiadek@gmail.com,422-051-079,Warszawa,32-216,2024-12-16,Meta Ads,True,1999-06-21
2218,Adam,Prażuch,adam.prażuch@gmail.com,,Gdańsk,18-121,2025-06-30,Newsletter,False,2006-08-02
2219,Julian,Maleszka,julian.maleszka@gmail.com,234 152 519,Gdańsk,94-027,2025-01-21,Organic,False,1992-06-28
2220,Kaja,Dzieża,kaja.dzieża@gmail.com,,Białystok,07-719,2025-11-07,Referral,False,1961-03-19
2221,Elżbieta,Dybka,elżbieta.dybka@gmail.com,,Warszawa,62-858,2025-05-29,Newsletter,False,1987-01-27
2222,Damian,Dziadkowiec,damian.dziadkowiec@gmail.com,784629458,Warszawa,19-375,2025-07-19,Meta Ads,False,1963-01-30
2223,Andrzej,Tomalak,andrzej.tomalak@gmail.com,,Radom,02-583,2025-09-25,Organic,False,1999-08-23
2224,Urszula,Grzela,urszula.grzela@interia.pl,396811647,Katowice,98-187,2024-12-17,Google Ads,False,1980-06-29
2225,Sebastian,Kozok,sebastian.kozok@onet.pl,206-954-611,Poznań,68-716,2024-11-06,Referral,False,2005-11-18
2226,Natasza,Lepianka,natasza.lepianka@gmail.com,+48 948 242 497,Piła,93-346,2026-05-07,Influencer,False,1979-02-15
2227,Bartek,Jaszczyszyn,bartek.jaszczyszyn@gmail.com,,Gdańsk,15-160,2025-06-10,Organic,False,1958-10-10
2228,Filip,Dargacz,filip.dargacz@gmail.com,710101995,Poznań,97-178,2025-06-25,Meta Ads,True,1982-04-09
2229,Mateusz,Pioch,mateusz.pioch@gmail.com,868-470-344,Warszawa,55-697,2024-09-17,Meta Ads,True,2005-11-08
2230,Agnieszka,Wszoła,agnieszka.wszoła@gmail.com,527-750-454,Warszawa,92-850,2025-08-14,Influencer,False,1969-04-09
2231,Anita,Tarasek,anita.tarasek@gmail.com,493 868 634,Poznań,141721,2025-10-30,Organic,False,1967-08-23
2232,Damian,Borysiuk,damian.borysiuk@wp.pl,283 735 980,Warszawa,12-535,2025-10-23,Meta Ads,False,1975-08-10
2233,Hubert,Katana,hubert.katana@gmail.com,013-094-266,Poznań,28-411,2025-12-22,Influencer,False,1988-05-28
2234,Borys,Kapka,BORYS.KAPKA@O2.PL,386 180 705,Kielce,24-843,2024-12-01,Influencer,True,1995-02-18
2235,Melania,Tomal,melania.tomal@o2.pl,067 564 626,Suwałki,10-837,2025-02-05,Organic,False,1992-04-17
2236,Malwina,Rudzik, malwina.rudzik@o2.pl ,,Lublin,84-658,2026-03-13,Meta Ads,False,1977-01-24
2237,Fryderyk,Świtaj,fryderyk.świtaj@wp.pl,256 291 629,Lublin,07-823,2026-07-10,Google Ads,False,1975-04-14
2238,Kaja,Kwarciak,kaja.kwarciak@gmail.com,050-519-922,Bydgoszcz,35-112,2024-11-06,Meta Ads,False,1961-02-16
2239,Olgierd,Minkina,olgierd.minkina@o2.pl,+48 410 025 666,Gdańsk,43-029,2025-08-06,Meta Ads,False,1968-04-16
2240,Miłosz,Dusik,miłosz.dusik@onet.pl,228 302 988,Kielce,14-067,2024-12-29,Meta Ads,False,1966-10-29
2241,Mateusz,Golisz,mateusz.golisz@o2.pl,+48 642 464 355,Warszawa,40-193,2024-10-24,Referral,False,1984-11-01
2242,Filip,Seidel,filip.seidel@wp.pl,322-750-279,Poznań,35-088,2025-04-14,Newsletter,False,2007-05-12
2243,Sylwia,Orman,sylwia.orman@wp.pl,647-516-064,Leszno,73-810,2024-11-26,Newsletter,False,1981-03-28
2244,Franciszek,Sura,franciszek.sura@gmail.com,,Kraków,12-967,2025-12-21,Google Ads,False,1971-12-14
2245,Maurycy,Kajdas,maurycy.kajdas@wp.pl,218432677,Bydgoszcz,37-982,2025-09-04,Influencer,False,1976-09-11
2246,Eryk,Sura,eryk.sura@wp.pl,700127826,Olsztyn,00000,2024-11-10,Meta Ads,False,1994-01-21
2247,Adrian,Kułach,adrian.kułach@gmail.com,708 617 299,Opole,87-100,2024-09-04,Meta Ads,False,1973-02-25
2248,Nela,Wołk,nela.wołk@gmail.com,+48 367 286 971,Łódź,65-827,2026-03-19,Organic,True,1996-09-03
2249,Szymon,Lampa,szymon.lampa@gmail.com,856 158 755,Elbląg,49-489,2024-12-02,Google Ads,True,1986-09-03
2250,Piotr,Portka,piotr.portka@gmail.com,,Wrocław,21-156,2025-11-23,Newsletter,False,1991-10-06
2251,Maksymilian,Machowicz,maksymilian.machowicz@gmail.com,+48 050 121 713,Białystok,81-096,2025-04-17,Referral,True,2006-02-04
2252,Jerzy,Stanclik,jerzy.stanclik@gmail.com,,Gorzów Wielkopolski,28-827,2025-11-06,Organic,False,1991-09-18
2253,Julian,Smardz,julian.smardz@gmail.com,+48 720 392 147,Konin,92-165,2025-03-04,Newsletter,False,2008-03-31
2254,Nela,Palonek,NELA.PALONEK@GMAIL.COM,993-927-035,Wrocław,94-624,2024-11-14,Newsletter,False,1990-02-13
2255,Cyprian,Klin,cyprian.klin@gmail.com,976574173,Zielona Góra,17-348,2024-12-30,Meta Ads,True,1971-01-04
2256,Kornelia,Brach,korneliabrach@gmail.com,+48 289 597 260,Warszawa,92-793,2024-12-30,Meta Ads,True,1991-10-15
2257,Tadeusz,Radke,tadeusz.radke@onet.pl,261-922-363,Warszawa,79-622,2025-06-06,Google Ads,False,1959-07-27
2258,Marcin,Dyszkiewicz,marcin.dyszkiewicz@onet.pl,+48 246 690 343,Gorzów Wielkopolski,81-510,2025-11-24,Meta Ads,True,1960-10-03
2259,Bartek,Boguta,bartek.boguta@onet.pl,465 140 537,Warszawa,99-892,2025-02-17,Referral,False,1972-01-01
2260,Dawid,Grosz, dawid.grosz@o2.pl ,,Warszawa,13-466,2024-09-13,Meta Ads,True,1972-03-22
2261,Gustaw,Jarema,gustaw.jarema@interia.pl,131 952 267,Poznań,09-287,2025-09-01,Influencer,False,1986-02-24
2262,Maks,Strzyż,maks.strzyż@gmail.com,+48 020 955 614,Kraków,10-184,2025-11-26,Newsletter,False,1993-04-05
2263,Róża,Ryczko,róża.ryczko@gmail.com,170-684-048,Kraków,61-263,2026-07-21,Meta Ads,False,1996-01-16
2264,Sara,Cierpka,sara.cierpka@wp.pl,958-015-997,Gdańsk,18-963,2025-11-03,Organic,True,1962-03-01
2265,Nicole,Kenig,nicole.kenig@gmail.com,385 229 083,Gdańsk,06-373,2025-07-20,Newsletter,False,2001-02-14
2266,Blanka,Mytych,blanka.mytych@gmail.com,+48 709 327 117,Warszawa,80-940,2025-10-10,Influencer,False,1991-09-01
2267,Monika,Bazylewicz,monika.bazylewicz@gmail.com,+48 055 374 423,Gdańsk,66-866,2026-06-15,Google Ads,False,1988-09-13
2268,Jędrzej,Szyjka,jędrzej.szyjka@gmail.com,176 265 802,Białystok,11-699,2026-04-04,Organic,False,1977-06-30
2269,Aniela,Bobryk,aniela.bobryk@gmail.com,673075963,Elbląg,88-044,2025-03-17,Google Ads,False,1988-06-27
2270,Adam,Bawoł,adam.bawoł@o2.pl,123471599,Warszawa,32-717,2025-01-29,Organic,False,1999-02-14
2271,Mateusz,Pociask,mateusz.pociask@gmail.com,732946723,Kraków,14-298,2025-02-03,Google Ads,True,1975-07-07
2272,Nicole,Nóżka,nicole.nóżka@gmail.com,,Warszawa,10-229,2025-09-20,Newsletter,False,1976-03-03
2273,Marcelina,Łachut,marcelina.łachut@wp.pl,+48 464 550 750,Poznań,12-358,2026-01-18,Referral,False,1980-04-14
2274,Ewelina,Karczmarek,ewelina.karczmarek@wp.pl,,Bydgoszcz,775515,2025-09-12,Google Ads,False,1960-02-22
2275,Dominik,Marach,dominik.marach@gmail.com,390-841-499,Łódź,99-444,2024-10-06,Google Ads,False,1966-03-02
2276,Kornel,Kijanka,kornel.kijanka@wp.pl,819-505-221,Rzeszów,41-351,2025-12-02,Google Ads,False,2008-05-29
2277,Ada,Fydrych,ada.fydrych@o2.pl,823655282,Lublin,90-760,2026-03-05,Google Ads,False,1980-11-01
2278,Konstanty,Grochola,konstanty.grochola@gmail.com,+48 596 798 432,Konin,05-559,2025-03-02,Organic,True,1963-11-06
2279,Natasza,Kujawiak,natasza.kujawiak@wp.pl,873-840-787,kraków,82-219,2025-12-19,Meta Ads,False,1972-07-25
2280,Filip,Boksa,filip.boksa@wp.pl,317791001,Kraków,49-064,2025-06-07,Organic,False,2005-03-24
2281,Olgierd,Garbacik,olgierd.garbacik@gmail.com,,Gdynia,56-485,2026-05-25,Referral,False,1966-11-27
2282,Bruno,Drej,bruno.drej@gmail.com,,Suwałki,03-976,2026-04-28,Meta Ads,True,1995-10-21
2283,Kaja,Kalisiak,kaja.kalisiak@gmail.com,825 314 007,Warszawa,33-651,2025-09-04,Google Ads,False,1964-12-05
2284,Julian,Wiszowaty,julian.wiszowaty@onet.pl,591768915,Białystok,36-415,2025-12-23,Newsletter,False,1959-12-04
2285,Aniela,Sładek,aniela.sładek@gmail.com,360-166-509,Białystok,54-538,2026-05-29,Google Ads,False,1966-12-10
2286,Robert,Zacharek,robert.zacharek@gmail.com,354398936,Łódź,07-095,2025-08-30,Meta Ads,True,2003-01-11
2287,Marianna,Kalka,marianna.kalka@o2.pl,604274890,Warszawa,00000,2025-03-18,Organic,False,1964-04-25
2288,Nataniel,Kudela,nataniel.kudela@gmail.com,553 163 473,Gdańsk,62-487,2026-02-24,Newsletter,False,1983-12-23
2289,Miłosz,Pitala,miłosz.pitala@gmail.com,093276684,Wrocław,00000,2024-12-22,Organic,False,2003-12-18
2290,Anita,Kiwior,anita.kiwior@onet.pl,+48 997 159 663,Kraków,02-575,2025-05-02,Google Ads,False,1997-02-05
2291,Gaja,Augustynek,gaja.augustynek@gmail.com,093-421-354,Warszawa,10-741,2026-05-23,Google Ads,False,1990-12-31
2292,Tymon,Kłoczko,tymon.kłoczko@gmail.com,732-277-820,Kraków,86-844,2025-12-14,Organic,False,2005-05-12
2293,Alex,Makieła,alex.makieła@gmail.com,978031248,Warszawa,207505,2025-05-29,Meta Ads,False,1979-11-27
2294,Tymon,Chorążewicz,tymon.chorążewicz@o2.pl,079-842-535,Warszawa,41-117,2024-12-28,Organic,False,1997-07-28
2295,Kalina,Bobryk,kalina.bobryk@gmail.com,472-954-302,Leszno,67-740,2025-04-15,Google Ads,False,1955-10-16
2296,Aniela,Ogrodowicz,aniela.ogrodowicz@gmail.com,409-317-964,Warszawa,238421,2025-03-02,Google Ads,False,1979-05-30
2297,Elżbieta,Karyś,elżbieta.karyś@gmail.com,+48 120 462 722,Leszno,05-224,2024-12-07,Meta Ads,False,1995-02-13
2298,Rafał,Dudko,rafał.dudko@gmail.com,184396396,Częstochowa,90-560,2026-01-18,Organic,False,1996-08-21
2299,Albert,Kuncewicz,albert.kuncewicz@gmail.com,799 996 683,Opole,45-215,2025-02-23,Meta Ads,False,2006-01-27
2300,Aurelia,Makieła,aurelia.makieła@gmail.com,309373042,rzeszów,48-834,2025-07-25,Newsletter,False,1974-11-16
2301,Emil,Mikłaszewicz,emil.mikłaszewicz@gmail.com,+48 047 414 001,Warszawa,40-515,2025-05-12,Referral,False,1999-01-03
2302,Marcel,Kubów,marcel.kubów@gmail.com,380-069-402,Zielona Góra,64-665,2026-08-06,Organic,False,2008-07-18
2303,Klara,Siudek,klara.siudek@o2.pl,450 124 196,Warszawa,46-361,2025-05-12,Newsletter,False,1999-06-28
2304,Marianna,Sznura,marianna.sznura@gmail.com,+48 558 042 798,Warszzawa,98-344,2024-10-24,Meta Ads,False,1961-08-08
2305,Kajetan,Hojda,kajetan.hojda@gmail.com,753 840 055,Wrocław,55-383,2024-11-10,Google Ads,False,1964-12-20
2306,Gaja,Przewoźnik,gaja.przewoźnik@gmail.com,039095182,Kraków,70-447,2025-11-01,Organic,False,1975-10-26
2307,Justyna,Wisła,justyna.wisła@gmail.com,683-151-510,Białystok,37-719,2025-11-25,Newsletter,False,1988-06-22
2308,Oskar,Mieszała,oskar.mieszała@gmail.com,,Gorzów Wielkopolski,14-092,2025-06-15,Influencer,False,1990-01-10
2309,Klara,Hanc,KLARA.HANC@ONET.PL,444-341-782,Gdańsk,64-768,2025-06-23,Newsletter,True,1995-06-09
2310,Inga,Dziechciarz,inga.dziechciarz@wp.pl,,Radom,82-455,2024-10-09,Meta Ads,False,1982-04-10
2311,Filip,Hawrylak,filip.hawrylak@gmail.com,936 549 946,Gdańsk,38-873,2025-09-28,Referral,True,1977-11-21
2312,Artur,Kyc,artur.kyc@gmail.com,923515419,Warszawa,59-565,2025-09-29,Influencer,False,1975-10-17
2313,Konrad,Demiańczuk,konrad.demiańczuk@gmail.com,886-990-362,Poznań,61-974,2024-11-02,Meta Ads,True,1962-03-11
2314,Marcelina,Ziółko,marcelina.ziółko@wp.pl,372 871 372,Szczecin,83-721,2024-11-09,Newsletter,False,1997-03-07
2315,Ewa,Opoka,ewa.opoka@gmail.com,966-463-687,Białystok,48-801,2024-11-11,Meta Ads,False,1967-06-19
2316,Ryszard,Parafiniuk,ryszard.parafiniuk@gmail.com,+48 858 125 561,Radom,85-271,2024-11-10,Meta Ads,False,1971-11-20
2317,Urszula,Tekiela,urszula.tekiela@o2.pl,,Warszawa,31-005,2025-11-22,Meta Ads,False,2003-04-22
2318,Urszula,Witas,urszula.witas@gmail.com,301946625,Gdynia,02-027,2024-12-12,Meta Ads,True,1963-09-22
2319,Mariusz,Fogiel,mariusz.fogiel@gmail.com,823 643 351,Łódź,67-840,2025-02-10,Organic,False,1994-11-18
2320,Alex,Grzenia,alex.grzenia@wp.pl,,Poznań,22-983,2024-12-26,Organic,False,1985-12-02
2321,Kornelia,Dybiec,kornelia.dybiec@onet.pl,531-686-242,Gdynia,72-997,2026-07-20,Meta Ads,False,1976-05-03
2322,Kamila,Pikula,kamila.pikula@gmail.com,+48 364 682 854,Łódź,00000,2026-04-03,Meta Ads,False,2004-12-27
2323,Marianna,Błądek,marianna.błądek@gmail.com,936-965-767,Łódź,82-400,2025-01-22,Organic,True,2007-05-25
2324,Tymoteusz,Gendera,tymoteusz.gendera@gmail.com,087576537,Warszawa,41-530,2025-04-13,Meta Ads,False,1963-12-29
2325,Jerzy,Słabosz,jerzy.słabosz@wp.pl,,Kraków,91-821,2024-12-24,Meta Ads,False,1962-04-16
2326,Ignacy,Fitas,ignacy.fitas@gmail.com,510 651 481,Suwałki,74-804,2025-08-22,Newsletter,False,1976-05-15
2327,Robert,Członka,robert.członka@wp.pl,813 504 409,Opole,71-163,2024-09-22,Organic,False,2005-11-16
2328,Gabriel,Gruszczyk,gabriel.gruszczyk@gmail.com,161855854,Łóddź,12-027,2025-12-10,Referral,False,1978-10-12
2329,Tola,Furgała,TOLA.FURGAŁA@GMAIL.COM,233-824-711,Elbląg,04-633,2025-09-26,Meta Ads,False,1993-02-04
2330,Maksymilian,Mleczek,maksymilian.mleczek@gmail.com,750-318-162,Warszawa,49-026,2026-05-31,Meta Ads,False,1994-12-09
2331,Adrian,Chalimoniuk,adrian.chalimoniuk@wp.pl,252285837,Warszawa,82-647,2024-12-11,Organic,False,1996-10-22
2332,Daniel,Dudała,daniel.dudała@wp.pl,621677606,Białystok,84-920,2026-03-07,Meta Ads,False,1967-05-07
2333,Eryk,Posmyk,eryk.posmyk@gmail.com,631 346 998,Warszawa,32-744,2026-03-15,Referral,False,1996-12-08
2334,Albert,Wyłupek,albert.wyłupek@gmail.com,+48 538 024 112,Leszno,34-676,2024-11-11,Google Ads,False,1958-05-03
2335,Karol,Szymajda,karol.szymajda@gmail.com,176191611,Elbląg,81-024,2025-05-06,Meta Ads,True,1989-06-06
2336,Elżbieta,Paszkowiak,elżbieta.paszkowiak@o2.pl,510649740,Zielona Góra,14-114,2024-12-25,Organic,False,1979-12-06
2337,Gaja,Fraś,gaja.fraś@interia.pl,,Białystok,14-146,2025-02-01,Referral,False,1970-07-26
2338,Grzegorz,Jamroży,grzegorz.jamroży@gmail.com,807 426 902,Olsztyn,10-507,2025-02-14,Organic,False,2000-05-12
2339,Nikodem,Suszka,nikodem.suszka@o2.pl,750 567 221,Poznań,13-503,2025-10-24,Referral,False,1997-10-02
2340,Klara,Gowin,klara.gowin@onet.pl,926-023-906,Kraków,63-983,2025-06-21,Meta Ads,True,1988-10-03
2341,Nikodem,Bugno,nikodem.bugno@o2.pl,785-127-457,Kielce,54-385,2026-07-19,Meta Ads,False,2002-10-01
2342,Aniela,Pietrewicz, aniela.pietrewicz@gmail.com ,+48 576 942 718,Kraków,21-185,2024-11-17,Meta Ads,False,1971-06-06
2343,Kajetan,Ekert,kajetan.ekert@o2.pl,,Warszawa,73-647,2026-07-11,Organic,True,1987-10-01
2344,Filip,Sondej,filip.sondej@gmail.com,560 639 502,Gorzów Wielkopolski,44-356,2025-01-19,Influencer,False,1981-03-30
2345,Inga,Durlik,inga.durlik@gmail.com,933-362-031,Łóódź,21-535,2026-02-18,Organic,False,1994-11-27
2346,Marcel,Handzel,marcel.handzel@wp.pl,604457547,Rzeszów,78-031,2025-04-16,Google Ads,False,1984-01-01
2347,Eliza,Darłak,eliza.darłak@o2.pl,680759351,Szczecin,98-157,2024-11-16,Google Ads,False,1967-01-22
2348,Dariusz,Kaźmierczyk,dariusz.kaźmierczyk@gmail.com,750064034,Poznań,28-031,2026-04-10,Newsletter,False,1972-12-14
2349,Borys,Igras,borys.igras@o2.pl,+48 991 022 054,Poznań,94-709,2025-03-08,Meta Ads,True,2005-05-29
2350,Cezary,Kapciak,cezary.kapciak@gmail.com,636 860 270,Leszno,62-205,2025-11-18,Meta Ads,True,2006-02-12
2351,Nataniel,Cięciwa,nataniel.cięciwa@wp.pl,+48 087 405 882,Warszawa,71-668,2025-10-13,Meta Ads,False,1971-03-12
2352,Anastazja,Zaniewicz,anastazja.zaniewicz@gmail.com,517-758-864,Poznań,66-970,2025-07-24,Meta Ads,True,1976-10-16
2353,Eryk,Supeł,eryk.supeł@gmail.com,687501692,ŁŁódź,23-203,2025-08-20,Meta Ads,False,1992-01-04
2354,Konstanty,Gros, konstanty.gros@o2.pl ,205 822 920,Elbląg,14-598,2026-01-28,Google Ads,False,1997-08-19
2355,Julianna,Padło,julianna.padło@gmail.com,116 017 796,Bydgoszcz,22-814,2024-11-07,Meta Ads,False,1966-07-03
2356,Ada,Laskus,ada.laskus@gmail.com,685 211 127,Wrocław,786600,2025-12-24,Referral,True,1987-03-15
2357,Jeremi,Wolańczyk,jeremi.wolańczyk@wp.pl,652-036-264,Warszawa,41-638,2026-05-11,Meta Ads,False,1961-04-18
2358,Ernest,Ofiara,ernest.ofiara@gmail.com,620-860-318,Szczecin,26-581,2024-10-08,Google Ads,True,1974-04-20
2359,Wiktor,Raźny,wiktor.raźny@gmail.com,706 536 952,Warszawa,22-911,2024-11-21,Organic,False,1957-05-20
2360,Apolonia,Matejczuk,apolonia.matejczuk@onet.pl,313-155-079,Warszawa,76-420,2025-12-21,Newsletter,False,1971-02-24
2361,Liwia,Rząd,liwia.rząd@o2.pl,871-680-309,Zielona Góra,51-031,2025-06-26,Meta Ads,False,1961-09-02
2362,Kazimierz,Ofiara,kazimierz.ofiara@onet.pl,653 598 652,kraków,24-367,2025-05-31,Meta Ads,True,1968-08-06
2363,Przemysław,Moczko,przemysław.moczko@o2.pl,090160606,Wrocław,48-381,2024-11-19,Organic,False,1963-04-13
2364,Jędrzej,Samoraj,JĘDRZEJ.SAMORAJ@GMAIL.COM,+48 579 202 996,Częstochowa,02-327,2025-09-01,Organic,True,1992-01-28
2365,Kornel,Drobnik,kornel.drobnik@wp.pl,590965358,Łódź,60-582,2024-11-27,Meta Ads,False,1997-09-29
2366,Jerzy,Mordal,jerzy.mordal@gmail.com,+48 254 547 698,Warszawa,09-395,2025-08-28,Meta Ads,True,1970-08-17
2367,Bruno,Bugiel,bruno.bugiel@interia.pl,062-846-033,Łódź,28-106,2026-02-18,Meta Ads,True,1985-04-29
2368,Igor,Pasiak,IGOR.PASIAK@GMAIL.COM,+48 250 360 257,Łódź,83-432,2025-02-27,Meta Ads,False,1991-10-01
2369,Justyna,Pianka,justyna.pianka@o2.pl,408-979-028,Warszawa,41-203,2025-08-29,Meta Ads,False,1966-01-16
2370,Anastazja,Kawiak,anastazja.kawiak@gmail.com,472 083 386,Białystok,06-282,2026-08-06,Meta Ads,True,1977-12-02
2371,Marcel,Pezda,marcel.pezda@gmail.com,+48 157 951 698,Zielona Góra,22-616,2025-12-21,Google Ads,False,1972-12-01
2372,Ernest,Gumieniak,ernest.gumieniak@gmail.com,,Oppole,74-022,2026-04-07,Meta Ads,False,1970-09-14
2373,Aurelia,Furgał,aurelia.furgał@gmail.com,272-103-008,Elbląg,60-292,2025-06-09,Meta Ads,False,1962-07-17
2374,Olga,Janowiak,olga.janowiak@gmail.com,+48 046 944 663,Szczecin,69-941,2026-02-04,Google Ads,True,1983-07-22
2375,Natan,Glazik,natanglazik@gmail.com,+48 420 285 296,Łódź,03-072,2024-10-20,Meta Ads,False,1980-07-01
2376,Urszula,Kuziora,urszula.kuziora@onet.pl,387 274 840,Rzeszów,39-282,2024-11-02,Meta Ads,True,1972-05-28
2377,Mieszko,Wojtunik,mieszko.wojtunik@wp.pl,271747432,Warszawa,11-570,2024-12-24,Meta Ads,True,1996-08-25
2378,Anastazja,Block,anastazja.block@gmail.com,973-741-441,Wrocław,07-403,2025-05-29,Meta Ads,False,1971-05-31
2379,Agnieszka,Neugebauer,AGNIESZKA.NEUGEBAUER@GMAIL.COM,922-775-057,Łódź,83-991,2026-04-06,Meta Ads,True,2003-11-07
2380,Mariusz,Prygiel,mariusz.prygiel@wp.pl,+48 339 542 710,Kielce,14-030,2025-04-29,Google Ads,False,1967-06-20
2381,Mateusz,Karczmarz,mateusz.karczmarz@gmail.com,646812679,Warszawa,14-331,2025-11-05,Referral,False,2001-04-01
2382,Justyna,Mamcarz,justyna.mamcarz@gmail.com,+48 855 828 474,Kielce,22-091,2025-12-08,Google Ads,True,1965-09-22
2383,Leonard,Stoltmann, leonard.stoltmann@gmail.com ,326279250,Łódź,69-006,2025-11-26,Organic,False,2005-02-07
2384,Mikołaj,Kuliberda,mikołaj.kuliberda@o2.pl,896754914,Warszaw,06-114,2025-04-29,Meta Ads,False,1958-02-20
2385,Emil,Drabczyk,emil.drabczyk@gmail.com,191-384-940,Warszawa,34-338,2025-10-06,Google Ads,False,1992-01-21
2386,Fryderyk,Kalisiak,fryderyk.kalisiak@gmail.com,827196505,Gorzów Wielkopolski,90-175,2025-04-20,Meta Ads,False,2004-08-12
2387,Janina,Kubasiewicz,janina.kubasiewicz@wp.pl,,Łódź,16-130,2024-11-11,Google Ads,False,1972-07-08
2388,Tymon,Szumacher,tymon.szumacher@interia.pl,833194524,Warszawa,75-910,2026-08-02,Organic,True,2000-08-27
2389,Klara,Pochroń,klara.pochroń@onet.pl,+48 444 901 062,warszawa,58-685,2024-11-17,Meta Ads,True,1962-01-30
2390,Liwia,Kopyt,liwia.kopyt@gmail.com,123-716-180,poznań,74-490,2024-10-27,Meta Ads,False,1990-08-23
2391,Konstanty,Przewoźniak,konstanty.przewoźniak@gmail.com,+48 421 607 375,Warszawa,99-749,2026-05-11,Meta Ads,False,1981-03-06
2392,Tomasz,Gorgol,tomasz.gorgol@gmail.com,646 407 770,Gorzów Wielkopolski,99-304,2025-03-10,Meta Ads,False,1993-04-19
2393,Maks,Dułak,maks.dułak@wp.pl,520 680 575,Konin,32-676,2025-11-03,Meta Ads,True,1989-11-22
2394,Gabriel,Kryza,gabriel.kryza@gmail.com,244-909-784,Gdynia,187473,2025-04-22,Organic,False,2007-02-06
2395,Stanisław,Fydrych,stanisław.fydrych@gmail.com,+48 837 218 492,Poznań,02-687,2025-05-07,Meta Ads,False,1967-01-19
2396,Ernest,Mrózek,ernest.mrózek@gmail.com,681-974-698,Warszawa,00000,2025-02-05,Meta Ads,False,1973-08-21
2397,Tola,Wawrzeńczyk,tola.wawrzeńczyk@gmail.com,693366924,Warszawa,68-527,2025-04-06,Meta Ads,True,2001-02-03
2398,Fabian,Chadaj,fabian.chadaj@wp.pl,382 706 180,Wrocław,59-672,2025-06-08,Meta Ads,True,1963-10-04
2399,Dorota,Pindor,dorota.pindor@wp.pl,987940377,Gdynia,17-225,2025-12-17,Meta Ads,True,2004-03-07
2400,Ernest,Pikor,ernest.pikor@gmail.com,384319117,Toruń,80-526,2025-09-30,Meta Ads,False,1966-05-10
2401,Blanka,Mrózek,blanka.mrózek@o2.pl,625172423,Bydgoszcz,09-285,2026-07-14,Meta Ads,False,1978-01-07
2402,Norbert,Kominiak,norbert.kominiak@gmail.com,512-158-669,Rzeszów,74-664,2024-10-20,Influencer,True,1961-01-01
2403,Marcelina,Zys,marcelina.zys@gmail.com,517298733,Gdańsk,14-763,2025-09-30,Google Ads,False,1961-06-08
2404,Kacper,Głowienka,kacper.głowienka@gmail.com,108-723-133,Gdańsk,59-192,2025-11-07,Meta Ads,True,1969-09-25
2405,Lidia,Maligłówka,lidia.maligłówka@o2.pl,802-856-626,Warszawa,68-464,2026-06-12,Meta Ads,False,1974-04-01
2406,Ignacy,Galica,ignacy.galica@gmail.com,+48 358 966 053,Poznań,11-363,2024-10-20,Organic,False,1978-06-18
2407,Krystian,Marach,krystian.marach@o2.pl,,Rzeszów,65-442,2025-10-05,Meta Ads,False,1982-07-07
2408,Mikołaj,Krzyszczak,mikołaj.krzyszczak@wp.pl,074 158 830,Suwałki,35-379,2026-04-26,Organic,False,1960-10-11
2409,Fryderyk,Sudnik,fryderyk.sudnik@gmail.com,351-796-512,Gdańsk,55-199,2025-01-23,Google Ads,False,1971-03-06
2410,Olga,Janczura,olga.janczura@wp.pl,763012118,Lublin,77-283,2026-05-30,Google Ads,False,1983-08-30
2411,Anastazja,Nojek,anastazja.nojek@gmail.com,312406080,Wrocław,56-112,2024-09-16,Organic,False,1991-09-12
2412,Witold,Bereda, witold.bereda@gmail.com ,976 701 400,Zielona Góra,29-118,2026-01-01,Google Ads,False,1958-05-30
2413,Piotr,Dylik,piotr.dylik@gmail.com,347-689-710,Warszawa,00000,2026-06-01,Meta Ads,True,1959-01-31
2414,Oskar,Kucharz,oskar.kucharz@wp.pl,443 289 872,Kraków,29-904,2025-11-02,Organic,False,1988-06-19
2415,Olga,Kołaczyk,olga.kołaczyk@gmail.com,,Warszawa,51-104,2025-06-29,Meta Ads,False,1967-04-01
2416,Cezary,Judek,cezary.judek@wp.pl,623523631,Kraków,27-176,2024-10-06,Meta Ads,True,1997-03-28
2417,Mieszko,Pochroń,mieszko.pochroń@o2.pl,587 966 492,Wrocław,37-723,2026-06-23,Influencer,True,1987-03-15
2418,Jakub,Kroczak,jakub.kroczak@o2.pl,303 566 435,Kraków,24-516,2025-07-12,Meta Ads,False,2003-09-16
2419,Malwina,Huczko,malwina.huczko@o2.pl,398702276,Białystok,40-874,2024-09-30,Meta Ads,True,2003-08-26
2420,Tadeusz,Gonsior,tadeusz.gonsior@gmail.com,407 011 163,Bydgoszcz,41-698,2025-12-02,Meta Ads,False,1959-04-11
2421,Daniel,Kloska,daniel.kloska@gmail.com,+48 433 693 702,łódź,59-146,2025-08-10,Organic,False,2006-08-06
2422,Lidia,Barankiewicz,lidia.barankiewicz@gmail.com,+48 917 124 361,Toruń,43-022,2024-11-26,Meta Ads,True,1965-01-01
2423,Błażej,Sztuczka,błażej.sztuczka@gmail.com,276846629,Piła,10-175,2024-12-02,Google Ads,False,1991-08-05
2424,Mateusz,Ziajka,mateusz.ziajka@gmail.com,+48 972 048 135,Warszawa,46-993,2024-10-03,Meta Ads,False,1980-09-15
2425,Jakub,Górnisiewicz,jakub.górnisiewicz@gmail.com,,Kraków,32-484,2025-10-12,Meta Ads,False,1961-05-23
2426,Kacper,Basak,kacper.basak@wp.pl,441 931 076,Opole,88-298,2025-11-01,Google Ads,False,1999-11-14
2427,Anna Maria,Ułanowicz,anna maria.ułanowicz@onet.pl,459 693 839,Łódź,00000,2025-09-26,Organic,False,1963-05-13
2428,Patryk,Dmoch,patryk.dmoch@onet.pl,918080877,Łódź,39-824,2026-03-25,Google Ads,True,1994-08-12
2429,Aniela,Eckert,ANIELA.ECKERT@WP.PL,,Lublin,95-360,2026-04-14,Organic,False,2008-01-21
2430,Juliusz,Nastały,juliusz.nastały@onet.pl,+48 567 582 533,Lublin,63-260,2025-11-28,Meta Ads,False,1974-11-26
2431,Bartek,Żabka,bartek.żabka@wp.pl,932 769 870,Opole,46-309,2024-09-13,Google Ads,False,1993-03-26
2432,Eliza,Chaba,eliza.chaba@gmail.com,+48 722 649 578,Poznań,85-878,2025-12-03,Meta Ads,False,2001-06-13
2433,Gaja,Poczta,gaja.poczta@gmail.com,409304440,Gdańsk,15-277,2025-06-22,Newsletter,False,1991-12-11
2434,Michał,Radzewicz,michał.radzewicz@gmail.com,+48 025 044 719,Warszawa,53-877,2025-10-19,Newsletter,False,1967-04-08
2435,Julian,Komisarczyk,julian.komisarczyk@gmail.com,714 863 565,Gdynia,64-032,2025-11-10,Google Ads,False,1968-07-18
2436,Kornelia,Gruza,KORNELIA.GRUZA@WP.PL,134 599 877,Elbląg,27-763,2025-04-21,Google Ads,False,1960-04-29
2437,Albert,Naumiuk,albert.naumiuk@o2.pl,+48 534 109 687,Katowice,14-989,2026-06-13,Influencer,False,1970-02-10
2438,Inga,Ludwik,inga.ludwik@gmail.com,,Rzeszów,58-982,2024-11-03,Influencer,False,2002-01-11
2439,Tymoteusz,Bobrowicz,tymoteusz.bobrowicz@gmail.com,169 678 183,Gdańsk,87-358,2025-12-09,Meta Ads,False,2002-08-29
2440,Kamila,Kołata,KAMILA.KOŁATA@GMAIL.COM,716 644 749,Kraków,54-968,2024-09-06,Google Ads,False,2008-04-10
2441,Fabian,Ciuła,FABIAN.CIUŁA@GMAIL.COM,345 010 456,Zielona Góra,06-594,2026-06-12,Google Ads,False,1983-02-28
2442,Cyprian,Fraszczyk,cyprian.fraszczyk@gmail.com,,Opole,79-126,2024-11-09,Google Ads,True,1978-07-27
2443,Agnieszka,Krüger,agnieszka.krüger@gmail.com,+48 631 320 346,Suwałk,45-296,2024-11-20,Meta Ads,True,1961-06-08
2444,Mateusz,Grosz,mateusz.grosz@onet.pl,776446210,warszawa,88-151,2025-04-05,Meta Ads,False,1980-04-23
2445,Krystian,Sznura,krystian.sznura@wp.pl,908454798,Bydgoszcz,38-639,2025-05-05,Meta Ads,True,1985-03-06
2446,Miłosz,Kiepura,miłosz.kiepura@wp.pl,265933607,Częstochowa,63-296,2024-12-18,Influencer,True,1959-01-07
2447,Gustaw,Podkowa,gustaw.podkowa@gmail.com,199803001,Łódź,59-042,2025-11-28,Organic,False,1967-02-11
2448,Tola,Trznadel,tola.trznadel@o2.pl,+48 125 637 952,Łódź,07-501,2025-06-15,Organic,False,1971-10-21
2449,Kornelia,Rząd,kornelia.rząd@gmail.com,198 380 930,Wrocław,85-855,2024-09-30,Meta Ads,False,1955-08-18
2450,Iwo,Wołoch,iwo.wołoch@gmail.com,+48 580 711 387,Warszawa,45-900,2025-03-22,Meta Ads,False,1970-08-10
2451,Nela,Wojtach,NELA.WOJTACH@O2.PL,526 626 064,Poznań,99-575,2026-03-31,Meta Ads,True,1963-10-24
2452,Dawid,Frukacz,dawid.frukacz@interia.pl,+48 557 120 583,Warszawa,35-147,2025-12-09,Meta Ads,True,2008-05-18
2453,Konrad,Baster,konrad.baster@gmail.com,951 063 896,Szczecin,75-941,2026-01-06,Influencer,False,1959-11-15
2454,Borys,Płaneta, borys.płaneta@gmail.com ,903-661-843,Łódź,61-956,2025-12-18,Meta Ads,False,1974-05-23
2455,Ernest,Gregorek,ernest.gregorek@gmail.com,,Lublin,52-991,2025-03-17,Newsletter,True,2003-07-08
2456,Robert,Pacyga,robert.pacyga@gmail.com,559-125-381,Białystok,77-319,2024-11-29,Influencer,False,1964-10-11
2457,Justyna,Bochnak,justyna.bochnak@gmail.com,531 441 887,Rzeszów,42-824,2025-02-23,Google Ads,False,1986-03-28
2458,Ksawery,Supeł,ksawery.supeł@wp.pl,+48 088 710 941,Kielce,18-427,2026-04-03,Google Ads,False,1984-12-21
2459,Emil,Ścibisz,emil.ścibisz@gmail.com,120110258,Olsztyn,11-305,2026-08-06,Meta Ads,False,1985-08-18
2460,Marcelina,Cydzik,marcelina.cydzik@o2.pl,582 038 967,Łódź,24-385,2025-08-08,Meta Ads,True,1997-01-23
2461,Justyna,Prokopczyk,justyna.prokopczyk@gmail.com,+48 859 099 012,Rzeszów,18-540,2024-09-01,Referral,False,1979-01-06
2462,Jędrzej,Makoś,jędrzej.makoś@onet.pl,762 787 647,Warszawa,88-730,2024-11-25,Newsletter,False,1974-07-18
2463,Maks,Ciepła,maks.ciepła@gmail.com,301762568,Warszawa,60-431,2025-03-09,Meta Ads,False,2006-07-21
2464,Marcelina,Jop,marcelina.jop@gmail.com,,Kraków,452387,2025-10-28,Referral,False,2006-05-06
2465,Sandra,Janasik,sandra.janasik@onet.pl,541828939,Wrocław,97-144,2024-10-18,Meta Ads,False,1988-03-14
2466,Emil,Ziarno,emil.ziarno@gmail.com,+48 818 614 165,Warszawa,32-595,2026-07-14,Organic,False,1982-09-28
2467,Hubert,Namysł,hubert.namysł@gmail.com,888363670,Kraków,70-922,2025-05-11,Meta Ads,False,1985-07-27
2468,Gustaw,Kiełbowicz,gustaw.kiełbowicz@gmail.com,206-489-042,Gdańsk,97-866,2026-06-09,Google Ads,False,1976-05-28
2469,Olga,Posłuszna,olga.posłuszna@gmail.com,798 841 574,Rzeszów,01-474,2026-02-18,Meta Ads,True,1998-05-24
2470,Eliza,Nalewajek,eliza.nalewajek@gmail.com,883-992-299,Wrocław,07-087,2026-02-08,Meta Ads,True,1958-06-29
2471,Dominik,Borkiewicz,dominik.borkiewicz@gmail.com,657 648 410,Białystok,77-100,2025-11-28,Meta Ads,False,1999-02-27
2472,Sylwia,Szymańczak,sylwia.szymańczak@onet.pl,136 323 778,Bydgoszcz,00000,2025-11-09,Organic,False,2001-05-28
2473,Marcel,Gal,marcel.gal@gmail.com,280 395 231,Radom,75-691,2025-11-28,Newsletter,False,1982-09-01
2474,Mikołaj,Kurczab,mikołaj.kurczab@gmail.com,516-577-900,Warszawa,27-529,2025-11-11,Organic,False,1963-03-27
2475,Anastazja,Kopa,anastazja.kopa@onet.pl,+48 170 801 897,Kraków,29-917,2025-10-23,Google Ads,False,1991-05-29
2476,Marcin,Kij,marcin.kij@gmail.com,953-244-321,Szczecin,81-319,2026-08-03,Google Ads,True,1993-09-16
2477,Jan,Łacina,jan.łacina@wp.pl,929-488-081,Kraków,63-639,2026-01-26,Meta Ads,False,1992-01-18
2478,Oliwier,Rohde,oliwier.rohde@o2.pl,159528304,Katowice,01-157,2026-02-03,Meta Ads,False,1987-08-06
2479,Ignacy,Roskosz,ignacy.roskosz@wp.pl,319-254-774,Olsztyn,13-254,2026-05-26,Newsletter,False,1966-06-03
2480,Lidia,Rybus,lidia.rybus@gmail.com,,Wrocław,65-455,2024-12-26,Meta Ads,True,1976-04-20
2481,Marcel,Szyndler,marcel.szyndler@gmail.com,899688500,Gorzów Wielkopolski,52-496,2024-11-02,Organic,False,2007-09-06
2482,Marek,Skocz,marek.skocz@gmail.com,233 864 467,Piła,70-267,2025-08-25,Organic,False,1999-02-23
2483,Monika,Matula,monika.matula@gmail.com,+48 832 716 837,Warszawa,85-632,2025-09-16,Google Ads,False,1962-02-14
2484,Tymon,Śledzik,tymon.śledzik@gmail.com,,Katowice,03-190,2026-04-17,Newsletter,False,1963-02-07
2485,Tadeusz,Ciesiółka,TADEUSZ.CIESIÓŁKA@WP.PL,+48 228 979 893,Poznań,66-760,2025-07-06,Meta Ads,False,1992-09-04
2486,Ksawery,Teodorowicz,ksawery.teodorowicz@gmail.com,,Warszawa,62-297,2025-10-15,Meta Ads,False,1970-12-08
2487,Oskar,Myk,oskar.myk@o2.pl,+48 151 996 534,Warszawa,64-377,2025-09-23,Meta Ads,False,1990-12-25
2488,Kamila,Durys, kamila.durys@gmail.com ,463 042 495,Kraków,90-820,2024-09-12,Meta Ads,False,1961-04-13
2489,Urszula,Dąbroś,urszula.dąbroś@gmail.com,751 292 925,Poznań,55-152,2025-11-18,Organic,False,1957-01-28
2490,Róża,Tułacz,różatułacz@onet.pl,927 386 565,Lublin,73-399,2026-04-16,Organic,False,1956-03-06
2491,Emil,Tecław,emil.tecław@gmail.com,504 553 368,Warszawa,83-667,2024-11-12,Meta Ads,False,2002-12-08
2492,Sara,Kolbusz,sara.kolbusz@wp.pl,059-323-382,Łódź,46-986,2025-11-12,Google Ads,True,1962-12-23
2493,Róża,Dorawa,różadorawa@onet.pl,,Zielona Góra,02-163,2025-11-25,Organic,False,1974-07-22
2494,Nela,Janczarek,nela.janczarek@o2.pl,203 962 644,Olsztyn,45-925,2024-12-13,Meta Ads,False,1993-01-09
2495,Tobiasz,Kręcichwost,tobiasz.kręcichwost@wp.pl,,Poznań,09-179,2024-11-03,Influencer,True,1990-05-11
2496,Maks,Długozima,maks.długozima@gmail.com,241795897,Warszawa,93-577,2026-08-06,Referral,False,1973-07-30
2497,Sebastian,Widłak,sebastian.widłak@onet.pl,955 989 405,Warszawa,98-675,2025-05-06,Organic,True,1971-08-26
2498,Kamila,Gajdzik,kamila.gajdzik@o2.pl,903 923 662,Wrocław,83-496,2025-01-19,Google Ads,False,1975-07-21
2499,Natasza,Sajnóg,natasza.sajnóg@gmail.com,083 295 510,Zielona Góra,85-185,2024-12-06,Meta Ads,True,1986-02-15
2500,Dorota,Wykręt,dorota.wykręt@gmail.com,938453333,Toruń,85-539,2025-12-15,Influencer,False,1969-05-02
2501,Kazimierz,Myk,kazimierz.myk@gmail.com,,Warszawa,75-357,2025-11-21,Google Ads,False,1986-07-29
2502,Olga,Prucnal,olga.prucnal@gmail.com,,Rzeszów,06-031,2025-11-19,Meta Ads,True,2000-10-02
2503,Damian,Płócienniczak,damian.płócienniczak@wp.pl,322128566,Łódź,13-682,2024-11-01,Meta Ads,True,1961-03-23
2504,Lidia,Malara,lidia.malara@gmail.com,+48 147 338 359,Kraków,98-238,2026-05-04,Meta Ads,True,2007-08-10
2505,Marek,Szlęk,marek.szlęk@gmail.com,479479196,Piła,23-746,2025-05-28,Organic,False,2002-11-24
2506,Sandra,Kokosza,sandra.kokosza@onet.pl,104976575,Białystok,08-627,2025-03-08,Influencer,False,1968-11-14
2507,Piotr,Kurzaj,piotr.kurzaj@wp.pl,,Warszawa,96-075,2025-07-17,Meta Ads,False,1978-12-30
2508,Mariusz,Fronczyk,mariusz.fronczyk@o2.pl,424-629-932,Kraków,81-861,2025-05-19,Google Ads,False,1957-02-26
2509,Tymoteusz,Pabisiak,tymoteusz.pabisiak@gmail.com,071-108-537,Białystok,14-716,2026-04-06,Meta Ads,False,1979-06-03
2510,Łukasz,Jajko,łukasz.jajko@wp.pl,922-306-313,Lubli,74-570,2026-06-12,Organic,True,1966-03-07
2511,Iwo,Waszczyk,iwo.waszczyk@wp.pl,080721481,Warszawa,57-696,2025-03-31,Meta Ads,False,1970-10-04
2512,Ksawery,Niedośpiał,ksawery.niedośpiał@gmail.com,+48 978 197 260,Radom,21-445,2026-04-27,Organic,False,1998-09-24
2513,Eryk,Poniedziałek,eryk.poniedziałek@wp.pl,+48 354 997 360,Gdańsk,75-025,2026-03-09,Meta Ads,True,1988-12-09
2514,Patryk,Kopciuch,PATRYK.KOPCIUCH@WP.PL,348-816-696,Łódź,05-830,2026-06-19,Google Ads,False,1963-01-17
2515,Jan,Gruza,jan.gruza@gmail.com,806720575,Poznań,53-582,2025-01-25,Meta Ads,True,1984-07-25
2516,Wojciech,Ignatiuk,wojciech.ignatiuk@interia.pl,,Rzeszów,24-699,2025-10-16,Meta Ads,False,1994-04-14
2517,Liwia,Chowaniak,liwia.chowaniak@wp.pl,396918084,Piła,25-853,2025-02-14,Google Ads,False,1966-08-04
2518,Lidia,Furga,lidia.furga@wp.pl,,Szczecin,46-366,2026-04-30,Google Ads,False,1988-05-17
2519,Melania,Henke,melania.henke@onet.pl,+48 531 503 789,Warszaw,18-821,2024-09-02,Organic,False,1959-02-26
2520,Marianna,Mętel,marianna.mętel@onet.pl,844 195 210,Warszawa,49-895,2025-10-06,Influencer,False,1959-05-08
2521,Maksymilian,Pacocha,maksymilian.pacocha@o2.pl,+48 530 286 840,Kraków,67-306,2025-04-03,Newsletter,True,1960-12-10
2522,Sonia,Podeszwa,sonia.podeszwa@o2.pl,+48 549 690 597,Wrocław,07-616,2025-03-01,Organic,False,1984-03-30
2523,Michał,Młynarz,michał.młynarz@onet.pl,513977241,Kraków,38-945,2025-11-12,Meta Ads,True,1999-06-28
2524,Tobiasz,Konieczek,tobiasz.konieczek@gmail.com,944986352,Radom,46-070,2026-04-08,Organic,False,2001-11-01
2525,Damian,Nowrot,damian.nowrot@onet.pl,750485589,Gdańsk,10-548,2025-11-14,Organic,True,1986-02-02
2526,Eliza,Domowicz,eliza.domowicz@gmail.com,050982659,Wrocław,65-320,2026-04-05,Meta Ads,True,1976-10-02
2527,Adam,Szatko,adam.szatko@wp.pl,249-705-848,Suwałki,90-914,2025-02-10,Influencer,True,1961-06-21
2528,Natasza,Szabla,natasza.szabla@gmail.com,580 894 880,Wrocłław,84-031,2025-09-25,Influencer,False,1957-04-21
2529,Sandra,Kosiak, sandra.kosiak@wp.pl ,651 522 043,Kraków,26-343,2025-07-24,Google Ads,False,2002-08-30
2530,Stanisław,Sławik,stanisław.sławik@gmail.com,658-335-545,Bydgoszcz,27-561,2024-09-18,Meta Ads,True,1998-11-19
2531,Kornel,Siciarz,kornel.siciarz@wp.pl,133-249-977,Kraków,85-935,2025-10-27,Organic,False,2002-02-22
2532,Marek,Kołtuniak,marek.kołtuniak@gmail.com,792006816,Wrocław,10-825,2025-12-23,Google Ads,True,2005-11-03
2533,Piotr,Jaśko,piotr.jaśko@gmail.com,+48 691 705 471,Bydgoszzcz,10-973,2025-11-03,Meta Ads,False,1977-08-27
2534,Maksymilian,Wielgo,maksymilian.wielgo@gmail.com,+48 392 678 729,Warszawa,71-491,2026-01-16,Meta Ads,False,2005-10-07
2535,Jeremi,Kuziora,jeremi.kuziora@gmail.com,085-093-304,Kielce,06-107,2025-10-19,Newsletter,True,1957-06-25
2536,Dorota,Koziatek,dorota.koziatek@onet.pl,+48 162 900 678,Częstochowa,84-359,2024-10-20,Meta Ads,False,1978-06-19
2537,Emil,Kilar, emil.kilar@wp.pl ,511 771 448,Warszawa,30-022,2024-11-23,Google Ads,False,2004-12-14
2538,Szymon,Mszyca,szymon.mszyca@gmail.com,725-958-226,Warszawa,26-548,2025-11-13,Meta Ads,False,1987-10-29
2539,Fryderyk,Chojak,FRYDERYK.CHOJAK@WP.PL,023-935-765,Warszawa,88-756,2025-02-14,Google Ads,False,1956-07-21
2540,Karina,Solarek,karina.solarek@wp.pl,897-271-977,Gdynia,50-785,2024-10-10,Referral,True,1975-08-03
2541,Hubert,Kałwak,hubert.kałwak@gmail.com,378296130,Warszawa,90-438,2025-06-11,Newsletter,True,1984-09-20
2542,Oliwier,Mila,oliwier.mila@gmail.com,654 025 365,Warszawa,16-919,2025-10-20,Organic,False,1988-03-23
2543,Leonard,Szyguła,leonard.szyguła@gmail.com,220 039 509,Warszawa,25-352,2025-04-12,Meta Ads,True,1978-09-24
2544,Adam,Lemke, adam.lemke@gmail.com ,291865501,Częstochowa,30-095,2025-12-27,Meta Ads,False,1986-10-17
2545,Olaf,Ziółko,olaf.ziółko@gmail.com,751 264 439,Katowice,96-771,2025-11-18,Meta Ads,True,2002-09-05
2546,Julita,Sykała,JULITA.SYKAŁA@INTERIA.PL,621 029 664,olsztyn,06-822,2025-04-11,Meta Ads,False,1956-05-20
2547,Witold,Jamrożek,witold.jamrożek@gmail.com,929593120,Szczecin,08-079,2026-02-25,Meta Ads,False,1958-08-06
2548,Monika,Jagieło,monika.jagieło@gmail.com,340 612 879,Kraków,37-045,2025-11-22,Google Ads,False,1972-03-30
2549,Andrzej,Flisiak,andrzej.flisiak@gmail.com,,Szczecin,17-621,2025-11-14,Referral,True,1976-09-05
2550,Marcel,Styn,marcel.styn@gmail.com,252422902,Warszawa,10-079,2025-10-07,Google Ads,True,1968-11-08
2551,Inga,Zagrodnik,inga.zagrodnik@gmail.com,283-564-331,Elbląg,64-723,2024-09-17,Google Ads,False,1994-07-25
2552,Maurycy,Wons,maurycy.wons@gmail.com,+48 674 034 275,Gdańsk,29-455,2025-12-31,Influencer,False,1993-05-23
2553,Dariusz,Wyciszkiewicz,dariusz.wyciszkiewicz@gmail.com,440 977 763,Poznań,71-300,2025-05-10,Organic,True,2001-08-26
2554,Andrzej,Czura,andrzej.czura@gmail.com,838 782 289,Konin,35-327,2026-06-17,Meta Ads,False,1992-07-30
2555,Nela,Piłka,nela.piłka@gmail.com,321 624 935,Katowice,07-355,2026-03-30,Meta Ads,False,2003-04-27
2556,Ada,Marchlewicz,ada.marchlewicz@gmail.com,,Częstochowa,11-209,2025-11-28,Google Ads,True,2003-12-08
2557,Angelika,Podeszwa,angelika.podeszwa@gmail.com,546562784,Kraków,40-760,2025-02-21,Newsletter,False,1984-11-25
2558,Marcel,Pazdan,marcel.pazdan@gmail.com,315-535-816,Szczecin,93-836,2024-12-17,Meta Ads,False,1997-05-10
2559,Piotr,Dubel,piotr.dubel@wp.pl,066 517 334,Warszawa,90-451,2025-04-17,Google Ads,False,1990-01-15
2560,Agnieszka,Początek,agnieszka.początek@onet.pl,465 905 341,Warszawa,03-511,2025-08-23,Meta Ads,False,1999-12-03
2561,Jeremi,Cywka,jeremi.cywka@wp.pl,503601595,Kraków,76-394,2025-03-22,Organic,False,1971-07-08
2562,Karol,Kanarek,karol.kanarek@gmail.com,977315743,Opole,36-876,2025-09-15,Referral,True,1987-11-30
2563,Anastazja,Talaśka,anastazja.talaśka@gmail.com,+48 519 099 957,Elbląg,49-394,2024-12-11,Meta Ads,False,1979-02-16
2564,Artur,Zarzeczna,artur.zarzeczna@wp.pl,323-542-757,Suwałki,49-189,2026-08-06,Meta Ads,False,1990-07-28
2565,Ewelina,Kośka,ewelina.kośka@wp.pl,+48 553 898 183,kielce,85-313,2024-11-28,Organic,True,1957-04-03
2566,Nataniel,Para,nataniel.para@wp.pl,542 382 067,Radom,00000,2026-06-03,Newsletter,False,2002-12-07
2567,Błażej,Antoszczyk,błażej.antoszczyk@gmail.com,+48 418 618 186,Gdańsk,97-606,2026-06-13,Meta Ads,False,1967-01-27
2568,Antoni,Gogola,antoni.gogola@gmail.com,284-716-414,Zielona Gór,00000,2025-09-25,Meta Ads,False,1988-07-15
2569,Marianna,Bruś,marianna.bruś@gmail.com,,Bydgoszcz,94-951,2026-01-28,Organic,False,1994-07-28
2570,Adam,Smyl,adam.smyl@gmail.com,834527520,Lublin,14-567,2025-06-09,Newsletter,False,1976-03-01
2571,Stefan,Suchora,stefan.suchora@onet.pl,662-240-833,Warszawa,69-475,2025-11-15,Organic,False,1978-01-22
2572,Nicole,Smardz,nicole.smardz@gmail.com,198-985-104,Kraków,67-267,2025-04-04,Google Ads,False,1964-03-17
2573,Fryderyk,Mleczak,fryderyk.mleczak@interia.pl,378 546 979,Kraków,96-947,2025-03-13,Google Ads,False,1968-03-21
2574,Bartek,Stoch,bartek.stoch@o2.pl,300 387 230,Warszawa,88-974,2025-10-01,Influencer,False,1970-02-19
2575,Witold,Miros,witold.miros@gmail.com,299-883-111,Pił,70-303,2025-08-22,Google Ads,True,1973-06-26
2576,Ewa,Bernatowicz,ewa.bernatowicz@o2.pl,908-814-518,Wrocław,79-281,2025-10-31,Newsletter,True,1974-10-07
2577,Iwo,Derek,iwo.derek@wp.pl,667-547-496,Łódź,84-830,2025-03-28,Google Ads,False,1996-06-27
2578,Bartek,Kołton,bartek.kołton@gmail.com,464-516-522,Toruń,538526,2025-05-02,Referral,False,1990-08-13
2579,Błażej,Hirsch,błażej.hirsch@gmail.com,,Łódź,23-455,2024-11-03,Organic,True,1980-02-13
2580,Monika,Kus,monika.kus@o2.pl,,białystok,60-038,2024-10-09,Google Ads,False,2006-10-15
2581,Malwina,Bajko,malwina.bajko@gmail.com,,Łódź,72-224,2025-02-01,Organic,True,1977-04-02
2582,Elżbieta,Kawala,elżbieta.kawala@onet.pl,859030818,Suwałki,559447,2024-10-04,Google Ads,True,1987-12-11
2583,Jędrzej,Korbel,jędrzej.korbel@gmail.com,397960753,Radom,57-185,2024-11-16,Meta Ads,True,1969-04-08
2584,Jacek,Kuliberda,jacek.kuliberda@onet.pl,972 940 018,Katowice,64-131,2026-03-11,Organic,True,1967-08-25
2585,Tymoteusz,Lenarcik,tymoteusz.lenarcik@wp.pl,302 264 948,Poznań,80-672,2024-10-20,Organic,False,1958-03-22
2586,Oliwier,Żyto,oliwier.żyto@gmail.com,097-487-067,Warszawa,05-189,2025-11-21,Influencer,False,1991-11-15
2587,Monika,Ryznar,monika.ryznar@gmail.com,,Warszawa,41-043,2025-02-16,Meta Ads,True,1984-12-04
2588,Olaf,Surdyk,olaf.surdyk@wp.pl,+48 415 311 489,Opole,92-266,2026-05-29,Google Ads,False,2007-04-15
2589,Kacper,Franaszek,kacper.franaszek@gmail.com,+48 586 233 628,Elbląg,46-554,2025-08-11,Organic,False,1993-08-31
2590,Marek,Łepek,marek.łepek@gmail.com,087 102 143,Toruń,14-080,2025-03-25,Google Ads,False,1982-06-18
2591,Kamil,Łusiak,KAMIL.ŁUSIAK@INTERIA.PL,+48 076 769 090,Gdańsk,10-243,2025-09-04,Organic,True,1966-05-30
2592,Anita,Olkowicz,anita.olkowicz@gmail.com,284717086,Warszawa,88-426,2025-05-17,Meta Ads,False,1959-05-19
2593,Marianna,Brachman,marianna.brachman@interia.pl,015 560 854,Elbląg,37-147,2025-10-16,Google Ads,True,1956-11-26
2594,Olgierd,Grzenia,olgierd.grzenia@onet.pl,+48 184 934 238,Lublin,53-919,2024-11-11,Influencer,True,1990-02-24
2595,Natasza,Pałgan,natasza.pałgan@gmail.com,202 308 759,Suwałki,80-032,2026-08-06,Google Ads,True,1964-02-03
2596,Aleksander,Kulma,aleksander.kulma@wp.pl,+48 055 878 100,Warszawa,20-934,2025-06-11,Meta Ads,False,1986-12-06
2597,Dominik,Ziarek,dominik.ziarek@gmail.com,054 282 839,Łódź,28-828,2025-04-12,Newsletter,False,1972-03-10
2598,Apolonia,Kurbiel,apolonia.kurbiel@gmail.com,778 237 056,Białystok,300469,2025-12-03,Organic,False,1973-10-30
2599,Przemysław,Błaziak,przemysław.błaziak@gmail.com,675539972,Piła,75-034,2025-04-18,Organic,False,1990-06-03
2600,Krystian,Kasak,krystian.kasak@gmail.com,730327678,Warszawa,98-665,2026-04-27,Influencer,True,1959-10-02
2601,Igor,Dzierwa,igor.dzierwa@gmail.com,+48 672 406 021,Kraków,73-516,2025-07-12,Organic,True,2008-06-24
2602,Krystyna,Daniec,krystyna.daniec@gmail.com,662-158-301,Rzeszów,54-552,2025-12-01,Meta Ads,False,1994-06-13
2603,Liwia,Mostek,liwia.mostek@wp.pl,999-582-319,Wrocław,07-622,2024-11-20,Influencer,True,1980-08-17
2604,Anna Maria,Mazek,anna maria.mazek@gmail.com,928771854,Warszawa,57-325,2026-04-30,Newsletter,True,1969-11-11
2605,Aurelia,Zioła,aurelia.zioła@gmail.com,+48 911 621 298,Gdańsk,32-337,2026-01-17,Meta Ads,False,1968-06-23
2606,Olgierd,Mitek,olgierd.mitek@gmail.com,671805052,Warszawa,59-323,2024-12-07,Meta Ads,True,1995-04-02
2607,Oliwier,Małyszka,oliwier.małyszka@o2.pl,866 698 800,Radom,31-456,2024-11-30,Newsletter,False,1994-06-08
2608,Kalina,Mikita,kalina.mikita@gmail.com,239894929,Opole,11-361,2025-03-25,Organic,False,1985-04-19
2609,Igor,Kucab,igor.kucab@wp.pl,+48 551 221 135,Częstochowa,84-496,2026-08-06,Influencer,False,1987-09-03
2610,Adrianna,Ceran,adrianna.ceran@gmail.com,858-921-818,Gdynia,54-236,2025-02-03,Google Ads,False,1985-10-08
2611,Hubert,Rapa,hubert.rapa@wp.pl,246618373,Szczecin,32-796,2025-07-27,Meta Ads,False,2003-10-15
2612,Janina,Szara,janina.szara@gmail.com,458179126,Łódź,18-621,2024-09-30,Organic,False,1969-05-22
2613,Stefan,Larysz,stefan.larysz@gmail.com,734-369-068,Częstochowa,41-121,2025-05-02,Google Ads,True,1959-11-30
2614,Sandra,Wiertel,sandra.wiertel@gmail.com,268 943 333,Łódź,19-590,2025-10-26,Google Ads,True,1981-10-15
2615,Konrad,Kleinschmidt,konrad.kleinschmidt@gmail.com,825957670,Konin,24-898,2026-07-24,Google Ads,False,1979-08-30
2616,Leon,Pizoń,leon.pizoń@gmail.com,460056996,Leszno,54-270,2025-09-20,Influencer,False,1996-03-02
2617,Natasza,Kawulok,natasza.kawulok@wp.pl,821956037,Warszawa,13-130,2026-03-07,Meta Ads,True,2001-09-04
2618,Kornelia,Słomian,kornelia.słomian@gmail.com,416 664 255,Wrocław,00000,2025-10-29,Meta Ads,False,2008-01-24
2619,Adrian,Syldatk,adrian.syldatk@gmail.com,383-920-495,Warszawa,68-941,2024-10-18,Google Ads,False,1976-03-01
2620,Kaja,Świstek,kaja.świstek@gmail.com,705354370,Warszawa,17-412,2025-03-23,Google Ads,False,1992-07-13
2621,Tadeusz,Lisoń,tadeusz.lisoń@wp.pl,610-397-111,Warszawa,38-122,2025-10-18,Referral,True,1973-06-12
2622,Natan,Kosowicz,natan.kosowicz@onet.pl,543-756-567,Katowice,78-632,2026-07-08,Organic,False,1961-04-22
2623,Aleksander,Dybka,aleksander.dybka@gmail.com,712649168,Kielce,95-943,2026-04-07,Google Ads,False,1974-05-29
2624,Adrianna,Semik,adrianna.semik@onet.pl,397845547,Warszawa,81-461,2025-01-27,Influencer,False,1994-11-08
2625,Justyna,Capała,justyna.capała@wp.pl,+48 312 589 315,Szczecin,97-489,2024-12-09,Influencer,False,1992-09-13
2626,Grzegorz,Indyka,grzegorz.indyka@gmail.com,,Wrocław,99-604,2024-12-23,Google Ads,False,2004-02-29
2627,Apolonia,Tlałka,apolonia.tlałka@onet.pl,+48 574 593 787,Szczecin,20-918,2026-06-23,Organic,False,1956-01-03
2628,Tola,Lipowicz,tola.lipowicz@wp.pl,849599658,Suwałki,87-665,2026-04-29,Meta Ads,False,1979-08-19
2629,Kazimierz,Jaźwiec,kazimierz.jaźwiec@interia.pl,719 374 894,Piła,23-521,2026-02-05,Newsletter,False,1993-11-21
2630,Konstanty,Pindral,konstanty.pindral@gmail.com,455-655-808,Poznań,13-238,2025-05-10,Meta Ads,True,1971-05-10
2631,Cyprian,Jacak,cyprian.jacak@wp.pl,272499882,Warszawa,73-531,2025-09-24,Organic,False,2003-02-25
2632,Elżbieta,Dymarczyk,elżbieta.dymarczyk@o2.pl,520-756-445,Kraków,55-293,2025-07-27,Meta Ads,True,1972-09-14
2633,Alex,Świć,alex.świć@gmail.com,876603112,Kraków,23-977,2025-02-23,Meta Ads,True,1963-03-09
2634,Nikodem,Jambor,nikodem.jambor@wp.pl,050-629-529,Kraków,178067,2025-09-05,Newsletter,True,1986-01-29
2635,Jędrzej,Słabosz,jędrzej.słabosz@gmail.com,103 153 801,Wrocław,393185,2024-09-06,Meta Ads,False,1964-05-15
2636,Stefan,Gul,stefan.gul@onet.pl,730 118 198,Łódź,63-450,2024-11-05,Influencer,False,1967-06-13
2637,Alan,Majorczyk,alan.majorczyk@gmail.com,201778080,Piła,34-621,2026-05-11,Meta Ads,False,1995-07-13
2638,Jerzy,Wielgat,jerzy.wielgat@gmail.com,697 886 026,Warszawa,36-145,2026-02-23,Newsletter,False,1960-09-05
2639,Bianka,Patoła,bianka.patoła@onet.pl,,Wrocław,66-773,2025-06-30,Meta Ads,False,1964-07-17
2640,Maciej,Kamyk,maciej.kamyk@onet.pl,619996951,Częstochowa,70-551,2025-09-13,Meta Ads,False,1997-12-10
2641,Jan,Górnisiewicz, jan.górnisiewicz@o2.pl ,,Warszawa,04-379,2025-05-11,Google Ads,False,1966-05-12
2642,Anita,Rejmer,anita.rejmer@onet.pl,849-094-883,Elbląg,94-456,2026-01-01,Google Ads,False,1983-03-15
2643,Agnieszka,Erdmann,agnieszka.erdmann@gmail.com,+48 617 584 134,Toruń,15-734,2026-03-27,Meta Ads,False,1993-01-11
2644,Ignacy,Gleba,ignacy.gleba@onet.pl,817-221-743,Warszawa,56-506,2026-02-11,Google Ads,False,1969-07-15
2645,Sebastian,Widłak,sebastian.widłak@gmail.com,560036614,Warszawa,94-685,2025-12-02,Google Ads,False,1961-10-07
2646,Maks,Haponiuk,maks.haponiuk@gmail.com,045-150-829,Częstochowa,11-763,2024-12-27,Meta Ads,True,1997-08-22
2647,Igor,Loska,igor.loska@gmail.com,511-917-031,Opole,21-520,2025-04-17,Meta Ads,False,1973-05-14
2648,Agnieszka,Kornak, agnieszka.kornak@gmail.com ,363542263,Wrocław,95-526,2025-07-25,Influencer,False,1991-03-20
2649,Wojciech,Piotrak,wojciech.piotrak@onet.pl,958165239,Opole,89-323,2025-04-03,Meta Ads,False,2002-11-20
2650,Piotr,Laskus,piotr.laskus@gmail.com,991-516-354,Katowice,13-955,2026-02-20,Google Ads,False,1992-12-19
2651,Angelika,Siergiej,angelika.siergiej@gmail.com,+48 609 895 670,Warszawa,25-862,2025-04-06,Organic,False,1985-03-06
2652,Piotr,Wasyluk,piotr.wasyluk@gmail.com,751 118 572,Warszawa,81-009,2024-11-03,Google Ads,False,1968-08-17
2653,Julianna,Kruszona,julianna.kruszona@gmail.com,,Gdańsk,29-690,2025-05-10,Meta Ads,False,1965-12-19
2654,Natasza,Warych,natasza.warych@gmail.com,758 237 426,Olsztyn,63-834,2026-08-06,Newsletter,False,1965-07-06
2655,Sonia,Podpora,sonia.podpora@gmail.com,+48 213 889 367,Kraków,00000,2025-01-13,Google Ads,False,1989-03-28
2656,Dawid,Palonek,dawid.palonek@gmail.com,484 328 186,Bydgoszcz,93-768,2025-11-14,Newsletter,False,1966-12-12
2657,Justyna,Rohde,justyna.rohde@gmail.com,724 746 072,Piła,63-572,2025-06-04,Meta Ads,False,1987-12-28
2658,Kajetan,Bernatowicz,kajetan.bernatowicz@gmail.com,027-329-870,Elbląg,54-705,2024-10-29,Organic,False,1969-07-15
2659,Fryderyk,Goworek,fryderyk.goworek@gmail.com,+48 533 740 598,Opole,75-241,2025-08-01,Meta Ads,False,1989-05-24
2660,Karina,Pyszczek,karina.pyszczek@o2.pl,541-499-144,Kraków,85-978,2025-12-08,Newsletter,True,1965-02-19
2661,Radosław,Fogiel,radosław.fogiel@interia.pl,944-171-340,Suwałki,30-897,2025-09-12,Influencer,False,1971-01-29
2662,Ada,Kołsut,ada.kołsut@o2.pl,811-771-185,Olsztyn,81-402,2026-05-15,Meta Ads,True,1987-04-13
2663,Inga,Grodek,inga.grodek@o2.pl,+48 271 076 059,Wrocław,38-099,2025-03-18,Meta Ads,True,1967-03-14
2664,Stefan,Giedrojć,stefangiedrojć@interia.pl,213443868,Opole,58-334,2024-11-20,Organic,True,1968-09-15
2665,Kaja,Lindner, kaja.lindner@gmail.com ,+48 369 370 019,Leszno,23-476,2026-06-07,Organic,False,2006-04-13
2666,Oliwier,Milczarczyk,OLIWIER.MILCZARCZYK@GMAIL.COM,904-662-022,Warszawa,90-408,2025-05-03,Newsletter,False,1992-12-13
2667,Karina,Machniak,karina.machniak@gmail.com,593-689-657,Warszawa,63-616,2025-10-26,Influencer,False,1977-06-06
2668,Marek,Kozaczuk,marek.kozaczuk@gmail.com,485-515-267,Kraków,38-275,2026-03-30,Organic,False,1982-06-29
2669,Kalina,Surdyk,kalina.surdyk@gmail.com,+48 920 173 377,Rzeszów,72-791,2025-04-10,Google Ads,False,1972-09-21
2670,Alex,Małys,alex.małys@gmail.com,319 486 489,Lublin,51-829,2025-12-28,Organic,False,1979-01-07
2671,Blanka,Porwoł,blanka.porwoł@wp.pl,730-787-307,Bydgoszcz,07-275,2024-11-14,Meta Ads,False,1981-04-29
2672,Borys,Boba,borys.boba@onet.pl,821-347-183,Kraków,82-839,2025-03-08,Newsletter,False,1958-01-05
2673,Adrianna,Dąbrówka,adrianna.dąbrówka@gmail.com,416 509 336,Warszawa,29-587,2024-11-02,Organic,False,2002-01-02
2674,Julita,Wałęsa,JULITA.WAŁĘSA@ONET.PL,635 432 995,Gdynia,81-113,2026-03-30,Organic,False,2005-10-31
2675,Kornel,Babiuch,kornel.babiuch@onet.pl,368234906,Białystok,78-553,2024-12-07,Meta Ads,True,1956-08-25
2676,Michał,Dryka,michał.dryka@gmail.com,422-954-910,Warszawa,49-093,2025-12-05,Organic,False,1996-12-16
2677,Józef,Danieluk,józef.danieluk@onet.pl,,poznań,99-785,2026-06-10,Meta Ads,False,1984-11-24
2678,Franciszek,Nojek,franciszek.nojek@wp.pl,186 239 493,Gorzów Wielkopolski,27-371,2025-09-01,Referral,False,1983-12-23
2679,Damian,Srokosz,damian.srokosz@gmail.com,448-825-358,Olsztyn,00000,2025-10-24,Referral,False,2001-02-28
2680,Olaf,Portka,olaf.portka@gmail.com,654-205-253,Gdańsk,21-933,2025-07-26,Newsletter,False,1975-05-30
2681,Klara,Maruszczak,klara.maruszczak@interia.pl,017 405 747,Wrocław,71-751,2025-04-23,Referral,False,1968-10-10
2682,Bartek,Kochanowicz,bartek.kochanowicz@interia.pl,+48 979 871 056,Gdańsk,03-774,2025-07-24,Organic,False,2005-06-08
2683,Paweł,Wypchło,paweł.wypchło@gmail.com,276072824,Gdynia,51-811,2025-11-16,Organic,True,1981-04-18
2684,Damian,Maćków,damian.maćków@o2.pl,068331159,Radom,00000,2026-08-06,Organic,True,1967-10-14
2685,Witold,Hałat,witold.hałat@wp.pl,738-358-780,Gorzów Wielkopolski,35-768,2026-06-24,Organic,True,1962-02-23
2686,Albert,Kołpak,albert.kołpak@o2.pl,439 613 484,Warszawa,52-135,2026-04-30,Meta Ads,True,1998-12-19
2687,Jeremi,Kurzac,jeremi.kurzac@interia.pl,473243394,Poznań,11-079,2026-05-04,Meta Ads,False,1959-07-06
2688,Urszula,Ważny,urszula.ważny@gmail.com,,Kraków,02-761,2025-07-17,Meta Ads,False,1999-08-07
2689,Krystian,Armata,krystian.armata@onet.pl,885659405,Opole,95-603,2025-11-23,Newsletter,False,1997-08-09
2690,Eryk,Trepczyk,eryk.trepczyk@wp.pl,,Wrocław,78-880,2026-05-19,Google Ads,False,1972-02-21
2691,Kazimierz,Drewicz,kazimierz.drewicz@interia.pl,031-694-831,Kielce,66-762,2025-05-02,Newsletter,False,1956-11-01
2692,Jacek,Hojda,jacek.hojda@o2.pl,,Kraków,26-103,2026-07-21,Influencer,False,1969-08-08
2693,Aurelia,Wojtalewicz,aurelia.wojtalewicz@wp.pl,685-526-338,Konin,49-299,2025-06-06,Meta Ads,False,1978-05-12
2694,Borys,Tomys,borys.tomys@o2.pl,534-342-545,Gdańsk,72-286,2025-11-07,Referral,False,1981-03-19
2695,Ewelina,Lelito,ewelina.lelito@onet.pl,877228968,Warszawa,32-392,2025-12-10,Organic,False,1956-07-04
2696,Sonia,Wilma,sonia.wilma@interia.pl,726-190-464,warszawa,51-975,2026-07-27,Referral,True,1975-05-08
2697,Inga,Waloszczyk,inga.waloszczyk@gmail.com,650101293,Częęstochowa,14-464,2025-01-28,Meta Ads,False,1967-06-21
2698,Szymon,Lepa,szymon.lepa@gmail.com,+48 789 794 929,Kraków,99-238,2026-01-07,Google Ads,False,1979-04-17
2699,Malwina,Wojtoń,MALWINA.WOJTOŃ@GMAIL.COM,999 849 255,Radom,14-659,2025-09-15,Organic,True,1972-01-22
2700,Julian,Hamrol,julian.hamrol@wp.pl,606858641,Kraków,81-086,2025-02-27,Organic,True,1960-08-25
2701,Alan,Drygała,alan.drygała@wp.pl,,Lublin,63-608,2026-02-03,Organic,False,1968-11-04
2702,Julian,Gendera,julian.gendera@gmail.com,,Warszawa,79-859,2025-10-29,Google Ads,False,1980-09-09
2703,Nicole,Pacholik,nicole.pacholik@gmail.com,,Częstochowa,30-061,2025-12-15,Newsletter,False,1996-04-08
2704,Iwo,Giersz,iwo.giersz@wp.pl,+48 461 278 499,Łódź,40-759,2025-03-29,Google Ads,False,1973-07-02
2705,Krystian,Rychert,krystian.rychert@o2.pl,+48 121 992 117,Kraków,599152,2025-08-19,Google Ads,False,1985-07-22
2706,Kalina,Sierżant,kalina.sierżant@gmail.com,135 629 749,Szczecin,01-275,2025-11-29,Meta Ads,False,1992-03-09
2707,Melania,Joniak,melania.joniak@wp.pl,+48 571 751 767,Gorzów Wielkopolski,63-559,2025-05-07,Organic,False,1982-01-31
2708,Marek,Przewoźniak,marek.przewoźniak@gmail.com,732312129,Gdańsk,726160,2024-12-16,Meta Ads,False,1981-03-12
2709,Dagmara,Sarota,dagmara.sarota@wp.pl,+48 776 908 973,Bydgoszcz,95-751,2026-07-28,Google Ads,True,1959-11-29
2710,Paweł,Wójt,paweł.wójt@wp.pl,868 213 549,Łódź,90-080,2025-09-19,Google Ads,False,1975-07-04
2711,Bartek,Fiedoruk,bartek.fiedoruk@o2.pl,418-001-383,Wrocław,67-767,2026-01-20,Organic,False,1962-01-12
2712,Konrad,Myszor,konrad.myszor@wp.pl,+48 760 420 945,Konin,15-040,2025-06-05,Google Ads,False,2002-07-12
2713,Anastazja,Ciesiółka,anastazja.ciesiółka@gmail.com,+48 039 661 923,Zielona Góra,81-823,2025-04-11,Meta Ads,False,1983-05-26
2714,Sebastian,Galuba,sebastian.galuba@gmail.com,,Elbląg,71-429,2025-06-02,Meta Ads,False,1976-10-06
2715,Gustaw,Pyć,gustaw.pyć@gmail.com,962-184-925,Radom,56-302,2025-06-22,Meta Ads,True,1993-10-02
2716,Jeremi,Damek,jeremi.damek@onet.pl,297 422 655,Suwałki,42-630,2025-10-15,Meta Ads,True,2002-09-28
2717,Sylwia,Cierpka,sylwia.cierpka@gmail.com,547767974,Kielce,22-145,2025-10-18,Organic,False,1970-12-22
2718,Gabriel,Rolek,gabriel.rolek@interia.pl,463458035,Opole,79-975,2025-08-01,Meta Ads,False,1993-06-18
2719,Eliza,Adrian,eliza.adrian@gmail.com,440-646-540,Rzeszów,33-484,2024-11-01,Meta Ads,False,1980-02-16
2720,Kornel,Pyś,kornel.pyś@onet.pl,276135618,Konin,93-873,2025-08-21,Meta Ads,True,2004-10-09
2721,Leon,Korta,leon.korta@gmail.com,741963549,Częstochowa,134065,2024-12-04,Meta Ads,False,1980-09-16
2722,Alex,Sobstyl,alex.sobstyl@gmail.com,+48 996 901 021,Łódź,23-154,2024-11-27,Meta Ads,True,1980-07-13
2723,Jan,Otremba,jan.otremba@wp.pl,187709067,Warszawa,606888,2026-06-01,Influencer,False,1966-02-26
2724,Patryk,Rapa,patryk.rapa@gmail.com,+48 381 157 905,Warszawa,59-339,2025-11-19,Meta Ads,False,1960-08-12
2725,Roksana,Sieg, roksana.sieg@wp.pl ,629960332,Łódź,21-069,2025-11-14,Meta Ads,True,1974-03-03
2726,Melania,Garczyk,melania.garczyk@wp.pl,+48 529 013 241,Gdańsk,29-354,2025-05-02,Google Ads,True,1988-12-03
2727,Eryk,Parda,eryk.parda@onet.pl,+48 740 788 853,Łódź,37-841,2026-06-30,Meta Ads,False,2003-11-27
2728,Marianna,Stawczyk,marianna.stawczyk@o2.pl,+48 351 340 944,Olsztyn,94-314,2025-11-30,Meta Ads,False,1975-01-23
2729,Olga,Gula,olgagula@gmail.com,927 002 735,Rzeszów,72-555,2026-02-20,Organic,False,1989-08-07
2730,Ksawery,Choroś,ksawery.choroś@onet.pl,831-860-527,Warszawa,76-157,2025-05-10,Organic,True,1961-01-19
2731,Przemysław,Korkosz,przemysław.korkosz@gmail.com,271342809,Wrocław,23-270,2026-07-29,Meta Ads,True,1985-06-20
2732,Hubert,Solis,hubert.solis@o2.pl,995-864-460,Kielce,67-602,2026-03-27,Newsletter,False,1989-10-09
2733,Ernest,Skierka,ERNEST.SKIERKA@GMAIL.COM,+48 897 650 946,Bydgoszcz,74-791,2026-04-28,Organic,True,2000-10-28
2734,Jacek,Zawartka,jacek.zawartka@gmail.com,448 507 604,Łódź,276088,2024-12-14,Organic,False,1988-03-27
2735,Lidia,Oślizło,lidia.oślizło@gmail.com,857445062,Kraków,22-003,2025-02-09,Meta Ads,False,1997-02-11
2736,Przemysław,Walo,przemysław.walo@interia.pl,914 670 832,Leszno,79-151,2025-03-19,Meta Ads,False,1963-03-11
2737,Lidia,Szarpak,lidia.szarpak@gmail.com,+48 731 079 777,Suwałk,01-332,2025-02-13,Google Ads,True,1959-09-19
2738,Mikołaj,Rosłon,mikołaj.rosłon@gmail.com,902581580,Olsztyn,66-827,2026-04-29,Meta Ads,False,1978-11-24
2739,Natasza,Loska,natasza.loska@gmail.com,+48 497 657 461,Kraków,39-513,2024-09-15,Meta Ads,False,1995-11-16
2740,Tadeusz,Hass,tadeusz.hass@wp.pl,,Warszawa,51-387,2024-10-04,Meta Ads,False,1996-08-12
2741,Lidia,Kreczmer,LIDIA.KRECZMER@WP.PL,+48 934 906 647,Opole,40-859,2025-02-17,Meta Ads,False,1983-04-06
2742,Liwia,Kiedrowicz,liwia.kiedrowicz@gmail.com,946-413-683,Konin,78-863,2024-12-26,Influencer,False,1966-12-06
2743,Leon,Zybura,leon.zybura@gmail.com,205-192-208,Elbląg,36-729,2025-01-19,Newsletter,False,1963-03-03
2744,Justyna,Frydrychowicz,justyna.frydrychowicz@wp.pl,+48 347 240 170,Warszawa,57-502,2026-03-02,Meta Ads,False,1992-06-08
2745,Iwo,Trawka,iwo.trawka@wp.pl,820 198 554,Kraków,16-572,2025-10-15,Google Ads,True,2003-04-14
2746,Nataniel,Kubowicz,nataniel.kubowicz@interia.pl,546-020-691,Kielce,04-887,2024-09-30,Google Ads,False,1974-12-23
2747,Roksana,Ufniarz,roksana.ufniarz@wp.pl,+48 314 642 484,Warszawa,86-355,2025-06-10,Meta Ads,False,1994-03-16
2748,Bruno,Dybał,bruno.dybał@gmail.com,454-434-087,Gdynia,72-898,2025-06-15,Google Ads,False,2008-06-26
2749,Rafał,Pietraś,rafał.pietraś@gmail.com,+48 876 129 090,Wrocław,48-184,2024-11-19,Influencer,False,2005-01-20
2750,Mateusz,Kraszkiewicz,mateusz.kraszkiewicz@wp.pl,417 497 623,Kraków,57-370,2025-12-25,Newsletter,False,1983-06-22
2751,Jan,Szwałek,jan.szwałek@gmail.com,242-412-495,Toruń,40-337,2025-12-19,Referral,False,1960-07-31
2752,Leonard,Pokrzywa,leonard.pokrzywa@gmail.com,600-780-443,Szczecin,65-944,2025-12-31,Organic,True,1956-04-13
2753,Jeremi,Kielan,jeremi.kielan@gmail.com,+48 493 563 397,Gdańsk,83-282,2026-01-02,Google Ads,True,1989-08-09
2754,Ewa,Szymonik,ewa.szymonik@gmail.com,352 264 469,Warszawa,90-722,2024-09-19,Organic,True,1969-01-02
2755,Adam,Kukawka,adam.kukawka@wp.pl,+48 605 317 731,Warszawa,04-884,2026-07-29,Referral,True,1993-08-26
2756,Natasza,Bartela,NATASZA.BARTELA@WP.PL,+48 474 765 220,Suwałki,81-466,2026-03-30,Influencer,False,1981-07-31
2757,Lidia,Bittner,lidia.bittner@wp.pl,102022539,Warszawa,83-769,2026-05-06,Google Ads,True,1984-07-06
2758,Paweł,Kuzia,paweł.kuzia@gmail.com,263-521-440,Warszawa,48-030,2024-09-17,Organic,False,1988-01-30
2759,Marcin,Buchholz,marcin.buchholz@o2.pl,,Warszawa,95-182,2026-06-08,Referral,True,2001-10-03
2760,Adrian,Bartocha,adrian.bartocha@wp.pl,296-396-239,Kraków,54-855,2026-03-27,Organic,True,2000-06-03
2761,Adam,Panicz,adam.panicz@gmail.com,452 232 608,Warszawa,82-728,2026-04-15,Google Ads,False,1958-11-24
2762,Patryk,Tonder,patryk.tonder@o2.pl,326604085,Gorzów Wielkopolski,70-285,2024-11-03,Influencer,False,2007-09-19
2763,Eryk,Kurpanik,eryk.kurpanik@gmail.com,118 593 631,Kraków,79-756,2026-01-08,Newsletter,False,1956-06-23
2764,Alex,Władyka,alex.władyka@o2.pl,866-443-093,Wrocław,91-174,2026-07-05,Newsletter,False,2003-08-07
2765,Julianna,Stefankiewicz,julianna.stefankiewicz@gmail.com,172 852 636,Rzeszów,47-529,2025-12-08,Newsletter,True,1956-05-06
2766,Olga,Sobstyl,olga.sobstyl@gmail.com,,Warszawa,86-686,2025-10-27,Organic,True,1958-11-08
2767,Eryk,Haremza,eryk.haremza@o2.pl,972-316-731,Rzeszów,98-514,2026-07-25,Referral,True,1963-05-31
2768,Cezary,Tlałka,cezary.tlałka@onet.pl,216 066 109,Łódź,23-455,2025-06-06,Meta Ads,False,1957-12-14
2769,Konrad,Przeklasa,konrad.przeklasa@gmail.com,857-427-064,Warszawa,65-420,2025-11-26,Meta Ads,False,1964-10-05
2770,Jakub,Witoń,jakub.witoń@wp.pl,495-675-900,Kielce,36-575,2025-08-28,Meta Ads,False,1974-03-07
2771,Cyprian,Kozica,cyprian.kozica@gmail.com,163253860,Białystok,73-857,2026-06-25,Meta Ads,False,1992-07-01
2772,Sylwia,Wowra,sylwia.wowra@interia.pl,699900538,Poznań,12-120,2024-10-24,Google Ads,False,2004-04-01
2773,Grzegorz,Lelonek,grzegorz.lelonek@gmail.com,,Konin,12-191,2025-09-07,Meta Ads,True,1972-06-03
2774,Michał,Maszkiewicz, michał.maszkiewicz@interia.pl ,586906241,Warszawa,22-808,2025-12-17,Organic,False,1956-02-24
2775,Mariusz,Nalewajek,mariusz.nalewajek@gmail.com,738258171,Radom,919562,2026-03-18,Meta Ads,True,1993-12-25
2776,Witold,Stryjek,witoldstryjek@gmail.com,040 745 562,Opole,88-658,2025-11-22,Organic,False,2005-07-22
2777,Rafał,Piestrzeniewicz,rafał.piestrzeniewicz@gmail.com,909 307 772,Lublin,97-756,2026-06-24,Meta Ads,True,1962-08-18
2778,Mikołaj,Toś,mikołaj.toś@gmail.com,,Warszawa,91-294,2026-06-30,Google Ads,False,1965-01-10
2779,Sebastian,Sapa,sebastian.sapa@wp.pl,,Wrocław,41-424,2024-10-16,Referral,False,1967-07-28
2780,Rafał,Wakuła,rafał.wakuła@gmail.com,+48 218 645 545,Szczecin,26-182,2025-05-07,Organic,False,2007-07-01
2781,Robert,Wieja, robert.wieja@gmail.com ,+48 519 296 889,Szczecin,57-271,2024-09-28,Meta Ads,False,1960-06-29
2782,Maks,Ciesielka,maks.ciesielka@gmail.com,401-691-838,Łódź,47-358,2025-04-01,Referral,False,1996-07-13
2783,Angelika,Olearczyk,angelika.olearczyk@o2.pl,123 152 689,Warszawa,81-704,2025-09-08,Influencer,True,1999-09-05
2784,Piotr,Chołody,piotr.chołody@gmail.com,571867473,Toruń,75-395,2026-06-22,Influencer,False,1963-11-06
2785,Nicole,Karpik,nicole.karpik@gmail.com,736 575 334,Warszawa,90-445,2026-04-22,Newsletter,False,1973-12-25
2786,Stefan,Działo,stefan.działo@wp.pl,+48 964 927 178,Kraków,44-717,2024-11-26,Organic,False,2006-12-05
2787,Bianka,Ciechowicz,BIANKA.CIECHOWICZ@GMAIL.COM,539 176 046,Kraków,96-814,2024-11-10,Google Ads,False,1969-11-06
2788,Ida,Nijak,ida.nijak@gmail.com,698817458,Łódź,27-265,2025-11-07,Meta Ads,True,1967-03-01
2789,Robert,Mirocha,robert.mirocha@gmail.com,,Kraków,15-530,2025-09-11,Google Ads,False,1990-06-27
2790,Daniel,Buchalik,daniel.buchalik@gmail.com,015-325-447,Gdynia,18-479,2025-02-21,Newsletter,False,1986-09-12
2791,Mariusz,Letkiewicz,mariusz.letkiewicz@onet.pl,403148241,Warszawa,49-675,2026-05-03,Google Ads,True,1986-10-12
2792,Filip,Konstanty,filip.konstanty@gmail.com,857 705 234,Kraków,90-108,2026-06-13,Meta Ads,False,1988-12-15
2793,Mateusz,Szuta,mateusz.szuta@o2.pl,+48 326 192 030,Konin,54-487,2025-05-21,Meta Ads,False,1973-05-02
2794,Oskar,Wolff,oskar.wolff@wp.pl,380-086-446,Warszawa,46-314,2026-05-01,Meta Ads,False,1964-03-21
2795,Inga,Kałwa,inga.kałwa@interia.pl,551266633,Częstochowa,97-023,2025-05-20,Influencer,False,1978-11-11
2796,Agnieszka,Siebert,agnieszka.siebert@gmail.com,394376236,Kraków,74-712,2026-01-02,Google Ads,False,1978-08-25
2797,Blanka,Winnik,blanka.winnik@gmail.com,739 951 982,Łód,32-259,2025-08-06,Organic,True,1993-12-07
2798,Natan,Mroczko,natan.mroczko@gmail.com,328-703-940,Konin,87-411,2024-11-14,Organic,True,1971-07-04
2799,Jerzy,Fuławka,jerzy.fuławka@gmail.com,604820689,Kielce,65-111,2026-06-18,Meta Ads,True,1977-11-27
2800,Cezary,Orzeszek,cezary.orzeszek@gmail.com,+48 679 258 430,Radom,52-608,2025-07-27,Google Ads,True,1957-02-08
2801,Ida,Szóstak,ida.szóstak@interia.pl,,Warszawaa,39-908,2026-01-03,Meta Ads,False,1987-03-25
2802,Anna Maria,Bicz,anna maria.bicz@gmail.com,313481703,Białystok,73-770,2025-05-09,Meta Ads,False,1962-12-28
2803,Józef,Mik,józef.mik@o2.pl,558-290-270,Suwałki,07-994,2024-09-30,Google Ads,False,1960-05-21
2804,Julian,Hołysz,julian.hołysz@gmail.com,948642111,Warszawa,45-470,2024-11-17,Referral,False,1976-08-01
2805,Róża,Borysewicz,róża.borysewicz@wp.pl,671-672-793,Warszawa,85-152,2025-08-03,Influencer,False,1966-03-20
2806,Tymoteusz,Bok,tymoteusz.bok@gmail.com,152 911 610,Rzeszów,40-083,2025-12-12,Google Ads,False,1965-05-18
2807,Gabriel,Toborek,gabriel.toborek@onet.pl,,Gdynia,12-742,2025-04-11,Meta Ads,False,1968-07-25
2808,Dagmara,Ptok,dagmara.ptok@gmail.com,536-986-556,Poznań,00000,2025-12-29,Meta Ads,True,1980-11-22
2809,Mieszko,Dmoch,mieszko.dmoch@wp.pl,+48 400 181 548,Suwałki,61-564,2025-12-21,Organic,True,1991-12-30
2810,Bruno,Łuczyk,bruno.łuczyk@gmail.com,115 075 082,Katowice,86-386,2025-12-19,Organic,False,1999-08-29
2811,Andrzej,Fuławka,andrzej.fuławka@o2.pl,095-949-303,Olszty,13-397,2025-08-29,Meta Ads,True,1962-05-28
2812,Łukasz,Fierek,łukasz.fierek@wp.pl,448426538,Kraków,99-335,2026-06-14,Meta Ads,False,2003-03-11
2813,Kaja,Habdas,kaja.habdas@gmail.com,271-855-529,Szczecin,51-547,2025-08-05,Meta Ads,False,1959-05-24
2814,Marika,Ryguła,marika.ryguła@gmail.com,464415470,Wrocław,95-994,2025-07-30,Organic,True,1986-09-04
2815,Borys,Kaziród,borys.kaziród@onet.pl,688 693 102,Bydgoszcz,78-183,2024-12-03,Organic,False,1996-04-16
2816,Leonard,Kucab,leonard.kucab@onet.pl,+48 676 614 357,Gorzów Wielkopolski,44-514,2025-03-23,Meta Ads,True,1999-03-25
2817,Ewa,Nałęcz,ewa.nałęcz@onet.pl,,Warszawa,83-236,2024-10-04,Meta Ads,True,1962-11-30
2818,Rafał,Strojna,RAFAŁ.STROJNA@WP.PL,051-923-624,Poznań,28-310,2025-11-08,Organic,False,1978-09-02
2819,Natan,Biernacik,natan.biernacik@gmail.com,+48 396 388 701,Poznań,84-185,2025-02-25,Influencer,False,1978-02-27
2820,Ryszard,Witoń,ryszard.witoń@wp.pl,536 879 748,Gdańsk,50-692,2025-03-06,Google Ads,True,1999-02-15
2821,Filip,Kasica,filip.kasica@onet.pl,+48 733 320 014,Elbląg,54-184,2026-02-15,Google Ads,False,1964-04-06
2822,Eliza,Drożdżal,eliza.drożdżal@wp.pl,+48 250 936 637,Kraków,14-477,2025-04-09,Meta Ads,True,1998-04-29
2823,Mieszko,Oczko,mieszko.oczko@wp.pl,482 518 337,Poznań,94-104,2025-01-27,Meta Ads,True,1990-05-10
2824,Olga,Haponiuk, olga.haponiuk@gmail.com ,,Warszawa,02-165,2024-12-29,Influencer,True,1972-07-03
2825,Aurelia,Krystkowiak,aurelia.krystkowiak@gmail.com,608318826,Wrocław,50-703,2026-02-07,Meta Ads,False,1979-09-11
2826,Ada,Kala,ada.kala@gmail.com,477 088 604,Gdańsk,86-412,2024-11-21,Organic,False,1977-12-26
2827,Mikołaj,Świerkosz,mikołaj.świerkosz@gmail.com,+48 294 208 197,Rzeszów,55-265,2025-07-21,Organic,False,1994-12-04
2828,Oliwier,Halik,oliwier.halik@wp.pl,+48 769 314 234,Warszawwa,58-515,2025-09-17,Referral,False,1975-05-10
2829,Lidia,Lisoń,lidia.lisoń@gmail.com,263324929,Warszawa,43-865,2025-12-04,Referral,False,1983-12-14
2830,Dariusz,Sieradzan,dariusz.sieradzan@gmail.com,226-177-905,Szczecin,23-435,2025-11-15,Google Ads,True,1983-10-11
2831,Ernest,Cąkała,ernest.cąkała@gmail.com,807566199,Warszawa,87-082,2026-03-03,Google Ads,False,1963-07-26
2832,Natan,Karwala,natan.karwala@wp.pl,394 747 270,Kraków,76-265,2024-10-26,Google Ads,False,1966-01-25
2833,Agnieszka,Roszko,agnieszka.roszko@gmail.com,508758590,Kraków,07-476,2025-03-16,Meta Ads,False,1970-07-11
2834,Marcel,Godzwon,marcel.godzwon@gmail.com,741 494 940,Szczecin,63-472,2025-02-25,Meta Ads,True,1975-01-19
2835,Leonard,Deryło,leonard.deryło@gmail.com,,Szczecin,55-346,2024-11-25,Newsletter,False,1991-05-16
2836,Szymon,Sporek,szymon.sporek@gmail.com,+48 127 489 652,Gorzów Wielkopolski,35-184,2025-03-03,Organic,False,1971-02-19
2837,Urszula,Gruchot,urszula.gruchot@gmail.com,961413884,Wrocław,58-333,2025-03-28,Organic,False,1971-05-16
2838,Piotr,Andrys,piotr.andrys@onet.pl,868-799-507,Warszawa,15-366,2025-09-23,Organic,False,1994-05-21
2839,Ewelina,Jargieło,ewelina.jargieło@o2.pl,,Warszawa,751439,2025-12-07,Newsletter,False,1964-11-18
2840,Ewelina,Klamka,ewelina.klamka@onet.pl,+48 762 848 394,Lublin,17-745,2025-05-01,Meta Ads,True,1963-04-06
2841,Anastazja,Graś,anastazja.graś@gmail.com,+48 662 090 771,Warszawa,36-354,2025-12-17,Influencer,False,2007-02-08
2842,Andrzej,Żuberek,andrzej.żuberek@wp.pl,+48 391 004 901,Poznań,94-841,2025-04-04,Meta Ads,False,1983-05-06
2843,Róża,Masny, róża.masny@gmail.com ,254086883,Gdańsk,10-335,2025-03-27,Meta Ads,False,1975-05-09
2844,Tymon,Zera,tymon.zera@wp.pl,337-629-701,Kraków,93-654,2025-10-30,Meta Ads,False,1998-08-28
2845,Oskar,Nogieć,oskar.nogieć@gmail.com,985975801,Warszawa,66-743,2024-09-02,Referral,False,1959-10-08
2846,Emil,Gregorek,emil.gregorek@gmail.com,915-431-764,Poznań,52-023,2024-10-28,Newsletter,False,1965-05-05
2847,Juliusz,Calik,juliusz.calik@gmail.com,+48 925 685 051,zielona góra,84-761,2025-06-23,Meta Ads,False,2002-05-23
2848,Kornelia,Przybycień,kornelia.przybycień@gmail.com,097-806-716,Kraków,25-585,2026-06-29,Newsletter,False,1969-06-05
2849,Emil,Wnuczek,emil.wnuczek@gmail.com,277879036,Katowice,66-553,2025-12-13,Google Ads,False,2000-11-14
2850,Andrzej,Praczyk,andrzej.praczyk@wp.pl,669-968-265,Gorzów Wielkopolski,07-384,2024-11-06,Meta Ads,False,1985-12-25
2851,Przemysław,Pacholik,przemysław.pacholik@gmail.com,298556262,Olsztyn,56-282,2026-04-23,Referral,False,1995-03-07
2852,Daniel,Kleina,daniel.kleina@gmail.com,424-595-790,Łódź,65-688,2026-01-11,Meta Ads,False,1958-01-07
2853,Blanka,Swatek,blanka.swatek@o2.pl,184690534,Łódź,87-292,2025-11-01,Influencer,True,1970-01-17
2854,Kalina,Magier,kalina.magier@gmail.com,876-031-308,Bydgoszcz,03-801,2026-03-05,Organic,False,1977-07-21
2855,Adrian,Miszkiel,adrian.miszkiel@wp.pl,283385475,Elbląg,35-474,2025-05-01,Influencer,False,1987-05-07
2856,Alex,Rawa,alex.rawa@onet.pl,389 798 739,Rzeszów,29-231,2024-12-18,Meta Ads,True,1956-07-20
2857,Arkadiusz,Michniak,ARKADIUSZ.MICHNIAK@GMAIL.COM,+48 945 132 579,Kraków,09-627,2025-09-06,Google Ads,False,1970-11-07
2858,Róża,Drynda,róża.drynda@gmail.com,162987609,Zielona Góra,54-651,2025-10-23,Newsletter,False,1987-02-22
2859,Rozalia,Kiwior,rozalia.kiwior@o2.pl,377 410 707,Kraków,61-953,2025-09-28,Organic,False,1985-02-24
2860,Cyprian,Ignatiuk,cyprian.ignatiuk@gmail.com,997-064-839,Warszawa,41-355,2025-10-13,Meta Ads,False,1999-03-13
2861,Krystian,Szaruga,krystian.szaruga@wp.pl,349678476,Kraków,96-511,2026-07-24,Organic,False,1966-10-04
2862,Alan,Beck,alan.beck@o2.pl,930-218-871,Warszawa,50-262,2026-05-04,Google Ads,False,1976-12-13
2863,Anita,Gąbka,anita.gąbka@wp.pl,+48 814 946 469,warszawa,81-499,2026-05-10,Meta Ads,True,1985-05-06
2864,Mieszko,Lewko,mieszko.lewko@o2.pl,415-741-753,Warszawa,27-766,2026-03-31,Meta Ads,True,2007-10-18
2865,Leonard,Ciuba,leonard.ciuba@wp.pl,002 634 635,Wrocław,38-769,2026-07-10,Newsletter,False,1972-04-22
2866,Roksana,Madejczyk,roksana.madejczyk@o2.pl,028 926 995,Łódź,20-640,2024-11-22,Meta Ads,True,1986-08-06
2867,Maks,Sobiło,maks.sobiło@gmail.com,147630927,Leszno,56-426,2025-02-24,Google Ads,False,2008-05-17
2868,Michał,Karpiak,michał.karpiak@gmail.com,854 379 260,Gdańsk,37-570,2025-08-28,Referral,True,1995-01-12
2869,Marek,Mokwa,marek.mokwa@wp.pl,192 779 711,Olsztyn,69-135,2026-04-29,Meta Ads,False,1975-08-27
2870,Marcel,Rawa,marcel.rawa@o2.pl,+48 863 202 857,Katowice,51-224,2025-09-04,Meta Ads,True,1966-10-17
2871,Kamil,Polewka,kamil.polewka@wp.pl,,Konin,00000,2026-02-05,Meta Ads,False,2001-06-08
2872,Blanka,Głownia,blanka.głownia@gmail.com,503 224 234,Warszawa,53-361,2024-11-05,Meta Ads,False,1995-06-01
2873,Sandra,Czylok,sandra.czylok@gmail.com,016-366-489,rzeszów,77-286,2025-02-25,Meta Ads,False,1972-07-10
2874,Olgierd,Rosada,olgierd.rosada@o2.pl,+48 868 880 552,Warszawa,14-681,2026-01-03,Organic,True,2002-06-28
2875,Alex,Ornat,alex.ornat@onet.pl,689 927 036,Gdańsk,69-546,2024-12-22,Meta Ads,True,1976-05-19
2876,Olga,Kuza,olga.kuza@gmail.com,116 763 095,Katowice,97-476,2025-04-09,Newsletter,False,1970-10-08
2877,Aniela,Ciuk,aniela.ciuk@onet.pl,374-216-702,Kraków,23-410,2025-02-10,Google Ads,False,1970-11-18
2878,Ewelina,Ciechowicz,ewelina.ciechowicz@gmail.com,533535096,leszno,43-782,2025-04-15,Influencer,False,1980-03-09
2879,Tymoteusz,Ograbek,tymoteusz.ograbek@interia.pl,852671770,Wrocław,13-393,2025-12-05,Referral,False,1986-05-06
2880,Sandra,Szram,sandra.szram@gmail.com,+48 489 764 197,Warszawa,53-194,2025-05-21,Meta Ads,True,1989-04-29
2881,Artur,Kuśka,artur.kuśka@o2.pl,291-386-099,Opole,79-635,2025-10-20,Organic,False,1982-04-10
2882,Maksymilian,Pierzak,maksymilian.pierzak@wp.pl,+48 350 788 809,Gorzów Wielkopolski,74-750,2024-11-21,Meta Ads,False,1977-04-05
2883,Michał,Stanuch,michał.stanuch@o2.pl,182-262-243,Kraków,79-256,2026-03-30,Organic,False,1964-06-01
2884,Natasza,Frymus,natasza.frymus@gmail.com,+48 509 140 166,Kraków,12-975,2025-05-20,Meta Ads,False,1975-03-22
2885,Tobiasz,Skałka, tobiasz.skałka@gmail.com ,,Kraków,66-885,2025-11-30,Organic,False,1965-10-28
2886,Miłosz,Wasilewicz,miłosz.wasilewicz@gmail.com,552 053 489,Warszawa,48-741,2026-01-08,Organic,False,2001-12-14
2887,Tymoteusz,Łuczyk,tymoteusz.łuczyk@onet.pl,014615441,Opole,92-944,2024-12-04,Influencer,False,1966-03-08
2888,Adrian,Zioła,adrian.zioła@wp.pl,+48 301 941 162,Katowice,09-916,2026-05-08,Google Ads,True,1957-03-25
2889,Aurelia,Bazyluk,aurelia.bazyluk@gmail.com,230-544-925,Kraków,59-251,2025-11-13,Organic,False,1991-10-31
2890,Sara,Dybiec,sara.dybiec@wp.pl,997510527,Warszawa,23-997,2025-06-27,Google Ads,False,1980-01-19
2891,Kamil,Haponiuk,kamil.haponiuk@onet.pl,+48 679 390 080,Poznań,78-858,2024-12-16,Google Ads,True,1973-02-24
2892,Damian,Pronobis,damian.pronobis@wp.pl,+48 992 816 852,Kraków,60-740,2026-06-28,Newsletter,True,2006-08-10
2893,Jan,Kalinka,jan.kalinka@wp.pl,926056521,Gdańsk,05-699,2026-02-11,Meta Ads,False,1991-06-21
2894,Angelika,Kapcia,angelika.kapcia@onet.pl,,Warszawa,50-073,2024-12-25,Google Ads,True,1997-02-04
2895,Robert,Garczyk,robert.garczyk@wp.pl,+48 438 775 330,Białystok,92-551,2025-04-06,Organic,False,1962-01-03
2896,Ewelina,Strójwąs,ewelina.strójwąs@gmail.com,,Radom,04-450,2026-03-10,Newsletter,True,1981-01-28
2897,Stanisław,Bryndza,stanisław.bryndza@gmail.com,958-241-021,Gdańsk,51-849,2025-12-24,Newsletter,False,1999-03-07
2898,Maciej,Penkala,maciej.penkala@gmail.com,914 315 616,Łódź,52-734,2026-02-16,Newsletter,False,2004-09-30
2899,Monika,Sadłocha,monika.sadłocha@wp.pl,,Warszawa,16-107,2025-06-26,Meta Ads,True,1963-05-02
2900,Błażej,Pacura,błażej.pacura@gmail.com,196486161,Toruń,75-772,2025-12-27,Meta Ads,True,1997-07-20
2901,Alan,Rubaj,alan.rubaj@o2.pl,326920102,Kielce,53-673,2025-05-26,Google Ads,True,1973-08-09
2902,Andrzej,Dyjach,andrzejdyjach@gmail.com,189 522 926,Kielce,62-216,2024-12-16,Influencer,False,1969-08-12
2903,Kornel,Monkiewicz,kornel.monkiewicz@gmail.com,214638416,Warszawa,89-076,2025-11-02,Influencer,True,1979-11-19
2904,Marika,Dyrek,marika.dyrek@gmail.com,120099391,Wrocła,32-776,2026-08-03,Influencer,True,1969-05-17
2905,Gustaw,Goik,gustaw.goik@gmail.com,934 246 254,Wrocław,57-339,2025-03-08,Meta Ads,False,1997-04-29
2906,Robert,Skonieczka,robert.skonieczka@onet.pl,855389374,Łódź,36-609,2025-07-17,Organic,False,1957-06-27
2907,Sebastian,Kramer,sebastian.kramer@gmail.com,731568851,Leszno,67-296,2025-12-28,Organic,False,1956-12-20
2908,Leonard,Torbus,leonard.torbus@gmail.com,+48 071 863 066,Warszawa,47-731,2025-10-26,Meta Ads,False,1971-01-11
2909,Damian,Adamiuk,damian.adamiuk@wp.pl,745 151 425,Szczecin,82-313,2026-04-08,Google Ads,False,1980-10-14
2910,Monika,Tekiela,MONIKA.TEKIELA@WP.PL,804-345-621,Poznań,38-159,2026-02-08,Meta Ads,False,1995-01-05
2911,Hubert,Pachla,hubert.pachla@gmail.com,+48 606 761 215,Opole,78-300,2024-10-17,Meta Ads,True,2001-02-17
2912,Juliusz,Pochroń,juliusz.pochroń@gmail.com,,Warszawa,30-029,2026-08-06,Organic,False,2000-09-10
2913,Janina,Świerkosz,janina.świerkosz@o2.pl,778201341,Gdynia,19-599,2026-02-17,Google Ads,False,1956-03-26
2914,Dariusz,Hanzel,DARIUSZ.HANZEL@GMAIL.COM,+48 259 756 726,Elbląg,66-764,2026-04-18,Newsletter,False,2001-09-19
2915,Eliza,Kacperek,eliza.kacperek@gmail.com,+48 981 646 983,Warszawa,62-634,2025-11-06,Meta Ads,False,2003-04-19
2916,Mieszko,Piersa,mieszko.piersa@onet.pl,787 554 297,Warszawa,20-602,2026-04-04,Organic,False,2000-10-13
2917,Jędrzej,Sapała,jędrzej.sapała@wp.pl,726 200 206,Białystok,48-388,2024-11-26,Google Ads,True,2001-06-18
2918,Ada,Pęksa,ada.pęksa@gmail.com,+48 488 428 405,Szczecin,22-892,2025-04-15,Meta Ads,False,1983-06-08
2919,Tymoteusz,Rogacz,tymoteusz.rogacz@o2.pl,,Łódź,49-015,2026-05-27,Meta Ads,True,1991-01-15
2920,Wiktor,Czupryn,wiktor.czupryn@gmail.com,+48 327 247 182,Gdańsk,29-317,2024-12-28,Meta Ads,False,1966-07-15
2921,Krystian,Batóg,krystian.batóg@o2.pl,,Gdańsk,78-797,2024-10-02,Google Ads,True,1994-03-22
2922,Ignacy,Fijałek,ignacy.fijałek@gmail.com,555 226 877,Suwałki,26-366,2026-03-25,Organic,False,1982-01-12
2923,Nicole,Nehring,nicole.nehring@gmail.com,872038408,Warszawa,02-861,2026-04-18,Newsletter,False,1995-02-23
2924,Anna Maria,Rolak,anna maria.rolak@gmail.com,536 912 269,Warszawa,30-760,2024-12-20,Organic,True,1966-04-30
2925,Filip,Frelich,filip.frelich@gmail.com,263-539-168,Kraków,81-102,2026-04-10,Organic,False,2006-01-20
2926,Dorota,Rohde,dorota.rohde@o2.pl,,Poznań,35-567,2025-12-16,Meta Ads,False,2006-07-25
2927,Julita,Kasznia,julita.kasznia@wp.pl,+48 686 669 241,warszawa,11-994,2025-09-29,Meta Ads,False,1997-11-19
2928,Adrianna,Krüger,adrianna.krüger@interia.pl,,łódź,67-254,2026-04-19,Influencer,False,1968-07-24
2929,Grzegorz,Petrus,grzegorz.petrus@gmail.com,402481342,Warszawa,84-879,2025-06-03,Meta Ads,True,1968-08-01
2930,Agnieszka,Rok,agnieszka.rok@wp.pl,+48 754 046 365,Piła,06-624,2024-12-30,Google Ads,False,1969-09-05
2931,Konstanty,Walo,konstanty.walo@o2.pl,,Piła,96-195,2025-03-16,Google Ads,False,1994-06-18
2932,Wiktor,Syroka, wiktor.syroka@gmail.com ,+48 469 824 026,Opole,67-311,2025-09-15,Google Ads,False,1958-10-27
2933,Olaf,Ćwierz,olaf.ćwierz@gmail.com,175-088-694,Poznań,75-780,2025-09-08,Organic,False,1986-05-27
2934,Marcelina,Mikosz,marcelina.mikosz@onet.pl,999 191 519,Kraków,69-903,2026-03-16,Organic,True,1997-01-04
2935,Alex,Dolega,alex.dolega@gmail.com,039-531-798,Gdańsk,82-075,2026-03-03,Google Ads,False,1966-01-02
2936,Oliwier,Buszkiewicz,OLIWIER.BUSZKIEWICZ@GMAIL.COM,630-317-616,Wrocław,11-488,2025-10-02,Google Ads,False,1966-01-21
2937,Rozalia,Żywica,rozalia.żywica@gmail.com,047-761-010,Łódź,28-613,2026-02-15,Meta Ads,True,1981-06-02
2938,Nicole,Rychel,nicole.rychel@gmail.com,924-206-100,Leszno,75-441,2024-12-22,Google Ads,False,2001-03-27
2939,Kamil,Prasek,kamil.prasek@wp.pl,+48 263 011 815,Warszawa,57-797,2024-10-07,Newsletter,False,1989-08-27
2940,Julianna,Ludwisiak,julianna.ludwisiak@o2.pl,454 071 541,Warszawa,82-630,2026-05-01,Organic,True,1995-08-22
2941,Jakub,Wiszowata,jakub.wiszowata@wp.pl,304280698,Lublin,97-417,2024-10-14,Google Ads,False,1987-06-20
2942,Anastazja,Gadzała,anastazja.gadzała@o2.pl,102-086-157,Konin,23-337,2025-01-20,Google Ads,False,1982-06-25
2943,Ida,Kosno,ida.kosno@gmail.com,308195085,Wrocław,83-307,2025-12-05,Newsletter,False,1969-08-06
2944,Ewelina,Niedźwiadek,ewelina.niedźwiadek@onet.pl,074-831-072,Warszawa,44-282,2025-06-29,Influencer,False,1991-07-10
2945,Nela,Franik,nela.franik@gmail.com,207-497-763,Piła,81-451,2026-05-08,Organic,True,1961-07-02
2946,Grzegorz,Cyroń,grzegorz.cyroń@wp.pl,+48 215 086 221,Warszawa,01-327,2025-03-01,Meta Ads,False,2002-12-11
2947,Apolonia,Graj,apolonia.graj@gmail.com,+48 646 618 659,Warszawa,64-168,2024-09-22,Referral,False,1965-01-26
2948,Kornelia,Beck,kornelia.beck@o2.pl,+48 817 510 879,Warszawa,39-097,2025-03-11,Meta Ads,False,2004-08-20
2949,Sara,Czupryn,sara.czupryn@wp.pl,424 215 786,Łódź,82-704,2025-10-22,Meta Ads,False,1984-02-21
2950,Grzegorz,Solarczyk,grzegorz.solarczyk@onet.pl,092875095,Wrocław,14-782,2025-05-02,Organic,False,1967-11-18
2951,Norbert,Tarasek,norbert.tarasek@wp.pl,143 188 210,Warszawa,40-328,2025-09-06,Organic,False,1996-03-20
2952,Natasza,Cebo,natasza.cebo@gmail.com,+48 462 527 696,Warszawa,88-308,2026-05-26,Meta Ads,False,2004-10-03
2953,Nikodem,Zasępa, nikodem.zasępa@wp.pl ,+48 160 000 330,Poznań,87-159,2026-06-16,Meta Ads,False,1972-10-02
2954,Eryk,Obarzanek,eryk.obarzanek@gmail.com,422-808-411,Lublin,51-805,2025-02-08,Google Ads,True,1964-09-12
2955,Damian,Kuzior,damian.kuzior@onet.pl,196-743-492,Warszawa,85-161,2025-07-06,Influencer,False,1972-11-08
2956,Eliza,Kuk,eliza.kuk@wp.pl,335952122,Leszno,84-610,2025-10-07,Meta Ads,True,1997-05-26
2957,Cezary,Proch,cezary.proch@interia.pl,,Gdynia,34-484,2026-07-21,Organic,False,2005-02-11
2958,Emil,Korda,emil.korda@wp.pl,,Kraków,19-314,2026-08-06,Meta Ads,False,1973-04-13
2959,Maks,Kut,maks.kut@gmail.com,+48 312 242 119,Gdańsk,96-323,2025-01-14,Google Ads,False,1979-06-06
2960,Kaja,Tórz,kaja.tórz@wp.pl,+48 222 947 727,Gdańsk,51-781,2026-01-18,Google Ads,True,1977-09-14
2961,Olga,Stypuła,olga.stypuła@gmail.com,+48 474 792 238,Warszawa,53-363,2025-05-20,Meta Ads,False,1989-10-27
2962,Sebastian,Krzykała,sebastian.krzykała@interia.pl,906498184,Warszawa,99-281,2024-09-09,Influencer,False,1956-08-17
2963,Ksawery,Skutnik,ksawery.skutnik@wp.pl,212 371 959,Wrocław,85-734,2024-09-28,Influencer,False,1969-02-27
2964,Mariusz,Jurczuk,mariusz.jurczuk@gmail.com,,Wrocław,42-438,2025-07-13,Organic,False,1997-07-07
2965,Arkadiusz,Jachna,arkadiusz.jachna@gmail.com,+48 296 394 137,Łódź,72-757,2025-08-10,Meta Ads,True,1966-03-02
2966,Przemysław,Szpyt,przemysław.szpyt@gmail.com,+48 110 844 571,Warszawa,65-451,2024-09-12,Meta Ads,True,2000-12-26
2967,Dominik,Wziątek,dominik.wziątek@wp.pl,888-401-041,Kraków,32-165,2025-12-09,Meta Ads,True,1972-11-05
2968,Malwina,Głowiak,malwina.głowiak@gmail.com,385-517-066,Poznań,76-482,2025-03-05,Meta Ads,False,2006-01-20
2969,Aleksander,Panasewicz,aleksander.panasewicz@wp.pl,374704648,Suwałki,85-400,2025-10-17,Meta Ads,False,1992-01-19
2970,Ada,Synak,ada.synak@gmail.com,911 400 211,Kielce,36-622,2025-03-18,Meta Ads,True,1986-08-29
2971,Stanisław,Kroll,stanisław.kroll@gmail.com,479-809-158,Poznań,08-655,2024-12-20,Meta Ads,False,1973-10-04
2972,Julita,Nyk,julita.nyk@wp.pl,771 345 816,Gorzów Wielkopolski,57-946,2025-06-09,Meta Ads,False,1970-08-29
2973,Natasza,Hulbój,natasza.hulbój@wp.pl,+48 255 156 535,Warszawa,96-076,2025-01-07,Organic,False,1972-10-17
2974,Klara,Pal,klara.pal@gmail.com,093 664 313,Kielce,20-895,2025-09-10,Organic,False,1963-07-26
2975,Radosław,Panasiewicz,radosław.panasiewicz@interia.pl,+48 800 965 817,Gdańsk,26-576,2024-12-01,Meta Ads,True,1960-04-04
2976,Andrzej,Dworniczak,andrzej.dworniczak@gmail.com,+48 834 505 331,Warszawa,74-560,2025-09-30,Organic,True,1996-01-09
2977,Robert,Ogonek,robert.ogonek@gmail.com,,Bydgoszcz,68-837,2024-11-18,Influencer,False,1971-01-15
2978,Michał,Wasil,michał.wasil@gmail.com,766-727-462,Toruń,99-789,2025-12-31,Meta Ads,True,1959-03-14
2979,Jędrzej,Henke,jędrzej.henke@onet.pl,018141394,Białystok,47-927,2026-02-18,Organic,True,1996-07-19
2980,Bruno,Wiencek,bruno.wiencek@gmail.com,+48 863 334 173,Toruń,42-480,2024-11-24,Newsletter,False,1967-08-30
2981,Olgierd,Danel,olgierd.danel@gmail.com,,Gdynia,26-694,2025-07-21,Organic,True,2007-01-31
2982,Robert,Micał,robert.micał@onet.pl,124283152,Lesznoo,78-766,2024-10-21,Google Ads,False,2005-01-10
2983,Sebastian,Murach,sebastian.murach@wp.pl,+48 781 765 439,Gdynia,83-421,2025-11-05,Meta Ads,False,1978-03-30
2984,Ada,Mostek,ada.mostek@wp.pl,958133220,Łódź,07-852,2025-02-08,Organic,False,1983-08-08
2985,Ida,Ścibior,ida.ścibior@gmail.com,684 061 903,Lublin,03-580,2025-09-20,Meta Ads,True,1978-10-07
2986,Filip,Korek,filip.korek@gmail.com,995082473,Leszno,42-810,2025-09-05,Meta Ads,False,1984-02-25
2987,Ryszard,Kuboń,ryszard.kuboń@gmail.com,428-959-417,Gorzów Wielkopolski,43-650,2026-06-18,Google Ads,False,1959-02-25
2988,Igor,Salwin,igor.salwin@onet.pl,,Radom,12-998,2025-10-20,Organic,True,1985-03-08
2989,Kamil,Gryciuk,kamil.gryciuk@onet.pl,+48 539 369 340,Kraków,21-818,2025-11-27,Meta Ads,False,1982-10-23
2990,Dawid,Pasiak,dawid.pasiak@gmail.com,,Poznań,00000,2025-05-14,Newsletter,False,1990-01-20
2991,Rafał,Gregorczuk,RAFAŁ.GREGORCZUK@GMAIL.COM,730854381,Poznań,10-786,2026-07-26,Meta Ads,False,1991-11-05
2992,Jacek,Nieborak,jacek.nieborak@wp.pl,+48 788 087 241,Gdańsk,58-911,2026-02-11,Organic,False,2002-04-07
2993,Krystian,Polnik,krystian.polnik@wp.pl,874352632,Rzeszów,00000,2025-03-21,Organic,False,1965-03-23
2994,Aurelia,Boba,aurelia.boba@o2.pl,948-618-442,Konin,59-541,2026-04-29,Organic,True,1996-12-29
2995,Kornelia,Stark,kornelia.stark@wp.pl,398093067,Suwałki,03-412,2025-06-19,Influencer,False,1986-01-21
2996,Jan,Krzyżostaniak,jan.krzyżostaniak@wp.pl,,Szczecin,50-020,2026-04-04,Newsletter,True,1956-01-18
2997,Kazimierz,Klekot,kazimierz.klekot@wp.pl,+48 755 706 396,Warszawa,20-266,2026-03-06,Meta Ads,False,2000-12-10
2998,Janina,Krzosek,janina.krzosek@wp.pl,+48 330 479 379,Łódź,99-335,2024-12-27,Meta Ads,False,1983-10-24
2999,Ksawery,Dumin,ksawery.dumin@gmail.com,,Warszawa,74-948,2025-12-05,Meta Ads,False,1974-05-23
3000,Aurelia,Fijak,aurelia.fijak@gmail.com,835931991,Suwałki,25-792,2025-03-22,Google Ads,True,1963-06-15
3001,Norbert,Bączkiewicz,norbert.bączkiewicz@interia.pl,829059922,Wrocław,13-027,2025-03-29,Meta Ads,False,1983-11-13
3002,Maciej,Bidas,maciej.bidas@o2.pl,551-498-284,Warszawa,17-554,2025-03-05,Google Ads,False,1974-01-24
3003,Krzysztof,Dziadura,krzysztof.dziadura@wp.pl,679 245 723,Poznań,41-951,2026-01-18,Meta Ads,False,1967-10-16
3004,Nikodem,Danisz,nikodem.danisz@gmail.com,+48 435 761 683,Warszawa,00000,2025-01-16,Newsletter,False,1978-01-30
3005,Jeremi,Starzak,JEREMI.STARZAK@O2.PL,446-916-846,Gdańsk,28-791,2024-09-06,Organic,True,1974-06-06
3006,Sebastian,Niedojadło,sebastian.niedojadło@gmail.com,559 312 522,Gdańsk,57-127,2025-12-07,Newsletter,False,1999-10-22
3007,Albert,Ziemkiewicz,albert.ziemkiewicz@gmail.com,219-754-602,Częstochowa,57-889,2024-12-23,Newsletter,False,1995-01-09
3008,Nikodem,Zapadka,nikodem.zapadka@gmail.com,480 518 920,Wrocław,07-458,2024-11-20,Meta Ads,False,1978-11-02
3009,Konrad,Zarzeczna,konrad.zarzeczna@wp.pl,163 414 396,Warszawa,99-390,2025-01-13,Newsletter,True,1986-11-17
3010,Marcel,Jamroży,marcel.jamroży@wp.pl,631-497-503,Łódź,23-519,2025-05-23,Google Ads,False,2004-01-01
3011,Eliza,Bubel,eliza.bubel@wp.pl,+48 768 418 762,Lublin,21-775,2025-08-19,Organic,False,1966-09-15
3012,Marika,Cyrulik,marika.cyrulik@gmail.com,+48 175 984 174,Szczecin,78-367,2024-10-10,Meta Ads,False,1995-05-01
3013,Alex,Gordon,alex.gordon@wp.pl,789845921,Łódź,25-216,2026-07-07,Meta Ads,False,2007-10-23
3014,Dorota,Gamoń,dorota.gamoń@gmail.com,865 971 551,Rzeszów,62-262,2025-12-03,Meta Ads,True,1982-07-23
3015,Agnieszka,Marcol,agnieszka.marcol@gmail.com,589-624-206,Gdańsk,01-390,2025-03-30,Organic,False,1998-03-06
3016,Blanka,Złotek,blanka.złotek@gmail.com,916385518,Wrocław,13-364,2025-03-27,Meta Ads,False,1974-09-11
3017,Fabian,Mateńko,fabian.mateńko@wp.pl,226 496 723,Kraków,09-445,2025-07-10,Google Ads,True,2005-09-24
3018,Radosław,Radziewicz,radosław.radziewicz@onet.pl,+48 805 812 687,Warszawa,90-087,2025-11-23,Google Ads,False,1990-01-25
3019,Tobiasz,Brachman,tobiasz.brachman@gmail.com,983 356 815,Toruń,61-017,2024-11-30,Influencer,False,2006-01-06
3020,Jacek,Lelonek,jacek.lelonek@wp.pl,089 559 446,Gdynia,83-919,2024-12-02,Influencer,False,1972-09-23
3021,Julian,Hirsch,julian.hirsch@gmail.com,709831258,Gdynia,32-182,2026-04-18,Newsletter,False,1985-07-08
3022,Hubert,Nojek,hubert.nojek@wp.pl,216-525-147,Leszno,20-144,2025-02-11,Influencer,False,1992-06-07
3023,Piotr,Paliga,piotr.paliga@gmail.com,066-176-090,Pił,77-822,2025-05-31,Meta Ads,False,1966-09-19
3024,Gustaw,Dzieża,gustaw.dzieża@interia.pl,570603185,Wrocław,80-425,2026-05-10,Google Ads,False,1999-03-25
3025,Sandra,Felisiak,sandra.felisiak@onet.pl,772-035-720,Kraków,23-959,2025-12-23,Organic,True,1983-01-30
3026,Krystian,Niedośpiał,krystian.niedośpiał@wp.pl,172 745 204,Białystok,86-186,2025-04-22,Google Ads,False,1974-12-11
3027,Kamil,Bryczek,kamil.bryczek@o2.pl,+48 820 067 746,Konin,21-031,2025-12-27,Referral,False,1981-12-19
3028,Norbert,Bondaruk,norbert.bondaruk@wp.pl,029852431,Gdańsk,81-383,2024-09-06,Meta Ads,False,2003-10-09
3029,Błażej,Dankiewicz,błażej.dankiewicz@gmail.com,675-062-840,Kielce,42-030,2026-01-17,Meta Ads,False,1997-02-09
3030,Kornel,Utrata,kornel.utrata@gmail.com,+48 040 653 818,Częstochowa,61-036,2025-08-16,Google Ads,False,1994-07-19
3031,Julian,Wielgos,julian.wielgos@gmail.com,+48 063 698 492,Piła,06-553,2026-03-30,Meta Ads,False,1975-07-31
3032,Anna Maria,Kapral,anna maria.kapral@o2.pl,357-444-581,Bydgoszcz,21-103,2026-07-28,Organic,False,1956-05-21
3033,Artur,Baka,artur.baka@gmail.com,+48 847 545 448,Leszno,54-068,2026-06-17,Meta Ads,True,1961-07-21
3034,Lidia,Dłubak,lidia.dłubak@gmail.com,505 942 158,Katowice,54-877,2026-06-17,Meta Ads,False,2003-03-14
3035,Monika,Hulbój,monika.hulbój@gmail.com,+48 705 427 440,Warszawa,78-829,2025-09-13,Organic,False,1989-05-07
3036,Fabian,Teodorowicz,fabian.teodorowicz@o2.pl,465-292-968,Łódź,187801,2025-04-14,Organic,False,2003-06-13
3037,Hubert,Jędrasiak,hubert.jędrasiak@gmail.com,658142717,Gdańsk,434379,2025-07-08,Organic,False,1974-12-21
3038,Patryk,Aleksa,patryk.aleksa@wp.pl,+48 497 251 459,Warszawa,64-767,2025-12-15,Influencer,False,1999-08-24
3039,Anita,Hyjek,anita.hyjek@gmail.com,646463219,Warszawa,17-225,2026-05-28,Organic,True,1982-11-16
3040,Julian,Koss,julian.koss@wp.pl,081 089 321,Bydgoszcz,85-085,2024-12-19,Google Ads,False,1994-12-26
3041,Olga,Sochaj,olga.sochaj@gmail.com,+48 684 264 778,Szczecin,79-108,2026-06-24,Meta Ads,False,1968-10-31
3042,Iwo,Kurach,iwo.kurach@gmail.com,+48 961 497 358,Warszawa,94-676,2026-03-11,Meta Ads,False,1971-07-22
3043,Marcelina,Dacko,marcelina.dacko@gmail.com,359309033,Warszawa,76-533,2026-08-02,Influencer,False,1982-12-28
3044,Cezary,Wiza,CEZARY.WIZA@INTERIA.PL,674 761 407,Leszn,17-336,2026-05-29,Referral,False,1977-12-17
3045,Tymon,Sygut,tymon.sygut@onet.pl,+48 419 259 067,Łódź,95-958,2025-02-27,Meta Ads,False,2000-09-07
3046,Ernest,Siedlarz,ernest.siedlarz@gmail.com,784-050-813,Szczecin,07-814,2024-11-01,Newsletter,True,1966-01-31
3047,Grzegorz,Makieła,grzegorz.makieła@wp.pl,+48 010 799 361,Konin,19-650,2024-11-30,Meta Ads,False,1957-05-27
3048,Marek,Fiedoruk,marek.fiedoruk@o2.pl,236821662,Kraków,51-331,2025-03-07,Meta Ads,True,1956-03-19
3049,Karina,Romejko,karina.romejko@o2.pl,+48 626 214 458,Konin,45-193,2025-11-16,Newsletter,False,1988-12-01
3050,Aurelia,Lejk,aurelia.lejk@o2.pl,+48 107 970 754,Warszawa,58-220,2026-03-07,Meta Ads,False,1979-08-13
3051,Błażej,Cydzik,błażej.cydzik@gmail.com,+48 752 000 761,Gorzów Wielkopolski,57-121,2026-05-07,Organic,False,1995-01-29
3052,Ida,Staciwa,ida.staciwa@gmail.com,+48 299 097 377,Poznań,44-914,2025-11-10,Google Ads,False,1965-06-20
3053,Cyprian,Zemanek,cyprian.zemanek@o2.pl,+48 838 026 870,Toruń,63-791,2024-09-05,Google Ads,False,1984-09-08
3054,Patryk,Druszcz,patryk.druszcz@gmail.com,,Toruń,44-782,2024-12-08,Newsletter,False,1983-02-08
3055,Wiktor,Hein,wiktor.hein@gmail.com,448596276,Wrocław,47-437,2024-11-07,Meta Ads,True,1989-08-21
3056,Inga,Byra,inga.byra@gmail.com,112221782,Częstochowa,13-233,2025-04-10,Referral,False,2007-04-11
3057,Kamil,Tułacz,kamil.tułacz@gmail.com,756-584-117,Rzeszów,332544,2025-09-06,Meta Ads,False,1971-04-08
3058,Mieszko,Siemek,mieszko.siemek@gmail.com,342396142,Warszawa,58-447,2024-10-16,Google Ads,False,1984-12-02
3059,Karol,Maślach,karol.maślach@gmail.com,243925252,Opole,65-187,2025-04-25,Google Ads,False,1976-08-31
3060,Apolonia,Gasik,apolonia.gasik@gmail.com,802 545 162,Poznań,19-861,2024-12-17,Newsletter,True,1991-09-01
3061,Kacper,Augustynek,kacper.augustynek@wp.pl,,Krakó,94-763,2025-11-02,Google Ads,False,1974-05-09
3062,Krystian,Zbroszczyk,krystian.zbroszczyk@gmail.com,678 354 540,Lublin,68-538,2025-07-01,Meta Ads,False,1958-01-31
3063,Ewelina,Godzik,ewelina.godzik@onet.pl,551286070,Warszawa,70-236,2025-08-08,Google Ads,False,1992-05-12
3064,Liwia,Kumorek,liwia.kumorek@onet.pl,+48 122 793 434,Kraków,48-163,2025-06-08,Google Ads,False,1960-11-25
3065,Leon,Krzysztoszek,leon.krzysztoszek@wp.pl,629-648-528,Warszawa,82-880,2026-07-11,Meta Ads,False,1988-05-11
3066,Krystian,Sommerfeld,krystian.sommerfeld@onet.pl,+48 464 636 010,Katowice,79-435,2024-12-24,Organic,False,2001-01-31
3067,Konstanty,Jaroch,konstanty.jaroch@gmail.com,,Warszawa,52-304,2025-09-30,Meta Ads,False,1976-04-02
3068,Angelika,Picheta,angelika.picheta@wp.pl,682619114,Wrocław,61-480,2026-01-08,Organic,True,1972-08-28
3069,Radosław,Pajda,radosław.pajda@wp.pl,+48 686 545 176,Warszawa,10-258,2025-10-15,Google Ads,False,1993-02-19
3070,Fabian,Radke,fabian.radke@gmail.com,258635418,Gdynia,94-628,2026-06-16,Influencer,True,1987-01-28
3071,Krzysztof,Zeman,krzysztof.zeman@gmail.com,914 549 147,Leszno,97-421,2025-05-17,Meta Ads,True,1963-01-12
3072,Karina,Malka,karina.malka@gmail.com,234309895,Warszawa,21-783,2025-07-19,Google Ads,False,2007-02-12
3073,Andrzej,Ziemann,andrzej.ziemann@gmail.com,691391160,Białystok,21-662,2024-11-12,Organic,True,1977-10-20
3074,Tola,Solarczyk,tola.solarczyk@interia.pl,823 510 579,Łódź,32-855,2025-11-02,Meta Ads,True,1974-03-02
3075,Artur,Mazik,artur.mazik@gmail.com,677 752 253,Warszawa,18-915,2025-03-15,Organic,False,1976-11-14
3076,Janina,Kretek,janina.kretek@gmail.com,313 648 071,Gorzów Wielkopolski,20-211,2024-12-15,Newsletter,False,1979-02-04
3077,Jacek,Pacholik,jacek.pacholik@interia.pl,+48 640 136 001,Kraków,42-012,2025-10-27,Meta Ads,False,1989-05-05
3078,Angelika,Witoń,angelika.witoń@gmail.com,+48 765 101 078,Elbląg,68-106,2025-09-27,Google Ads,False,1996-06-29
3079,Natasza,Gosek,natasza.gosek@o2.pl,044-539-366,Gdańsk,85-449,2024-10-13,Meta Ads,False,1971-06-07
3080,Marcel,Migoń,marcel.migoń@gmail.com,+48 976 431 609,Katowice,96-625,2025-12-03,Influencer,True,1979-09-05
3081,Wojciech,Bobik,wojciech.bobik@gmail.com,929-019-747,Białystok,97-933,2025-11-17,Meta Ads,False,1993-10-03
3082,Jeremi,Drop,jeremi.drop@interia.pl,,Katowice,49-859,2024-12-23,Meta Ads,True,2002-10-29
3083,Kamil,Chojna,kamil.chojna@gmail.com,285-773-486,Rzeszów,60-437,2025-07-24,Meta Ads,False,1986-08-07
3084,Ada,Krauza,ada.krauza@gmail.com,292856132,Warszawa,38-231,2025-12-30,Organic,False,1983-04-22
3085,Dawid,Wypiór,dawid.wypiór@wp.pl,+48 731 225 087,Poznań,78-983,2025-09-19,Meta Ads,False,1987-05-06
3086,Olgierd,Frączkiewicz,olgierd.frączkiewicz@wp.pl,,Kraków,86-507,2025-05-14,Organic,False,1999-12-10
3087,Kornelia,Niećko,kornelia.niećko@wp.pl,,Piła,08-654,2025-03-12,Meta Ads,False,1961-03-03
3088,Konstanty,Miecznik,konstanty.miecznik@o2.pl,,Konin,93-751,2025-11-08,Meta Ads,False,1970-03-20
3089,Iwo,Fedyk,iwo.fedyk@interia.pl,261223694,Kraków,66-337,2026-06-21,Google Ads,True,1977-11-01
3090,Iwo,Dyszy,iwo.dyszy@wp.pl,+48 514 488 449,Warszawa,11-014,2025-12-16,Meta Ads,True,1960-12-14
3091,Ada,Pelka,ada.pelka@wp.pl,+48 561 934 135,Warszawa,75-507,2024-10-31,Referral,False,1967-04-30
3092,Justyna,Wałaszek,justyna.wałaszek@gmail.com,075-843-058,Łódź,35-107,2025-07-29,Organic,False,2008-06-14
3093,Ada,Domka,ada.domka@gmail.com,907-626-356,Warszawa,78-858,2026-05-13,Meta Ads,True,1985-07-28
3094,Eliza,Budzich,eliza.budzich@onet.pl,297305913,Warszawa,86-392,2024-11-12,Influencer,False,1957-10-29
3095,Dominik,Sypień,dominik.sypień@o2.pl,648160715,Łódź,83-977,2026-08-06,Influencer,True,1960-10-26
3096,Patryk,Pyć,patryk.pyć@gmail.com,755-752-729,Kielce,98-245,2026-07-08,Google Ads,False,1974-09-17
3097,Sandra,Dulik,sandra.dulik@o2.pl,,Poznań,51-736,2024-10-05,Organic,False,1995-01-17
3098,Mieszko,Dziewior,mieszko.dziewior@gmail.com,302768463,Gddańsk,57-873,2026-06-05,Google Ads,False,1980-01-06
3099,Angelika,Janiga,angelika.janiga@gmail.com,,Warszawa,52-833,2025-04-02,Meta Ads,False,1998-04-10
3100,Kornelia,Łachut,kornelia.łachut@gmail.com,862-672-725,Bydgoszcz,04-222,2026-04-14,Newsletter,False,1985-08-23
3101,Szymon,Mieloch,szymon.mieloch@gmail.com,,Rzeszów,43-102,2025-06-06,Organic,False,1971-02-01
3102,Klara,Florian,klara.florian@wp.pl,813-558-355,Kraków,04-747,2025-06-02,Meta Ads,False,1979-10-18
3103,Iwo,Andruszko,iwo.andruszko@wp.pl,811 218 027,Poznań,88-353,2025-11-02,Google Ads,False,1974-04-09
3104,Witold,Kleina,witold.kleina@onet.pl,+48 094 986 530,Kraków,58-803,2026-02-24,Meta Ads,True,1958-02-16
3105,Róża,Łachacz,róża.łachacz@o2.pl,901897823,Warszawa,82-270,2024-09-07,Meta Ads,False,1996-05-01
3106,Miłosz,Oślizło,miłosz.oślizło@gmail.com,+48 936 808 465,Kraków,470913,2025-11-27,Meta Ads,True,2001-05-12
3107,Kazimierz,Cyrulik,kazimierz.cyrulik@wp.pl,686061872,Toruń,52-772,2024-12-16,Meta Ads,False,1974-01-25
3108,Tymoteusz,Usarek,tymoteusz.usarek@gmail.com,368128782,Olsztyn,64-878,2025-04-28,Google Ads,False,1960-04-21
3109,Maks,Małas,maks.małas@gmail.com,,Kraków,69-758,2025-04-08,Meta Ads,True,1998-04-09
3110,Olaf,Januchta,olaf.januchta@onet.pl,317819425,Szczecin,40-104,2025-07-24,Google Ads,False,2004-01-18
3111,Tomasz,Jaśkowiec,tomasz.jaśkowiec@o2.pl,406774398,Poznań,52-321,2025-04-27,Newsletter,True,1988-07-20
3112,Daniel,Golisz,daniel.golisz@onet.pl,004-570-285,Opole,49-208,2024-11-07,Meta Ads,False,1969-08-15
3113,Ada,Ciężka,ada.ciężka@gmail.com,+48 318 230 051,Konin,44-826,2024-11-26,Referral,True,1978-10-18
3114,Olgierd,Dejneka,olgierd.dejneka@gmail.com,+48 287 531 276,Warszawa,21-983,2024-09-25,Organic,True,1964-07-11
3115,Kacper,Duczmal,kacper.duczmal@gmail.com,031-818-395,Warszawa,25-596,2025-07-19,Google Ads,True,1972-01-20
3116,Dorota,Gierat,DOROTA.GIERAT@ONET.PL,+48 037 471 106,Białystok,83-574,2026-07-30,Newsletter,True,1971-04-18
3117,Melania,Lempart,melania.lempart@wp.pl,,Suwałki,23-408,2024-11-29,Organic,False,1988-05-16
3118,Igor,Augustynek,igor.augustynek@gmail.com,+48 169 673 790,Poznań,12-093,2026-07-17,Organic,False,1993-04-25
3119,Olga,Cichos,olga.cichos@gmail.com,543981337,Poznań,34-150,2026-01-06,Meta Ads,True,1993-07-15
3120,Ewelina,Kurczak,ewelina.kurczak@interia.pl,403122712,Kraków,51-137,2025-11-19,Meta Ads,False,2004-06-03
3121,Paweł,Szylar,paweł.szylar@gmail.com,805400712,Poznań,95-835,2025-11-08,Meta Ads,True,2002-01-18
3122,Gustaw,Jeszka,gustaw.jeszka@gmail.com,+48 347 040 367,Kraków,73-995,2026-04-06,Meta Ads,False,1959-12-14
3123,Artur,Bartuś,artur.bartuś@gmail.com,977-851-965,Gdynia,06-252,2024-11-30,Google Ads,True,1984-08-21
3124,Jacek,Kwasek,jacek.kwasek@gmail.com,086629180,Gdańsk,64-230,2025-09-01,Newsletter,False,1999-10-04
3125,Borys,Bryzek,borys.bryzek@gmail.com,085-849-154,Białystok,29-451,2025-12-27,Google Ads,False,1989-12-07
3126,Przemysław,Luks,przemysław.luks@gmail.com,+48 727 333 428,Kraków,02-304,2025-11-28,Newsletter,False,1968-07-05
3127,Michał,Złotek,MICHAŁ.ZŁOTEK@WP.PL,+48 950 016 322,Wrocław,79-495,2026-04-13,Meta Ads,True,2000-01-03
3128,Urszula,Roch,urszula.roch@gmail.com,890-129-340,Toruń,71-582,2024-10-09,Meta Ads,True,1965-10-13
3129,Daniel,Dorna, daniel.dorna@wp.pl ,315451710,Kraków,67-595,2025-12-07,Influencer,False,1976-10-10
3130,Aurelia,Orpel,aurelia.orpel@onet.pl,+48 179 057 309,Warszawa,50-765,2025-09-06,Meta Ads,True,1969-06-15
3131,Dariusz,Idzi,dariusz.idzi@wp.pl,626302868,Poznań,34-442,2025-05-10,Meta Ads,False,1975-03-21
3132,Marek,Gregorowicz,marek.gregorowicz@o2.pl,+48 287 514 571,Kraków,70-366,2025-04-30,Organic,True,1959-09-05
3133,Łukasz,Butrym,łukasz.butrym@wp.pl,449-768-364,Szczecin,90-253,2025-11-27,Newsletter,True,1997-10-05
3134,Elżbieta,Błądek,elżbieta.błądek@gmail.com,+48 111 007 469,Rzeszó,13-940,2026-05-02,Google Ads,True,1997-02-27
3135,Dorota,Ciastek,dorota.ciastek@wp.pl,428-700-694,Suwałki,61-549,2025-08-02,Organic,False,1972-03-17
3136,Olaf,Prasek,olaf.prasek@gmail.com,472-638-458,Gdynia,45-735,2026-04-09,Influencer,True,1992-10-22
3137,Bianka,Drobot,bianka.drobot@gmail.com,+48 752 355 921,Poznań,29-477,2025-05-29,Google Ads,False,1969-11-10
3138,Mikołaj,Nalewajek,mikołaj.nalewajek@gmail.com,180452103,Radom,80-449,2024-11-01,Google Ads,True,1981-12-10
3139,Justyna,Kijanka,justyna.kijanka@wp.pl,644 039 588,Poznań,22-023,2024-10-10,Meta Ads,False,1985-04-10
3140,Melania,Cierpka,melania.cierpka@gmail.com,860 010 219,Kraków,08-918,2024-10-13,Meta Ads,False,1974-01-07
3141,Tymon,Morys,tymon.morys@gmail.com,+48 974 116 311,Warszaw,88-363,2025-05-15,Newsletter,True,1959-01-23
3142,Jacek,Sadlak,JACEK.SADLAK@GMAIL.COM,674696642,Kraków,33-971,2025-04-08,Newsletter,False,2003-02-10
3143,Antoni,Feliniak,antoni.feliniak@gmail.com,234826534,Kraków,77-503,2025-12-17,Meta Ads,False,1978-06-06
3144,Łukasz,Pioch,łukasz.pioch@wp.pl,467-369-162,Poznań,28-678,2026-01-18,Meta Ads,False,1979-07-23
3145,Julita,Duchnik,julita.duchnik@o2.pl,,Leszno,87-312,2024-10-09,Referral,False,1973-02-10
3146,Nicole,Machowiak,nicole.machowiak@wp.pl,561-970-008,Kraków,66-969,2024-12-02,Organic,False,1977-03-04
3147,Rozalia,Dzikiewicz,rozalia.dzikiewicz@gmail.com,195 432 393,Szczecin,76-323,2025-02-03,Meta Ads,False,2001-04-27
3148,Mikołaj,Lisoń,mikołaj.lisoń@wp.pl,636-930-901,Warszawa,97-367,2025-10-14,Meta Ads,True,1986-09-24
3149,Wojciech,Szkaradek,wojciech.szkaradek@gmail.com,+48 962 445 040,Lublin,09-543,2024-11-26,Google Ads,False,1977-07-10
3150,Miłosz,Pela,MIŁOSZ.PELA@WP.PL,367 574 302,Kraków,25-255,2024-11-19,Google Ads,False,2007-07-11
3151,Kajetan,Płodzień,kajetan.płodzień@gmail.com,157141378,Katowice,24-031,2026-07-26,Meta Ads,False,1990-01-05
3152,Anastazja,Klus,anastazja.klus@gmail.com,+48 940 442 697,piła,16-340,2026-03-09,Meta Ads,False,1960-04-25
3153,Olga,Panasiewicz,olga.panasiewicz@onet.pl,922833401,Radom,90-972,2024-12-09,Google Ads,False,1991-12-02
3154,Kalina,Czubaszek,kalina.czubaszek@onet.pl,383466282,Warszawa,90-486,2025-05-23,Meta Ads,False,1962-12-08
3155,Cyprian,Janiuk,cyprian.janiuk@o2.pl,188 542 536,Łód,13-319,2025-04-26,Newsletter,True,1974-06-02
3156,Kornelia,Kielich,kornelia.kielich@wp.pl,096 211 173,Warszawa,33-512,2026-03-17,Meta Ads,False,1960-05-27
3157,Robert,Gryka,robert.gryka@gmail.com,686155317,Kraków,26-233,2025-09-08,Newsletter,False,1974-03-17
3158,Maksymilian,Boba,MAKSYMILIAN.BOBA@GMAIL.COM,,Bydgoszcz,58-770,2024-11-04,Meta Ads,False,1960-07-30
3159,Juliusz,Sidorczuk,juliusz.sidorczuk@gmail.com,750112021,Częstochowa,78-063,2026-01-21,Google Ads,False,2007-08-23
3160,Stanisław,Pietrusiewicz,stanisław.pietrusiewicz@gmail.com,,Poznań,48-098,2025-05-17,Organic,False,1964-07-11
3161,Liwia,Kotala,liwia.kotala@gmail.com,+48 482 099 020,Łódź,01-335,2025-02-07,Meta Ads,False,1975-12-27
3162,Antoni,Potok,antoni.potok@gmail.com,841955976,Białystok,73-577,2025-05-10,Organic,False,1975-06-18
3163,Krzysztof,Felisiak,krzysztof.felisiak@gmail.com,238-104-169,Wrocław,25-652,2025-08-27,Organic,False,1988-07-02
3164,Grzegorz,Szkup,grzegorz.szkup@wp.pl,+48 590 372 077,Bydgoszcz,28-354,2025-04-28,Organic,False,1960-09-25
3165,Marcin,Kryk,marcin.kryk@wp.pl,249 946 272,Warszawa,48-588,2025-01-29,Newsletter,False,1964-12-21
3166,Monika,Stochaj,monika.stochaj@wp.pl,231390824,Poznań,99-182,2025-05-30,Newsletter,False,1982-06-26
3167,Sara,Ochnio, sara.ochnio@gmail.com ,+48 995 236 776,Łódź,80-040,2024-09-30,Google Ads,True,2005-03-02
3168,Ignacy,Zawartka,ignacy.zawartka@gmail.com,379-106-980,Bydgoszcz,40-958,2026-02-01,Meta Ads,False,1971-01-15
3169,Nataniel,Olszyna,nataniel.olszyna@interia.pl,,Rzeszów,24-605,2024-12-26,Meta Ads,True,1983-01-28
3170,Oskar,Wochna,oskar.wochna@gmail.com,257097790,Gdańsk,25-618,2024-10-16,Referral,False,1963-10-28
3171,Natan,Gawliczek,natan.gawliczek@gmail.com,620 212 056,Poznań,85-562,2025-11-23,Newsletter,False,1999-09-06
3172,Adrianna,Przybycień,adrianna.przybycień@gmail.com,+48 974 781 575,Łódź,86-568,2026-02-15,Influencer,False,1959-01-24
3173,Witold,Zielke,witold.zielke@interia.pl,120-359-066,Rado,19-246,2026-03-01,Google Ads,False,2006-07-01
3174,Marika,Kulisz,marika.kulisz@onet.pl,494 447 711,Olsztyn,52-043,2025-08-24,Google Ads,False,1974-08-02
3175,Malwina,Surdel,malwina.surdel@gmail.com,073 091 925,Wrocław,85-725,2024-12-26,Google Ads,True,1995-08-04
3176,Tola,Hajda,tola.hajda@gmail.com,,Wrocław,67-094,2026-01-14,Google Ads,False,1990-10-05
3177,Kazimierz,Bugiel,kazimierz.bugiel@gmail.com,612 095 275,Gdańsk,73-589,2025-12-10,Google Ads,False,1992-10-24
3178,Angelika,Nieszporek,angelika.nieszporek@wp.pl,,Warszawa,495452,2025-01-31,Influencer,False,1989-09-07
3179,Ryszard,Filek,ryszard.filek@o2.pl,+48 919 858 576,Łódź,18-459,2026-05-15,Organic,True,1996-01-24
3180,Aleks,Domek,aleks.domek@wp.pl,,Wrocław,55-414,2024-11-15,Newsletter,False,1978-08-28
3181,Karol,Glenc,karol.glenc@gmail.com,907-340-232,Warszawa,00000,2026-08-06,Meta Ads,False,1961-02-14
3182,Melania,Rogacz,melania.rogacz@gmail.com,874 553 058,Łódź,79-399,2026-04-27,Meta Ads,False,1971-10-22
3183,Stefan,Stypka,stefan.stypka@o2.pl,732-112-180,Warszawa,88-716,2025-12-31,Referral,False,1958-07-07
3184,Maciej,Łągiewka,maciej.łągiewka@interia.pl,968022566,Leszno,12-315,2026-06-17,Meta Ads,False,2002-11-17
3185,Anita,Sporek,anita.sporek@onet.pl,,Lublin,23-657,2025-12-08,Meta Ads,False,1972-03-21
3186,Franciszek,Kopytko,franciszek.kopytko@o2.pl,412-129-894,Warszawa,04-049,2024-12-26,Meta Ads,True,2006-11-01
3187,Ernest,Kulisz,ernest.kulisz@wp.pl,784468893,Warszawa,46-988,2025-06-09,Google Ads,False,1984-02-05
3188,Justyna,Jargieło,justyna.jargieło@gmail.com,049 506 039,Warszawa,66-537,2024-10-12,Meta Ads,False,2000-08-09
3189,Apolonia,Korda,apolonia.korda@o2.pl,517-973-404,Poznań,00000,2025-05-05,Google Ads,False,1957-12-18
3190,Bruno,Hajda,bruno.hajda@o2.pl,088 038 970,Łódź,00000,2026-01-07,Influencer,True,1965-06-09
3191,Borys,Kamieniak,borys.kamieniak@onet.pl,493-873-014,Gdańsk,41-075,2025-05-03,Google Ads,True,1993-06-09
3192,Anastazja,Tereszkiewicz,anastazja.tereszkiewicz@gmail.com,319 264 298,Konin,74-656,2025-04-23,Influencer,True,1988-02-01
3193,Aleksander,Baumgart,aleksander.baumgart@gmail.com,550306708,Częstochowa,27-922,2025-11-12,Meta Ads,False,1992-02-18
3194,Aleks,Furgał,aleks.furgał@wp.pl,703-961-712,Poznań,31-676,2026-05-09,Newsletter,False,1998-09-20
3195,Kornel,Wojtalik,kornel.wojtalik@onet.pl,175-074-891,Warszawa,50-847,2024-10-19,Organic,True,1967-09-13
3196,Blanka,Orman,blanka.orman@gmail.com,+48 666 155 256,Leszno,20-146,2025-05-23,Google Ads,False,1987-05-01
3197,Robert,Omiotek,robert.omiotek@gmail.com,497 763 715,kielce,55-697,2024-11-27,Meta Ads,False,1985-11-01
3198,Fabian,Kierepka,fabian.kierepka@gmail.com,814 126 030,Radom,84-755,2025-12-14,Google Ads,False,2004-01-10
3199,Kalina,Pacholczak,kalina.pacholczak@onet.pl,,Warszawa,02-426,2024-11-16,Organic,False,1999-03-31
3200,Albert,Batóg,albert.batóg@wp.pl,+48 081 694 427,Łód,25-837,2025-12-22,Meta Ads,True,1996-11-23
3201,Iwo,Kohnke,iwo.kohnke@gmail.com,123814966,Warszawa,02-642,2025-03-29,Meta Ads,True,1992-04-19
3202,Maciej,Boduch,maciej.boduch@gmail.com,+48 811 078 596,Białystok,99-460,2024-12-08,Meta Ads,False,1962-06-05
3203,Artur,Drózd,artur.drózd@gmail.com,161 438 111,Białystok,82-118,2026-06-01,Meta Ads,False,1961-09-14
3204,Marika,Bryja,marika.bryja@gmail.com,975022633,Kraków,24-550,2024-09-14,Google Ads,False,1972-12-11
3205,Juliusz,Hanusiak,juliusz.hanusiak@wp.pl,980457238,Warszawa,92-953,2025-06-24,Meta Ads,False,1992-06-06
3206,Ryszard,Jałowiec,ryszard.jałowiec@gmail.com,432 566 593,Elbląg,37-292,2024-09-30,Meta Ads,False,2000-12-08
3207,Robert,Siekierka,robert.siekierka@o2.pl,178377827,Leszno,98-123,2025-08-16,Referral,True,1976-07-10
3208,Ksawery,Bodziony,ksawery.bodziony@wp.pl,233 644 595,Krakków,72-867,2025-09-12,Influencer,False,1981-12-27
3209,Hubert,Sito,hubert.sito@wp.pl,052099787,Kraków,05-481,2025-03-24,Google Ads,False,1980-12-21
3210,Kamil,Proch,kamil.proch@gmail.com,202-965-030,Gdańsk,05-854,2024-11-18,Meta Ads,True,1976-02-29
3211,Karol,Irla,karol.irla@interia.pl,069653677,Gdańsk,89-826,2025-05-17,Influencer,False,1959-03-02
3212,Justyna,Zapora,justyna.zapora@o2.pl,632-314-117,Warszawa,48-449,2025-12-18,Meta Ads,False,1994-09-23
3213,Sara,Habdas,sara.habdas@wp.pl,352510063,Katowice,99-043,2026-03-10,Influencer,False,1990-09-23
3214,Nela,Maszkiewicz,nela.maszkiewicz@wp.pl,+48 111 844 386,Olsztyn,25-787,2025-09-08,Meta Ads,False,1966-09-30
3215,Alex,Szymonik,alex.szymonik@gmail.com,+48 404 821 989,Radom,73-015,2025-11-21,Meta Ads,False,2005-11-14
3216,Cyprian,Malecha,cyprian.malecha@wp.pl,683794130,Opole,33-944,2024-12-17,Referral,False,1964-11-24
3217,Marcelina,Bubak,MARCELINA.BUBAK@WP.PL,944 636 059,Warszawa,83-058,2025-03-04,Meta Ads,False,1976-05-02
3218,Marcin,Siemion,marcin.siemion@gmail.com,650-541-837,Białystok,00000,2024-12-23,Meta Ads,True,1967-07-14
3219,Eryk,Filak,eryk.filak@gmail.com,434 085 409,Poznań,85-739,2025-02-18,Organic,False,1978-11-09
3220,Monika,Thiel,monika.thiel@wp.pl,326-376-556,Gdańsk,32-617,2025-01-15,Meta Ads,False,1983-08-11
3221,Dagmara,Linkiewicz,dagmara.linkiewicz@gmail.com,656193160,Warszawa,19-561,2025-09-12,Referral,False,2006-09-12
3222,Adam,Duczmal,adam.duczmal@onet.pl,064-776-096,Poznań,410126,2025-10-24,Meta Ads,False,1977-04-27
3223,Ewelina,Gruchot,ewelina.gruchot@gmail.com,627-515-098,Elbląg,80-738,2026-07-10,Meta Ads,False,1964-08-07
3224,Kazimierz,Kościołek,kazimierz.kościołek@onet.pl,967-265-056,kraków,00000,2024-12-27,Google Ads,False,2003-05-18
3225,Jerzy,Kucz,jerzy.kucz@wp.pl,015-317-331,Kielce,49-004,2025-11-28,Organic,True,1985-06-02
3226,Tobiasz,Sporysz,tobiasz.sporysz@gmail.com,418-767-415,Warszawa,73-123,2026-03-12,Influencer,True,2001-01-06
3227,Piotr,Torbus, piotr.torbus@interia.pl ,632-224-326,Warszawa,70-076,2025-10-24,Organic,False,1956-08-23
3228,Lidia,Szałata,lidia.szałata@gmail.com,+48 797 892 061,Warszawa,83-396,2025-02-27,Meta Ads,True,1970-07-26
3229,Tobiasz,Olearczyk,tobiasz.olearczyk@gmail.com,163138505,Katowice,00000,2025-02-06,Google Ads,True,1991-10-15
3230,Iwo,Majerczyk, iwo.majerczyk@onet.pl ,607527202,Gdynia,889948,2024-10-20,Organic,True,1980-12-27
3231,Marcin,Uziębło,MARCIN.UZIĘBŁO@GMAIL.COM,751 029 656,Wrocław,69-901,2025-03-25,Organic,False,1974-09-06
3232,Julian,Jaszczyszyn,julian.jaszczyszyn@gmail.com,,Kraków,82-749,2026-01-02,Meta Ads,False,1964-11-01
3233,Tobiasz,Fidler,tobiasz.fidler@wp.pl,,Łódź,21-377,2024-10-11,Google Ads,True,1994-10-25
3234,Kornelia,Łacina,kornelia.łacina@wp.pl,+48 399 996 623,Toruń,39-148,2024-12-17,Meta Ads,False,1957-11-06
3235,Klara,Palej,klara.palej@gmail.com,+48 460 840 979,Kraków,00000,2025-12-01,Meta Ads,True,1967-08-17
3236,Blanka,Szymanik,blanka.szymanik@gmail.com,204880932,Gdańsk,81-362,2026-03-08,Influencer,True,1966-08-16
3237,Olga,Sąsiadek,olga.sąsiadek@o2.pl,111-750-488,Częstochowa,54-472,2025-07-20,Meta Ads,False,1994-06-20
3238,Sara,Wota,sara.wota@wp.pl,184 854 099,Kraków,60-373,2025-12-17,Google Ads,True,1973-07-01
3239,Blanka,Marcińczyk,blanka.marcińczyk@gmail.com,160500308,Wrocław,93-543,2025-05-25,Google Ads,True,1966-07-05
3240,Przemysław,Kamieniak,przemysław.kamieniak@onet.pl,640-360-531,Warszawa,25-583,2024-11-13,Meta Ads,True,1965-11-28
3241,Dariusz,Gładka,dariusz.gładka@gmail.com,,Gdańsk,60-562,2025-05-26,Meta Ads,False,2001-04-21
3242,Kalina,Zadora, kalina.zadora@wp.pl ,+48 310 268 254,Warszawa,83-315,2025-10-04,Referral,True,1966-11-29
3243,Julian,Gumienna,julian.gumienna@gmail.com,916-690-295,Warszawa,14-556,2026-07-01,Meta Ads,False,1990-03-01
3244,Radosław,Mazepa,radosław.mazepa@gmail.com,233-716-310,Kraków,80-423,2024-10-03,Google Ads,False,1958-04-17
3245,Przemysław,Rogal,przemysław.rogal@interia.pl,018 496 388,Opole,71-912,2025-09-29,Meta Ads,False,1963-11-25
3246,Ernest,Wydmuch,ernest.wydmuch@onet.pl,086 961 067,Gdańsk,56-185,2025-04-26,Meta Ads,True,2005-08-02
3247,Szymon,Tadla,szymon.tadla@gmail.com,,Kraków,27-396,2025-09-30,Google Ads,False,1985-09-01
3248,Tymoteusz,Leszczuk,tymoteusz.leszczuk@gmail.com,768192771,Kraków,96-697,2024-09-21,Newsletter,True,1985-06-15
3249,Marcin,Walocha,marcin.walocha@gmail.com,567 705 749,Warszaw,52-589,2025-03-07,Google Ads,False,1997-01-13
3250,Konrad,Dawidczyk,konrad.dawidczyk@gmail.com,339-224-850,gdańsk,443475,2026-03-02,Meta Ads,False,1980-06-06
3251,Adrian,Irla,adrian.irla@onet.pl,801 049 165,Warszawa,63-324,2025-10-30,Meta Ads,False,1987-12-11
3252,Liwia,Reiter,liwia.reiter@gmail.com,444214734,Szczecin,81-897,2025-07-15,Google Ads,False,1957-06-19
3253,Patryk,Wołodźko,patryk.wołodźko@interia.pl,863812587,Kraków,09-088,2025-03-20,Meta Ads,False,1956-09-24
3254,Mikołaj,Basa,mikołaj.basa@gmail.com,918873158,Olsztyn,12-321,2025-03-11,Meta Ads,False,2004-12-20
3255,Maurycy,Naczk,maurycy.naczk@o2.pl,,Gdańsk,96-155,2025-05-05,Meta Ads,False,2006-05-15
3256,Norbert,Fogiel,norbert.fogiel@gmail.com,671 292 654,Pozna,09-372,2026-04-02,Organic,False,1988-08-17
3257,Jędrzej,Kazubek,jędrzej.kazubek@gmail.com,508-393-747,Wrocław,58-487,2026-07-31,Influencer,False,1973-07-17
3258,Tymoteusz,Wojciech,tymoteusz.wojciech@wp.pl,033783599,Radom,39-104,2025-06-13,Meta Ads,False,1998-02-13
3259,Damian,Wawrzynkiewicz,damian.wawrzynkiewicz@gmail.com,105638149,Opole,20-168,2025-05-26,Newsletter,False,1977-08-07
3260,Ewelina,Pawela,ewelina.pawela@gmail.com,+48 065 718 657,Kraków,53-163,2026-04-21,Organic,True,1985-05-13
3261,Natasza,Jaremek, natasza.jaremek@o2.pl ,,Białystok,36-707,2025-06-18,Organic,False,2000-07-16
3262,Witold,Kuryłowicz,witold.kuryłowicz@gmail.com,246-079-900,Warszawa,85-969,2025-10-18,Meta Ads,False,1963-05-14
3263,Sara,Rawa,sara.rawa@gmail.com,638 425 317,Wrocław,97-041,2025-01-03,Meta Ads,False,1962-10-13
3264,Fryderyk,Czak,fryderyk.czak@o2.pl,+48 648 263 844,Piła,49-489,2026-01-24,Meta Ads,False,1964-08-17
3265,Michał,Kabza,michał.kabza@interia.pl,+48 061 178 345,Kraków,89-838,2025-09-27,Google Ads,True,1974-10-20
3266,Monika,Pospiech,monika.pospiech@wp.pl,+48 501 555 353,Rzeszów,74-187,2026-03-04,Newsletter,False,1979-04-21
3267,Michał,Kloch,michał.kloch@o2.pl,443-889-147,Warszawa,86-581,2026-02-03,Meta Ads,False,1973-10-26
3268,Natan,Leśko,natan.leśko@o2.pl,295-531-582,Gdańsk,48-071,2024-12-11,Influencer,False,1964-12-27
3269,Radosław,Nytko,radosław.nytko@interia.pl,+48 225 046 419,Gdańsk,51-939,2025-12-22,Google Ads,False,1963-07-08
3270,Konrad,Wisła,konrad.wisła@gmail.com,681 866 651,Olsztyn,42-300,2026-03-30,Organic,True,1993-04-20
3271,Karol,Szafarz,karol.szafarz@gmail.com,800308607,Olsztyn,78-819,2025-04-25,Newsletter,False,1981-10-25
3272,Tola,Feluś,tola.feluś@gmail.com,850735491,Leszno,22-374,2024-12-13,Newsletter,False,2000-09-17
3273,Eryk,Korab,eryk.korab@wp.pl,,Łódź,36-533,2024-09-13,Newsletter,True,2003-07-10
3274,Szymon,Misiejuk,szymon.misiejuk@gmail.com,974-448-647,Elbląg,41-928,2025-07-29,Meta Ads,True,1964-06-09
3275,Tadeusz,Gawłowicz,TADEUSZ.GAWŁOWICZ@O2.PL,+48 519 619 167,warszawa,40-270,2025-04-20,Meta Ads,False,1979-05-22
3276,Kornelia,Ruchała,kornelia.ruchała@gmail.com,+48 782 243 620,Poznań,06-280,2025-10-05,Newsletter,False,1995-05-07
3277,Róża,Galos,róża.galos@gmail.com,968-708-998,Radom,11-341,2024-12-14,Meta Ads,False,1984-10-24
3278,Adrian,Miąsik,adrian.miąsik@gmail.com,138-436-941,Konin,80-011,2026-04-22,Newsletter,False,1994-07-13
3279,Kacper,Ficner,kacper.ficner@gmail.com,+48 666 474 351,Olsztyn,49-205,2025-02-25,Meta Ads,False,2003-07-15
3280,Fryderyk,Wódka,fryderyk.wódka@gmail.com,634-068-412,Gdańsk,05-712,2025-01-21,Meta Ads,False,1991-03-17
3281,Albert,Gajowiak,ALBERT.GAJOWIAK@ONET.PL,563-040-067,Katowice,47-823,2025-08-06,Google Ads,False,1982-10-06
3282,Kaja,Kubrak,kaja.kubrak@interia.pl,461-836-596,Poznań,755161,2025-08-04,Newsletter,False,1962-08-10
3283,Mieszko,Wikło,mieszko.wikło@wp.pl,710 264 463,Poznań,34-566,2024-12-19,Google Ads,True,1965-10-26
3284,Ryszard,Sadura,ryszard.sadura@gmail.com,357-222-560,Częstochowa,11-936,2025-02-07,Organic,False,1979-06-10
3285,Karol,Łacina,karol.łacina@gmail.com,010 563 993,Kraków,86-936,2024-12-16,Organic,True,1972-06-25
3286,Apolonia,Szumna,apolonia.szumna@wp.pl,938-450-812,Kraków,15-024,2025-12-19,Newsletter,True,1998-07-26
3287,Dominik,Macias,dominik.macias@wp.pl,,Olsztyn,10-182,2026-02-27,Google Ads,False,1975-05-21
3288,Marcin,Mleczek,marcin.mleczek@onet.pl,895363032,Suwałki,31-798,2025-07-24,Meta Ads,False,1960-03-23
3289,Igor,Rychel, igor.rychel@o2.pl ,316-306-522,warszawa,93-014,2025-12-29,Referral,False,1994-08-18
3290,Cyprian,Cąkała,cyprian.cąkała@gmail.com,701576671,Łódź,80-073,2026-01-04,Organic,False,1963-11-16
3291,Róża,Goworek, róża.goworek@wp.pl ,+48 549 166 206,Kraków,43-805,2024-11-25,Referral,True,1990-11-02
3292,Marcel,Waniek,marcel.waniek@wp.pl,241 108 270,Łódź,91-143,2026-07-11,Organic,False,1966-03-03
3293,Maksymilian,Mich,maksymilian.mich@wp.pl,197992928,Szczecin,12-736,2026-03-06,Google Ads,True,2006-01-07
3294,Jakub,Orwat,jakub.orwat@gmail.com,+48 287 318 836,Gdynia,88-239,2024-12-11,Influencer,False,1966-09-26
3295,Maksymilian,Piskor,maksymilian.piskor@gmail.com,080968164,Zielona Góra,42-641,2024-12-14,Referral,False,1983-08-26
3296,Lidia,Karol,lidia.karol@o2.pl,295547962,Łódź,26-726,2024-11-05,Organic,False,2007-12-16
3297,Daniel,Gradek,danielgradek@o2.pl,549942679,Suwałki,37-750,2024-11-21,Google Ads,False,1991-06-07
3298,Stanisław,Bartuś,stanisław.bartuś@gmail.com,055-307-790,Kielce,24-520,2026-02-04,Newsletter,True,1955-12-06
3299,Kajetan,Kliber,kajetan.kliber@gmail.com,559-373-733,Warszawa,34-148,2025-07-08,Meta Ads,True,2002-02-20
3300,Aurelia,Kral,aurelia.kral@wp.pl,057-903-526,Wrocław,90-127,2026-03-22,Google Ads,False,1992-11-05
3301,Igor,Łągiewka,igor.łągiewka@gmail.com,311-502-105,Gdańsk,00000,2026-01-20,Google Ads,False,1972-08-18
3302,Olaf,Świgoń,olaf.świgoń@wp.pl,+48 971 054 806,Opole,51-651,2025-11-02,Meta Ads,False,1999-11-27
3303,Gustaw,Wocial,gustaw.wocial@gmail.com,693-375-588,Gdynia,53-519,2025-12-20,Meta Ads,False,1989-07-19
3304,Przemysław,Prostak,przemysław.prostak@gmail.com,565 736 178,Kraków,33-845,2024-09-15,Meta Ads,True,1973-11-13
3305,Tadeusz,Potaczek,tadeusz.potaczek@gmail.com,514986407,Szczecin,01-671,2025-03-27,Google Ads,True,2002-10-18
3306,Iwo,Hornik,iwo.hornik@gmail.com,095 537 616,Olsztyn,97-166,2025-11-29,Meta Ads,True,1959-01-08
3307,Wiktor,Stój,wiktor.stój@gmail.com,+48 922 031 139,Warszawa,45-925,2024-09-22,Meta Ads,False,1994-06-10
3308,Kornelia,Kwinta,kornelia.kwinta@gmail.com,705439167,Wrocław,87-783,2024-09-23,Google Ads,False,2003-03-23
3309,Adrianna,Rykała,adrianna.rykała@o2.pl,411-328-031,Rzeszów,96-691,2026-04-09,Organic,False,1960-04-09
3310,Julianna,Miros,julianna.miros@gmail.com,087 115 943,Olsztyn,47-715,2025-12-01,Meta Ads,False,1991-09-11
3311,Wiktor,Zięcik,wiktor.zięcik@interia.pl,106324940,Warszawa,34-745,2025-02-16,Meta Ads,True,2000-02-07
3312,Aniela,Gabara,aniela.gabara@gmail.com,+48 345 611 802,Gorzów Wielkopolski,96-831,2025-12-11,Organic,False,1981-01-22
3313,Sonia,Morka,sonia.morka@wp.pl,259-743-362,Kraków,98-501,2026-03-08,Meta Ads,False,1972-03-17
3314,Rafał,Bobel,rafał.bobel@gmail.com,679784165,Warszawa,76-175,2025-03-11,Google Ads,False,1957-11-09
3315,Maks,Dąbrówka,maks.dąbrówka@wp.pl,270-155-622,Leszno,60-902,2024-09-19,Meta Ads,True,1980-01-23
3316,Olga,Roj,olga.roj@gmail.com,,Warszawa,60-464,2026-06-16,Meta Ads,True,1963-09-08
3317,Ernest,Giedrojć,ernest.giedrojć@gmail.com,130196153,Poznań,04-895,2025-04-08,Influencer,True,1962-12-26
3318,Alex,Baumgart,alex.baumgart@gmail.com,+48 653 521 882,Opole,81-153,2024-11-19,Organic,False,1976-10-06
3319,Bartek,Sapeta,bartek.sapeta@gmail.com,449-201-632,Kraków,85-928,2025-08-19,Influencer,False,1964-10-01
3320,Tola,Zacharek,tola.zacharek@wp.pl,495 261 798,Poznań,907261,2026-02-01,Organic,False,1956-06-18
3321,Natasza,Grzela,natasza.grzela@gmail.com,155499858,Białystok,35-346,2024-12-04,Google Ads,True,1966-01-28
3322,Sonia,Kapka,sonia.kapka@gmail.com,+48 588 461 589,Kraków,21-311,2025-02-12,Meta Ads,False,1999-07-29
3323,Krystyna,Grunt,krystyna.grunt@gmail.com,+48 496 026 482,Gorzów Wielkopolsk,30-195,2025-01-01,Organic,True,1981-05-19
3324,Sonia,Poreda,SONIA.POREDA@GMAIL.COM,790 463 290,Kielce,56-971,2026-08-06,Influencer,True,2000-09-24
3325,Ada,Szara,ada.szara@onet.pl,015 049 910,Piła,08-362,2024-12-14,Organic,True,2006-07-21
3326,Krzysztof,Szaj,krzysztof.szaj@onet.pl,602477118,Olsztyn,91-489,2025-10-18,Influencer,True,1987-10-23
3327,Julian,Brodowicz,julian.brodowicz@o2.pl,+48 086 954 195,Warszawa,67-966,2026-06-09,Meta Ads,False,1981-10-15
3328,Przemysław,Sobstyl,PRZEMYSŁAW.SOBSTYL@GMAIL.COM,+48 571 698 950,Radom,63-014,2024-11-29,Meta Ads,False,2006-04-23
3329,Damian,Gryga,damian.gryga@gmail.com,716-263-445,Rzeszów,81-319,2026-07-26,Newsletter,True,1991-11-07
3330,Marianna,Cieciora,MARIANNA.CIECIORA@GMAIL.COM,,Łódź,16-614,2026-07-12,Influencer,False,1962-06-15
3331,Ryszard,Drobek,ryszard.drobek@o2.pl,876429816,Białystok,93-383,2026-05-21,Google Ads,False,1998-05-17
3332,Hubert,Nyk,hubert.nyk@gmail.com,+48 857 022 012,Gdańsk,73-994,2024-12-15,Newsletter,False,1980-09-09
3333,Kacper,Pielach,kacper.pielach@gmail.com,879 658 086,Bydgoszcz,48-428,2025-11-11,Google Ads,False,1968-08-21
3334,Arkadiusz,Puc,arkadiusz.puc@gmail.com,819689526,Leszno,30-932,2026-02-03,Meta Ads,False,2001-10-21
3335,Jędrzej,Wojtaszak,jędrzej.wojtaszak@gmail.com,447222588,Poznań,61-806,2026-08-06,Newsletter,False,1970-06-18
3336,Cyprian,Roś,cyprian.roś@wp.pl,908395119,Piła,43-716,2024-12-08,Meta Ads,True,1965-11-23
3337,Hubert,Przewoźniak,hubert.przewoźniak@interia.pl,050 089 159,warszawa,81-587,2026-02-20,Referral,False,2007-01-25
3338,Olaf,Cięciwa,olaf.cięciwa@gmail.com,119-608-125,Zielona Góra,76-625,2025-04-01,Meta Ads,False,1968-02-27
3339,Witold,Wołoszyk,witold.wołoszyk@gmail.com,+48 350 485 572,Warszawa,73-482,2024-12-31,Meta Ads,False,2002-10-18
3340,Jędrzej,Pitura,jędrzej.pitura@wp.pl,+48 588 809 189,Kraków,13-394,2025-06-05,Organic,False,1995-05-10
3341,Kazimierz,Jaroszuk,kazimierz.jaroszuk@o2.pl,+48 825 643 407,Suwałki,68-503,2026-03-02,Organic,False,1980-02-13
3342,Cezary,Samul,cezary.samul@gmail.com,+48 992 122 781,Wroocław,58-399,2025-07-31,Google Ads,False,1996-10-19
3343,Jacek,Lukas,jacek.lukas@gmail.com,531-814-901,Wrocław,855461,2025-09-23,Newsletter,True,2000-07-12
3344,Stanisław,Kuk,stanisław.kuk@gmail.com,119344576,wrocław,32-229,2026-08-06,Meta Ads,True,1989-02-23
3345,Arkadiusz,Flieger,arkadiusz.flieger@onet.pl,366620898,Olsztyn,80-495,2025-05-28,Google Ads,False,1985-05-17
3346,Jeremi,Kuryś,jeremi.kuryś@wp.pl,149 030 110,Lublin,63-322,2025-11-30,Meta Ads,True,1987-08-25
3347,Julita,Pagacz,julita.pagacz@gmail.com,+48 005 151 791,konin,83-193,2025-05-29,Google Ads,True,2006-05-10
3348,Gaja,Tomal,gaja.tomal@wp.pl,200-837-859,Piła,16-303,2025-05-16,Meta Ads,False,1994-06-20
3349,Eryk,Piaseczna,eryk.piaseczna@gmail.com,917836972,Gdynia,65-290,2025-12-30,Organic,False,1968-10-01
3350,Albert,Twardy,albert.twardy@o2.pl,899304551,Łódź,00000,2026-06-10,Meta Ads,False,2000-10-15
3351,Radosław,Kasica,radosław.kasica@gmail.com,040 462 211,Warszawa,021232,2025-10-12,Meta Ads,False,1971-04-16
3352,Antoni,Ładniak,antoni.ładniak@interia.pl,966102727,Warszawa,83-781,2026-02-21,Influencer,False,1977-12-06
3353,Leonard,Bobko,leonard.bobko@gmail.com,345 456 074,Białystok,19-458,2024-11-07,Google Ads,True,1988-10-07
3354,Dagmara,Ciuk,dagmara.ciuk@o2.pl,096-173-258,Łódź,77-455,2024-12-11,Referral,False,1995-10-18
3355,Dominik,Kapciak,dominik.kapciak@gmail.com,+48 540 777 979,Olsztyn,59-283,2025-09-27,Meta Ads,False,1966-01-28
3356,Agnieszka,Wendt,agnieszka.wendt@gmail.com,+48 044 555 385,Wrocław,21-601,2024-09-07,Influencer,False,1962-05-29
3357,Kacper,Stanisławczyk,kacper.stanisławczyk@interia.pl,887-375-366,Bydgoszcz,07-889,2025-02-11,Organic,True,1972-11-25
3358,Malwina,Bany,malwina.bany@onet.pl,632-912-807,Łódź,19-323,2025-09-03,Organic,True,1999-09-06
3359,Albert,Głownia,albert.głownia@o2.pl,619-978-131,Warszawa,04-644,2024-09-17,Newsletter,False,1978-08-11
3360,Kazimierz,Wołkowicz,kazimierz.wołkowicz@gmail.com,992-461-010,Bydgoszcz,23-335,2025-02-12,Google Ads,False,1988-02-02
3361,Filip,Zawiasa,filip.zawiasa@gmail.com,799053087,Szczecin,37-332,2025-09-13,Influencer,True,1985-07-28
3362,Nicole,Kotlarek,nicole.kotlarek@wp.pl,449 242 195,Wrocław,66-058,2025-10-15,Meta Ads,True,1993-11-26
3363,Adrian,Smagacz,adrian.smagacz@gmail.com,902-576-575,Kraków,09-950,2026-06-02,Google Ads,False,1959-03-12
3364,Krystian,Noszczyk,krystian.noszczyk@gmail.com,511816661,Poznań,67-168,2025-11-22,Google Ads,True,2005-06-03
3365,Marek,Mainka,MAREK.MAINKA@INTERIA.PL,+48 206 719 513,łódź,97-369,2025-06-17,Influencer,False,2007-02-17
3366,Natan,Sacharczuk,natan.sacharczuk@gmail.com,154592071,Łódź,53-352,2026-06-05,Meta Ads,False,1995-05-23
3367,Anastazja,Trzop,anastazja.trzop@wp.pl,940107251,Gorzów Wielkopolski,70-064,2026-03-20,Google Ads,False,1983-05-28
3368,Ewa,Leszcz,ewa.leszcz@gmail.com,110 589 066,Piła,20-562,2024-12-01,Influencer,True,1999-03-17
3369,Nikodem,Zagozda,nikodem.zagozda@wp.pl,654-170-899,Katowice,00000,2024-11-08,Google Ads,False,1996-01-09
3370,Robert,Sadza,robert.sadza@interia.pl,152348350,Opole,31-058,2025-12-08,Organic,False,1989-10-07
3371,Dagmara,Drywa,dagmara.drywa@o2.pl,930252982,Poznań,07-659,2025-10-10,Meta Ads,False,2000-04-08
3372,Artur,Kozon,artur.kozon@gmail.com,637 287 960,Warszawa,06-044,2026-03-30,Google Ads,False,1967-03-15
3373,Jerzy,Fijak,jerzy.fijak@gmail.com,767438413,Radom,18-513,2026-01-01,Organic,False,1972-07-11
3374,Tobiasz,Laszkiewicz,tobiasz.laszkiewicz@gmail.com,,Leszno,82-687,2025-11-16,Referral,False,1976-07-28
3375,Apolonia,Truchel,APOLONIA.TRUCHEL@WP.PL,569801463,Lublin,38-505,2026-08-06,Referral,False,1956-11-03
3376,Urszula,Leśna,urszula.leśna@gmail.com,807 881 147,Kraków,09-042,2025-09-17,Meta Ads,False,1966-03-15
3377,Piotr,Radke,PIOTR.RADKE@INTERIA.PL,098-227-812,Lublin,30-597,2024-11-24,Organic,True,1981-08-23
3378,Nataniel,Jasnoch,nataniel.jasnoch@wp.pl,+48 243 151 862,Warszawa,11-596,2026-04-16,Influencer,True,2002-04-28
3379,Apolonia,Płocharczyk,apolonia.płocharczyk@gmail.com,+48 655 630 228,Olsztyn,22-407,2025-02-08,Newsletter,False,1966-11-15
3380,Julita,Piszcz,julita.piszcz@o2.pl,004242543,Gdańsk,81-763,2026-02-01,Organic,True,1988-08-08
3381,Cezary,Roch,cezary.roch@gmail.com,+48 865 302 323,Kraków,48-524,2026-07-18,Organic,True,1976-03-07
3382,Ksawery,Jakimiak,ksawery.jakimiak@gmail.com,675 961 604,Gdyni,78-263,2025-12-13,Meta Ads,False,1973-04-28
3383,Arkadiusz,Władyka,arkadiusz.władyka@wp.pl,270-699-365,Warszawa,34-403,2025-11-23,Organic,True,1961-11-28
3384,Stefan,Dulas,stefan.dulas@gmail.com,,Warszawa,04-457,2025-07-02,Referral,False,1987-07-29
3385,Ida,Dumin,ida.dumin@gmail.com,926-545-853,Wrocław,52-210,2025-05-08,Referral,False,1965-05-23
3386,Maciej,Goss,maciej.goss@o2.pl,866 073 011,Warszawa,14-761,2025-04-14,Referral,False,2005-01-18
3387,Gabriel,Pagacz,gabriel.pagacz@wp.pl,792168705,Warszawa,98-584,2025-11-27,Organic,False,1994-08-03
3388,Radosław,Mazepa,radosław.mazepa@gmail.com,,Łódź,89-691,2026-02-07,Google Ads,False,1966-12-15
3389,Tola,Kamyszek,TOLA.KAMYSZEK@ONET.PL,+48 139 402 930,Łódź,39-370,2025-12-24,Newsletter,False,1980-03-05
3390,Olaf,Krüger,olaf.krüger@gmail.com,562 627 091,Olsztyn,33-223,2024-12-30,Referral,False,1982-09-07
3391,Fabian,Wika,fabian.wika@gmail.com,640 639 078,Katowice,28-850,2025-08-30,Organic,True,1965-03-08
3392,Józef,Trzepizur,józef.trzepizur@o2.pl,721 348 535,Wrocław,64-970,2026-03-25,Newsletter,True,1993-10-02
3393,Arkadiusz,Wasilewicz,arkadiusz.wasilewicz@gmail.com,+48 539 944 187,Radom,51-617,2025-07-07,Google Ads,False,1995-07-20
3394,Marika,Zubel,MARIKA.ZUBEL@O2.PL,025-910-450,warszawa,72-612,2025-09-12,Google Ads,False,1970-09-19
3395,Witold,Brańka,witold.brańka@wp.pl,760 300 945,Kraków,79-110,2026-02-23,Organic,True,2002-06-21
3396,Antoni,Fogt,antoni.fogt@wp.pl,115 567 669,Białystok,07-878,2025-12-11,Meta Ads,False,1956-03-10
3397,Jacek,Wandzel,jacek.wandzel@gmail.com,+48 156 507 027,Elbląg,39-456,2025-06-09,Meta Ads,True,1975-10-23
3398,Nicole,Jarosik,nicole.jarosik@gmail.com,,Wrocław,13-055,2026-05-09,Influencer,False,1975-02-07
3399,Rafał,Szachniewicz, rafał.szachniewicz@gmail.com ,046075969,Warszawa,95-898,2024-12-04,Google Ads,False,1975-05-10
3400,Konstanty,Grycz,konstanty.grycz@gmail.com,919 360 699,Warszawa,84-023,2026-08-06,Organic,True,1971-05-12
3401,Filip,Płocharczyk,filip.płocharczyk@gmail.com,687404551,Kielce,16-310,2024-11-13,Meta Ads,False,1963-02-10
3402,Agnieszka,Więcławek,agnieszka.więcławek@onet.pl,963436641,Łódź,27-124,2024-09-18,Referral,True,2004-04-28
3403,Antoni,Bobik,antoni.bobik@wp.pl,572 230 230,Warszawa,61-179,2026-05-11,Meta Ads,True,1956-05-09
3404,Dawid,Bystrek,dawid.bystrek@onet.pl,046 991 044,Wrocław,31-467,2025-01-30,Influencer,True,2001-09-11
3405,Elżbieta,Kryza,elżbieta.kryza@o2.pl,+48 946 210 405,Warszawa,72-280,2026-01-04,Meta Ads,True,1969-11-28
3406,Sylwia,Huczek,sylwia.huczek@gmail.com,188-674-748,Poznań,09-749,2026-03-08,Google Ads,True,1992-04-05
3407,Przemysław,Samson,przemysław.samson@wp.pl,351-151-588,Kraków,51-695,2026-04-06,Newsletter,False,1975-08-07
3408,Piotr,Klęczar,piotr.klęczar@gmail.com,779-303-879,Szczecin,56-851,2026-08-06,Referral,True,1980-04-11
3409,Tymoteusz,Kunc,tymoteusz.kunc@wp.pl,,Bydgoszcz,74-919,2025-03-03,Meta Ads,False,1957-12-05
3410,Wiktor,Duras,wiktor.duras@wp.pl,+48 432 143 850,Kraków,36-727,2025-12-22,Meta Ads,False,1970-07-08
3411,Malwina,Szeszko,malwina.szeszko@gmail.com,+48 870 111 583,Gdynia,35-025,2024-11-15,Google Ads,False,1991-03-04
3412,Rafał,Kiljan,rafał.kiljan@wp.pl,+48 265 571 952,Wrocław,89-459,2025-05-03,Meta Ads,False,1998-07-18
3413,Aleksander,Fiutak,aleksander.fiutak@gmail.com,734-538-027,Wrocław,73-856,2026-04-06,Google Ads,True,2001-01-06
3414,Melania,Kuffel,melania.kuffel@onet.pl,974787271,Warszawa,63-811,2025-05-27,Referral,False,1967-11-13
3415,Franciszek,Kasper,franciszek.kasper@wp.pl,+48 876 432 613,Katowice,47-091,2025-11-12,Meta Ads,False,1987-04-17
3416,Agnieszka,Grześków,agnieszka.grześków@gmail.com,560 376 166,Gdańsk,61-558,2025-09-20,Organic,True,1964-04-12
3417,Mariusz,Łaskawiec,mariusz.łaskawiec@wp.pl,,Wrocław,71-554,2025-11-26,Meta Ads,False,1963-04-26
3418,Mieszko,Kubrak,mieszko.kubrak@wp.pl,345130583,Gorzów Wielkopolski,23-595,2026-07-02,Organic,False,1976-11-21
3419,Roksana,Milczarczyk,roksana.milczarczyk@gmail.com,+48 877 071 772,Łódź,99-300,2024-10-18,Organic,False,1963-06-03
3420,Anastazja,Kossak,anastazja.kossak@o2.pl,429713258,Wrocław,70-418,2025-10-03,Newsletter,True,1974-09-10
3421,Kornelia,Bodziony,kornelia.bodziony@onet.pl,494-074-837,Kraków,78-260,2026-04-26,Google Ads,False,2002-06-28
3422,Józef,Pałyga,józef.pałyga@gmail.com,040603601,Wrocław,83-478,2025-08-31,Organic,False,1979-06-27
3423,Rozalia,Kuśmider,rozaliakuśmider@gmail.com,479825513,Warszawa,88-169,2024-10-24,Newsletter,False,2002-10-02
3424,Cyprian,Lemanowicz, cyprian.lemanowicz@wp.pl ,692 539 241,Zielona Góra,81-149,2025-10-12,Meta Ads,False,1987-05-02
3425,Rozalia,Mitera,rozalia.mitera@o2.pl,+48 913 609 997,Białystok,96-164,2025-04-25,Organic,False,2000-09-14
3426,Anita,Lalak,anita.lalak@interia.pl,485 526 988,Olsztyn,27-845,2024-11-22,Referral,False,1992-05-02
3427,Maksymilian,Wizner,MAKSYMILIAN.WIZNER@ONET.PL,467 234 521,Łódź,00000,2026-04-13,Organic,True,1961-07-10
3428,Nela,Gronkiewicz,nela.gronkiewicz@interia.pl,290-443-540,Szczecin,06-533,2025-09-28,Meta Ads,False,1961-02-04
3429,Jan,Gula,jan.gula@wp.pl,153 965 803,Warszawa,71-681,2026-06-14,Newsletter,False,2005-07-15
3430,Olaf,Maron, olaf.maron@gmail.com ,364-344-609,Gdynia,91-807,2026-03-03,Google Ads,False,1973-05-06
3431,Oliwier,Matejczyk,oliwier.matejczyk@o2.pl,+48 329 937 199,Gdańsk,94-857,2025-12-14,Organic,False,1997-10-31
3432,Krystyna,Gryszkiewicz,krystyna.gryszkiewicz@gmail.com,509 559 492,Toruń,67-673,2024-09-21,Google Ads,True,1999-01-09
3433,Borys,Wiak,borys.wiak@gmail.com,,Warszawa,45-768,2025-06-01,Influencer,False,1977-03-21
3434,Dominik,Walenciak,dominik.walenciak@gmail.com,230869909,piła,82-660,2024-12-05,Meta Ads,False,1979-08-22
3435,Rafał,Zawodnik,rafał.zawodnik@gmail.com,242159214,Opole,01-915,2026-06-13,Newsletter,False,1997-08-28
3436,Dorota,Potok,dorota.potok@o2.pl,+48 230 625 030,Poznań,14-508,2024-12-05,Meta Ads,True,1963-03-31
3437,Wojciech,Kryza,wojciech.kryza@o2.pl,235 368 580,Lublin,40-248,2025-03-16,Newsletter,True,1995-08-27
3438,Emil,Bejnarowicz,emil.bejnarowicz@wp.pl,704 851 776,Warszawa,27-555,2025-09-29,Influencer,False,1989-06-03
3439,Rafał,Jurczuk,rafał.jurczuk@gmail.com,+48 782 214 669,Łódź,03-032,2025-02-04,Meta Ads,False,1971-04-10
3440,Nikodem,Mich,nikodem.mich@gmail.com,175 228 930,Kraków,88-074,2024-12-10,Organic,False,1959-02-23
3441,Aniela,Nasiadka,aniela.nasiadka@gmail.com,601-533-420,Poznań,55-968,2025-11-15,Meta Ads,False,1974-07-18
3442,Olga,Pesta,olga.pesta@o2.pl,,Warszawa,90-612,2024-11-02,Meta Ads,False,1971-07-04
3443,Tobiasz,Zadora,tobiasz.zadora@gmail.com,043-314-616,Łódź,27-312,2024-10-13,Organic,True,1978-04-22
3444,Julianna,Siembab,julianna.siembab@onet.pl,952-321-209,Warszawa,82-630,2025-05-15,Meta Ads,False,1987-01-16
3445,Marika,Domżał,marika.domżał@gmail.com,309225220,Kraków,64-328,2025-12-10,Organic,False,1974-03-23
3446,Juliusz,Gawłowicz,juliusz.gawłowicz@wp.pl,933 652 451,Opole,61-882,2025-10-03,Meta Ads,False,1997-11-18
3447,Julita,Dumin,julita.dumin@o2.pl,+48 365 488 203,Kielce,13-433,2025-06-12,Google Ads,True,1992-02-03
3448,Nataniel,Woszczak,nataniel.woszczak@gmail.com,186049001,Warszawa,63-028,2025-10-27,Google Ads,False,1975-09-25
3449,Ada,Dering,ada.dering@gmail.com,552715553,Toruń,12-487,2025-05-21,Google Ads,False,1968-12-16
3450,Tomasz,Bartocha,tomasz.bartocha@onet.pl,321-605-305,warszawa,32-742,2026-06-30,Google Ads,True,1999-08-15
3451,Patryk,Gawliczek,patryk.gawliczek@onet.pl,169810238,Częstochowa,49-768,2024-10-09,Organic,False,1973-06-23
3452,Natasza,Loba,natasza.loba@gmail.com,+48 224 790 813,Kraków,42-318,2025-12-06,Organic,True,1984-11-19
3453,Aniela,Betlej,aniela.betlej@gmail.com,980 609 776,Warszawa,79-421,2026-05-28,Organic,True,1960-08-17
3454,Hubert,Wandas,hubert.wandas@gmail.com,941-099-639,Wrocław,87-800,2026-03-28,Organic,True,1957-02-02
3455,Dorota,Gleba,dorota.gleba@wp.pl,478 776 979,Krakków,09-515,2024-12-12,Newsletter,False,1965-03-14
3456,Jacek,Duchnik,JACEK.DUCHNIK@GMAIL.COM,537 386 735,Warszawa,73-398,2025-03-25,Meta Ads,False,1998-01-24
3457,Julita,Supernak,julita.supernak@o2.pl,696 734 259,Wrocław,93-050,2025-12-07,Meta Ads,False,1969-01-05
3458,Ignacy,Nawrotek,ignacy.nawrotek@wp.pl,,Kraków,67-503,2024-11-10,Google Ads,True,1964-10-23
3459,Aniela,Zapaśnik,aniela.zapaśnik@gmail.com,885442224,Kraków,21-041,2026-03-26,Influencer,True,1970-12-24
3460,Kornel,Prostak,kornel.prostak@wp.pl,+48 151 653 557,Łódź,15-704,2025-12-12,Newsletter,False,1963-10-19
3461,Igor,Sajewicz,igor.sajewicz@interia.pl,,Częstochowa,62-498,2026-01-08,Google Ads,False,1968-10-17
3462,Tobiasz,Sztuba,tobiasz.sztuba@gmail.com,118-782-732,Zielona Góra,96-827,2024-11-23,Google Ads,False,1990-04-02
3463,Kajetan,Wygoda,kajetan.wygoda@gmail.com,462 709 751,Pozna,49-045,2025-12-23,Organic,False,1971-08-13
3464,Artur,Barłóg,artur.barłóg@o2.pl,605613262,Opole,88-598,2025-12-12,Meta Ads,False,2000-05-29
3465,Olaf,Dzienisz,olaf.dzienisz@gmail.com,+48 530 173 776,Warszawa,57-828,2026-04-03,Google Ads,False,1992-09-26
3466,Oliwier,Kroll,oliwier.kroll@gmail.com,,Gdańsk,22-143,2024-10-22,Google Ads,False,1962-08-04
3467,Sylwia,Jurczuk,sylwia.jurczuk@gmail.com,+48 871 207 721,Katowicce,57-509,2024-09-17,Google Ads,False,1975-01-11
3468,Kornelia,Legutko,kornelia.legutko@gmail.com,,Kraków,91-538,2025-05-04,Google Ads,True,2003-03-05
3469,Leonard,Krzysztoszek,leonard.krzysztoszek@gmail.com,466-761-553,Warszawa,70-109,2024-11-15,Google Ads,False,1977-10-13
3470,Filip,Kość,filip.kość@gmail.com,337531615,Gdańsk,56-571,2025-10-31,Newsletter,False,1992-10-20
3471,Krzysztof,Samson,KRZYSZTOF.SAMSON@GMAIL.COM,279-508-515,Rzeszów,12-270,2026-06-15,Google Ads,False,2002-02-12
3472,Maurycy,Cimoch,maurycy.cimoch@onet.pl,210-727-077,Warszawa,52-520,2025-05-15,Meta Ads,True,2004-04-26
3473,Sebastian,Łapacz,sebastian.łapacz@gmail.com,334093727,Elbląg,04-166,2026-04-24,Meta Ads,False,1960-03-04
3474,Daniel,Kopała,daniel.kopała@gmail.com,408-006-821,Warszawa,26-457,2024-09-30,Google Ads,False,1990-07-27
3475,Inga,Ścibior,inga.ścibior@o2.pl,369 015 310,Wrocła,72-270,2024-12-16,Meta Ads,True,1980-12-03
3476,Daniel,Turczyk,daniel.turczyk@gmail.com,758921189,Gdańsk,998190,2024-09-01,Referral,False,1985-04-04
3477,Jerzy,Albin,jerzy.albin@onet.pl,165-682-749,Gdańsk,19-308,2025-04-22,Newsletter,False,1962-08-27
3478,Kamila,Godyń,kamila.godyń@gmail.com,760 660 623,Rzeszów,48-062,2026-06-22,Influencer,False,1982-08-20
3479,Bartek,Rabiej,bartek.rabiej@wp.pl,,Konin,68-682,2024-11-06,Google Ads,True,1969-09-08
3480,Liwia,Kus,liwia.kus@gmail.com,210-321-911,Radom,39-902,2025-11-25,Google Ads,False,1998-08-09
3481,Alex,Krefta,alex.krefta@gmail.com,493 219 909,gorzów wielkopolski,62-821,2025-07-01,Referral,False,1966-11-30
3482,Lidia,Siembab,lidia.siembab@o2.pl,+48 486 638 607,Częstochowa,62-220,2026-06-07,Google Ads,False,1960-11-04
3483,Tobiasz,Lewek,tobiasz.lewek@gmail.com,619 806 011,Leszno,82-643,2024-11-13,Organic,False,1984-04-16
3484,Wojciech,Tofil,wojciech.tofil@gmail.com,744 780 583,Białystok,86-131,2024-12-02,Google Ads,False,2001-01-23
3485,Tymon,Schwarz,tymon.schwarz@gmail.com,,Warszawa,98-070,2024-09-22,Meta Ads,False,1980-11-29
3486,Wojciech,Matwiejczyk,wojciech.matwiejczyk@gmail.com,326 682 516,Warszaw,22-253,2025-06-19,Referral,False,1988-10-27
3487,Klara,Mirgos,klara.mirgos@onet.pl,871296203,Warszawa,81-371,2025-02-28,Meta Ads,True,2005-04-16
3488,Błażej,Tomys,błażej.tomys@gmail.com,699-674-053,Częstochowa,08-771,2026-05-04,Referral,False,1978-06-26
3489,Kazimierz,Staniewicz,kazimierz.staniewicz@gmail.com,+48 266 459 027,Kraków,51-029,2025-11-22,Meta Ads,False,1965-10-20
3490,Mariusz,Suszka, mariusz.suszka@gmail.com ,450 317 940,Lublin,58-621,2025-11-06,Meta Ads,False,1999-12-04
3491,Artur,Kalinka,artur.kalinka@onet.pl,568754973,Olsztyn,17-491,2025-09-24,Meta Ads,False,1988-03-08
3492,Apolonia,Kobel,apolonia.kobel@gmail.com,243-645-212,Gdańsk,53-662,2024-11-11,Google Ads,False,2001-10-21
3493,Damian,Frączkiewicz,damian.frączkiewicz@gmail.com,562159693,Kraków,77-534,2025-07-02,Newsletter,False,1970-11-03
3494,Igor,Poreda,igor.poreda@wp.pl,905164863,Białystok,77-032,2026-08-06,Newsletter,False,1977-09-17
3495,Melania,Więckiewicz,melania.więckiewicz@interia.pl,+48 035 022 989,Warszawa,00000,2026-04-24,Organic,True,1996-10-11
3496,Maciej,Nyk,maciej.nyk@o2.pl,+48 286 661 107,Olsztyn,36-403,2026-05-24,Referral,False,1970-06-24
3497,Cyprian,Kiepura,cyprian.kiepura@gmail.com,,Warszawa,69-620,2026-03-07,Influencer,False,1972-12-06
3498,Norbert,Nesterowicz,norbert.nesterowicz@gmail.com,550302920,Warszawa,61-524,2024-11-01,Google Ads,False,1981-06-13
3499,Julianna,Kryszczuk,JULIANNA.KRYSZCZUK@ONET.PL,+48 336 287 469,Warszawa,72-946,2025-01-20,Meta Ads,True,1991-10-02
3500,Anita,Pusz,anita.pusz@gmail.com,152-583-524,Bydgoszcz,61-346,2024-09-08,Newsletter,False,1960-06-01
3501,Marika,Czupryn,marika.czupryn@gmail.com,499-911-150,Białystok,00000,2025-03-18,Organic,False,1988-04-06
3502,Wiktor,Wojtera,wiktor.wojtera@gmail.com,403-439-034,Kraków,81-275,2024-11-27,Meta Ads,True,2005-02-08
3503,Stefan,Sieg,stefan.sieg@gmail.com,746 915 290,Piła,66-234,2025-07-09,Meta Ads,False,1972-03-09
3504,Kazimierz,Gogacz,kazimierz.gogacz@o2.pl,982 756 431,Warszawa,73-196,2025-12-04,Meta Ads,True,1974-01-24
3505,Norbert,Zimoląg,norbert.zimoląg@gmail.com,+48 408 603 197,Katowice,43-531,2026-05-20,Meta Ads,False,1991-06-06
3506,Konstanty,Gorgol,konstanty.gorgol@interia.pl,,Leszno,77-435,2026-02-19,Google Ads,False,1991-02-02
3507,Rafał,Szymków,rafał.szymków@gmail.com,267-268-980,Kraków,79-912,2026-06-16,Google Ads,True,1997-04-20
3508,Gustaw,Kunysz,gustaw.kunysz@wp.pl,+48 599 427 915,Warszawa,88-703,2024-10-14,Organic,True,1974-10-03
3509,Rozalia,Martin,rozalia.martin@onet.pl,645-989-494,Wrocław,937393,2024-09-20,Google Ads,True,1997-11-22
3510,Elżbieta,Proć,elżbieta.proć@interia.pl,215-045-992,Wrocław,23-121,2025-12-24,Meta Ads,True,1993-12-31
3511,Aleks,Nehring,aleks.nehring@o2.pl,945923969,Łódź,32-211,2025-03-08,Referral,False,1987-04-19
3512,Natan,Janiuk,natan.janiuk@gmail.com,922-157-856,Gorzów Wielkopolski,83-830,2025-02-19,Meta Ads,False,1981-12-07
3513,Andrzej,Kruzel,andrzej.kruzel@gmail.com,528336812,Zielona Góra,62-735,2025-04-06,Google Ads,True,1969-12-11
3514,Nicole,Dziuda, nicole.dziuda@onet.pl ,344-780-882,Wrocław,69-350,2025-02-09,Google Ads,False,1963-05-08
3515,Wojciech,Szałaj,wojciech.szałaj@wp.pl,450-400-347,Radom,16-990,2025-09-30,Google Ads,False,1975-07-21
3516,Krystyna,Gendek,krystyna.gendek@gmail.com,+48 830 207 506,Warszawa,01-069,2025-06-13,Google Ads,False,1965-08-10
3517,Juliusz,Karaśkiewicz,juliusz.karaśkiewicz@gmail.com,701782053,Poznań,59-958,2025-09-17,Meta Ads,True,2008-02-10
3518,Janina,Drobot,janina.drobot@wp.pl,814 914 208,Elbląąg,36-524,2025-12-27,Newsletter,False,1985-09-02
3519,Konrad,Migała,konrad.migała@gmail.com,+48 883 642 969,Poznań,07-438,2025-05-10,Meta Ads,True,1988-11-19
3520,Marika,Gwizdek,marika.gwizdek@gmail.com,915 783 517,Kielce,14-488,2025-02-23,Organic,False,1978-10-07
3521,Jędrzej,Kostro,jędrzej.kostro@o2.pl,837982626,Pozna,18-186,2024-12-04,Meta Ads,True,1962-02-09
3522,Mikołaj,Saternus,mikołaj.saternus@o2.pl,815 087 421,Bydgoszcz,09-285,2025-04-13,Google Ads,False,1961-04-16
3523,Julita,Wałek,julita.wałek@interia.pl,605 771 277,Gdańsk,17-803,2026-01-27,Google Ads,False,1960-09-04
3524,Kaja,Kierepka,kaja.kierepka@gmail.com,574301420,Gorzów Wielkopolski,06-913,2026-02-03,Organic,False,1990-08-04
3525,Stanisław,Patora,STANISŁAW.PATORA@GMAIL.COM,,Leszno,15-346,2025-12-18,Influencer,False,2007-05-15
3526,Jacek,Fit,jacek.fit@wp.pl,+48 934 854 220,Warszawa,56-247,2025-01-07,Meta Ads,False,1967-10-24
3527,Anita,Gregorczuk,anita.gregorczuk@onet.pl,421-973-007,Opole,35-951,2025-11-20,Google Ads,False,1984-11-19
3528,Marek,Miodek,marek.miodek@gmail.com,371-280-962,Zielona Góra,03-567,2025-10-14,Organic,False,1986-07-21
3529,Borys,Nazar,borys.nazar@gmail.com,173-808-695,Łódź,50-209,2025-08-18,Organic,True,1984-04-21
3530,Kacper,Abramczuk,kacper.abramczuk@o2.pl,895018422,Wrocław,12-585,2025-10-18,Influencer,False,1994-11-03
3531,Jeremi,Jośko,jeremi.jośko@o2.pl,159278428,Warszawa,63-128,2025-08-04,Organic,False,1960-08-31
3532,Kalina,Michniak,kalina.michniak@gmail.com,684 364 270,Warszawa,31-471,2025-10-17,Google Ads,True,1987-11-27
3533,Tymoteusz,Zimniak,tymoteusz.zimniak@gmail.com,043 890 011,Elbląg,36-110,2025-12-31,Meta Ads,False,1955-10-06
3534,Norbert,Nazarewicz,norbert.nazarewicz@gmail.com,867-900-138,Łódź,75-882,2024-11-23,Organic,True,1987-05-19
3535,Ernest,Hubert,ernest.hubert@gmail.com,438-261-291,Gdańsk,28-238,2026-02-24,Meta Ads,False,1960-11-29
3536,Maksymilian,Stasica,maksymilian.stasica@gmail.com,751 575 524,Konin,92-455,2024-11-07,Newsletter,False,1979-01-18
3537,Ernest,Langiewicz,ernest.langiewicz@wp.pl,+48 046 096 190,Warszawa,79-769,2024-10-04,Organic,True,1975-09-29
3538,Rozalia,Duc,rozalia.duc@gmail.com,710-485-819,Wrocław,35-211,2026-08-06,Newsletter,False,2002-05-01
3539,Marika,Toborek,marika.toborek@wp.pl,239-890-798,Olsztyn,68-351,2026-07-19,Google Ads,False,1972-08-31
3540,Sonia,Kierat,sonia.kierat@gmail.com,811236954,Kielce,79-398,2024-10-16,Meta Ads,True,2000-01-09
3541,Gabriel,Kempka,gabriel.kempka@gmail.com,151-901-991,Lublin,19-721,2025-06-23,Meta Ads,False,1959-09-11
3542,Albert,Moroń,albert.moroń@gmail.com,455 035 441,Warszawa,52-213,2024-12-29,Meta Ads,False,1967-02-22
3543,Maks,Polasik,maks.polasik@onet.pl,+48 848 522 479,Gdynia,36-255,2025-08-14,Influencer,True,1993-06-27
3544,Jerzy,Kubasiak,jerzy.kubasiak@gmail.com,796717577,Wrocław,77-899,2026-04-12,Meta Ads,False,1980-06-28
3545,Szymon,Migda,szymon.migda@wp.pl,+48 625 356 706,Gdynia,73-250,2026-07-22,Meta Ads,False,1989-10-21
3546,Wiktor,Sośniak,WIKTOR.SOŚNIAK@GMAIL.COM,761 313 518,Wrocław,92-820,2025-11-04,Meta Ads,False,1956-10-02
3547,Anita,Majerczyk,anita.majerczyk@o2.pl,352970576,Piła,47-391,2025-04-01,Organic,False,1956-09-05
3548,Justyna,Gadzina,justyna.gadzina@onet.pl,402 278 686,Bydgoszcz,58-932,2025-11-18,Google Ads,False,1978-01-27
3549,Justyna,Geisler,justyna.geisler@gmail.com,+48 455 519 110,Konin,45-235,2025-03-06,Organic,False,1969-11-09
3550,Robert,Kozon,robert.kozon@gmail.com,993-358-321,Bydgoszcz,21-173,2026-06-28,Meta Ads,True,1967-03-18
3551,Janina,Glazik,janina.glazik@gmail.com,545 719 771,Warszawa,67-614,2026-05-30,Meta Ads,False,1983-09-26
3552,Konrad,Prystupa,konrad.prystupa@o2.pl,+48 133 264 033,Elbląg,05-391,2025-10-13,Meta Ads,True,1974-12-01
3553,Olaf,Kasperczak,olaf.kasperczak@o2.pl,+48 404 920 013,Bydgoszcz,91-938,2025-04-06,Meta Ads,False,1964-01-04
3554,Bianka,Filas,bianka.filas@onet.pl,+48 997 449 452,białystok,33-082,2025-03-28,Meta Ads,False,1983-06-08
3555,Juliusz,Hadam,juliusz.hadam@o2.pl,+48 329 240 591,Kraków,20-301,2024-09-06,Organic,False,1963-02-06
3556,Justyna,Widłak,justyna.widłak@gmail.com,+48 011 139 422,Kraków,24-235,2026-03-17,Organic,True,1977-04-18
3557,Leon,Koniecko,leon.koniecko@o2.pl,092535711,Szczecin,09-238,2025-07-10,Organic,False,2001-10-20
3558,Mikołaj,Dorobek,mikołaj.dorobek@onet.pl,039-932-234,Poznań,84-802,2025-04-07,Google Ads,False,1997-02-28
3559,Kajetan,Nowotny,kajetan.nowotny@wp.pl,432846863,Kielce,71-482,2025-07-25,Meta Ads,True,2005-07-10
3560,Leon,Księżak,leon.księżak@wp.pl,471 269 492,Leszno,03-828,2026-03-11,Meta Ads,True,2006-07-19
3561,Igor,Rohde,igor.rohde@gmail.com,+48 403 001 387,Warszawa,99-104,2024-11-30,Meta Ads,True,1969-11-08
3562,Kajetan,Kręgiel,kajetan.kręgiel@interia.pl,+48 150 887 816,Olsztyn,16-798,2026-04-02,Google Ads,False,1980-02-10
3563,Leonard,Kuziora,leonard.kuziora@gmail.com,368 375 978,Piła,23-157,2026-05-17,Meta Ads,True,1983-11-18
3564,Daniel,Słobodzian,daniel.słobodzian@gmail.com,+48 078 472 375,poznań,02-334,2026-07-03,Meta Ads,False,2000-12-06
3565,Jeremi,Korab,jeremi.korab@onet.pl,468317120,Kraków,03-513,2025-05-01,Newsletter,False,1982-05-02
3566,Adam,Pierchała,adam.pierchała@gmail.com,325-507-369,Zielona Góra,18-172,2024-12-06,Meta Ads,False,1958-02-26
3567,Marcin,Łaszczyk,marcinłaszczyk@gmail.com,+48 115 270 595,Kraków,17-248,2025-05-14,Meta Ads,False,2001-04-07
3568,Leonard,Pasiak,leonard.pasiak@gmail.com,477 131 515,Warszawa,36-474,2025-04-13,Newsletter,False,1968-08-15
3569,Tymoteusz,Plak,tymoteusz.plak@o2.pl,,Katowice,15-731,2024-12-11,Organic,False,1968-10-01
3570,Maciej,Samul,maciej.samul@onet.pl,222-769-260,Radom,49-140,2025-11-29,Google Ads,False,1955-08-17
3571,Róża,Czopik,róża.czopik@gmail.com,533-488-001,szczecin,63-694,2025-08-01,Google Ads,False,1995-07-28
3572,Krystyna,Macheta,krystyna.macheta@gmail.com,319 883 156,Warszawa,93-414,2026-05-09,Google Ads,False,2002-09-14
3573,Roksana,Chachaj,roksana.chachaj@onet.pl,+48 449 659 168,Elbląg,67-363,2024-09-23,Google Ads,True,1997-04-10
3574,Aurelia,Czenczek,aurelia.czenczek@wp.pl,+48 102 033 863,Poznań,96-415,2025-11-24,Meta Ads,False,1995-06-07
3575,Anna Maria,Wielgos,anna maria.wielgos@onet.pl,313 016 555,Łódź,22-516,2026-02-05,Meta Ads,True,2001-01-24
3576,Hubert,Sieczko,hubert.sieczko@gmail.com,860 411 707,Kraków,05-212,2026-02-26,Organic,False,1959-06-27
3577,Leonard,Potoczek,leonard.potoczek@gmail.com,,Łódź,39-119,2026-05-26,Organic,True,1987-08-18
3578,Klara,Ostafin,klara.ostafin@wp.pl,786 260 557,Gdańsk,49-307,2026-01-24,Meta Ads,False,1975-05-25
3579,Jędrzej,Fura,jędrzej.fura@gmail.com,+48 817 270 419,Gdańsk,26-769,2026-06-12,Google Ads,True,1956-06-11
3580,Justyna,Berek,justyna.berek@gmail.com,692 753 600,Konin,82-769,2025-04-07,Meta Ads,False,1963-05-25
3581,Tola,Baum,tola.baum@interia.pl,+48 189 988 260,Warszawa,98-768,2025-09-02,Meta Ads,False,1963-01-03
3582,Emil,Pioch,emil.pioch@gmail.com,902137435,Elbląg,32-146,2024-09-28,Meta Ads,True,1956-06-18
3583,Olaf,Świerkot,olaf.świerkot@wp.pl,,Warszaw,33-499,2024-09-19,Organic,False,1976-10-02
3584,Roksana,Olkowicz,roksana.olkowicz@onet.pl,925107354,Poznań,27-475,2025-01-28,Meta Ads,False,1962-07-04
3585,Mikołaj,Ambrożewicz,mikołaj.ambrożewicz@gmail.com,824738408,Warszawa,19-919,2024-11-07,Newsletter,False,1989-07-08
3586,Oskar,Kapera,oskar.kapera@gmail.com,318233913,Kraków,48-055,2025-02-03,Google Ads,False,1974-03-05
3587,Ernest,Zdonek,ernest.zdonek@gmail.com,+48 844 356 142,kraków,84-894,2024-12-15,Referral,False,1978-07-25
3588,Gustaw,Litwa,gustaw.litwa@o2.pl,788-744-634,Opole,66-565,2024-09-08,Newsletter,True,1980-11-18
3589,Malwina,Miszkiewicz,malwina.miszkiewicz@gmail.com,,Olsztyn,46-340,2026-06-24,Referral,False,1965-11-06
3590,Dorota,Krzywonos,dorota.krzywonos@onet.pl,+48 094 625 704,Piła,02-104,2024-09-10,Meta Ads,False,1963-05-01
3591,Melania,Kostek,melania.kostek@wp.pl,,Warszawa,08-026,2026-01-26,Organic,True,1982-08-07
3592,Angelika,Wiese,angelika.wiese@o2.pl,+48 205 255 561,Łódź,04-460,2024-11-07,Meta Ads,False,1976-12-22
3593,Róża,Dela,RÓŻA.DELA@INTERIA.PL,,Kraków,80-335,2026-06-19,Meta Ads,False,1970-09-11
3594,Mikołaj,Kara,mikołaj.kara@gmail.com,810 917 629,Łódź,67-600,2026-05-11,Influencer,False,1962-02-16
3595,Monika,Krauza,monika.krauza@o2.pl,238-305-726,Bydgoszcz,63-444,2025-11-25,Google Ads,False,1996-01-26
3596,Piotr,Wielgat,piotr.wielgat@o2.pl,+48 182 264 244,Częstochowa,71-747,2025-12-16,Meta Ads,True,1995-04-16
3597,Dorota,Rohde,dorota.rohde@o2.pl,220 471 940,Gdynia,20-956,2024-09-12,Meta Ads,False,1999-04-22
3598,Kornel,Andryszczyk,kornel.andryszczyk@gmail.com,+48 921 830 841,Lublin,92-451,2026-08-06,Influencer,False,1994-05-13
3599,Cezary,Stanaszek,cezary.stanaszek@gmail.com,782-246-684,Piła,19-781,2026-05-04,Meta Ads,False,2004-02-03
3600,Tomasz,Gałaj,tomasz.gałaj@wp.pl,440 384 684,Warszawa,50-283,2026-05-22,Organic,False,1976-07-01
3601,Maciej,Sych,maciej.sych@wp.pl,+48 673 322 951,Warszawa,39-013,2025-11-08,Google Ads,False,2006-02-18
3602,Eryk,Szram,eryk.szram@wp.pl,646-833-017,Lubli,73-199,2025-04-17,Meta Ads,False,1977-09-23
3603,Krystian,Kołak,krystian.kołak@wp.pl,453 431 694,Konin,71-582,2026-05-11,Google Ads,False,1969-02-12
3604,Nikodem,Dzienis,nikodem.dzienis@gmail.com,+48 222 378 565,Wrocław,09-168,2025-03-23,Google Ads,False,2001-02-11
3605,Błażej,Białasik,błażej.białasik@wp.pl,725 447 487,Kraków,62-806,2025-10-10,Organic,True,1959-02-05
3606,Roksana,Kuba,roksana.kuba@onet.pl,809514288,Łódź,87-506,2024-11-27,Google Ads,False,1961-08-25
3607,Róża,Manista,róża.manista@gmail.com,061686610,Gdańsk,44-632,2026-06-11,Meta Ads,True,1994-03-05
3608,Mariusz,Langiewicz,mariusz.langiewicz@gmail.com,907-621-143,Częstochowa,61-979,2024-11-29,Newsletter,False,2006-04-17
3609,Aurelia,Dułak,aurelia.dułak@o2.pl,558 904 662,Suwałki,71-911,2025-01-11,Google Ads,False,2003-05-14
3610,Kornel,Fitas,kornel.fitas@gmail.com,618894016,Kraków,00000,2025-10-28,Google Ads,False,1983-07-06
3611,Julianna,Proć,julianna.proć@onet.pl,639555138,Radom,88-286,2026-02-02,Referral,False,1998-04-29
3612,Andrzej,Pakos,andrzej.pakos@gmail.com,+48 851 015 374,Gorzów Wielkopolski,03-445,2025-11-08,Meta Ads,False,1981-03-20
3613,Kornel,Peszko,kornel.peszko@gmail.com,+48 213 416 011,Warszawa,39-511,2025-01-23,Organic,False,2007-02-25
3614,Olga,Irzyk,olga.irzyk@wp.pl,+48 506 310 910,Warszawa,76-308,2024-09-18,Google Ads,True,1998-01-31
3615,Juliusz,Łój,juliusz.łój@gmail.com,+48 585 711 206,Rzeszów,19-569,2026-02-21,Meta Ads,True,1967-06-13
3616,Borys,Wójs,borys.wójs@wp.pl,015-241-088,Katowice,32-476,2026-08-06,Google Ads,True,2003-07-28
3617,Oskar,Brachaczek,oskar.brachaczek@gmail.com,068 353 474,Poznań,70-518,2026-03-06,Google Ads,True,1974-11-01
3618,Blanka,Klaja,blanka.klaja@onet.pl,,Opole,73-340,2025-07-23,Meta Ads,False,1971-06-12
3619,Andrzej,Świgoń,andrzejświgoń@gmail.com,906-406-273,Olsztyn,80-493,2026-05-07,Newsletter,True,2005-11-12
3620,Wiktor,Berek,WIKTOR.BEREK@GMAIL.COM,278 594 990,Poznań,41-949,2025-06-23,Google Ads,False,2002-09-24
3621,Justyna,Kacperek,justyna.kacperek@wp.pl,482 805 791,Lublin,56-158,2025-09-17,Organic,False,1977-07-19
3622,Antoni,Miotke,antoni.miotke@gmail.com,966366092,Kraków,48-122,2025-08-29,Meta Ads,False,1971-12-02
3623,Ada,Kielich,ada.kielich@gmail.com,268509061,Warszaw,63-951,2025-07-24,Meta Ads,False,2006-05-21
3624,Julianna,Połom,JULIANNA.POŁOM@ONET.PL,,Kraków,52-441,2026-02-20,Organic,False,2000-08-13
3625,Stefan,Ruszel,stefan.ruszel@gmail.com,087-461-654,Warszawa,79-824,2025-09-09,Organic,False,1964-05-02
3626,Damian,Cieplucha,damian.cieplucha@wp.pl,,Radom,42-608,2025-03-21,Google Ads,False,1975-07-27
3627,Karol,Martyka,karol.martyka@gmail.com,623930221,poznań,11-085,2025-02-26,Meta Ads,False,1997-10-17
3628,Mateusz,Wojaczek,mateusz.wojaczek@onet.pl,+48 290 948 109,Kraków,70-439,2024-09-30,Influencer,False,1981-09-15
3629,Tomasz,Lulek,tomasz.lulek@gmail.com,,Warszawa,90-664,2025-11-26,Newsletter,False,1963-08-24
3630,Mikołaj,Borczyk,mikołaj.borczyk@o2.pl,019551356,Gdynia,61-182,2025-01-28,Organic,True,1957-04-29
3631,Aleks,Dudzicz,aleks.dudzicz@gmail.com,000-101-224,Toruńń,47-696,2024-11-12,Google Ads,False,1991-12-08
3632,Maurycy,Hapka,maurycy.hapka@wp.pl,+48 892 019 496,Białystok,74-090,2025-11-17,Google Ads,True,1957-09-26
3633,Fabian,Skierka,fabian.skierka@gmail.com,311359912,Warszawa,13-040,2025-12-31,Organic,False,2008-05-26
3634,Karol,Kotlarek,karol.kotlarek@gmail.com,977 914 987,Katowice,79-001,2026-02-25,Meta Ads,False,1999-02-18
3635,Eryk,Graboń,eryk.graboń@onet.pl,867106781,Warszawa,22-919,2025-09-19,Google Ads,False,1976-04-23
3636,Marika,Froń,marika.froń@wp.pl,,Szczecin,35-608,2026-05-06,Meta Ads,False,1971-01-15
3637,Anna Maria,Ośka,anna maria.ośka@gmail.com,110-272-092,Poznań,79-292,2026-06-24,Google Ads,False,1962-12-10
3638,Marcelina,Kudlak,marcelina.kudlak@gmail.com,+48 797 928 008,Zielona Góra,34-162,2026-03-16,Meta Ads,False,1989-09-12
3639,Ida,Prokopczyk,ida.prokopczyk@gmail.com,367122737,Warszawa,64-622,2025-11-25,Meta Ads,False,1967-06-16
3640,Ryszard,Płaneta,ryszard.płaneta@gmail.com,677843445,Kraków,51-873,2025-03-05,Google Ads,True,1973-07-18
3641,Miłosz,Kryza,miłosz.kryza@gmail.com,018978153,Białystok,61-830,2026-08-06,Influencer,False,1979-07-31
3642,Apolonia,Frydel,apolonia.frydel@o2.pl,115742682,Częstochowa,38-670,2025-02-24,Referral,False,1992-12-29
3643,Blanka,Downar,blanka.downar@gmail.com,125 159 935,Wrocław,31-814,2024-12-26,Meta Ads,True,2007-10-12
3644,Fabian,Hapka,fabian.hapka@gmail.com,045364886,Wrocław,42-216,2025-06-02,Influencer,False,1968-05-08
3645,Krystian,Konieczek,krystian.konieczek@o2.pl,082 651 474,Radom,20-038,2024-10-14,Organic,False,1959-10-22
3646,Julianna,Maciuszek,julianna.maciuszek@o2.pl,159-591-638,Lublin,16-152,2026-08-06,Referral,False,1961-04-20
3647,Adrianna,Chruszcz,adrianna.chruszcz@gmail.com,169-885-878,Toruń,20-741,2025-11-13,Google Ads,False,1959-06-27
3648,Józef,Bortkiewicz,JÓZEF.BORTKIEWICZ@O2.PL,,Wrocław,41-594,2025-10-07,Organic,False,1968-04-10
3649,Karina,Mrotek,karina.mrotek@gmail.com,980-898-219,Wrocław,53-126,2025-11-30,Meta Ads,True,2004-11-17
3650,Bianka,Osipowicz,bianka.osipowicz@wp.pl,+48 487 178 006,Warszawa,76-310,2025-08-27,Meta Ads,True,2005-04-12
3651,Nikodem,Wenzel,nikodem.wenzel@gmail.com,656 508 428,Zielona Góra,61-672,2024-09-10,Newsletter,False,1957-05-22
3652,Damian,Suszka,damian.suszka@wp.pl,987-678-885,Konin,25-354,2025-11-17,Meta Ads,False,1959-02-04
3653,Filip,Świergiel,filip.świergiel@gmail.com,599-025-462,Częstochowa,33-399,2025-12-22,Meta Ads,True,1965-06-25
3654,Sonia,Spychaj,sonia.spychaj@gmail.com,411 747 407,Gdańsk,85-990,2025-06-18,Meta Ads,True,1976-08-30
3655,Kazimierz,Olearczyk,kazimierz.olearczyk@gmail.com,+48 499 867 549,Poznań,18-836,2026-02-12,Newsletter,False,1972-12-02
3656,Kaja,Parus,kaja.parus@gmail.com,+48 169 337 104,Wrocław,41-982,2025-01-11,Influencer,False,2004-02-13
3657,Nicole,Drej,nicole.drej@gmail.com,+48 579 875 893,Gdańsk,90-189,2024-12-04,Google Ads,False,1955-12-28
3658,Leon,Roczniak,leon.roczniak@gmail.com,475346493,Olsztyn,54-096,2024-12-25,Meta Ads,True,1981-05-26
3659,Józef,Kramer,józef.kramer@interia.pl,477 999 336,Kraków,06-906,2025-05-08,Meta Ads,False,1963-01-12
3660,Ida,Dzika,ida.dzika@gmail.com,690-284-747,Warszawa,64-981,2026-04-15,Google Ads,False,1970-04-28
3661,Ksawery,Jakubiuk,ksawery.jakubiuk@onet.pl,,Kraków,24-428,2026-04-23,Google Ads,False,1957-08-19
3662,Mateusz,Fitas,mateusz.fitas@onet.pl,753 584 257,Opole,47-729,2025-05-29,Organic,False,1973-10-09
3663,Mariusz,Staciwa,mariusz.staciwa@gmail.com,,Szczecin,01-108,2025-11-30,Google Ads,False,1981-03-08
3664,Nela,Danisz,nela.danisz@o2.pl,,Leszno,28-152,2025-12-07,Google Ads,False,1973-03-21
3665,Dorota,Kapciak,dorota.kapciak@wp.pl,+48 147 087 662,Kraków,68-401,2025-01-21,Newsletter,False,2002-09-29
3666,Tola,Block,tola.block@gmail.com,+48 566 042 437,Warszawa,79-202,2024-12-08,Meta Ads,False,1978-08-24
3667,Maciej,Freitag,MACIEJ.FREITAG@O2.PL,840-612-529,Szczecin,93-606,2026-07-15,Organic,False,1984-08-04
3668,Julita,Nieścioruk,julita.nieścioruk@wp.pl,,Suwałki,59-046,2025-11-03,Meta Ads,False,1970-09-03
3669,Kacper,Ernst,kacper.ernst@wp.pl,878 060 896,Suwałki,76-643,2026-08-06,Google Ads,False,2006-09-30
3670,Wiktor,Dudziec,wiktor.dudziec@gmail.com,736735910,Leszno,54-952,2025-04-27,Meta Ads,False,1980-02-29
3671,Anita,Mitek,anita.mitek@o2.pl,897290748,Poznań,41-855,2025-12-05,Meta Ads,False,1986-11-30
3672,Aniela,Zygmuntowicz,aniela.zygmuntowicz@o2.pl,965-654-641,Bydgoszcz,39-913,2024-12-10,Influencer,False,1990-02-26
3673,Piotr,Łaś,piotr.łaś@gmail.com,+48 327 749 166,Elbląg,30-685,2025-02-24,Google Ads,False,2003-07-12
3674,Juliusz,Gryszkiewicz,juliusz.gryszkiewicz@o2.pl,203 290 784,kraków,34-005,2025-09-15,Meta Ads,False,1983-09-22
3675,Maciej,Świech,maciej.świech@gmail.com,649 555 872,Kraków,58-245,2025-03-23,Meta Ads,True,1976-08-20
3676,Kornelia,Witaszek,kornelia.witaszek@gmail.com,958827819,Wrocław,10-822,2024-12-27,Meta Ads,True,1998-03-03
3677,Julita,Nocek,julita.nocek@wp.pl,+48 205 466 834,Łódź,70-963,2025-02-13,Influencer,True,1977-09-06
3678,Nela,Adamów,nela.adamów@gmail.com,425 700 941,Wrocław,94-814,2024-09-18,Organic,True,1996-03-27
3679,Norbert,Smardz,norbert.smardz@gmail.com,478-833-812,Łódź,77-680,2025-12-21,Meta Ads,False,1958-04-23
3680,Elżbieta,Kluczyk,elżbieta.kluczyk@gmail.com,805 799 165,Warszawa,69-678,2025-08-31,Google Ads,False,1984-11-14
3681,Oliwier,Nesterowicz,oliwier.nesterowicz@gmail.com,383-289-335,Częstochowa,31-948,2024-11-29,Meta Ads,False,2008-01-11
3682,Melania,Pitek,melaniapitek@gmail.com,,Piła,43-182,2024-12-22,Google Ads,False,1984-06-25
3683,Ksawery,Makieła,ksawery.makieła@interia.pl,527-529-526,Katowice,744828,2024-11-24,Organic,False,1959-10-26
3684,Andrzej,Domoń,andrzej.domoń@gmail.com,,Rzeszów,03-102,2025-11-19,Meta Ads,False,1962-06-24
3685,Robert,Łuczka,robert.łuczka@onet.pl,056 236 900,Kraków,85-300,2024-11-06,Meta Ads,True,1991-03-15
3686,Urszula,Flasza,urszula.flasza@gmail.com,707 790 295,Gdańsk,55-209,2026-02-18,Referral,False,1994-03-29
3687,Olgierd,Karyś,olgierd.karyś@onet.pl,,Leszno,98-955,2024-09-01,Google Ads,False,1970-11-25
3688,Rozalia,Domurad,rozalia.domurad@gmail.com,376 041 988,Leszno,71-655,2025-02-04,Organic,True,1959-03-25
3689,Marcin,Humeniuk,marcin.humeniuk@gmail.com,808 393 490,Poznań,16-874,2026-05-24,Meta Ads,True,2005-04-06
3690,Tadeusz,Perka,tadeusz.perka@interia.pl,941 573 445,Radom,99-814,2025-12-25,Meta Ads,True,1995-10-17
3691,Jeremi,Komsta,jeremi.komsta@gmail.com,504 017 806,Konin,15-784,2024-10-04,Meta Ads,False,1979-07-07
3692,Marcel,Męcik,marcel.męcik@gmail.com,495 582 801,Warszawa,99-856,2026-03-17,Organic,True,1996-11-29
3693,Roksana,Pitura,roksana.pitura@interia.pl,802-275-782,Wrocław,16-493,2025-08-03,Meta Ads,False,1990-12-31
3694,Konstanty,Mućko,konstanty.mućko@interia.pl,167 913 822,Gorzów Wielkopolski,11-365,2026-04-03,Meta Ads,True,1997-05-31
3695,Maks,Ambrozik,maksambrozik@wp.pl,862526086,Łódź,50-826,2025-11-02,Organic,False,1965-08-17
3696,Iwo,Wabik,iwo.wabik@gmail.com,341 660 437,Kraków,03-933,2025-12-04,Referral,True,2004-01-12
3697,Dawid,Burchardt,dawid.burchardt@wp.pl,+48 495 996 595,Warszawa,21-150,2026-08-06,Meta Ads,True,1973-09-22
3698,Angelika,Dulik, angelika.dulik@gmail.com ,281 124 427,Katowice,89-548,2025-01-09,Google Ads,False,1965-11-19
3699,Nataniel,Glapiak,nataniel.glapiak@o2.pl,846560363,Olsztyn,44-874,2025-11-18,Referral,False,1976-03-24
3700,Kornelia,Hanc,kornelia.hanc@wp.pl,457252796,Warszawa,66-795,2025-07-12,Organic,False,1998-08-15
3701,Bruno,Falba,bruno.falba@gmail.com,442-411-517,Elbląg,25-636,2024-10-16,Newsletter,False,1989-05-20
3702,Julianna,Pajek,julianna.pajek@gmail.com,+48 124 396 949,Lublin,90-069,2024-09-20,Meta Ads,False,2007-05-02
3703,Olaf,Cofała,olaf.cofała@gmail.com,477-708-624,Kraków,85-957,2024-11-19,Google Ads,True,2003-12-24
3704,Anastazja,Kozdrój,anastazja.kozdrój@wp.pl,,Wrocław,99-469,2025-11-19,Organic,False,1976-02-14
3705,Leonard,Sajewicz,leonard.sajewicz@o2.pl,077 851 458,Łódź,06-038,2025-10-18,Meta Ads,False,1979-08-07
3706,Jakub,Zasępa,jakub.zasępa@onet.pl,456788776,Olsztyn,46-018,2025-10-26,Referral,False,2007-12-11
3707,Mariusz,Kosman,mariusz.kosman@gmail.com,+48 436 082 490,Łódź,44-426,2024-09-16,Google Ads,False,1995-05-02
3708,Jan,Puto,jan.puto@onet.pl,927-634-201,Poznań,60-088,2025-07-12,Google Ads,True,1962-09-13
3709,Patryk,Paluszak,patryk.paluszak@gmail.com,406-691-531,Katowice,67-575,2026-06-03,Organic,True,1996-03-14
3710,Tola,Nabiałek,tola.nabiałek@o2.pl,+48 418 953 325,Kraków,61-507,2025-05-05,Meta Ads,False,1984-12-07
3711,Bianka,Mizia,bianka.mizia@o2.pl,342-536-945,Łódź,98-349,2025-11-25,Google Ads,True,1961-12-10
3712,Filip,Ceran,filip.ceran@wp.pl,691 514 548,Łódź,82-325,2026-02-17,Meta Ads,False,1968-08-20
3713,Julita,Michnowicz,julita.michnowicz@o2.pl,924236953,Wrocław,55-301,2026-03-19,Influencer,False,1957-08-28
3714,Dominik,Bakun,dominik.bakun@o2.pl,664 515 438,Opole,39-681,2025-09-14,Organic,False,2006-09-10
3715,Sebastian,Boduch,sebastian.boduch@gmail.com,+48 684 028 973,Łódź,34-836,2026-04-28,Influencer,True,1975-09-18
3716,Marcin,Stoch,marcin.stoch@o2.pl,827-985-790,Warszawa,44-871,2025-05-20,Newsletter,False,1977-06-07
3717,Igor,Osman,igor.osman@o2.pl,389-178-910,Warszawa,47-077,2026-05-12,Newsletter,False,1982-01-02
3718,Radosław,Mizgała,radosław.mizgała@wp.pl,711351880,Bydgoszcz,03-027,2025-01-04,Organic,True,2007-08-09
3719,Arkadiusz,Kurach,arkadiusz.kurach@o2.pl,334040884,Elbląg,92-096,2025-02-05,Meta Ads,False,2001-09-05
3720,Anna Maria,Pernak,ANNA MARIA.PERNAK@GMAIL.COM,674304499,Wrocław,77-873,2024-10-15,Google Ads,False,1960-11-25
3721,Oliwier,Dycha,oliwier.dycha@gmail.com,167 769 168,Katowice,34-787,2026-03-07,Referral,False,1973-04-14
3722,Marcel,Molka,marcel.molka@gmail.com,+48 702 228 812,Wrocław,74-218,2025-06-01,Referral,False,1986-06-15
3723,Maksymilian,Rusnak,maksymilian.rusnak@gmail.com,676-199-912,Zielona Góra,07-284,2025-01-28,Organic,False,1972-02-08
3724,Krystyna,Dejneka,krystyna.dejneka@wp.pl,778-833-143,Wrocłław,70-935,2025-01-28,Meta Ads,True,2001-02-19
3725,Krystyna,Roś,krystyna.roś@wp.pl,593-316-591,Leszno,608757,2026-05-31,Meta Ads,False,1971-05-07
3726,Bianka,Suchenek,bianka.suchenek@gmail.com,526 749 579,Katowice,39-103,2026-04-19,Google Ads,False,2003-01-18
3727,Maciej,Otremba,maciej.otremba@wp.pl,309504975,Kraków,54-096,2025-10-03,Google Ads,True,1990-06-19
3728,Cezary,Bawoł,cezary.bawoł@o2.pl,,Zielona Góra,07-141,2025-11-23,Influencer,False,1959-03-28
3729,Julianna,Bosek,julianna.bosek@o2.pl,694 334 097,Suwaałki,14-913,2025-07-27,Meta Ads,False,1980-11-15
3730,Natasza,Jośko,natasza.jośko@gmail.com,+48 271 314 711,Warszawa,47-416,2025-05-19,Meta Ads,False,1984-04-26
3731,Błażej,Szuta,błażej.szuta@gmail.com,+48 851 129 756,Warszawa,76-963,2026-06-06,Meta Ads,True,1985-05-04
3732,Witold,Chachuła,witold.chachuła@wp.pl,+48 147 371 052,Suwałki,43-173,2024-11-27,Organic,False,1965-05-28
3733,Nicole,Wichary,nicole.wichary@wp.pl,276 455 237,Kraków,14-646,2025-06-25,Meta Ads,False,1998-08-24
3734,Natasza,Owsiak,natasza.owsiak@gmail.com,662841789,Gorzów Wielkopolski,94-726,2025-04-04,Referral,False,1962-04-23
3735,Apolonia,Kamieniarz,apolonia.kamieniarz@gmail.com,+48 683 446 427,Łódź,53-006,2025-08-26,Google Ads,False,1991-09-17
3736,Jeremi,Wiertelak,jeremi.wiertelak@gmail.com,137 791 652,Kraków,94-795,2025-07-04,Meta Ads,False,2000-03-19
3737,Anastazja,Łasica,anastazja.łasica@wp.pl,046 019 618,Olsztyn,31-061,2025-09-12,Newsletter,False,1978-05-16
3738,Tobiasz,Hennig,tobiasz.hennig@interia.pl,271429095,Poznań,68-300,2024-11-26,Google Ads,False,1973-11-03
3739,Olga,Sołtysek,olga.sołtysek@gmail.com,+48 561 846 708,Suwałk,53-933,2025-09-23,Meta Ads,True,1986-03-31
3740,Cezary,Lubera,cezary.lubera@gmail.com,799-415-973,Kraków,79-877,2025-01-03,Organic,False,2002-09-29
3741,Sandra,Geisler,sandra.geisler@gmail.com,,Warszawa,83-620,2024-12-16,Influencer,False,1981-12-21
3742,Oliwier,Lejk,oliwier.lejk@gmail.com,591684153,Warszawa,76-196,2024-10-31,Meta Ads,False,1995-03-06
3743,Hubert,Winek,hubert.winek@gmail.com,783 057 461,Poznań,24-834,2026-02-07,Organic,True,1989-07-23
3744,Ignacy,Uliczka,ignacy.uliczka@gmail.com,+48 050 032 610,Radom,32-136,2025-06-23,Meta Ads,True,1993-04-13
3745,Jerzy,Synak,jerzy.synak@gmail.com,370732123,Konin,96-048,2025-11-03,Google Ads,True,1994-05-09
3746,Ewa,Szczepaniuk,ewa.szczepaniuk@onet.pl,870 851 005,Wrocław,28-284,2026-01-15,Organic,False,2006-06-12
3747,Aurelia,Minkiewicz,aurelia.minkiewicz@gmail.com,744298836,Lublin,84-216,2025-12-22,Meta Ads,False,1993-08-10
3748,Bartek,Stroka,bartek.stroka@o2.pl,181377147,Łóódź,14-350,2025-07-10,Google Ads,False,1966-07-13
3749,Julian,Kusztal,julian.kusztal@wp.pl,,Warszawa,93-664,2025-05-02,Google Ads,True,1997-03-26
3750,Leonard,Stanuch,leonard.stanuch@gmail.com,257-863-438,Warszawa,53-388,2025-05-07,Meta Ads,False,1990-07-20
3751,Jacek,Panicz,jacek.panicz@gmail.com,623 491 672,Kraków,85-207,2025-11-16,Meta Ads,False,2001-01-21
3752,Tymon,Tereszkiewicz,tymon.tereszkiewicz@gmail.com,284-451-345,Wrocław,50-362,2025-08-02,Meta Ads,False,1965-07-23
3753,Andrzej,Mikołajewicz,andrzej.mikołajewicz@onet.pl,,Warszawa,63-972,2026-04-08,Influencer,False,1970-02-10
3754,Franciszek,Świętoń,franciszek.świętoń@gmail.com,144684254,Kraków,01-444,2026-05-24,Meta Ads,True,1980-03-01
3755,Stanisław,Kucewicz,stanisław.kucewicz@onet.pl,+48 721 043 192,Kielce,08-767,2024-12-08,Google Ads,False,1979-11-28
3756,Aleks,Jakoniuk,ALEKS.JAKONIUK@GMAIL.COM,096393206,Katowice,53-114,2024-11-21,Organic,False,2002-04-22
3757,Julian,Latacz,julian.latacz@gmail.com,666323810,Toruń,36-182,2025-11-29,Organic,False,1978-03-07
3758,Bartek,Wojtczuk,bartek.wojtczuk@wp.pl,451383051,Wrocław,98-543,2025-03-10,Google Ads,True,1959-01-21
3759,Agnieszka,Malisz,agnieszka.malisz@gmail.com,875-181-420,Opole,39-660,2024-09-30,Google Ads,False,1967-06-26
3760,Ksawery,Puc,ksawery.puc@wp.pl,987 526 815,Wrocław,36-860,2026-05-08,Google Ads,False,1980-11-13
3761,Tobiasz,Kostek,tobiasz.kostek@gmail.com,+48 402 363 685,Zielona Góra,21-492,2025-01-23,Google Ads,False,1967-04-14
3762,Łukasz,Stosik,łukasz.stosik@wp.pl,374194126,Toruń,31-661,2026-06-11,Google Ads,True,1981-05-07
3763,Borys,Zyzik,borys.zyzik@gmail.com,969754661,Radom,805337,2025-12-23,Meta Ads,True,2005-02-04
3764,Kamil,Parafiniuk,kamil.parafiniuk@o2.pl,135491684,Kielce,93-380,2026-02-08,Organic,False,1983-04-06
3765,Oskar,Borysiuk,oskar.borysiuk@wp.pl,988005008,Olsztyn,85-529,2024-12-14,Meta Ads,False,1997-12-19
3766,Olga,Sidorczuk,olga.sidorczuk@o2.pl,+48 227 508 471,Warszawa,09-581,2025-01-05,Newsletter,False,2006-04-29
3767,Dominik,Frączkiewicz,dominik.frączkiewicz@wp.pl,511 578 355,Warszawa,37-259,2025-09-29,Newsletter,False,1998-07-06
3768,Dagmara,Kiepas,dagmara.kiepas@interia.pl,,Konin,79-589,2024-12-14,Organic,False,1997-12-10
3769,Liwia,Janiuk,liwia.janiuk@onet.pl,782 791 574,Warszawa,81-509,2025-03-19,Meta Ads,False,2007-05-27
3770,Jakub,Szurek,jakub.szurek@gmail.com,,Kielce,03-336,2025-03-21,Referral,False,1996-04-29
3771,Bianka,Getka,BIANKA.GETKA@ONET.PL,+48 012 248 828,Łódź,73-350,2024-11-10,Meta Ads,True,1955-09-03
3772,Eryk,Wojnicz,eryk.wojnicz@wp.pl,,Toruń,14-751,2024-12-01,Newsletter,False,1971-10-31
3773,Kaja,Helak,kaja.helak@gmail.com,826-635-510,Olsztyn,90-824,2026-03-21,Meta Ads,False,1970-01-03
3774,Ksawery,Klyta,ksawery.klyta@onet.pl,,Leszno,52-686,2024-12-29,Meta Ads,False,2000-03-20
3775,Sylwia,Lampart,sylwia.lampart@onet.pl,957 580 619,Łódź,557834,2024-09-10,Newsletter,True,1975-09-24
3776,Konrad,Kolman,konrad.kolman@gmail.com,112 059 605,Gdańsk,32-333,2025-11-08,Organic,False,1958-01-08
3777,Natan,Błażejczak,natan.błażejczak@gmail.com,871-397-559,Poznań,61-778,2026-08-04,Meta Ads,True,1968-05-17
3778,Józef,Pupek,józef.pupek@interia.pl,,Gdańsk,30-442,2025-04-04,Google Ads,True,2006-05-06
3779,Kacper,Petrus,kacper.petrus@gmail.com,,Konin,10-106,2024-11-05,Meta Ads,False,1985-07-19
3780,Sebastian,Słaba,SEBASTIAN.SŁABA@GMAIL.COM,752948124,Suwałki,00000,2025-10-24,Meta Ads,True,1957-12-02
3781,Roksana,Makosz,roksana.makosz@gmail.com,379 791 237,Kraków,69-757,2026-05-27,Google Ads,False,1959-06-11
3782,Krystyna,Krzyszczak,krystyna.krzyszczak@gmail.com,635-445-956,Gdynia,92-139,2026-03-23,Meta Ads,False,1967-04-18
3783,Bruno,Owsiak,bruno.owsiak@onet.pl,424123667,zielona góra,48-100,2025-11-01,Organic,False,1957-07-14
3784,Mateusz,Kulon,mateusz.kulon@gmail.com,720 810 471,Poznań,53-124,2025-03-30,Organic,False,2008-02-19
3785,Julianna,Nickel,julianna.nickel@gmail.com,+48 305 239 575,Łódź,58-915,2025-10-07,Organic,True,1966-09-04
3786,Cyprian,Ufnal,cyprian.ufnal@wp.pl,889082013,Kraków,79-122,2024-11-13,Referral,False,1960-07-20
3787,Iwo,Miąsko,iwo.miąsko@gmail.com,505 070 156,Częstochow,77-550,2025-12-02,Google Ads,False,1995-02-26
3788,Tadeusz,Sych,tadeusz.sych@o2.pl,386601057,Gorzów Wielkopolski,61-706,2026-01-04,Google Ads,False,1970-04-13
3789,Leon,Szrama,leon.szrama@gmail.com,+48 587 481 899,Poznań,97-713,2026-07-31,Meta Ads,False,1994-03-20
3790,Marika,Leoniuk,marika.leoniuk@wp.pl,582-131-844,Pozna,28-815,2025-02-14,Referral,False,1977-06-03
3791,Kornel,Dmoch,kornel.dmoch@gmail.com,493102881,Szczecin,12-516,2024-09-15,Influencer,True,1986-06-27
3792,Aurelia,Grunt,aurelia.grunt@gmail.com,+48 323 442 832,Katowice,01-438,2025-10-14,Organic,False,1992-07-03
3793,Maurycy,Sado,maurycy.sado@gmail.com,,Poznań,58-570,2025-12-09,Organic,False,1992-06-24
3794,Szymon,Jamroz,szymon.jamroz@gmail.com,624 713 205,Częstochowa,13-643,2026-03-06,Google Ads,False,1985-11-23
3795,Jacek,Hennig,jacek.hennig@gmail.com,,Elbląg,23-843,2024-12-03,Organic,True,1963-11-30
3796,Aleksander,Pela,aleksander.pela@gmail.com,676725416,Toruń,23-201,2025-02-08,Meta Ads,True,1999-06-11
3797,Konrad,Grys,konrad.grys@gmail.com,+48 025 750 524,Poznań,38-472,2025-09-05,Google Ads,False,1958-11-04
3798,Aniela,Walenciak,aniela.walenciak@gmail.com,,Olsztyn,80-138,2025-04-04,Meta Ads,False,1957-04-06
3799,Gabriel,Rubaj,gabriel.rubaj@gmail.com,+48 947 314 582,Wrocław,81-775,2026-04-11,Newsletter,False,2002-03-31
3800,Radosław,Chołody,radosław.chołody@wp.pl,+48 654 128 435,Rzeszów,88-443,2025-07-05,Meta Ads,False,1963-10-02
3801,Wiktor,Jażdżyk,wiktor.jażdżyk@onet.pl,978 574 434,Warszawa,21-486,2026-03-05,Organic,True,1975-08-20
3802,Alan,Ludwiniak,alan.ludwiniak@wp.pl,+48 851 434 879,Poznań,05-546,2025-10-06,Referral,True,1964-11-15
3803,Sandra,Siekierka,sandra.siekierka@gmail.com,896 761 867,Opole,11-783,2026-02-11,Influencer,False,1963-12-11
3804,Wojciech,Kusek,wojciech.kusek@gmail.com,+48 945 949 865,Poznań,54-112,2025-04-26,Meta Ads,False,1978-08-18
3805,Leon,Bogumił,leon.bogumił@gmail.com,+48 389 670 323,Gdańsk,00000,2026-04-28,Organic,True,1993-06-03
3806,Liwia,Kolendo,liwiakolendo@gmail.com,884-478-729,Kraków,75-338,2025-02-18,Referral,False,2002-07-29
3807,Damian,Pawlonka,damian.pawlonka@gmail.com,174 540 446,białystok,77-546,2025-10-22,Newsletter,True,1990-08-08
3808,Przemysław,Szkopek,przemysław.szkopek@wp.pl,+48 142 665 566,Częstochowa,55-177,2024-12-04,Meta Ads,False,1987-12-23
3809,Sara,Kosidło,sara.kosidło@gmail.com,260863935,Poznań,41-267,2025-07-23,Organic,False,1987-09-23
3810,Michał,Hyjek,michał.hyjek@wp.pl,594 201 063,Zielona Góra,52-303,2025-03-31,Newsletter,False,1975-07-01
3811,Julita,Bobko,julita.bobko@gmail.com,085 157 056,Poznań,12-896,2025-02-13,Google Ads,False,1986-05-30
3812,Hubert,Wawrzynkiewicz,hubert.wawrzynkiewicz@o2.pl,+48 730 850 055,Gdańsk,07-236,2026-07-06,Google Ads,False,1994-08-28
3813,Ewelina,Berdzik,ewelina.berdzik@wp.pl,519 439 733,Warszawa,15-574,2024-12-10,Organic,False,1980-12-31
3814,Elżbieta,Kamieniak,elżbieta.kamieniak@o2.pl,+48 099 668 195,Gdańsk,95-837,2026-03-29,Newsletter,True,1962-10-05
3815,Eliza,Skotarczak,eliza.skotarczak@gmail.com,,Szczecin,69-897,2026-08-06,Google Ads,False,1967-11-18
3816,Hubert,Kopyt,hubert.kopyt@wp.pl,224005369,Kielce,07-521,2024-09-02,Meta Ads,True,2001-01-31
3817,Inga,Stanclik,inga.stanclik@gmail.com,,Zielona Góra,10-248,2025-12-25,Meta Ads,False,1984-02-29
3818,Karol,Kózka,karol.kózka@gmail.com,882 287 278,Elblą,68-551,2025-02-04,Newsletter,True,1960-07-20
3819,Robert,Kloska,robert.kloska@gmail.com,+48 252 912 661,Białystok,71-140,2024-10-14,Meta Ads,True,1999-06-27
3820,Aleksander,Ciepła,aleksander.ciepła@gmail.com,488 782 776,Białystok,63-871,2025-05-28,Organic,False,2000-01-02
3821,Sebastian,Rolek,sebastian.rolek@gmail.com,708 879 837,Zielona Góra,29-716,2026-06-09,Google Ads,False,1989-04-26
3822,Eliza,Radzewicz,eliza.radzewicz@wp.pl,972455984,Warszawa,80-453,2024-09-11,Newsletter,True,1959-05-19
3823,Inga,Koczy,inga.koczy@gmail.com,975 056 906,Elbląg,95-779,2025-11-17,Meta Ads,True,1972-08-26
3824,Leon,Dzikiewicz,leon.dzikiewicz@wp.pl,+48 662 999 556,Warszawa,36-868,2025-09-14,Meta Ads,False,1973-06-29
3825,Filip,Truchel,filip.truchel@interia.pl,+48 677 558 659,Gdańsk,02-799,2026-05-10,Google Ads,False,1957-01-15
3826,Szymon,Deneka,szymon.deneka@o2.pl,410 459 196,Wrocław,93-032,2024-11-25,Newsletter,False,1960-01-11
3827,Leon,Siciarz,leon.siciarz@interia.pl,524-496-087,Elbląg,00000,2025-12-29,Influencer,True,1989-05-11
3828,Maksymilian,Bohdanowicz,maksymilian.bohdanowicz@gmail.com,403-910-566,Bydgoszcz,89-195,2025-12-17,Organic,True,1981-01-28
3829,Oskar,Świerkot,oskar.świerkot@wp.pl,707 989 527,Gdynia,69-664,2025-12-25,Meta Ads,False,1975-04-15
3830,Szymon,Wikło,szymon.wikło@gmail.com,+48 598 940 667,Gdańsk,20-362,2026-06-18,Referral,False,1972-03-05
3831,Oliwier,Joniak,oliwier.joniak@gmail.com,810 096 319,Łódź,65-662,2026-03-29,Meta Ads,False,1970-12-16
3832,Aleks,Kosiak,aleks.kosiak@gmail.com,269-961-630,Warszawa,21-088,2024-10-10,Google Ads,True,1984-07-09
3833,Tymon,Kapałka,tymon.kapałka@wp.pl,662 629 159,Wrocław,86-591,2025-07-08,Meta Ads,True,1984-03-20
3834,Stefan,Waszczyk,stefan.waszczyk@o2.pl,+48 938 969 560,Warszawa,67-933,2025-05-16,Meta Ads,True,1996-04-19
3835,Krystian,Chlebek,krystian.chlebek@gmail.com,,Rzeszów,98-296,2025-03-01,Organic,False,1982-03-03
3836,Maciej,Bartel,maciej.bartel@onet.pl,+48 662 438 978,Wrocław,49-481,2025-07-03,Google Ads,False,1957-09-25
3837,Justyna,Mleczak,justyna.mleczak@gmail.com,546-337-388,Kielce,04-046,2025-05-15,Organic,False,1987-05-10
3838,Jakub,Maligłówka,jakub.maligłówka@gmail.com,+48 589 830 623,Łódź,34-908,2025-06-09,Influencer,False,1968-08-11
3839,Mieszko,Satora,mieszkosatora@gmail.com,+48 941 451 916,Warszawa,44-091,2026-08-06,Meta Ads,False,1974-10-02
3840,Eliza,Latek,eliza.latek@gmail.com,,Gdańsk,68-154,2024-11-22,Referral,False,1977-01-25
3841,Sylwia,Becker,sylwia.becker@gmail.com,805-470-730,Suwałki,31-423,2026-06-18,Google Ads,False,1963-07-04
3842,Cezary,Gumuła,cezary.gumuła@wp.pl,+48 148 107 958,Bydgoszcz,30-330,2025-08-25,Google Ads,False,1975-03-08
3843,Franciszek,Zaranek, franciszek.zaranek@gmail.com ,988628767,Poznań,00000,2025-11-04,Organic,False,1964-08-13
3844,Aurelia,Mokwa,AURELIA.MOKWA@GMAIL.COM,332629086,Olsztyn,94-043,2026-04-22,Organic,True,1984-11-17
3845,Maciej,Miozga,maciej.miozga@onet.pl,378781535,Opole,61-055,2025-04-18,Organic,False,1977-02-24
3846,Tadeusz,Siudek,tadeusz.siudek@gmail.com,531-596-979,Olsztyn,78-877,2025-06-10,Influencer,False,1988-02-24
3847,Róża,Prygiel,róża.prygiel@interia.pl,+48 628 696 634,Wrocław,46-806,2025-06-01,Google Ads,True,2008-07-12
3848,Anna Maria,Kurach,anna maria.kurach@wp.pl,608 552 378,Elbląg,17-067,2025-05-17,Organic,False,1958-10-24
3849,Franciszek,Plaskota, franciszek.plaskota@wp.pl ,162247737,Leszno,51-259,2026-06-21,Newsletter,True,1999-11-05
3850,Marcel,Kolman,marcel.kolman@gmail.com,+48 022 512 361,Białystok,72-938,2026-04-16,Google Ads,False,1983-08-25
3851,Jan,Piejko,jan.piejko@gmail.com,+48 748 239 151,Częstochowa,81-751,2024-11-26,Influencer,False,1969-04-21
3852,Kajetan,Łasica,kajetan.łasica@gmail.com,+48 449 965 040,Wrocław,61-511,2024-11-29,Google Ads,False,2002-04-05
3853,Witold,Wisz,witold.wisz@o2.pl,+48 727 034 434,Gdynia,25-388,2025-06-15,Organic,False,1993-08-29
3854,Rafał,Kliszcz,RAFAŁ.KLISZCZ@O2.PL,365233657,Bydgoszcz,83-066,2024-11-22,Meta Ads,True,1976-10-11
3855,Andrzej,Kowalak,andrzej.kowalak@gmail.com,151343250,Białystok,87-068,2025-11-19,Google Ads,False,1963-02-04
3856,Blanka,Graban,blanka.graban@wp.pl,870 269 324,Kraków,87-303,2024-11-06,Meta Ads,True,1994-01-27
3857,Angelika,Szałata,ANGELIKA.SZAŁATA@WP.PL,014844438,Katowice,83-686,2025-09-23,Google Ads,True,1990-12-12
3858,Norbert,Wielgos,norbert.wielgos@gmail.com,533-099-684,Wrocław,39-163,2024-09-20,Organic,False,1956-09-09
3859,Sandra,Golisz,sandra.golisz@gmail.com,+48 468 779 810,Opole,92-134,2025-03-13,Newsletter,False,1975-02-11
3860,Liwia,Hartman,liwia.hartman@gmail.com,530142892,Warszawa,28-107,2025-12-13,Meta Ads,True,1972-01-02
3861,Iwo,Malarczyk,iwo.malarczyk@wp.pl,305348218,Gorzów Wielkopolski,60-895,2025-08-02,Meta Ads,True,1957-10-03
3862,Tobiasz,Fyda,tobiasz.fyda@gmail.com,+48 928 389 931,Warszawa,81-400,2026-08-03,Google Ads,False,1963-11-25
3863,Mariusz,Ropiak, mariusz.ropiak@wp.pl ,684 673 026,Gdańsk,38-888,2026-05-03,Referral,False,2001-11-21
3864,Daniel,Gendera,daniel.gendera@gmail.com,532 762 231,Warszawa,30-739,2025-04-27,Newsletter,False,1991-05-30
3865,Cyprian,Jaszczur,cyprian.jaszczur@gmail.com,487 495 990,Warszawa,88-192,2024-10-23,Newsletter,False,1971-03-03
3866,Michał,Sprycha,michał.sprycha@onet.pl,+48 642 198 816,Bydgoszcz,11-482,2026-04-03,Google Ads,False,1975-08-04
3867,Klara,Jenek,klara.jenek@gmail.com,+48 409 543 151,Kraków,36-884,2026-06-09,Meta Ads,False,1970-12-30
3868,Aurelia,Ładziak,AURELIA.ŁADZIAK@GMAIL.COM,789473930,Toruń,68-518,2026-03-14,Meta Ads,False,2004-02-28
3869,Michał,Burzec, michał.burzec@gmail.com ,+48 557 022 786,Warszawa,29-749,2024-11-29,Meta Ads,False,1961-05-15
3870,Tadeusz,Romankiewicz,tadeusz.romankiewicz@gmail.com,640265778,Lublin,90-513,2026-08-06,Influencer,False,1983-02-02
3871,Jacek,Trzpil,jacek.trzpil@interia.pl,339405152,Szczecin,93-996,2025-02-17,Organic,True,1962-09-17
3872,Stanisław,Piekacz,stanisław.piekacz@gmail.com,947-847-884,Warszawa,89-349,2025-12-01,Organic,False,1957-08-01
3873,Adam,Piotrkowicz,adampiotrkowicz@wp.pl,510 479 584,Gdańsk,38-245,2026-06-13,Google Ads,False,1966-06-10
3874,Przemysław,Radke,przemysław.radke@gmail.com,012299042,Wrocław,98-844,2025-01-23,Organic,False,1974-05-31
3875,Anna Maria,Cibor,anna maria.cibor@o2.pl,249-730-891,Elbląg,76-323,2026-06-02,Google Ads,True,2002-06-03
3876,Marcel,Janasz,marcel.janasz@wp.pl,698501272,Kielce,94-228,2025-03-01,Meta Ads,True,1998-05-09
3877,Paweł,Kasperczak,paweł.kasperczak@onet.pl,386 255 105,Gdańsk,13-729,2026-08-06,Google Ads,True,1987-05-22
3878,Anna Maria,Kowara,anna maria.kowara@gmail.com,946 803 965,Gdańsk,93-900,2025-02-28,Organic,False,1997-04-29
3879,Inga,Jacak,inga.jacak@gmail.com,519-678-254,Bydgoszcz,78-204,2026-07-22,Meta Ads,False,1968-05-16
3880,Tomasz,Goworek,tomasz.goworek@onet.pl,226016710,Poznań,87-203,2024-10-01,Meta Ads,False,1981-09-13
3881,Łukasz,Postawa,łukasz.postawa@gmail.com,984 702 545,Łódź,83-331,2025-12-11,Google Ads,False,2008-07-26
3882,Maciej,Morawiak,maciej.morawiak@gmail.com,208281471,Warszawa,53-876,2025-09-02,Google Ads,False,1957-06-08
3883,Igor,Tlałka,igor.tlałka@onet.pl,739-751-663,Łódź,97-627,2025-08-27,Influencer,True,1995-12-13
3884,Sonia,Krauza,sonia.krauza@o2.pl,064-664-339,Olsztyn,42-399,2024-12-03,Meta Ads,False,1960-08-24
3885,Nela,Szarzec,nela.szarzec@gmail.com,502-491-854,Wroocław,53-798,2025-12-27,Influencer,True,1984-11-17
3886,Anna Maria,Gamrat,anna maria.gamrat@wp.pl,+48 937 092 315,Lublin,02-011,2024-12-05,Meta Ads,False,2003-11-27
3887,Nikodem,Kajstura,nikodem.kajstura@wp.pl,186 054 433,Łódź,04-831,2025-10-19,Google Ads,True,1957-02-25
3888,Dominik,Pacholak,dominik.pacholak@gmail.com,,Katowice,54-115,2025-02-15,Meta Ads,False,1984-09-24
3889,Gaja,Osada,gaja.osada@wp.pl,860-029-156,Toruń,02-251,2026-07-18,Meta Ads,False,1992-01-30
3890,Józef,Łuczyk, józef.łuczyk@gmail.com ,583-176-141,Rzeszów,82-720,2024-09-12,Meta Ads,False,1981-12-15
3891,Ryszard,Zawalich,ryszard.zawalich@gmail.com,+48 912 252 055,Łódź,77-123,2024-12-09,Newsletter,False,2006-06-30
3892,Urszula,Hojka,urszula.hojka@wp.pl,,Szczecin,80-697,2025-01-03,Organic,False,1966-12-03
3893,Leonard,Różak,leonard.różak@gmail.com,+48 200 211 900,Kraków,45-138,2025-06-08,Influencer,True,2002-07-19
3894,Igor,Witoń,igor.witoń@gmail.com,077671803,Toruń,78-073,2025-01-04,Google Ads,False,1998-06-13
3895,Anna Maria,Kęsek,anna maria.kęsek@o2.pl,971-704-283,Opole,99-589,2025-08-03,Meta Ads,False,1970-10-18
3896,Rozalia,Flisiak,rozalia.flisiak@gmail.com,645 053 737,Warszawa,29-237,2026-05-04,Organic,False,1976-08-20
3897,Malwina,Pytko,malwina.pytko@gmail.com,333-705-413,Toruń,04-601,2025-12-26,Meta Ads,False,1962-12-23
3898,Kalina,Kwarciak,kalina.kwarciak@gmail.com,+48 535 024 968,Kielce,22-835,2025-10-12,Organic,False,1993-11-29
3899,Przemysław,Fronczyk,przemysławfronczyk@gmail.com,+48 972 658 127,Wrocław,78-518,2024-11-26,Influencer,False,1963-06-07
3900,Tadeusz,Gosz,tadeusz.gosz@gmail.com,,Poznań,36-344,2025-12-04,Organic,True,1973-06-29
3901,Igor,Baka,igor.baka@gmail.com,+48 702 798 588,Katowice,33-957,2024-12-17,Organic,False,1957-07-12
3902,Gustaw,Zatoń,gustaw.zatoń@wp.pl,+48 596 135 905,Olsztyn,67-549,2026-03-22,Meta Ads,False,1977-03-06
3903,Maciej,Grymuza,maciej.grymuza@wp.pl,561-333-591,Gdańsk,47-646,2025-02-19,Meta Ads,False,1956-09-20
3904,Natan,John,natan.john@o2.pl,271 704 661,Suwałki,64-959,2025-06-11,Organic,False,1976-07-22
3905,Justyna,Bancerz,justyna.bancerz@onet.pl,588 281 080,Warszawa,96-048,2025-04-25,Meta Ads,False,1983-02-13
3906,Patryk,Hermann,patryk.hermann@gmail.com,+48 342 570 662,Gdańsk,96-132,2026-04-02,Meta Ads,True,1978-03-14
3907,Kacper,Truchan,kacper.truchan@wp.pl,+48 485 704 961,Łódź,25-896,2024-11-22,Meta Ads,False,2008-01-30
3908,Angelika,Mielke,angelika.mielke@gmail.com,928755244,Rzeszów,27-370,2025-10-23,Newsletter,True,1976-04-18
3909,Dawid,Czermak,dawid.czermak@gmail.com,089-423-489,Częstochowa,98-028,2024-11-16,Meta Ads,False,1976-01-26
3910,Agnieszka,Młyńczak,agnieszka.młyńczak@gmail.com,,Warszawa,42-963,2025-12-07,Meta Ads,False,1995-02-02
3911,Oskar,Nikel,oskar.nikel@gmail.com,663-621-240,Łódź,99-224,2026-05-11,Organic,False,1969-01-21
3912,Cyprian,Goliszek,cyprian.goliszek@wp.pl,101253037,Kraków,07-838,2025-06-23,Meta Ads,False,1978-05-17
3913,Krystyna,Frycz,krystyna.frycz@wp.pl,,Katowice,56-586,2025-08-29,Organic,True,1961-05-11
3914,Ada,Guściora,ada.guściora@gmail.com,357219974,Toruń,98-575,2026-06-13,Google Ads,False,1989-09-26
3915,Julian,Milewczyk,julian.milewczyk@o2.pl,796989545,Warszawa,27-538,2025-09-03,Influencer,False,1999-08-29
3916,Aleks,Bodych,aleks.bodych@wp.pl,+48 209 492 357,Konin,06-119,2025-08-22,Google Ads,False,1968-06-04
3917,Bianka,Durlik,bianka.durlik@gmail.com,959-621-339,Gdańsk,68-459,2025-10-27,Organic,False,1996-12-12
3918,Cyprian,Pilarek,cyprian.pilarek@o2.pl,812350774,bydgoszcz,31-489,2025-12-30,Meta Ads,True,2001-04-29
3919,Krystyna,Drobisz,krystyna.drobisz@o2.pl,+48 455 589 569,Wrocław,68-140,2024-11-25,Influencer,True,1977-03-10
3920,Bruno,Duszkiewicz,bruno.duszkiewicz@gmail.com,560365300,Katowice,83-384,2026-03-22,Meta Ads,False,1988-03-01
3921,Marcel,Lesisz,marcel.lesisz@gmail.com,065-166-339,Kraków,14-684,2025-06-02,Newsletter,False,1975-03-27
3922,Kacper,Szkatuła,kacper.szkatuła@o2.pl,744 849 040,Poznań,07-520,2024-10-26,Referral,False,1975-02-10
3923,Sylwia,Krzyśko,sylwia.krzyśko@wp.pl,+48 556 413 536,Gdańsk,91-067,2026-03-20,Organic,False,1998-03-03
3924,Stefan,Panasiewicz,stefan.panasiewicz@gmail.com,+48 635 149 464,Poznań,24-958,2025-05-30,Meta Ads,True,1956-06-06
3925,Aniela,Micał,aniela.micał@gmail.com,468338684,Leszno,75-827,2024-11-24,Influencer,False,1964-05-15
3926,Anita,Krzyżostaniak,anita.krzyżostaniak@gmail.com,372-719-294,Łódź,81-431,2025-11-16,Meta Ads,False,1996-03-24
3927,Anita,Słoka,anita.słoka@gmail.com,125-213-654,Toruń,49-891,2026-05-20,Meta Ads,False,1996-12-18
3928,Gustaw,Brodawka,gustaw.brodawka@gmail.com,515-713-668,Gdynia,71-658,2026-05-03,Google Ads,False,1987-08-23
3929,Agnieszka,Kośnik,agnieszka.kośnik@wp.pl,+48 901 972 015,Gdynia,67-303,2026-07-23,Influencer,False,1963-04-16
3930,Dariusz,Szmuc,dariusz.szmuc@gmail.com,038328136,Piła,50-653,2026-05-28,Meta Ads,True,2006-01-18
3931,Witold,Lenarcik,witold.lenarcik@gmail.com,859897941,Łódź,43-579,2024-09-17,Meta Ads,False,1961-01-18
3932,Michał,Buksa,michał.buksa@gmail.com,,Toruń,65-909,2025-05-02,Meta Ads,False,1972-01-02
3933,Eryk,Przewoźna,eryk.przewoźna@onet.pl,652912776,Kraków,25-111,2026-03-31,Google Ads,False,1965-05-25
3934,Artur,Kozar,artur.kozar@gmail.com,914-212-181,Szczecin,19-795,2025-05-30,Meta Ads,False,2006-12-17
3935,Olga,Letkiewicz,olga.letkiewicz@wp.pl,+48 432 388 261,Toruń,72-984,2025-11-04,Newsletter,True,2005-04-14
3936,Kalina,Czerniec,kalina.czerniec@interia.pl,635-131-492,Opole,90-024,2025-11-30,Meta Ads,True,2008-01-25
3937,Lidia,Kowalak,lidia.kowalak@gmail.com,+48 731 172 522,Warszawa,51-656,2025-05-03,Meta Ads,False,1961-10-31
3938,Urszula,Gamrat,urszula.gamrat@onet.pl,539639643,Konin,04-658,2026-05-04,Meta Ads,False,1979-01-08
3939,Przemysław,Ostapczuk,przemysław.ostapczuk@gmail.com,599285140,Katowice,72-966,2025-09-29,Organic,False,2008-04-25
3940,Olaf,Roskosz,olaf.roskosz@gmail.com,324 621 920,Bydgoszcz,78-226,2025-07-08,Organic,False,1972-11-10
3941,Olgierd,Cierpka,olgierd.cierpka@gmail.com,176605914,Olsztyn,32-921,2026-08-06,Meta Ads,False,2005-12-13
3942,Sebastian,Szrama,sebastian.szrama@onet.pl,170 075 952,Warszawa,72-776,2025-08-05,Meta Ads,False,1956-07-09
3943,Ryszard,Towarek,ryszard.towarek@gmail.com,714 830 692,Łódź,01-919,2024-12-07,Google Ads,False,1973-11-11
3944,Kalina,Więcławek,kalina.więcławek@wp.pl,708-963-438,Warszawa,85-121,2025-09-18,Newsletter,False,2007-08-15
3945,Sylwia,Ligas,sylwia.ligas@interia.pl,+48 346 994 419,radom,56-350,2026-03-31,Google Ads,False,1957-03-07
3946,Tymon,Gołofit,tymon.gołofit@gmail.com,431 369 940,Szczecin,76-782,2026-02-15,Referral,False,1974-08-10
3947,Tymon,Ślimak,tymon.ślimak@o2.pl,+48 517 170 257,Kielce,85-273,2026-03-16,Google Ads,False,1960-07-20
3948,Krystyna,Pietraś,krystyna.pietraś@gmail.com,339 624 676,Warszawa,74-388,2025-12-20,Organic,False,1973-11-12
3949,Wojciech,Kut,wojciech.kut@gmail.com,120-762-246,Białystok,28-016,2025-02-10,Organic,True,1985-05-15
3950,Marianna,Mikosz,marianna.mikosz@wp.pl,673465775,Lublin,87-851,2026-04-02,Influencer,False,1991-12-08
3951,Tymon,Obarzanek,tymon.obarzanek@gmail.com,733-197-603,Wrocław,25-827,2026-05-10,Referral,False,1983-08-10
3952,Anita,Wieczerzak,anita.wieczerzak@wp.pl,+48 119 738 014,Gdańsk,97-124,2024-12-24,Meta Ads,False,1968-12-12
3953,Eryk,Klemczak,eryk.klemczak@wp.pl,230-249-584,Szczecin,00000,2024-11-02,Google Ads,False,1984-04-17
3954,Tadeusz,Kulon,tadeusz.kulon@gmail.com,+48 026 877 334,Warszawa,99-319,2026-07-14,Newsletter,True,2000-08-19
3955,Jeremi,Franków,jeremi.franków@gmail.com,+48 635 188 164,Zielona Góra,06-876,2026-05-04,Meta Ads,False,1957-02-26
3956,Leon,Siembab,leon.siembab@gmail.com,650414607,Katowice,97-230,2026-05-27,Meta Ads,False,1955-08-24
3957,Ida,Ślimak,ida.ślimak@wp.pl,+48 895 396 803,Szczecin,77-401,2026-05-31,Meta Ads,False,2003-09-08
3958,Tobiasz,Strzelczak,tobiasz.strzelczak@onet.pl,+48 255 417 057,Wrocław,08-120,2025-10-26,Meta Ads,True,1999-10-13
3959,Tobiasz,Makoś,tobiasz.makoś@wp.pl,591 376 461,Poznań,26-077,2025-11-21,Organic,True,1959-11-25
3960,Eryk,Nocek,eryk.nocek@gmail.com,925794596,Rzeszów,79-343,2025-10-19,Organic,True,1999-03-31
3961,Szymon,Wawryniuk,szymon.wawryniuk@gmail.com,540-537-373,Częstochowa,09-385,2024-10-27,Meta Ads,False,1983-07-27
3962,Konstanty,Koczy,konstanty.koczy@wp.pl,114442129,Lublin,38-645,2026-01-02,Meta Ads,False,1987-09-28
3963,Kazimierz,Majdak,kazimierz.majdak@onet.pl,319 322 371,Kraków,055383,2025-09-02,Referral,False,1996-08-07
3964,Angelika,Kraszkiewicz,angelika.kraszkiewicz@gmail.com,925-486-192,Gdańsk,75-973,2025-11-22,Meta Ads,False,1979-02-03
3965,Klara,Surmiak,klara.surmiak@o2.pl,,konin,19-052,2025-09-12,Organic,False,1994-04-14
3966,Borys,Czajor,borys.czajor@o2.pl,264-485-311,Kraków,36-277,2025-08-19,Google Ads,False,1956-06-26
3967,Anastazja,Sulich,anastazja.sulich@gmail.com,414844819,Opole,57-614,2024-12-21,Influencer,True,1970-07-07
3968,Miłosz,Łaciak,miłosz.łaciak@gmail.com,605658336,Opole,92-966,2025-02-10,Google Ads,False,1979-05-24
3969,Sebastian,Mizia,sebastian.mizia@gmail.com,599766450,Zielona Góra,52-782,2024-11-11,Google Ads,False,2001-05-03
3970,Adrian,Wlazły,adrian.wlazły@wp.pl,+48 449 640 485,Częstochowa,18-353,2024-12-07,Meta Ads,False,1956-08-16
3971,Tomasz,Karkocha,tomasz.karkocha@gmail.com,+48 838 951 250,Rzeszów,63-743,2026-07-20,Google Ads,False,1988-09-27
3972,Lidia,Wydrych,lidia.wydrych@gmail.com,,Poznań,07-165,2024-11-18,Organic,False,1985-07-24
3973,Krzysztof,Mandrysz,krzysztof.mandrysz@o2.pl,915-457-830,Kraków,34-024,2025-02-13,Meta Ads,True,1976-08-25
3974,Anna Maria,Gabryelczyk,ANNA MARIA.GABRYELCZYK@GMAIL.COM,,Suwałki,69-270,2025-11-17,Meta Ads,False,1959-02-26
3975,Eryk,Bicz,eryk.bicz@gmail.com,+48 636 243 794,Olsztyn,26-465,2025-11-08,Organic,False,1967-11-24
3976,Adrian,Bartel,adrian.bartel@gmail.com,,Olsztyn,46-733,2024-11-06,Newsletter,False,2004-12-01
3977,Ksawery,Matyszczak,ksawery.matyszczak@o2.pl,007199522,Rzeszów,52-112,2026-03-08,Meta Ads,False,1980-05-10
3978,Maksymilian,Franas,maksymilian.franas@gmail.com,110 606 983,Kraków,02-210,2026-03-02,Meta Ads,False,2000-08-15
3979,Leon,Gajcy,leon.gajcy@gmail.com,007-129-274,Warszawa,14-081,2025-01-27,Referral,False,1987-07-21
3980,Jakub,Dorobisz,jakub.dorobisz@wp.pl,885831555,Warszawa,15-225,2025-03-23,Meta Ads,False,1995-05-13
3981,Marek,Haremza,marek.haremza@gmail.com,619-697-472,Gorzów Wielkopolski,66-686,2026-06-09,Organic,False,1972-06-08
3982,Roksana,Grzegorzak,roksana.grzegorzak@gmail.com,,Piła,70-588,2026-04-14,Google Ads,False,2007-05-07
3983,Albert,Hajduga,albert.hajduga@wp.pl,813961796,Kraków,25-224,2025-12-12,Organic,False,1979-04-24
3984,Inga,Łuszczyk,inga.łuszczyk@gmail.com,079-804-129,Wrocław,40-271,2024-10-07,Meta Ads,False,1987-01-01
3985,Alan,Kurda,alan.kurda@wp.pl,736-006-545,Leszno,75-331,2025-06-06,Meta Ads,False,1958-02-16
3986,Ewa,Pałgan,ewa.pałgan@interia.pl,+48 420 873 440,Kraków,66-045,2025-10-24,Meta Ads,False,2007-03-03
3987,Patryk,Raźniak,patrykraźniak@gmail.com,,Toruń,36-292,2024-12-27,Google Ads,False,2008-04-29
3988,Marek,Żelazek,marek.żelazek@onet.pl,+48 316 808 821,Zielona Góra,27-699,2025-07-07,Google Ads,False,1968-11-07
3989,Paweł,Gryta,paweł.gryta@gmail.com,+48 626 767 359,Łódź,61-548,2025-11-08,Newsletter,False,1961-05-02
3990,Julian,Szramka,julian.szramka@gmail.com,952 709 437,Warszawa,95-810,2025-04-26,Meta Ads,False,1982-01-28
3991,Ida,Gonsior,ida.gonsior@gmail.com,342000257,Katowice,24-077,2026-02-07,Meta Ads,False,1956-05-03
3992,Miłosz,Luberda,miłosz.luberda@gmail.com,+48 577 456 147,Gdańsk,12-900,2026-04-29,Referral,True,1981-08-25
3993,Julianna,Jałowiec,julianna.jałowiec@gmail.com,,Kraków,24-105,2025-03-06,Google Ads,True,1988-11-22
3994,Robert,Szulczyk,robert.szulczyk@gmail.com,039672827,Opole,54-176,2026-04-15,Organic,False,1985-12-09
3995,Cyprian,Balcewicz,cyprian.balcewicz@o2.pl,071131327,Konin,63-804,2024-11-02,Google Ads,True,1994-05-08
3996,Monika,Duszkiewicz,monika.duszkiewicz@wp.pl,+48 433 787 261,Wrocław,98-437,2026-04-10,Newsletter,False,2001-07-11
3997,Jerzy,Szarpak,jerzy.szarpak@gmail.com,761 428 443,Leszno,70-249,2024-11-10,Google Ads,False,2002-01-21
3998,Ida,Wojtalik,ida.wojtalik@gmail.com,369954755,Wrocław,70-698,2024-10-03,Google Ads,False,2008-05-18
3999,Kalina,Wojtyna,kalina.wojtyna@wp.pl,597 235 687,Gdynia,44-235,2025-11-23,Meta Ads,False,1985-12-07
4000,Aniela,Jamroz,aniela.jamroz@gmail.com,+48 799 655 131,olsztyn,03-505,2025-07-25,Organic,False,1997-03-26
4001,Julianna,Staniczek,julianna.staniczek@wp.pl,954 122 919,Konin,93-652,2026-06-09,Meta Ads,True,1978-04-25
4002,Ignacy,Fal,ignacy.fal@gmail.com,+48 100 811 583,Wrocła,62-717,2025-04-12,Google Ads,True,1958-10-31
4003,Sonia,Pastucha,sonia.pastucha@o2.pl,+48 057 925 593,Łódź,52-531,2025-03-26,Influencer,False,1996-12-05
4004,Tymon,Łuckiewicz,tymon.łuckiewicz@gmail.com,+48 739 253 890,Szczecin,00000,2025-09-17,Meta Ads,False,1996-02-12
4005,Albert,Czerner,albert.czerner@gmail.com,480 870 721,Łódź,19-087,2025-07-03,Meta Ads,True,1990-07-08
4006,Alan,Jagieło,ALAN.JAGIEŁO@GMAIL.COM,552018335,Warszawa,29-645,2025-04-24,Meta Ads,True,1974-02-09
4007,Damian,Palus,damian.palus@gmail.com,080-487-864,Warszawa,51-696,2025-12-09,Google Ads,False,2001-11-21
4008,Dariusz,Kołaczek,dariusz.kołaczek@interia.pl,220-027-715,Szczecin,43-553,2026-02-14,Organic,False,2008-01-03
4009,Paweł,Klebba,paweł.klebba@interia.pl,827-046-048,Bydgoszcz,34-415,2026-04-17,Google Ads,True,1985-10-10
4010,Wojciech,Zinkiewicz,wojciech.zinkiewicz@gmail.com,136 497 193,Warszawa,84-789,2026-07-23,Meta Ads,True,2005-04-05
4011,Wojciech,Polewka,WOJCIECH.POLEWKA@GMAIL.COM,988-296-636,Suwałki,18-336,2025-02-01,Google Ads,False,1985-09-10
4012,Agnieszka,Wiekiera,agnieszka.wiekiera@wp.pl,309-545-116,Gdańsk,77-978,2025-12-21,Meta Ads,False,1957-09-07
4013,Tola,Kopytko, tola.kopytko@gmail.com ,973981541,Piła,149679,2025-05-14,Meta Ads,False,1969-10-29
4014,Kornelia,Ksel,kornelia.ksel@gmail.com,182514778,Poznań,78-555,2025-12-26,Meta Ads,False,1970-11-25
4015,Inga,Drej,inga.drej@wp.pl,600 008 290,Radom,03-976,2025-08-01,Organic,True,1963-12-27
4016,Piotr,Kruś,piotr.kruś@gmail.com,762533965,Leszno,43-818,2026-08-06,Organic,True,1957-05-23
4017,Olaf,Łukasiuk,olaf.łukasiuk@o2.pl,,Kielce,70-444,2026-01-11,Newsletter,False,2007-04-10
4018,Iwo,Kierat,iwo.kierat@gmail.com,300426037,Wrocław,38-664,2026-07-21,Organic,True,1962-06-26
4019,Natan,Preuss,natan.preuss@gmail.com,136398012,radom,95-625,2026-04-22,Organic,False,1982-09-28
4020,Wiktor,Chachaj,wiktor.chachaj@gmail.com,,Białystok,11-291,2026-05-21,Meta Ads,False,1973-12-22
4021,Inga,Kierat,inga.kierat@gmail.com,+48 519 219 238,Gdańsk,59-986,2026-03-13,Meta Ads,False,1998-07-16
4022,Piotr,Kryszczuk,piotr.kryszczuk@gmail.com,665415811,Gdynia,84-452,2025-07-09,Google Ads,False,1960-06-14
4023,Kajetan,Brodowicz,kajetan.brodowicz@gmail.com,,Warszawa,00000,2025-02-06,Google Ads,False,1979-04-26
4024,Malwina,Kraszkiewicz,MALWINA.KRASZKIEWICZ@O2.PL,448-188-365,Poznań,70-788,2025-05-07,Organic,True,2007-02-13
4025,Daniel,Kwasek,daniel.kwasek@onet.pl,636-713-961,Gdynia,79-463,2024-09-15,Google Ads,False,1970-03-01
4026,Igor,Starek,igor.starek@wp.pl,+48 338 449 161,Łódź,09-737,2025-09-27,Google Ads,False,1988-11-13
4027,Marcelina,Karaśkiewicz,marcelina.karaśkiewicz@onet.pl,702 990 894,Olsztyn,79-545,2025-09-02,Meta Ads,True,1981-09-11
4028,Rozalia,Wojaczek,rozalia.wojaczek@wp.pl,866049107,Częstochowa,80-589,2025-09-29,Organic,False,2004-02-09
4029,Dorota,Klinger,dorota.klinger@gmail.com,,Bydgoszcz,92-866,2026-07-07,Meta Ads,False,1963-10-02
4030,Adrian,Gregorowicz,adriangregorowicz@gmail.com,056 671 993,Warszawa,67-591,2026-06-25,Google Ads,False,1965-12-28
4031,Piotr,Bancerz,piotr.bancerz@wp.pl,+48 068 477 739,Łódź,83-545,2024-12-03,Influencer,True,1972-06-18
4032,Anna Maria,Dzienis,anna maria.dzienis@wp.pl,890-076-253,Warszawa,52-659,2025-05-05,Google Ads,True,1965-06-19
4033,Marek,Bany,marek.bany@o2.pl,752-273-677,Warszawa,07-713,2025-06-09,Meta Ads,True,1969-11-13
4034,Antoni,Nastały,antoni.nastały@wp.pl,092663873,Toruń,47-774,2025-04-30,Meta Ads,False,2008-04-21
4035,Fryderyk,Wilma,fryderyk.wilma@o2.pl,+48 264 395 798,Katowic,80-340,2026-03-09,Meta Ads,True,1991-12-07
4036,Nicole,Kuzia,nicole.kuzia@gmail.com,185613702,Toruń,04-690,2025-09-09,Google Ads,False,1962-03-18
4037,Konstanty,Kleinschmidt,konstanty.kleinschmidt@gmail.com,714122721,Suwałki,70-181,2025-10-07,Meta Ads,False,1996-11-06
4038,Cyprian,Sorbian,cyprian.sorbian@onet.pl,,Waarszawa,48-275,2026-04-27,Meta Ads,True,1968-11-28
4039,Anna Maria,Gendek,anna maria.gendek@gmail.com,+48 186 671 988,Konin,59-608,2026-03-28,Influencer,False,1976-06-24
4040,Sebastian,Bulak,sebastian.bulak@gmail.com,821506618,Kraków,79-302,2024-11-23,Meta Ads,False,1965-06-08
4041,Witold,Wojtaszak,witold.wojtaszak@gmail.com,698-051-982,wrocław,18-700,2025-12-07,Meta Ads,True,1983-10-30
4042,Aurelia,Kurzaj,aurelia.kurzaj@wp.pl,035088327,Warszawa,35-809,2025-06-25,Newsletter,False,1976-05-03
4043,Borys,Szyma,borys.szyma@gmail.com,,Olsztyn,25-560,2025-03-14,Meta Ads,False,2006-07-02
4044,Anita,Tokarek,anita.tokarek@gmail.com,843695885,Konin,44-415,2024-10-05,Meta Ads,False,1964-04-23
4045,Maksymilian,Frymus,maksymilian.frymus@gmail.com,952-014-084,Łódź,767820,2025-08-03,Organic,True,1972-12-21
4046,Ewelina,Wawrzeńczyk,ewelina.wawrzeńczyk@gmail.com,+48 975 924 155,Rzeszów,44-740,2025-04-17,Newsletter,False,2008-01-13
4047,Karina,Latoszek,karina.latoszek@gmail.com,432056061,Kraków,44-399,2025-02-19,Referral,False,1964-06-25
4048,Aurelia,Nazar,aurelia.nazar@gmail.com,738 541 200,Wrocław,52-969,2025-12-05,Organic,False,1986-10-26
4049,Borys,Majnusz,BORYS.MAJNUSZ@GMAIL.COM,983-267-356,Częstochowa,68-623,2026-02-04,Meta Ads,False,1997-01-09
4050,Leonard,Noszczyk,leonard.noszczyk@gmail.com,009201373,Suwałki,29-882,2025-01-22,Organic,True,2008-02-22
4051,Dorota,Majak,dorota.majak@onet.pl,,Kielce,72-728,2024-10-27,Newsletter,False,1976-04-30
4052,Dariusz,Siara,dariusz.siara@o2.pl,646753826,Konin,83-502,2026-04-18,Google Ads,False,1983-02-06
4053,Ernest,Nieradzik,ernest.nieradzik@gmail.com,072 613 205,Warszawa,72-333,2024-09-03,Organic,False,1956-06-03
4054,Kazimierz,Laszkiewicz,kazimierz.laszkiewicz@gmail.com,652-546-528,Szczecin,63-792,2026-06-24,Google Ads,False,1991-08-23
4055,Robert,Wojtak,robert.wojtak@onet.pl,958-687-626,Warszawa,01-199,2025-11-02,Meta Ads,False,1971-11-05
4056,Ignacy,Nazarko,IGNACY.NAZARKO@O2.PL,+48 648 131 323,Wrocław,87-916,2025-03-15,Google Ads,False,1982-09-30
4057,Aurelia,Ślęczka,aurelia.ślęczka@gmail.com,225-699-362,Łódź,15-936,2025-01-28,Newsletter,False,1981-02-05
4058,Karina,Świtaj,karina.świtaj@gmail.com,+48 680 315 971,Zielona Góra,07-204,2024-09-26,Google Ads,False,1983-03-28
4059,Józef,Uroda,józef.uroda@wp.pl,+48 522 620 264,kraków,31-276,2025-01-30,Organic,False,1997-08-25
4060,Dawid,Paździora,dawid.paździora@gmail.com,607095020,Warszaw,166922,2024-11-11,Newsletter,False,1976-07-03
4061,Dawid,Niklewicz,dawid.niklewicz@gmail.com,463-874-654,Toruń,38-465,2025-11-26,Influencer,False,1961-04-17
4062,Arkadiusz,Garncarek,arkadiusz.garncarek@interia.pl,253 157 170,Konin,14-222,2024-12-21,Influencer,False,1994-03-25
4063,Dariusz,Fogt,dariusz.fogt@gmail.com,+48 141 344 168,Leszno,28-838,2025-09-28,Meta Ads,False,1977-10-29
4064,Anna Maria,Kręcisz,anna maria.kręcisz@gmail.com,287 203 455,Opole,31-818,2025-11-10,Meta Ads,True,1978-03-09
4065,Alex,Szwaja,alex.szwaja@gmail.com,,Bydgoszcz,03-983,2025-03-31,Organic,False,1988-06-30
4066,Krystian,Duchnik,krystian.duchnik@wp.pl,880 043 999,Warszawa,83-822,2024-09-18,Newsletter,True,1961-05-18
4067,Dawid,Myszak,dawid.myszak@gmail.com,334-228-164,Kielce,46-182,2024-09-15,Meta Ads,True,1979-10-18
4068,Liwia,Smutek,liwia.smutek@wp.pl,226 129 486,Łódź,90-606,2024-09-08,Influencer,False,1983-05-09
4069,Melania,Saj,melania.saj@gmail.com,+48 395 607 196,Leszno,78-751,2026-01-31,Meta Ads,False,1999-11-06
4070,Malwina,Wawszczak,malwina.wawszczak@onet.pl,,Poznań,35-370,2025-03-05,Google Ads,False,1962-06-22
4071,Ida,Czura,ida.czura@gmail.com,+48 730 532 100,Poznań,72-878,2026-03-17,Organic,False,1996-03-31
4072,Blanka,Przewoźnik,blanka.przewoźnik@wp.pl,761 397 758,Olsztyn,18-958,2025-06-05,Newsletter,False,1973-02-17
4073,Marianna,Żołnierczyk,marianna.żołnierczyk@gmail.com,198 630 761,Łódź,08-979,2025-07-03,Organic,True,1972-10-16
4074,Janina,Lemanowicz,janina.lemanowicz@interia.pl,685-425-889,Poznań,54-812,2025-09-26,Meta Ads,False,1995-07-29
4075,Julita,Basaj,julita.basaj@gmail.com,094388871,Kraków,36-306,2025-12-26,Newsletter,True,2001-04-24
4076,Sebastian,Sobków,sebastian.sobków@onet.pl,965-420-203,Poznań,91-346,2025-02-11,Influencer,True,1982-08-21
4077,Konstanty,Macheta,konstanty.macheta@wp.pl,498 050 296,Zielona Góra,81-348,2024-11-26,Meta Ads,False,1994-06-09
4078,Kaja,Pachuta,kaja.pachuta@o2.pl,313-992-259,Kraków,41-807,2025-10-19,Google Ads,False,1993-05-14
4079,Stefan,Latoszek,stefan.latoszek@gmail.com,955-397-697,Warszawa,65-132,2025-04-20,Meta Ads,True,1971-09-26
4080,Ignacy,Bartocha,ignacy.bartocha@wp.pl,374-843-946,Kraków,89-439,2025-06-09,Meta Ads,False,2007-10-28
4081,Szymon,Margol,szymon.margol@wp.pl,508703338,Wrocław,01-904,2025-11-02,Organic,True,1957-09-06
4082,Marcin,Hałka,marcin.hałka@wp.pl,953 721 267,Bydgoszcz,40-382,2025-08-22,Meta Ads,True,1989-06-21
4083,Julianna,Chachaj,julianna.chachaj@o2.pl,561934152,Gdańsk,30-075,2025-11-30,Google Ads,True,2006-05-24
4084,Adrian,Dynia,adrian.dynia@wp.pl,168 809 852,Kielce,15-819,2025-10-14,Meta Ads,True,1972-11-14
4085,Alex,Wiszowaty,alex.wiszowaty@gmail.com,154604133,Warszawa,27-006,2026-01-18,Meta Ads,False,1972-10-06
4086,Karina,Hałat,karina.hałat@wp.pl,081 257 275,Bydgoszcz,67-209,2025-12-21,Influencer,False,1989-03-02
4087,Kaja,Zwara,kaja.zwara@gmail.com,+48 856 358 175,Łódź,95-187,2025-09-15,Newsletter,False,1991-09-28
4088,Ryszard,Kojder,ryszard.kojder@wp.pl,059 217 881,Warszaw,37-872,2025-12-11,Newsletter,False,1983-02-22
4089,Ernest,Durys,ernest.durys@interia.pl,568692053,Konin,76-635,2026-05-09,Meta Ads,True,2008-05-03
4090,Marika,Klama,marika.klama@interia.pl,020 154 487,Kraków,64-987,2025-06-09,Influencer,False,2000-08-30
4091,Borys,Twardy,borys.twardy@wp.pl,,Warszawa,58-921,2025-06-12,Meta Ads,False,1989-05-16
4092,Monika,Tymczyszyn,monika.tymczyszyn@gmail.com,082-708-132,Katowice,38-659,2026-02-09,Organic,True,1977-07-01
4093,Jan,Fijoł,jan.fijoł@o2.pl,751 241 994,Kraków,47-867,2025-10-04,Organic,False,1982-11-27
4094,Leon,Bany,LEON.BANY@INTERIA.PL,130644528,Elbląg,37-215,2024-10-04,Meta Ads,True,2005-12-06
4095,Krzysztof,Matacz,krzysztof.matacz@wp.pl,+48 886 589 043,Wrocław,28-825,2026-05-02,Meta Ads,False,1998-09-18
4096,Inga,Smolec,inga.smolec@onet.pl,006-251-795,gorzów wielkopolski,14-755,2024-09-08,Newsletter,True,1962-09-06
4097,Wiktor,Byra,WIKTOR.BYRA@WP.PL,170622156,Warszaw,26-622,2026-02-28,Google Ads,False,1963-03-09
4098,Jan,Chojna,jan.chojna@wp.pl,838-994-627,Kraków,40-640,2026-02-06,Meta Ads,False,1960-07-02
4099,Albert,Klęk,albert.klęk@gmail.com,281-436-831,Warszawa,02-907,2026-07-25,Newsletter,False,1960-05-10
4100,Andrzej,Dubis,andrzej.dubis@interia.pl,573274148,Łódź,34-502,2024-10-12,Google Ads,False,1964-01-31
4101,Bianka,Szramka,bianka.szramka@interia.pl,017232189,Częstochowa,45-025,2025-11-29,Meta Ads,False,1983-10-26
4102,Natasza,Bodek,natasza.bodek@onet.pl,+48 347 155 059,gdańsk,67-724,2025-06-17,Organic,False,1960-03-18
4103,Agnieszka,Aleksandrzak,agnieszka.aleksandrzak@gmail.com,213 877 892,Łódź,24-922,2025-04-27,Google Ads,True,1974-02-24
4104,Marcelina,Piekarek,marcelina.piekarek@gmail.com,+48 896 687 774,Warszawa,34-765,2024-11-12,Meta Ads,False,2007-03-08
4105,Melania,Siewiera,melania.siewiera@o2.pl,514893185,Zielona Góra,35-496,2025-10-09,Meta Ads,True,1962-10-14
4106,Marcin,Gotfryd,marcin.gotfryd@gmail.com,993531853,Opole,74-965,2025-08-26,Meta Ads,False,1957-04-29
4107,Julian,Łakota,julian.łakota@o2.pl,007-661-938,Warszawa,12-524,2024-11-16,Google Ads,False,1998-11-17
4108,Agnieszka,Pietraś,agnieszka.pietraś@gmail.com,890472428,Warszawa,85-568,2025-11-25,Referral,True,1968-05-16
4109,Paweł,Jodko,paweł.jodko@gmail.com,181-875-969,Kielce,07-563,2026-01-19,Organic,False,2001-08-27
4110,Monika,Łapacz,monika.łapacz@gmail.com,104990798,Gorzów Wielkopolski,83-481,2026-02-03,Meta Ads,False,1964-11-24
4111,Róża,Bugno,róża.bugno@o2.pl,+48 781 918 647,Olsztyn,28-204,2026-05-03,Meta Ads,False,1979-01-26
4112,Przemysław,Sopata,przemysław.sopata@onet.pl,+48 708 172 752,Wrocław,84-597,2025-06-16,Newsletter,False,2006-10-29
4113,Antoni,Kopyto,antoni.kopyto@gmail.com,151 866 365,Warszawa,24-177,2026-07-15,Referral,False,1963-10-27
4114,Nicole,Jantos,nicole.jantos@gmail.com,+48 183 990 375,Gdańsk,28-759,2026-05-09,Meta Ads,False,1977-06-05
4115,Alan,Martyka,alan.martyka@wp.pl,,Katowice,94-438,2025-03-17,Organic,True,1997-12-18
4116,Janina,Buczko,janina.buczko@gmail.com,232-224-120,Piła,82-311,2024-11-02,Organic,True,1968-02-12
4117,Krystyna,Stanaszek,krystyna.stanaszek@gmail.com,222 340 387,Gdynia,31-919,2025-06-19,Meta Ads,True,1964-06-03
4118,Dariusz,Pawliszyn,dariusz.pawliszyn@gmail.com,185156479,EElbląg,32-809,2025-05-16,Organic,False,1986-03-17
4119,Rozalia,Łukowiak,rozalia.łukowiak@o2.pl,+48 415 368 976,Warszawa,41-570,2025-10-12,Meta Ads,False,2005-05-26
4120,Cezary,Feluś,cezary.feluś@gmail.com,169-681-116,Leszno,16-501,2025-11-23,Referral,False,1994-01-04
4121,Marcelina,Wojtarowicz,marcelina.wojtarowicz@gmail.com,608149947,Radom,715950,2026-02-11,Meta Ads,False,1981-09-23
4122,Miłosz,Putek,miłosz.putek@onet.pl,+48 058 722 360,Kielce,51-297,2025-09-10,Google Ads,False,1968-09-10
4123,Michał,Zasępa,michał.zasępa@wp.pl,055 209 384,Opole,43-268,2024-11-22,Meta Ads,False,2001-06-18
4124,Aurelia,Teter,aurelia.teter@gmail.com,708 609 861,Toruń,64-626,2026-04-08,Influencer,False,1993-07-08
4125,Oliwier,Jagieło,oliwier.jagieło@wp.pl,,Łódź,58-619,2025-03-10,Organic,True,1999-04-25
4126,Janina,Groborz,janina.groborz@gmail.com,+48 675 494 874,Poznań,01-192,2026-07-18,Organic,False,1985-11-10
4127,Monika,Miśko,monika.miśko@o2.pl,+48 219 860 960,Kielce,21-057,2024-11-08,Newsletter,True,1973-02-21
4128,Gaja,Cyrek,gaja.cyrek@onet.pl,519-018-181,Rzeszów,98-540,2026-07-12,Newsletter,False,2003-11-11
4129,Kamil,Okraska,kamil.okraska@gmail.com,205897060,Szczeci,63-725,2024-11-06,Newsletter,True,2003-01-19
4130,Arkadiusz,Nazimek,arkadiusz.nazimek@gmail.com,+48 604 332 780,Łódź,75-975,2025-01-13,Meta Ads,False,1985-03-09
4131,Eliza,Macias,eliza.macias@gmail.com,743-234-358,Wrocław,17-153,2024-10-31,Google Ads,False,1957-01-30
4132,Oskar,Cieciura,oskar.cieciura@o2.pl,701-433-852,Warszawa,47-407,2025-12-12,Newsletter,False,1994-03-30
4133,Mikołaj,Koronkiewicz,mikołaj.koronkiewicz@o2.pl,671 338 281,Bydgoszcz,25-178,2026-04-05,Influencer,True,1957-08-04
4134,Aleksander,Bobrowicz,aleksander.bobrowicz@gmail.com,068-518-813,Poznań,98-568,2025-06-01,Meta Ads,True,1981-07-05
4135,Roksana,Nojek,roksana.nojek@gmail.com,529 845 969,Warszawa,65-519,2026-06-18,Google Ads,False,2001-05-14
4136,Monika,Mitoraj,monika.mitoraj@wp.pl,089335912,Warszawa,88-216,2025-11-21,Meta Ads,True,1992-05-04
4137,Mariusz,Kononowicz,mariusz.kononowicz@gmail.com,602570040,Warszawa,66-366,2025-11-26,Google Ads,False,1965-05-19
4138,Ewelina,Kandora,ewelina.kandora@gmail.com,741365716,Kraków,08-818,2026-04-14,Organic,True,2000-01-02
4139,Maciej,Bazydło,MACIEJ.BAZYDŁO@GMAIL.COM,351-128-490,Rzeszów,03-285,2025-03-24,Google Ads,False,2007-06-06
4140,Marek,Drewniok,marek.drewniok@gmail.com,190-097-688,Gdańsk,83-084,2025-04-21,Meta Ads,False,1998-10-10
4141,Anita,Salawa,anita.salawa@wp.pl,277579270,Leszno,15-472,2026-05-30,Meta Ads,False,1959-02-11
4142,Miłosz,Mol,miłoszmol@gmail.com,879 417 045,Lublin,94-585,2026-05-10,Google Ads,False,2003-03-21
4143,Tomasz,Nowek,tomasz.nowek@interia.pl,525-968-609,Wrocław,20-659,2026-08-06,Meta Ads,False,1986-03-09
4144,Julianna,Breś,julianna.breś@gmail.com,183-228-021,Gdańsk,45-680,2026-05-07,Organic,True,1956-11-13
4145,Emil,Straszak,emil.straszak@wp.pl,138781929,Gdańsk,62-284,2024-11-15,Organic,True,1990-03-31
4146,Apolonia,Handzel,apolonia.handzel@gmail.com,945-489-865,Warszawa,08-627,2026-03-05,Meta Ads,False,1999-03-25
4147,Jan,Winek,jan.winek@interia.pl,+48 527 337 705,Opole,54-482,2025-06-27,Meta Ads,False,1959-12-22
4148,Tola,Wietecha,tola.wietecha@o2.pl,+48 815 448 684,Warszawa,765415,2026-08-06,Google Ads,True,2006-11-14
4149,Tymon,Joszko,tymon.joszko@onet.pl,206 333 451,Lublin,07-649,2025-07-06,Google Ads,False,1963-08-05
4150,Krystian,Reich,krystian.reich@onet.pl,+48 031 386 546,Szczecin,27-162,2025-10-07,Meta Ads,True,1961-11-07
4151,Róża,Wyroba,róża.wyroba@gmail.com,,Warszawa,60-771,2025-09-28,Google Ads,False,1990-08-02
4152,Mikołaj,Kandziora,mikołaj.kandziora@o2.pl,299524593,Warszawa,78-790,2025-03-23,Google Ads,True,1995-02-19
4153,Dawid,Lindner,dawid.lindner@interia.pl,231-049-572,Gdańsk,15-392,2024-10-29,Influencer,False,1976-12-08
4154,Adrian,Wawszczyk,adrian.wawszczyk@gmail.com,,Kraków,06-124,2026-05-01,Google Ads,False,1988-04-28
4155,Filip,Grzebyk,filip.grzebyk@gmail.com,+48 975 306 344,Leszno,18-741,2026-03-10,Referral,False,1973-10-08
4156,Liwia,Wiza,liwia.wiza@wp.pl,+48 345 265 223,Wrocław,57-955,2024-11-02,Google Ads,True,1968-10-10
4157,Bruno,Janowiak,bruno.janowiak@gmail.com,080820082,Bydgoszcz,38-586,2026-02-13,Meta Ads,True,1965-10-17
4158,Fryderyk,Staciwa,fryderyk.staciwa@gmail.com,033 261 081,Piła,27-550,2025-11-02,Organic,False,1956-04-21
4159,Kajetan,Wacław,kajetanwacław@wp.pl,,Łódź,84-898,2025-06-14,Organic,True,1990-11-06
4160,Emil,Parzonka,emil.parzonka@onet.pl,920856695,Suwałki,67-107,2025-02-12,Meta Ads,False,1963-07-11
4161,Ryszard,Latuszek,ryszard.latuszek@wp.pl,338602204,Olsztyn,13-093,2026-04-06,Google Ads,False,1970-09-02
4162,Dagmara,Olszyna,dagmara.olszyna@onet.pl,+48 194 985 325,Kielce,51-641,2025-12-11,Meta Ads,True,1983-05-30
4163,Natan,Magryta,NATAN.MAGRYTA@GMAIL.COM,+48 483 687 656,Leszno,02-591,2025-10-14,Meta Ads,False,1990-11-02
4164,Łukasz,Wojaczek,łukasz.wojaczek@gmail.com,487 004 177,Warszawa,77-294,2025-11-28,Referral,False,1975-07-02
4165,Kacper,Merda, kacper.merda@gmail.com ,937 675 824,Warszawa,76-199,2024-11-21,Influencer,False,1992-09-23
4166,Dariusz,Knieć,dariusz.knieć@interia.pl,487884698,Kraków,93-390,2025-07-23,Meta Ads,True,2000-02-05
4167,Wiktor,Turoń,wiktor.turoń@gmail.com,383 500 963,Kraków,95-754,2024-12-24,Google Ads,False,1990-04-27
4168,Bruno,Kajak,bruno.kajak@wp.pl,165 227 060,Radom,86-583,2024-12-27,Google Ads,False,1987-03-12
4169,Hubert,Citko,hubert.citko@gmail.com,,Częstochowa,89-598,2025-12-03,Influencer,False,1981-11-29
4170,Kacper,Pyc,kacper.pyc@gmail.com,917 088 878,Poznań,13-235,2026-06-07,Google Ads,True,2006-12-12
4171,Ignacy,Iwanow,ignacy.iwanow@gmail.com,219664803,Lublin,36-196,2025-05-17,Organic,False,1978-01-22
4172,Maurycy,Salach,maurycysalach@o2.pl,185 610 523,Kraków,42-553,2024-12-03,Organic,True,1975-01-11
4173,Norbert,Irla,norbert.irla@gmail.com,+48 204 730 367,Olsztyn,17-218,2025-11-26,Referral,False,2000-06-14
4174,Robert,Koj,robert.koj@wp.pl,890-042-014,Wrocław,96-798,2026-05-09,Newsletter,False,1963-11-15
4175,Julian,Sommer,JULIAN.SOMMER@GMAIL.COM,767-759-163,Piła,07-433,2026-02-20,Newsletter,True,1962-02-13
4176,Miłosz,Majos,miłosz.majos@gmail.com,+48 156 335 971,Warszawa,30-571,2026-05-08,Meta Ads,False,1981-10-27
4177,Stanisław,Szóstak,stanisław.szóstak@gmail.com,102664077,Katowice,77-635,2025-09-01,Influencer,False,1958-11-08
4178,Karol,Raźniak,karol.raźniak@o2.pl,+48 683 580 825,Szczecin,55-883,2026-02-21,Meta Ads,False,1986-11-28
4179,Klara,Bobel,klara.bobel@wp.pl,560-092-170,Warszawa,17-130,2024-11-02,Influencer,False,2001-03-05
4180,Liwia,Fijałek,liwia.fijałek@wp.pl,899 963 098,Warszawa,14-351,2025-04-19,Google Ads,True,1972-07-10
4181,Damian,Żabka,damian.żabka@gmail.com,,Zielona Góra,88-647,2025-05-19,Meta Ads,True,1989-08-16
4182,Borys,Solich,borys.solich@interia.pl,115 088 656,Gorzów Wielkopolski,91-888,2025-09-16,Meta Ads,False,1970-09-22
4183,Witold,Rycerz, witold.rycerz@gmail.com ,319-776-610,Katowice,16-018,2026-06-13,Organic,False,1988-04-01
4184,Olga,Wąsek,olga.wąsek@wp.pl,706-280-313,Łódź,73-937,2026-05-07,Meta Ads,False,1996-04-27
4185,Aniela,Frost,aniela.frost@gmail.com,276-532-139,Szczecin,55-915,2024-11-07,Newsletter,False,1997-04-19
4186,Wiktor,Berus,wiktor.berus@gmail.com,363-287-740,Kielce,57-605,2024-12-13,Meta Ads,True,1991-06-25
4187,Nataniel,Doroszkiewicz,nataniel.doroszkiewicz@onet.pl,+48 894 915 951,Warszawa,37-436,2025-04-05,Influencer,False,2000-04-20
4188,Witold,Gubernat,witoldgubernat@gmail.com,706746874,Gdańsk,62-862,2025-03-13,Google Ads,False,1961-03-27
4189,Iwo,Tołoczko,iwo.tołoczko@o2.pl,505-212-872,Wrocław,56-003,2025-11-17,Organic,False,1961-06-15
4190,Dagmara,Mejer,dagmara.mejer@o2.pl,823 550 519,Opole,99-122,2026-05-21,Organic,True,1997-11-07
4191,Ida,Fraś,ida.fraś@onet.pl,256 611 058,Toruń,05-213,2026-07-20,Google Ads,False,1957-01-02
4192,Klara,Dumała,klara.dumała@o2.pl,170 147 888,Warszawa,30-103,2025-11-03,Influencer,False,1979-05-30
4193,Jacek,Bryda,jacekbryda@o2.pl,814-652-991,Warszawa,12-501,2026-04-18,Google Ads,False,1964-03-04
4194,Eliza,Kolbusz,eliza.kolbusz@onet.pl,+48 452 302 510,Piła,70-014,2025-09-18,Organic,False,1982-12-27
4195,Dariusz,Frelek,dariusz.frelek@gmail.com,338537235,Rzeszów,14-152,2024-12-28,Organic,True,1987-01-04
4196,Dominik,Żołna,dominik.żołna@o2.pl,146 374 333,Wrocław,91-063,2025-09-02,Meta Ads,True,1980-02-28
4197,Konrad,Doruch,konrad.doruch@wp.pl,672596941,Katowice,06-419,2025-10-22,Meta Ads,False,1979-08-08
4198,Witold,Serwa,witold.serwa@wp.pl,078-908-485,Wrocław,60-730,2026-01-13,Organic,False,1967-09-28
4199,Maksymilian,Witaszek,maksymilian.witaszek@gmail.com,+48 058 185 443,Częstochowa,37-370,2024-12-20,Organic,False,2007-01-02
4200,Jacek,Kabala,jacek.kabala@gmail.com,+48 895 377 926,Warszawa,39-205,2025-05-18,Referral,True,1998-01-19
4201,Tymoteusz,Początek,tymoteusz.początek@wp.pl,082989814,Warszawa,91-202,2025-04-13,Google Ads,True,1956-11-27
4202,Sylwia,Nazarewicz,sylwia.nazarewicz@gmail.com,+48 753 271 374,Łódź,24-358,2026-07-22,Meta Ads,True,1983-10-11
4203,Liwia,Buza,liwia.buza@gmail.com,078-302-576,Gdynia,46-458,2025-07-16,Newsletter,False,1978-03-03
4204,Marianna,Zbrzeźniak,marianna.zbrzeźniak@wp.pl,+48 228 115 126,Konin,33-509,2026-02-20,Meta Ads,False,1957-03-02
4205,Ignacy,Zubowicz,ignacy.zubowicz@o2.pl,+48 394 518 423,Leszno,01-342,2026-02-15,Google Ads,True,1966-02-20
4206,Ksawery,Błażejak,ksawery.błażejak@wp.pl,278 818 173,Wrocław,52-161,2025-02-16,Meta Ads,False,1999-03-12
4207,Monika,Litwińczuk,monika.litwińczuk@wp.pl,824698201,Gdynia,56-911,2025-10-18,Organic,False,1976-06-16
4208,Krystian,Drozdowicz,KRYSTIAN.DROZDOWICZ@ONET.PL,+48 607 915 783,Rzeszów,46-600,2026-05-19,Google Ads,False,1958-12-28
4209,Tadeusz,Bela,tadeusz.bela@onet.pl,180-013-544,Poznań,00000,2025-07-31,Organic,True,2000-11-04
4210,Kacper,Płaneta,kacper.płaneta@wp.pl,,Łódź,08-273,2026-07-08,Newsletter,True,1976-12-14
4211,Kaja,Śleziak,kaja.śleziak@wp.pl,258-153-443,Kraków,40-989,2024-12-17,Influencer,True,1973-02-06
4212,Julianna,Kluczek,julianna.kluczek@onet.pl,,Częstochowa,97-070,2024-10-21,Google Ads,False,1997-09-26
4213,Franciszek,Durlej,franciszek.durlej@interia.pl,,Kraków,76-498,2026-05-30,Organic,False,1990-12-03
4214,Marcel,Deryło,marcel.deryło@onet.pl,+48 423 384 377,Warszawa,05-021,2026-04-14,Newsletter,True,1995-04-18
4215,Błażej,Maruszczyk,błażej.maruszczyk@wp.pl,276244740,Kraków,31-557,2026-08-06,Meta Ads,False,1996-04-24
4216,Bianka,Kuropatwa,bianka.kuropatwa@gmail.com,046-596-800,Lublin,92-577,2025-12-12,Referral,False,1995-09-25
4217,Jeremi,Panasiewicz,jeremi.panasiewicz@wp.pl,+48 471 276 943,Warszawa,01-323,2026-06-20,Meta Ads,True,1968-10-22
4218,Wiktor,Grubba,wiktor.grubba@gmail.com,595 304 427,Leszno,23-044,2026-04-14,Newsletter,False,1969-02-19
4219,Nela,Pytlarz,nela.pytlarz@gmail.com,237627149,Warszawa,76-305,2026-04-12,Meta Ads,False,1989-11-12
4220,Sonia,Gryszkiewicz,sonia.gryszkiewicz@gmail.com,702319408,Częstochowa,78-542,2025-10-24,Organic,False,2008-01-19
4221,Artur,Skolik,artur.skolik@gmail.com,443-714-412,Warszawa,09-204,2025-05-26,Google Ads,False,1980-02-24
4222,Monika,Woronko,monika.woronko@gmail.com,568 842 615,Kraków,16-834,2026-06-21,Organic,False,1977-07-26
4223,Dagmara,Bittner,dagmara.bittner@gmail.com,+48 182 895 447,Warszawa,38-105,2025-06-11,Meta Ads,True,1977-05-16
4224,Fryderyk,Słabosz,fryderyk.słabosz@gmail.com,+48 680 891 555,Opole,20-222,2025-10-29,Meta Ads,False,1981-04-19
4225,Franciszek,Jany,franciszek.jany@o2.pl,832853262,Warszawa,62-585,2025-07-09,Google Ads,False,1969-09-13
4226,Jerzy,Zaguła,jerzy.zaguła@gmail.com,456420527,Warszawa,23-781,2025-10-01,Meta Ads,False,1972-09-04
4227,Grzegorz,Janczarek,grzegorz.janczarek@gmail.com,416 411 160,Gdańsk,95-706,2025-07-03,Meta Ads,False,2006-11-06
4228,Tola,Kastelik, tola.kastelik@wp.pl ,+48 666 111 114,Konin,38-597,2024-10-30,Organic,True,1985-09-21
4229,Oliwier,Kuder,oliwier.kuder@gmail.com,576 487 285,Gorzów Wielkopolski,58-827,2026-05-28,Google Ads,False,1956-05-15
4230,Błażej,Pastuszko,błażej.pastuszko@gmail.com,247 614 226,Warszawa,56-869,2025-07-12,Referral,False,2007-12-18
4231,Sebastian,Kwasek,sebastian.kwasek@onet.pl,362112393,Kielce,28-479,2025-11-17,Meta Ads,False,1958-04-18
4232,Róża,Niesporek,róża.niesporek@wp.pl,,Wrocław,70-865,2024-11-05,Organic,True,1964-09-07
4233,Dawid,Ryszkiewicz,DAWID.RYSZKIEWICZ@GMAIL.COM,,Elblągg,08-862,2024-09-19,Newsletter,False,1963-12-27
4234,Antoni,Kornak,antoni.kornak@wp.pl,+48 718 199 251,Częstochowa,85-643,2025-01-23,Organic,False,1969-05-07
4235,Inga,Welenc,inga.welenc@gmail.com,072837704,Łódź,11-241,2025-12-09,Meta Ads,False,1975-03-04
4236,Anita,Kręcichwost,anita.kręcichwost@gmail.com,239-338-164,Bydgoszcz,77-517,2024-11-27,Meta Ads,False,2002-07-01
4237,Janina,Zagozda,janina.zagozda@wp.pl,+48 875 161 692,Zielona Góra,19-919,2026-06-22,Meta Ads,False,1961-07-12
4238,Sara,Dulewicz,sara.dulewicz@gmail.com,815 100 200,Kraków,94-857,2024-12-11,Google Ads,True,1984-01-31
4239,Julianna,Wojciech,julianna.wojciech@onet.pl,226-863-836,Lublin,85-521,2024-12-01,Meta Ads,False,1957-03-19
4240,Wojciech,Podleśna,wojciech.podleśna@gmail.com,+48 036 741 297,Poznań,52-916,2024-12-15,Meta Ads,False,1969-05-18
4241,Ewelina,Nazimek,ewelina.nazimek@gmail.com,+48 932 122 668,Konin,21-777,2024-09-26,Meta Ads,False,1961-12-19
4242,Maurycy,Margas,maurycy.margas@interia.pl,341413641,Częstochowa,66-756,2026-02-27,Newsletter,False,2004-09-24
4243,Anita,Szumiło,ANITA.SZUMIŁO@GMAIL.COM,+48 303 797 242,kraków,65-383,2026-05-06,Google Ads,False,1978-10-16
4244,Mateusz,Brojek,mateusz.brojek@gmail.com,+48 013 839 433,Kraków,23-064,2025-11-03,Google Ads,False,1998-08-16
4245,Robert,Dziduch,robert.dziduch@gmail.com,+48 496 353 480,Kraków,06-429,2024-12-16,Organic,False,1980-09-25
4246,Lidia,Węgier,lidia.węgier@wp.pl,914-193-877,Toruń,12-849,2025-03-10,Influencer,True,2000-04-02
4247,Rafał,Ciećko,rafał.ciećko@gmail.com,+48 124 793 599,Wrocław,73-088,2025-08-17,Google Ads,False,1971-06-22
4248,Olga,Walo,olga.walo@gmail.com,+48 074 590 880,Gorzów Wielkopolski,98-664,2026-07-26,Organic,True,1990-12-31
4249,Damian,Pitura,damian.pitura@o2.pl,376-238-291,Suwałki,64-691,2025-02-04,Organic,False,1998-11-27
4250,Jeremi,Lenc,jeremi.lenc@gmail.com,951-824-008,Gdańsk,22-615,2026-01-22,Google Ads,False,1991-02-16
4251,Melania,Andrejczuk,melania.andrejczuk@gmail.com,+48 105 739 696,Kraków,20-475,2025-06-13,Organic,True,1994-01-31
4252,Kamila,Kaja,kamila.kaja@gmail.com,389 264 618,Olsztyn,86-953,2025-03-01,Meta Ads,False,2000-07-15
4253,Franciszek,Giers,franciszek.giers@wp.pl,,Łódź,06-603,2025-07-02,Organic,False,1974-05-23
4254,Ignacy,Bekus,ignacy.bekus@gmail.com,722493138,Kraków,12-810,2024-10-16,Google Ads,False,1986-05-22
4255,Kamil,Szafarz,kamil.szafarz@gmail.com,+48 757 188 707,Gdynia,55-046,2026-03-29,Organic,True,1981-10-18
4256,Bianka,Majtyka,bianka.majtyka@wp.pl,755-267-863,Gdańsk,32-182,2025-01-31,Google Ads,False,1981-06-07
4257,Bianka,Duniec,biankaduniec@wp.pl,,Gdańsk,29-342,2026-01-05,Organic,True,1993-11-27
4258,Maks,Łuczkiewicz, maks.łuczkiewicz@gmail.com ,312 758 842,Wrocław,59-595,2024-10-30,Influencer,False,1997-11-18
4259,Ewa,Ulewicz,ewa.ulewicz@gmail.com,858496237,Gorzów Wielkopolski,38-656,2026-07-15,Google Ads,False,1957-12-27
4260,Sandra,Famuła,sandra.famuła@gmail.com,456461719,Łódź,82-290,2024-12-28,Organic,False,1999-11-09
4261,Albert,Duczek,albert.duczek@o2.pl,,Kraków,70-255,2026-05-29,Meta Ads,True,1993-10-10
4262,Marianna,Ziemkiewicz,marianna.ziemkiewicz@gmail.com,704 211 967,Łódź,35-464,2026-03-29,Organic,False,1982-09-19
4263,Krystian,Bobak,krystian.bobak@gmail.com,238-382-823,Kraków,57-012,2026-07-05,Influencer,True,1963-09-13
4264,Natan,Noszczyk,natan.noszczyk@wp.pl,948173369,Elbląg,50-146,2025-08-23,Organic,False,1964-01-24
4265,Maurycy,Ryznar,maurycy.ryznar@gmail.com,780-474-596,Poznań,98-249,2026-01-31,Meta Ads,False,1999-05-08
4266,Kalina,Kurzydło,KALINA.KURZYDŁO@O2.PL,944832286,Gdańsk,70-560,2025-05-16,Meta Ads,True,1962-03-22
4267,Nela,Pasiak,nela.pasiak@wp.pl,251-391-803,Elbląg,29-273,2024-12-03,Meta Ads,False,1983-12-06
4268,Ewelina,Pitala,ewelina.pitala@onet.pl,258-137-470,Gdańsk,65-234,2025-06-11,Newsletter,False,1988-02-21
4269,Justyna,Matla,justyna.matla@gmail.com,390-913-228,Lublin,34-405,2024-12-16,Newsletter,False,1981-01-04
4270,Anna Maria,Ślebioda,anna maria.ślebioda@o2.pl,916 631 586,Białystok,78-590,2026-08-06,Organic,False,1959-03-17
4271,Michał,Markiel,michał.markiel@gmail.com,+48 204 269 005,Zielona Góra,09-092,2024-11-18,Google Ads,False,1971-06-28
4272,Bruno,Dąbkiewicz,bruno.dąbkiewicz@wp.pl,+48 395 267 383,Warszawa,15-601,2025-11-07,Google Ads,False,2003-02-01
4273,Witold,Hallmann,witold.hallmann@gmail.com,107413639,Warszawa,85-774,2025-11-26,Meta Ads,True,2007-11-30
4274,Miłosz,Grześków,miłosz.grześków@gmail.com,762 681 729,Gdańsk,27-732,2025-09-12,Google Ads,False,1977-03-09
4275,Jerzy,Matus,jerzy.matus@wp.pl,747-531-811,Warszawa,61-737,2025-12-11,Newsletter,False,1977-03-14
4276,Jakub,Larysz,JAKUB.LARYSZ@GMAIL.COM,+48 908 902 555,Białystok,24-255,2024-11-09,Google Ads,False,1957-11-30
4277,Juliusz,Pabisiak,juliusz.pabisiak@onet.pl,+48 525 160 462,Wrocław,72-524,2025-10-26,Newsletter,False,1960-08-06
4278,Józef,Bas,józef.bas@onet.pl,+48 062 504 574,Opole,90-023,2025-03-22,Google Ads,True,2003-10-29
4279,Olgierd,Widłak,olgierd.widłak@wp.pl,887264665,Warszawa,97-310,2026-06-25,Organic,True,1981-11-11
4280,Błażej,Uryga,błażej.uryga@o2.pl,,Kielce,79-100,2026-02-22,Organic,False,1978-04-30
4281,Filip,Jeżyna,filip.jeżyna@wp.pl,429 289 972,Toruń,25-714,2026-07-26,Google Ads,False,1970-12-02
4282,Antoni,Szlachcic,ANTONI.SZLACHCIC@GMAIL.COM,681-464-652,Szczecin,73-427,2024-09-06,Meta Ads,False,1976-11-26
4283,Wiktor,Kapcia,wiktor.kapcia@gmail.com,328 098 494,Warszawa,97-759,2025-03-01,Google Ads,True,1981-04-05
4284,Wiktor,Buksa,wiktorbuksa@wp.pl,692-550-365,Warszawa,67-130,2024-12-13,Meta Ads,False,1992-09-15
4285,Gaja,Lempart,gaja.lempart@gmail.com,,Wrocław,74-772,2024-09-09,Newsletter,False,1984-07-26
4286,Maciej,Oleksa,maciej.oleksa@interia.pl,810 158 432,Warszawa,70-980,2025-01-01,Newsletter,False,2003-09-12
4287,Jakub,Szyma,jakub.szyma@o2.pl,936884708,Warszawa,52-473,2025-12-02,Google Ads,False,1999-10-06
4288,Tymon,Rzucidło,tymon.rzucidło@gmail.com,+48 033 305 990,Rzeszów,35-082,2025-01-11,Referral,False,1979-01-25
4289,Klara,Kacperczyk,klara.kacperczyk@gmail.com,421 932 832,Kraków,14-807,2025-09-28,Google Ads,True,1967-08-07
4290,Arkadiusz,Staśko,arkadiusz.staśko@gmail.com,,Leszno,24-942,2026-05-29,Organic,False,1976-07-03
4291,Albert,Listwan,ALBERT.LISTWAN@GMAIL.COM,180990733,Konin,70-433,2025-12-05,Meta Ads,False,1988-04-08
4292,Julita,Chromy,julita.chromy@wp.pl,815-048-664,Poznań,32-716,2025-05-27,Google Ads,False,2007-04-14
4293,Ewa,Pryk,ewa.pryk@gmail.com,569794055,Suwałki,80-563,2025-05-15,Meta Ads,True,1978-12-07
4294,Dorota,Czubaszek,dorota.czubaszek@o2.pl,018134166,Gdańsk,73-320,2025-07-17,Meta Ads,False,1992-02-05
4295,Tomasz,Job,tomasz.job@wp.pl,+48 311 191 135,Zielona Góra,44-603,2024-12-24,Google Ads,False,1969-06-09
4296,Jędrzej,Haponiuk, jędrzej.haponiuk@gmail.com ,+48 196 822 361,Łódź,85-051,2025-11-03,Organic,False,1961-06-16
4297,Łukasz,Serzysko,łukasz.serzysko@gmail.com,428-491-002,Częstochowa,77-696,2025-04-06,Meta Ads,True,1965-03-01
4298,Malwina,Sadlik,malwina.sadlik@gmail.com,966 934 006,Poznań,32-714,2026-04-08,Influencer,True,2004-10-26
4299,Aleksander,Zmarzły,aleksander.zmarzły@wp.pl,+48 835 324 108,Poznań,15-073,2026-02-20,Organic,False,1980-09-28
4300,Kaja,Pietrusiewicz,kaja.pietrusiewicz@wp.pl,311422832,Częstochowa,94-064,2025-11-11,Newsletter,True,1967-08-18
4301,Gaja,Rapa, gaja.rapa@gmail.com ,,Lublin,97-790,2025-04-01,Newsletter,False,1985-01-08
4302,Ewa,Magier,ewa.magier@gmail.com,098-644-987,Kraków,54-322,2024-12-30,Google Ads,False,1968-10-07
4303,Hubert,Dmoch,hubert.dmoch@gmail.com,+48 204 794 052,Opole,66-594,2026-02-21,Newsletter,True,1969-05-15
4304,Mariusz,Pierzak,mariusz.pierzak@onet.pl,230978516,Wrocław,08-389,2025-08-11,Meta Ads,False,1981-04-29
4305,Franciszek,Langa,franciszek.langa@o2.pl,866 213 403,Gdynia,77-672,2025-01-23,Organic,False,1990-02-12
4306,Emil,Zemanek,emil.zemanek@wp.pl,+48 124 943 322,Kraków,18-306,2024-12-31,Meta Ads,False,1983-09-15
4307,Elżbieta,Supeł,elżbieta.supeł@o2.pl,,Gdańsk,23-049,2024-12-21,Meta Ads,False,1971-02-21
4308,Albert,Strug,albert.strug@gmail.com,+48 512 641 061,Warszawa,88-886,2026-02-12,Influencer,False,1970-02-11
4309,Dagmara,Jeszka,dagmara.jeszka@gmail.com,995-463-270,KKielce,56-442,2025-01-24,Referral,False,1981-12-18
4310,Franciszek,Słyk,franciszek.słyk@onet.pl,791630491,Gorzów Wielkopolski,56-269,2025-09-19,Google Ads,True,1964-03-03
4311,Fabian,Skrzecz,fabian.skrzecz@gmail.com,126729404,Radom,55-886,2025-07-24,Organic,False,1974-11-24
4312,Sara,Barłóg,sara.barłóg@gmail.com,,Leszno,69-914,2025-10-27,Meta Ads,False,1957-02-20
4313,Aniela,Bruś,aniela.bruś@gmail.com,995 603 411,Warszawa,40-787,2026-05-21,Meta Ads,False,1972-07-01
4314,Borys,Mędrala,borys.mędrala@wp.pl,309357713,Piła,65-825,2026-05-29,Meta Ads,False,1987-11-08
4315,Kaja,Świerszcz,KAJA.ŚWIERSZCZ@GMAIL.COM,,Łódź,32-878,2025-07-16,Influencer,True,1997-01-20
4316,Robert,Fitrzyk,robert.fitrzyk@gmail.com,198 264 243,Katowice,52-897,2024-09-22,Google Ads,False,1975-10-20
4317,Adrian,Warzybok,adrian.warzybok@wp.pl,+48 834 466 895,Warszawa,82-189,2025-06-10,Meta Ads,False,1996-06-05
4318,Natan,Gawłowicz,natan.gawłowicz@interia.pl,,Gdynia,38-056,2025-11-21,Meta Ads,False,1961-05-04
4319,Józef,Halik,józef.halik@wp.pl,,piła,78-356,2025-10-15,Meta Ads,False,1967-09-23
4320,Mikołaj,Zysk,mikołaj.zysk@gmail.com,+48 788 420 523,Wrocław,89-955,2025-11-11,Organic,False,1991-05-21
4321,Miłosz,Liss,miłosz.liss@gmail.com,727 124 257,Szczecin,24-122,2024-11-30,Referral,False,1964-11-12
4322,Gustaw,Troć,gustaw.troć@gmail.com,069169463,Kraków,98-818,2025-11-14,Newsletter,False,1979-07-19
4323,Malwina,Tadla,malwina.tadla@interia.pl,+48 260 469 728,Łódź,85-486,2024-12-25,Organic,True,1972-01-22
4324,Łukasz,Zackiewicz,łukasz.zackiewicz@gmail.com,,Elbląg,41-628,2026-02-28,Meta Ads,True,1959-03-01
4325,Antoni,Hanc,antoni.hanc@gmail.com,342031577,Radom,11-182,2025-04-18,Organic,False,1970-06-26
4326,Oskar,Trybuś,oskar.trybuś@gmail.com,+48 384 629 480,Kraków,48-933,2025-12-15,Meta Ads,False,2007-02-18
4327,Nela,Dulik,nela.dulik@gmail.com,442-181-197,Wrocław,33-547,2024-10-05,Meta Ads,True,1997-10-30
4328,Tobiasz,Jędruch,tobiasz.jędruch@onet.pl,425 350 330,Łódź,01-779,2025-06-17,Meta Ads,False,2003-07-14
4329,Julita,Kurzak,julita.kurzak@onet.pl,977 997 206,Gdańsk,14-486,2025-12-28,Influencer,True,1986-10-20
4330,Ewa,Grodek,ewa.grodek@wp.pl,018 720 562,Gdynia,92-507,2025-01-17,Meta Ads,False,2008-02-26
4331,Hubert,Kraszkiewicz,HUBERT.KRASZKIEWICZ@WP.PL,220350566,Lublin,11-178,2026-03-31,Newsletter,False,1986-03-22
4332,Maurycy,Lada,maurycy.lada@wp.pl,,Kraków,02-954,2025-11-03,Organic,True,1998-02-05
4333,Adrianna,Chochół,adrianna.chochół@gmail.com,232 479 429,Gdynia,92-419,2025-11-09,Meta Ads,True,1997-08-07
4334,Leon,Nehring,leon.nehring@wp.pl,881 925 727,Olsztyn,55-078,2025-04-17,Meta Ads,True,1963-05-27
4335,Kamil,Ciereszko,kamil.ciereszko@o2.pl,,Kraków,07-209,2025-08-30,Organic,False,1983-08-15
4336,Olaf,Mycek,olaf.mycek@onet.pl,+48 690 533 590,Warszaw,98-906,2025-11-07,Google Ads,False,1980-12-19
4337,Olaf,Jas,olaf.jas@gmail.com,744-640-296,Poznań,45-714,2025-07-24,Meta Ads,False,1986-10-19
4338,Ernest,Szyma,ernest.szyma@gmail.com,827291752,Olsztyn,97-546,2025-12-24,Meta Ads,False,1958-02-22
4339,Bianka,Gorol,bianka.gorol@gmail.com,520 976 306,Warszawa,82-173,2025-06-06,Meta Ads,False,1975-02-15
4340,Błażej,Chylak,błażej.chylak@o2.pl,,Łódź,23-318,2024-12-24,Meta Ads,False,1962-05-17
4341,Dagmara,Leszcz,dagmara.leszcz@gmail.com,947403840,Kraków,97-239,2024-12-27,Meta Ads,False,1982-04-12
4342,Iwo,Mikita,iwo.mikita@gmail.com,,Elbląg,97-973,2024-09-26,Meta Ads,False,1969-10-26
4343,Filip,Kocaj,filip.kocaj@gmail.com,431 856 339,Białystok,55-261,2025-03-04,Meta Ads,True,1971-10-15
4344,Leonard,Suchoń,leonard.suchoń@gmail.com,945 924 049,Olsztyn,84-479,2026-02-04,Meta Ads,False,1973-07-15
4345,Tymon,Kominiak,tymon.kominiak@wp.pl,+48 872 805 797,Gdańsk,26-866,2026-03-20,Meta Ads,True,2002-03-28
4346,Kamil,Gągała,kamil.gągała@wp.pl,,Gdynia,25-158,2024-12-04,Referral,False,2005-02-17
4347,Adrianna,Sobel,adrianna.sobel@onet.pl,858-600-891,Poznań,99-551,2026-07-06,Google Ads,False,1988-03-06
4348,Marika,Zyga,marika.zyga@gmail.com,,Kraków,80-752,2025-09-04,Organic,False,1998-10-28
4349,Karol,Kunka,karol.kunka@gmail.com,044-122-057,Wrocław,57-923,2026-06-04,Meta Ads,False,1996-08-05
4350,Gabriel,Pelka,gabriel.pelka@interia.pl,+48 240 480 016,Kraków,86-301,2025-12-13,Google Ads,True,1989-10-13
4351,Leon,Pyrkosz,leon.pyrkosz@gmail.com,590-724-878,Elbląg,22-032,2025-12-03,Google Ads,True,1965-10-01
4352,Dagmara,Cudzich,dagmara.cudzich@wp.pl,,Gdańsk,49-702,2024-11-07,Meta Ads,False,1964-08-03
4353,Wojciech,Władyka,wojciech.władyka@wp.pl,701 147 536,Kraków,718280,2024-12-21,Organic,False,1993-06-13
4354,Rozalia,Juśkiewicz,rozalia.juśkiewicz@gmail.com,+48 093 927 652,Łódź,09-622,2024-09-12,Google Ads,True,1997-02-24
4355,Witold,Pudełek,witold.pudełek@gmail.com,472849573,Warszawa,06-262,2025-12-20,Google Ads,True,1973-01-11
4356,Eryk,Muc,erykmuc@o2.pl,879047494,Łódź,50-624,2025-04-17,Meta Ads,False,2008-04-18
4357,Olaf,Stanuch,olaf.stanuch@gmail.com,212 569 001,Kraków,93-559,2026-03-09,Meta Ads,False,1982-04-04
4358,Tymon,Sadura,tymon.sadura@gmail.com,+48 871 715 840,Toruń,80-916,2025-04-25,Organic,False,1967-10-03
4359,Olaf,Tyma,olaf.tyma@gmail.com,+48 124 603 914,Kraków,40-013,2026-03-13,Google Ads,True,1957-06-28
4360,Paweł,Tłuczek,paweł.tłuczek@gmail.com,015-722-845,Gdynia,09-733,2024-11-28,Google Ads,False,2001-11-04
4361,Monika,Dziełak,monika.dziełak@wp.pl,579467943,Opole,65-294,2024-12-14,Google Ads,False,1982-11-06
4362,Krzysztof,Kwapis,krzysztof.kwapis@gmail.com,+48 482 028 319,Olsztyn,55-354,2025-04-15,Google Ads,True,2008-01-04
4363,Konstanty,Piguła,konstanty.piguła@o2.pl,+48 478 951 250,Konin,33-939,2025-06-17,Meta Ads,False,1991-02-09
4364,Olgierd,Piejko,olgierd.piejko@gmail.com,848 514 362,Łódź,34-438,2025-04-30,Referral,False,1958-06-06
4365,Ewelina,Kuświk,ewelina.kuświk@o2.pl,283703646,Konin,69-901,2026-02-14,Meta Ads,True,1974-10-05
4366,Wiktor,Buchalik,wiktor.buchalik@onet.pl,817154333,Wrocław,78-635,2024-11-30,Meta Ads,False,1967-02-13
4367,Bianka,Łuczkiewicz,bianka.łuczkiewicz@interia.pl,975 037 465,Bydgoszcz,02-658,2025-04-20,Influencer,True,1991-12-19
4368,Kazimierz,Karłowicz,kazimierz.karłowicz@gmail.com,086-238-209,Kielce,83-611,2026-04-29,Meta Ads,False,1962-02-17
4369,Julita,Spadło,julita.spadło@wp.pl,,Wrocław,65-525,2024-10-19,Meta Ads,False,1990-08-19
4370,Julita,Reiter,julita.reiter@gmail.com,029-139-559,Radom,50-824,2026-06-05,Newsletter,False,1988-07-26
4371,Elżbieta,Wójt,ELŻBIETA.WÓJT@GMAIL.COM,462876350,Rzeszów,76-541,2026-08-06,Google Ads,False,1982-11-12
4372,Marcin,Mielke,marcin.mielke@gmail.com,643281928,Lublin,218436,2024-11-25,Newsletter,False,1987-05-03
4373,Norbert,Sura,norbert.sura@gmail.com,+48 232 332 300,Warszawa,62-593,2025-03-14,Organic,False,1992-11-09
4374,Malwina,Błaszyk,MALWINA.BŁASZYK@GMAIL.COM,,Warszawa,36-860,2025-05-18,Google Ads,False,1979-06-01
4375,Sebastian,Pokrzywa,SEBASTIAN.POKRZYWA@GMAIL.COM,+48 623 545 767,Kraków,49-239,2026-02-03,Organic,True,1957-07-11
4376,Dawid,Kurzac,dawid.kurzac@o2.pl,149 866 155,Kraków,94-613,2025-11-09,Meta Ads,False,1984-03-28
4377,Fryderyk,Palej,fryderyk.palej@gmail.com,+48 604 137 322,Rzeszów,33-180,2025-11-05,Organic,False,1969-10-15
4378,Gabriel,Stwora,gabriel.stwora@gmail.com,661 992 398,Warszawa,72-665,2026-02-07,Organic,False,1967-08-05
4379,Aniela,Przewoźnik,aniela.przewoźnik@wp.pl,+48 756 169 071,Łódź,67-242,2024-11-14,Newsletter,False,1968-03-22
4380,Paweł,Barteczko,paweł.barteczko@gmail.com,965-151-618,Kielce,15-662,2026-04-28,Organic,False,1990-07-20
4381,Sonia,Dziadkowiec,sonia.dziadkowiec@gmail.com,775-281-510,Warszawa,51-943,2025-12-05,Organic,False,1998-11-22
4382,Nicole,Mol,nicole.mol@gmail.com,154-538-520,Kielce,23-530,2025-10-30,Meta Ads,False,2001-07-17
4383,Franciszek,Lukas,franciszek.lukas@gmail.com,+48 645 827 504,Wrocław,74-571,2026-05-24,Google Ads,False,2004-07-29
4384,Leon,Kujawiak,LEON.KUJAWIAK@GMAIL.COM,,Gdańsk,16-046,2025-12-06,Organic,False,1998-11-09
4385,Bartek,Pawlukiewicz,BARTEK.PAWLUKIEWICZ@GMAIL.COM,+48 954 311 465,Warsszawa,30-180,2024-12-12,Meta Ads,False,2002-09-17
4386,Kacper,Pakosz,kacper.pakosz@gmail.com,139-886-109,Radom,89-535,2025-06-09,Influencer,True,1976-01-19
4387,Justyna,Kubasiak,justynakubasiak@gmail.com,950345304,Elbląg,15-047,2025-08-31,Meta Ads,False,2003-10-30
4388,Apolonia,Świergiel,apolonia.świergiel@wp.pl,898813214,Piła,81-612,2024-10-24,Meta Ads,False,1991-03-09
4389,Dagmara,Dziurdzia,dagmara.dziurdzia@wp.pl,966 820 016,Łódź,87-493,2026-07-08,Influencer,True,1993-06-26
4390,Marcel,Godyń,marcel.godyń@gmail.com,+48 934 676 729,Konin,71-086,2024-11-20,Influencer,False,1998-12-10
4391,Rafał,Pacia,rafał.pacia@gmail.com,+48 931 791 799,Wrocław,50-816,2025-12-29,Google Ads,False,1960-07-09
4392,Stanisław,Cyba,stanisław.cyba@gmail.com,+48 809 257 182,Wrocław,31-920,2025-09-11,Meta Ads,False,1984-11-27
4393,Alex,Foremniak,alexforemniak@o2.pl,+48 797 266 843,Warszawa,32-657,2024-09-13,Meta Ads,True,2005-08-06
4394,Julianna,Białczyk,juliannabiałczyk@wp.pl,413-453-167,Elbląg,97-049,2026-06-13,Meta Ads,False,1997-04-06
4395,Jacek,Sąsiadek,jacek.sąsiadek@gmail.com,+48 905 970 673,Bydgoszcz,97-785,2026-04-14,Google Ads,False,2000-12-22
4396,Sebastian,Gasik,sebastian.gasik@o2.pl,612 076 563,Katowice,41-317,2025-09-11,Google Ads,True,1977-04-03
4397,Julianna,Klatka,JULIANNA.KLATKA@INTERIA.PL,115 475 305,Szczecin,87-810,2025-01-23,Meta Ads,False,1960-10-08
4398,Jakub,Augustynek,jakub.augustynek@o2.pl,,Łódź,94-792,2024-11-03,Google Ads,False,2008-04-23
4399,Róża,Prokurat,róża.prokurat@gmail.com,,Kraków,97-414,2025-04-25,Meta Ads,False,2004-02-22
4400,Jakub,Lipowicz,jakub.lipowicz@gmail.com,+48 886 475 497,Łódź,36-967,2025-02-02,Google Ads,False,1973-01-20
4401,Julianna,Toś,julianna.toś@o2.pl,,Krakó,57-855,2025-09-07,Newsletter,False,1959-07-18
4402,Michał,Goik,michał.goik@gmail.com,902-477-317,Rzeszów,06-447,2026-07-04,Meta Ads,False,1978-07-15
4403,Tobiasz,Midura,tobiasz.midura@gmail.com,596-622-731,Olsztyn,35-095,2025-10-23,Referral,False,1959-07-05
4404,Kamila,Berus,kamila.berus@onet.pl,011-640-998,Warszawa,39-889,2026-05-25,Organic,False,1960-03-07
4405,Tomasz,Dyda,tomasz.dyda@o2.pl,380521116,Kraków,29-289,2025-11-14,Organic,False,1955-09-05
4406,Adrianna,Dusik,adrianna.dusik@onet.pl,499-573-397,Lublin,42-103,2025-07-19,Influencer,True,1976-09-24
4407,Tola,Paściak,tola.paściak@o2.pl,441-003-115,Bydgoszcz,99-634,2026-04-25,Meta Ads,False,1980-06-22
4408,Angelika,Grzelec,angelika.grzelec@gmail.com,,częstochowa,02-377,2025-07-29,Organic,True,1996-07-25
4409,Eryk,Kałwak,eryk.kałwak@gmail.com,841 965 588,Lublin,54-562,2026-05-19,Organic,False,1966-04-26
4410,Bianka,Pachołek,bianka.pachołek@gmail.com,888666091,Warszawa,49-548,2025-03-05,Google Ads,True,1994-01-20
4411,Sylwia,Dankiewicz,sylwia.dankiewicz@o2.pl,+48 908 847 268,Konin,52-164,2024-11-19,Google Ads,False,1976-03-07
4412,Róża,Wrochna,róża.wrochna@wp.pl,002 031 523,Warszawa,02-541,2026-04-01,Meta Ads,False,1968-01-01
4413,Kornelia,Jachna,kornelia.jachna@gmail.com,412982764,Gdynia,72-533,2025-11-02,Google Ads,False,2003-03-05
4414,Sylwia,Wita,SYLWIA.WITA@GMAIL.COM,480-310-328,Łódź,61-542,2026-05-23,Meta Ads,False,2008-05-01
4415,Ada,Kilar,ada.kilar@gmail.com,087849145,Warszaw,79-075,2026-06-09,Organic,False,1974-11-22
4416,Leonard,Rolek,leonard.rolek@gmail.com,881238176,Kraków,76-440,2024-10-27,Organic,False,1965-03-02
4417,Agnieszka,Cich,agnieszka.cich@gmail.com,584-411-547,Warszawa,10-584,2025-09-05,Influencer,False,1979-09-07
4418,Albert,Karpeta,albert.karpeta@gmail.com,647-724-462,Wrocław,89-609,2025-05-01,Newsletter,True,1968-02-22
4419,Michał,Rej,michał.rej@onet.pl,137024441,Gdańsk,17-442,2025-11-17,Meta Ads,False,2002-04-19
4420,Maurycy,Grochola,maurycy.grochola@gmail.com,582-801-434,Kraków,00000,2026-03-03,Newsletter,False,1986-03-12
4421,Daniel,Ciećko,danielciećko@interia.pl,628-350-029,Kraków,02-310,2025-02-17,Meta Ads,False,2007-06-02
4422,Bianka,Pyzel,bianka.pyzel@wp.pl,845 487 298,Warszawa,01-780,2025-10-23,Organic,True,2005-08-10
4423,Anita,Frost,anita.frost@gmail.com,043749285,Olsztyn,18-964,2025-12-07,Referral,True,1959-06-16
4424,Marcelina,Sadlik,marcelina.sadlik@gmail.com,438495324,Piła,43-523,2024-11-24,Meta Ads,False,1972-04-03
4425,Ignacy,Kudłacik,ignacy.kudłacik@gmail.com,897517691,Leszno,513901,2026-03-28,Google Ads,False,1971-01-03
4426,Tomasz,Uliczka,tomasz.uliczka@gmail.com,332633808,Toruń,96-142,2025-11-07,Google Ads,False,1981-06-22
4427,Ernest,Smela,ernest.smela@gmail.com,084 767 131,opole,24-803,2026-07-09,Organic,False,1959-07-20
4428,Rozalia,Beck,rozalia.beck@wp.pl,+48 381 410 237,Poznań,83-565,2025-04-05,Meta Ads,False,1963-04-06
4429,Tomasz,Jasionek,tomasz.jasionek@gmail.com,+48 452 062 207,Gdańsk,92-607,2024-11-15,Organic,False,1976-12-11
4430,Sebastian,Gnyp,sebastian.gnyp@gmail.com,+48 593 558 246,Piła,35-182,2025-09-28,Organic,False,1964-03-21
4431,Malwina,Potyrała,malwina.potyrała@gmail.com,331 235 094,Łódź,66-602,2024-11-02,Meta Ads,False,1959-07-17
4432,Mikołaj,Pieczyrak,mikołaj.pieczyrak@gmail.com,+48 492 423 674,Zielona Góra,91-903,2026-07-02,Meta Ads,True,2008-05-14
4433,Błażej,Hanzel,błażej.hanzel@gmail.com,472-409-093,Szczecin,94-376,2024-10-30,Google Ads,True,1969-09-18
4434,Adrian,Szlęk,adrian.szlęk@gmail.com,975577298,Kraków,71-355,2026-02-21,Organic,False,1991-09-09
4435,Mariusz,Niemira,mariusz.niemira@gmail.com,+48 365 093 861,Kraków,06-327,2025-09-02,Organic,False,1978-08-28
4436,Dorota,Byra,dorota.byra@gmail.com,+48 538 441 797,Warszawa,01-866,2025-05-27,Meta Ads,True,1986-03-25
4437,Hubert,Usarek,hubert.usarek@wp.pl,953 075 976,Gdańsk,47-509,2024-10-26,Meta Ads,True,1999-08-12
4438,Aurelia,Wożniak,aurelia.wożniak@gmail.com,233688072,Radom,94-051,2025-11-23,Meta Ads,False,1958-12-14
4439,Blanka,Muskała,blanka.muskała@wp.pl,505 930 002,Rzeszów,91-921,2025-11-19,Organic,False,1973-09-24
4440,Jacek,Moryc,jacekmoryc@onet.pl,+48 044 702 131,Olsztyn,59-176,2025-02-25,Google Ads,True,1966-10-17
4441,Łukasz,Widłak,łukasz.widłak@o2.pl,730810128,Wrocław,61-182,2026-06-18,Google Ads,False,1982-04-05
4442,Melania,Fac,melania.fac@gmail.com,543 286 646,Wrocław,42-909,2025-03-16,Google Ads,False,1993-10-25
4443,Konstanty,Durlik,konstanty.durlik@gmail.com,541-799-144,Konin,08-092,2025-07-10,Meta Ads,False,1981-04-29
4444,Eliza,Molka,eliza.molka@onet.pl,698951727,Lublin,00000,2025-10-23,Referral,False,1969-06-21
4445,Aniela,Seidel,aniela.seidel@gmail.com,603988642,Elbląg,12-140,2024-11-02,Newsletter,False,2008-04-05
4446,Wojciech,Rubacha,wojciech.rubacha@onet.pl,841-930-692,Wrocław,70-947,2026-06-29,Google Ads,False,2004-12-13
4447,Mariusz,Cichowlas,mariusz.cichowlas@gmail.com,379-026-008,Białystok,62-068,2025-05-03,Meta Ads,False,1958-09-19
4448,Nataniel,Gabrych,nataniel.gabrych@gmail.com,+48 666 232 242,Gdynia,83-715,2024-10-06,Google Ads,False,1995-07-05
4449,Stanisław,Walo,stanisław.walo@gmail.com,435 814 816,Olsztyn,15-589,2025-05-01,Referral,False,1975-04-20
4450,Jakub,Kuder,jakub.kuder@wp.pl,,Wrocław,23-865,2025-11-09,Meta Ads,False,1980-03-06
4451,Dominik,Rozumek,dominik.rozumek@wp.pl,578 783 040,Gdańsk,85-089,2025-09-06,Meta Ads,False,1972-04-15
4452,Marianna,Wywiał,marianna.wywiał@gmail.com,+48 472 429 006,Kraków,96-902,2025-12-13,Meta Ads,False,1957-11-27
4453,Olgierd,Sadza,olgierd.sadza@gmail.com,631 994 049,Poznań,57-055,2024-10-19,Organic,False,1999-02-06
4454,Łukasz,Bzymek,łukasz.bzymek@gmail.com,,Warszawa,06-034,2025-03-24,Organic,True,1980-02-07
4455,Kornelia,Siebert,kornelia.siebert@o2.pl,411193245,Warszawa,41-697,2026-03-06,Google Ads,False,1956-05-16
4456,Karina,Wiaderek,karina.wiaderek@gmail.com,681-534-940,Zielona Góra,90-850,2024-10-02,Meta Ads,False,2007-12-17
4457,Dawid,Sabak,dawid.sabak@o2.pl,,Łódź,65-588,2026-04-12,Meta Ads,False,1997-03-18
4458,Melania,Mytnik,melania.mytnik@interia.pl,534334041,Łódź,42-716,2024-11-06,Meta Ads,False,1971-02-15
4459,Julian,Sierpień,julian.sierpień@gmail.com,241 743 217,Piła,73-535,2026-04-10,Newsletter,False,1980-06-01
4460,Tola,Dziób,tola.dziób@gmail.com,560 961 779,Gdańsk,74-219,2025-04-18,Meta Ads,True,2001-06-14
4461,Klara,Natanek,klara.natanek@gmail.com,850-114-744,Warszawa,17-610,2025-11-22,Newsletter,False,1969-03-22
4462,Natasza,Petryk,natasza.petryk@gmail.com,,Kraków,15-424,2024-11-19,Meta Ads,True,1999-12-03
4463,Dawid,Zębik,DAWID.ZĘBIK@GMAIL.COM,,Bydgoszcz,93-528,2024-10-05,Influencer,False,2004-08-28
4464,Lidia,Garncarek,lidia.garncarek@gmail.com,545 181 710,Opole,40-831,2024-12-18,Meta Ads,False,1984-02-18
4465,Bruno,Ufniarz,bruno.ufniarz@onet.pl,+48 962 512 016,Kraków,93-793,2024-11-06,Newsletter,False,1959-05-06
4466,Robert,Kapustka,robert.kapustka@wp.pl,527 662 478,Poznań,06-158,2025-03-25,Google Ads,False,1974-03-29
4467,Melania,Ligenza,melania.ligenza@gmail.com,292 257 254,Warszawa,79-413,2025-09-07,Meta Ads,False,1967-05-08
4468,Grzegorz,Misiaszek,grzegorz.misiaszek@wp.pl,378-689-632,Kraków,60-914,2025-11-04,Influencer,False,1971-04-29
4469,Olgierd,Mila,olgierd.mila@gmail.com,163 596 865,Gdynia,33-537,2026-03-01,Influencer,False,1996-02-01
4470,Tadeusz,Staciwa,tadeusz.staciwa@gmail.com,+48 492 198 236,Kraków,20-431,2025-11-13,Influencer,False,1983-09-07
4471,Olga,Kurzac,olga.kurzac@gmail.com,,Łódź,35-559,2025-11-24,Meta Ads,False,1978-09-03
4472,Marianna,Frelek,marianna.frelek@interia.pl,,Łódź,25-603,2025-06-26,Organic,False,1984-08-20
4473,Iwo,Jeżyk,iwo.jeżyk@o2.pl,942 697 303,Łódź,39-954,2025-07-10,Meta Ads,False,1984-04-26
4474,Eryk,Matyjaszek,eryk.matyjaszek@gmail.com,093428361,Konin,00000,2025-06-22,Organic,True,1964-12-20
4475,Olaf,Ostafin,olaf.ostafin@wp.pl,510-561-131,Gdańsk,81-993,2026-04-13,Google Ads,False,2000-08-20
4476,Olga,Wołoch,olgawołoch@interia.pl,+48 379 653 953,Katowice,70-049,2025-01-26,Meta Ads,False,1973-02-16
4477,Mikołaj,Olma,mikołaj.olma@wp.pl,+48 878 969 013,Poznań,57-950,2024-09-22,Google Ads,False,1970-04-05
4478,Franciszek,Dubik,franciszek.dubik@wp.pl,538213854,Łódź,47-460,2025-11-01,Referral,False,1988-06-13
4479,Maks,Kwinta,MAKS.KWINTA@GMAIL.COM,668 435 904,Piła,47-984,2024-12-14,Google Ads,False,1976-08-21
4480,Gabriel,Sopata,gabriel.sopata@gmail.com,541 080 764,Leszno,24-747,2026-05-02,Meta Ads,True,1999-04-21
4481,Gaja,Tecław,gaja.tecław@gmail.com,245269722,Zielona Góra,70-960,2026-04-11,Newsletter,False,1973-04-05
4482,Arkadiusz,Łuczkiewicz,arkadiusz.łuczkiewicz@gmail.com,515 159 389,Gdynia,06-506,2024-10-24,Influencer,False,1988-12-05
4483,Fabian,Józefczak,fabian.józefczak@gmail.com,+48 385 482 167,Wrocław,04-683,2024-11-15,Meta Ads,True,2008-01-27
4484,Paweł,Soczówka,paweł.soczówka@wp.pl,+48 120 937 370,Kraków,30-103,2025-08-29,Organic,True,2006-01-01
4485,Oskar,Bociek,oskar.bociek@o2.pl,817 639 370,Kraków,65-964,2025-11-11,Meta Ads,True,1976-02-26
4486,Kacper,Garczarek,kacper.garczarek@wp.pl,513-248-131,Rzeszów,43-825,2025-02-20,Meta Ads,False,1971-03-24
4487,Sara,Chojak,sara.chojak@gmail.com,,Wrocław,50-056,2025-12-25,Google Ads,False,1991-12-29
4488,Kajetan,Rozum,kajetan.rozum@gmail.com,+48 433 739 879,Warszawa,82-025,2025-11-30,Meta Ads,False,1977-02-13
4489,Leonard,Duszkiewicz,leonard.duszkiewicz@gmail.com,+48 435 032 634,Warszawa,41-838,2025-04-04,Google Ads,False,2004-05-08
4490,Cezary,Mironiuk,cezary.mironiuk@gmail.com,840-402-715,Elbląg,11-699,2024-09-18,Meta Ads,False,1964-12-24
4491,Jakub,Siwka,jakub.siwka@onet.pl,973 015 241,Zielona Góra,11-683,2026-02-27,Meta Ads,False,1962-10-05
4492,Monika,Górkiewicz,monika.górkiewicz@gmail.com,650-872-056,Białystok,73-366,2024-12-07,Organic,True,2001-10-22
4493,Stanisław,Pesta,stanisław.pesta@gmail.com,752 088 993,Kraków,21-881,2026-04-15,Google Ads,False,1977-09-24
4494,Franciszek,Drozdowicz,franciszek.drozdowicz@gmail.com,+48 045 391 458,Łódź,41-114,2025-06-23,Organic,False,1973-06-21
4495,Grzegorz,Ludwin, grzegorz.ludwin@gmail.com ,+48 719 489 144,Kraków,45-990,2025-10-28,Meta Ads,False,1997-11-20
4496,Julianna,Kuliberda,julianna.kuliberda@gmail.com,+48 418 753 422,Opole,57-649,2026-05-24,Newsletter,True,2002-10-19
4497,Natan,Płaneta,natan.płaneta@o2.pl,657-951-839,Katowice,57-290,2026-04-28,Newsletter,False,1957-12-01
4498,Anastazja,Dmoch,anastazja.dmoch@wp.pl,381-180-744,Leszno,98-454,2025-05-06,Newsletter,False,1992-12-01
4499,Adrian,Roj,adrian.roj@o2.pl,,Szczeccin,77-564,2024-12-29,Meta Ads,False,1958-03-21
4500,Maks,Ciastek,maks.ciastek@o2.pl,040-493-429,Katowice,96-605,2026-02-15,Meta Ads,False,1991-04-28
4501,Antoni,Podeszwa,antoni.podeszwa@gmail.com,261797685,Gdańsk,86-770,2025-06-09,Referral,False,1999-07-19
4502,Franciszek,Rychel,franciszek.rychel@wp.pl,+48 453 524 603,Warszawa,51-295,2024-12-27,Newsletter,True,2006-05-04
4503,Przemysław,Ciuba,przemysław.ciuba@wp.pl,085-645-832,łódź,99-739,2026-05-19,Google Ads,True,1956-03-29
4504,Elżbieta,Szynkiewicz,elżbieta.szynkiewicz@gmail.com,+48 855 764 345,Warszawa,01-285,2024-12-11,Meta Ads,False,1974-01-18
4505,Filip,Majzner,filip.majzner@gmail.com,073 933 735,Zielona Góra,28-439,2024-09-17,Google Ads,False,1958-01-04
4506,Ryszard,Kokosza,ryszard.kokosza@gmail.com,438-310-205,Łódź,10-556,2024-09-13,Google Ads,True,1971-06-28
4507,Patryk,Cieloch,patryk.cieloch@o2.pl,+48 599 133 874,Gdańsk,84-345,2025-11-10,Organic,True,2002-04-06
4508,Tymoteusz,Hnat,tymoteusz.hnat@gmail.com,953-567-296,Katowice,46-355,2025-12-14,Organic,True,1995-11-16
4509,Andrzej,Pyziak,andrzej.pyziak@gmail.com,817007972,Gdynia,88-581,2025-03-25,Influencer,False,1973-08-22
4510,Aleksander,Paprotny,aleksander.paprotny@o2.pl,313 002 688,Kraków,50-073,2025-03-12,Google Ads,True,1957-05-10
4511,Kalina,Kleban,kalina.kleban@gmail.com,368 698 966,Bydgoszcz,73-964,2025-04-26,Newsletter,False,1986-03-17
4512,Kacper,Joszko,kacper.joszko@gmail.com,098 230 137,Kraków,74-439,2025-12-28,Google Ads,False,2005-07-27
4513,Krystyna,Rycerz,krystyna.rycerz@o2.pl,+48 088 386 176,Konin,10-560,2024-10-25,Meta Ads,False,1976-02-06
4514,Monika,Fołta,monika.fołta@gmail.com,381-836-338,Poznań,196094,2026-06-24,Organic,False,1996-11-04
4515,Tadeusz,Wojewódka,tadeusz.wojewódka@gmail.com,+48 935 319 710,Gdańsk,65-274,2024-12-01,Google Ads,False,1992-05-25
4516,Hubert,Sobieszczyk,hubert.sobieszczyk@wp.pl,,Białystok,28-679,2026-08-06,Newsletter,True,1965-11-13
4517,Stefan,Dyka,stefan.dyka@gmail.com,485941266,Kraków,75-716,2024-12-19,Organic,True,2006-08-24
4518,Mariusz,Kurzac,mariusz.kurzac@onet.pl,403 681 713,Konin,29-022,2026-02-22,Meta Ads,True,1955-09-28
4519,Marika,Łapot,marika.łapot@wp.pl,+48 365 322 017,Poznań,49-777,2024-12-28,Newsletter,False,2000-07-17
4520,Damian,Rezler,damian.rezler@gmail.com,+48 210 984 602,Katowwice,42-009,2024-10-09,Meta Ads,False,1967-02-23
4521,Nataniel,Pikula,NATANIEL.PIKULA@O2.PL,,Suwałki,02-075,2026-05-19,Referral,False,1981-09-26
4522,Fryderyk,Rudzik,fryderyk.rudzik@wp.pl,737-344-664,Łódź,33-134,2026-04-27,Referral,True,2003-03-27
4523,Daniel,Lesiewicz,daniel.lesiewicz@gmail.com,674782514,Zielona Góra,00000,2025-05-20,Referral,False,1984-01-26
4524,Daniel,Turczyk,daniel.turczyk@wp.pl,391 901 700,warszawa,08-643,2025-12-16,Organic,False,1965-06-29
4525,Anita,Pawliszyn,anita.pawliszyn@onet.pl,,Łódź,20-225,2025-10-08,Meta Ads,False,1997-06-05
4526,Norbert,Folta,norbert.folta@onet.pl,967970718,Olsztyn,13-072,2026-04-26,Meta Ads,False,1956-05-26
4527,Filip,Szałata,filip.szałata@gmail.com,873 124 382,Zielona Góra,06-659,2025-03-28,Organic,False,2003-01-12
4528,Sandra,Pałęga,sandra.pałęga@gmail.com,281127997,Kraków,87-048,2025-09-01,Organic,False,1974-06-22
4529,Jan,Melaniuk,jan.melaniuk@wp.pl,+48 606 312 970,Lublin,98-983,2025-08-08,Organic,False,1984-04-08
4530,Klara,Białczyk,klara.białczyk@gmail.com,+48 733 690 230,Piłła,33-249,2025-04-07,Referral,True,1956-05-01
4531,Oliwier,Janasik,oliwier.janasik@gmail.com,+48 042 673 378,Kraków,50-403,2026-05-27,Meta Ads,False,1979-02-17
4532,Łukasz,Małas,łukasz.małas@gmail.com,372 591 591,Kraków,01-289,2024-12-28,Meta Ads,True,2003-02-08
4533,Józef,Spadło,józef.spadło@gmail.com,073457462,Łódź,43-773,2024-11-26,Influencer,False,2002-01-18
4534,Sylwia,Paleń, sylwia.paleń@gmail.com ,+48 076 557 361,Poznań,70-462,2025-10-06,Meta Ads,False,1972-09-23
4535,Sylwia,Siewert,sylwia.siewert@o2.pl,795-060-688,gdynia,24-090,2025-11-14,Meta Ads,True,1964-08-28
4536,Tola,Młyńczyk,tola.młyńczyk@wp.pl,512-122-657,Suwałki,55-320,2024-12-19,Google Ads,False,1964-06-21
4537,Aleksander,Mitek,aleksander.mitek@o2.pl,718-731-846,Lublin,31-430,2025-05-08,Newsletter,False,1991-02-28
4538,Kajetan,Skomra,kajetan.skomra@o2.pl,+48 273 543 784,Poznań,02-906,2026-07-19,Influencer,False,1992-05-22
4539,Róża,Lipowicz,róża.lipowicz@gmail.com,485776057,Łódź,46-534,2025-01-22,Influencer,True,1965-06-25
4540,Juliusz,Szaruga,juliusz.szaruga@gmail.com,+48 390 478 188,Warszawa,60-912,2025-12-03,Organic,False,1956-11-25
4541,Gaja,Chruszcz,gaja.chruszcz@gmail.com,+48 797 502 767,Wrocław,01-930,2026-01-01,Newsletter,False,1979-03-06
4542,Tomasz,Kara,tomasz.kara@onet.pl,922 583 855,Szczecin,45-863,2025-07-27,Google Ads,False,1964-03-09
4543,Krystyna,Cichowlas,krystyna.cichowlas@gmail.com,684 806 452,Warszawa,24-194,2026-06-18,Meta Ads,True,1978-06-18
4544,Alan,Berg,alan.berg@gmail.com,131-160-682,Częstochowa,83-815,2026-01-25,Organic,False,1987-10-27
4545,Alan,Prucnal,alan.prucnal@gmail.com,304885986,Katowice,46-929,2025-07-11,Meta Ads,False,2003-11-06
4546,Marcel,Dzidek,marcel.dzidek@gmail.com,+48 875 376 007,Olsztyn,74-932,2025-10-11,Organic,True,1981-07-03
4547,Jan,Migda,jan.migda@gmail.com,230 182 633,Toruń,47-580,2025-12-02,Referral,False,1960-08-07
4548,Dominik,Tomzik, dominik.tomzik@gmail.com ,+48 364 865 666,leszno,15-516,2025-11-30,Referral,False,1978-09-24
4549,Julita,Olkowicz,julita.olkowicz@gmail.com,,Łódź,43-564,2026-05-15,Google Ads,True,1984-10-11
4550,Julianna,Wójs,julianna.wójs@wp.pl,383-737-911,Łódź,41-583,2025-04-05,Referral,False,1995-04-29
4551,Natasza,Klinkosz,natasza.klinkosz@gmail.com,660537955,Warszawa,91-708,2025-03-12,Meta Ads,False,1960-08-02
4552,Dagmara,Kocurek,dagmara.kocurek@interia.pl,+48 718 445 665,Warszawa,06-726,2024-12-29,Organic,False,1958-04-06
4553,Natan,Gumieniak,natan.gumieniak@gmail.com,313581153,Lublin,62-548,2024-09-01,Google Ads,False,1996-03-04
4554,Przemysław,Rohde,PRZEMYSŁAW.ROHDE@GMAIL.COM,,Suwałki,71-385,2024-10-09,Referral,True,1987-11-08
4555,Marcin,Doruch,marcin.doruch@gmail.com,463517654,Warszaw,75-492,2026-05-01,Meta Ads,False,2003-04-03
4556,Apolonia,Wajdzik,apolonia.wajdzik@gmail.com,+48 545 881 484,Łódź,43-985,2025-12-01,Newsletter,False,2002-05-06
4557,Mikołaj,Szrama,mikołaj.szrama@onet.pl,311626175,Kraków,13-527,2025-12-08,Meta Ads,False,1962-11-30
4558,Malwina,Świgoń,malwinaświgoń@gmail.com,305625349,Warszawa,01-056,2025-11-13,Meta Ads,False,1965-01-03
4559,Bruno,Grzelec,bruno.grzelec@o2.pl,332 865 164,Kraków,38-550,2026-04-30,Meta Ads,False,1962-05-08
4560,Olaf,Samiec,olaf.samiec@gmail.com,474 978 256,Rzeszów,85-969,2025-08-18,Meta Ads,False,1963-11-02
4561,Iwo,Watras,iwo.watras@gmail.com,+48 629 615 944,Warszawa,36-286,2026-05-22,Referral,False,1981-06-03
4562,Konstanty,Rompa,konstanty.rompa@gmail.com,334-398-342,Warszawa,28-749,2025-04-05,Organic,False,1962-07-29
4563,Anna Maria,Pajek,anna maria.pajek@gmail.com,+48 610 561 414,Wrocław,15-068,2026-06-20,Meta Ads,False,1977-12-07
4564,Olgierd,Roś,olgierd.roś@gmail.com,679-646-912,Kraków,78-728,2025-12-11,Google Ads,False,1965-12-30
4565,Mateusz,Tekiela,mateusz.tekiela@o2.pl,777733573,szczecin,17-754,2025-02-20,Meta Ads,False,1988-11-03
4566,Bartek,Szymańczyk,bartek.szymańczyk@o2.pl,477 466 084,Suwałki,05-650,2025-10-05,Meta Ads,True,1966-08-11
4567,Franciszek,Dorawa,franciszek.dorawa@o2.pl,190-478-143,Warszawa,92-713,2025-09-04,Influencer,True,1963-07-04
4568,Adrian,Trepka,adrian.trepka@gmail.com,+48 897 604 018,Poznań,92-450,2024-11-04,Meta Ads,False,1981-12-28
4569,Hubert,Juraszczyk,hubert.juraszczyk@gmail.com,771115912,Poznań,14-250,2025-11-25,Influencer,True,1975-05-12
4570,Eryk,Podsiadła,eryk.podsiadła@wp.pl,778-210-088,Warszawa,98-134,2025-03-14,Meta Ads,False,1982-04-10
4571,Urszula,Gajowiak,urszula.gajowiak@gmail.com,226 504 383,Białystok,07-417,2024-10-04,Meta Ads,False,1969-01-10
4572,Konrad,Minkiewicz,konrad.minkiewicz@interia.pl,124-231-831,Warszawa,88-845,2026-07-16,Organic,False,1958-08-22
4573,Gaja,Mitek,gaja.mitek@o2.pl,628 030 129,Elbląg,57-468,2025-11-05,Organic,True,1979-12-15
4574,Ewa,Prokopiak,ewa.prokopiak@gmail.com,+48 034 364 133,Rzeszów,13-626,2026-05-05,Organic,False,1984-01-26
4575,Adrian,Wojtiuk,adrian.wojtiuk@onet.pl,+48 386 848 499,Łódź,10-701,2025-12-29,Meta Ads,True,1956-10-22
4576,Miłosz,Ciarka,miłosz.ciarka@wp.pl,002-223-456,Wrocław,12-426,2025-04-27,Organic,False,1991-10-11
4577,Wojciech,Mulawa,wojciech.mulawa@gmail.com,+48 698 195 449,Kielce,39-388,2025-09-03,Google Ads,False,2001-06-14
4578,Maciej,Siewert,maciej.siewert@gmail.com,657-669-733,Częstochowa,21-597,2025-12-26,Influencer,False,1995-04-19
4579,Liwia,Walkusz,liwia.walkusz@gmail.com,549 970 769,Kraków,16-967,2026-07-28,Google Ads,False,1997-03-17
4580,Błażej,Młot,błażej.młot@gmail.com,,Warszawa,95-555,2025-02-23,Google Ads,False,1999-02-13
4581,Krzysztof,Bojdo,krzysztof.bojdo@wp.pl,+48 521 020 352,Białystok,50-402,2026-05-02,Meta Ads,False,1964-03-11
4582,Nicole,Sacharczuk,nicole.sacharczuk@gmail.com,,Radom,26-962,2026-06-25,Meta Ads,False,1961-11-16
4583,Ada,Romańczyk,ada.romańczyk@gmail.com,561 687 167,Olsztyn,65-058,2025-12-06,Google Ads,True,1975-01-15
4584,Dagmara,Mielke,dagmara.mielke@gmail.com,937 217 158,Leszno,48-993,2026-06-15,Meta Ads,True,2000-03-07
4585,Kamila,Kudłacik,kamila.kudłacik@interia.pl,035 072 988,Katowice,97-899,2025-05-06,Organic,False,2002-10-25
4586,Ernest,Duszkiewicz,ernest.duszkiewicz@o2.pl,067 558 999,Warszawa,90-404,2026-07-14,Organic,True,2004-11-17
4587,Karol,Wojewodzic,karol.wojewodzic@gmail.com,782 470 322,Wrocła,66-824,2025-12-21,Meta Ads,False,1976-06-17
4588,Olgierd,Nieroda,olgierdnieroda@o2.pl,,Wrocław,39-596,2024-10-27,Meta Ads,False,1970-10-20
4589,Juliusz,Mendyka,juliusz.mendyka@gmail.com,683-743-132,Gorzów Wielkopolski,84-038,2026-05-16,Newsletter,False,1978-12-19
4590,Kornelia,Maćczak,kornelia.maćczak@gmail.com,628410757,Rzeszów,26-702,2025-08-17,Google Ads,False,1971-10-28
4591,Rafał,Ochał,rafał.ochał@gmail.com,590-110-641,Konin,29-582,2025-07-30,Referral,False,1977-09-08
4592,Mateusz,Miętus,mateusz.miętus@o2.pl,+48 209 516 037,Rzeszów,83-620,2025-10-04,Meta Ads,False,1975-07-28
4593,Agnieszka,Warczak,agnieszka.warczak@gmail.com,287-211-476,Kraków,17-867,2024-11-05,Influencer,False,1964-07-19
4594,Łukasz,Witko,łukasz.witko@wp.pl,306-998-265,Warszawa,16-091,2025-07-29,Newsletter,False,1971-04-04
4595,Tymon,Kurzyna,tymon.kurzyna@gmail.com,+48 476 040 175,Konin,28-805,2026-04-09,Google Ads,False,1977-05-17
4596,Sebastian,Pawlonka,sebastian.pawlonka@gmail.com,+48 941 074 815,kraków,95-352,2024-09-24,Newsletter,False,2005-06-17
4597,Dagmara,Juraszczyk,dagmara.juraszczyk@wp.pl,790 193 404,Poznań,42-273,2025-02-06,Meta Ads,False,1991-04-17
4598,Oskar,Stachewicz,oskar.stachewicz@gmail.com,745514289,Szczecin,66-871,2024-09-24,Meta Ads,False,1982-10-18
4599,Maciej,Maraszek, maciej.maraszek@gmail.com ,099-921-410,Wrocław,95-505,2025-06-06,Organic,False,2005-11-25
4600,Gaja,Grabas,gaja.grabas@gmail.com,393882442,Warszawa,80-101,2026-01-14,Organic,False,1994-10-23
4601,Kalina,Skała,kalina.skała@gmail.com,388321686,Szczecin,82-246,2026-03-24,Organic,True,1993-12-26
4602,Karol,Pieczarka,karol.pieczarka@gmail.com,055-765-794,Warszawa,77-585,2026-07-18,Organic,True,1991-10-12
4603,Błażej,Warmuz,błażej.warmuz@interia.pl,396 576 004,Zielona Góra,26-574,2025-11-24,Referral,True,1973-07-21
4604,Tadeusz,Więcławek,tadeusz.więcławek@gmail.com,756-824-718,Białystok,18-738,2025-02-20,Google Ads,False,2006-10-11
4605,Ryszard,Kubasiewicz, ryszard.kubasiewicz@gmail.com ,486702480,Konin,24-911,2026-06-14,Organic,False,1974-12-22
4606,Adam,Knysak,adam.knysak@o2.pl,839520663,Warszawa,368559,2026-02-03,Newsletter,True,1967-07-08
4607,Robert,Garncarek,robert.garncarek@gmail.com,+48 740 725 372,Wrocław,05-829,2025-10-20,Meta Ads,False,1992-02-21
4608,Igor,Fiołek,igor.fiołek@gmail.com,+48 418 176 975,Poznań,91-855,2025-12-01,Meta Ads,True,1974-12-26
4609,Liwia,Chorążewicz,liwia.chorążewicz@gmail.com,716074841,Warszawa,52-029,2026-06-21,Meta Ads,False,1975-05-30
4610,Cezary,Milcarz,cezary.milcarz@gmail.com,039131926,Warszawa,60-798,2025-12-22,Meta Ads,False,1994-03-02
4611,Sylwia,Rajch,sylwia.rajch@interia.pl,007-318-150,Toruń,35-512,2025-05-29,Referral,False,1973-02-16
4612,Agnieszka,Gryka,agnieszka.gryka@gmail.com,975083882,Warszawa,76-730,2025-12-17,Google Ads,False,2003-01-10
4613,Cezary,Zagrajek,cezary.zagrajek@interia.pl,243104604,Warszawa,99-966,2024-10-10,Newsletter,False,2003-05-17
4614,Józef,Glanc,józef.glanc@gmail.com,,Warszawa,47-991,2025-05-12,Referral,False,1968-04-23
4615,Leonard,Superson,leonard.superson@gmail.com,868256827,Wrocław,61-878,2025-05-04,Newsletter,False,1969-12-13
4616,Ernest,Preś,ernest.preś@gmail.com,416104505,Częstochowa,77-796,2024-12-08,Organic,False,1982-03-30
4617,Wiktor,Hartman,wiktor.hartman@wp.pl,141-283-207,Częstochowa,27-928,2024-09-23,Meta Ads,True,1970-06-15
4618,Maksymilian,Wojtalik,maksymilian.wojtalik@wp.pl,969137119,Wrocław,44-293,2024-11-06,Google Ads,False,1975-03-15
4619,Julita,Wieja,julita.wieja@wp.pl,858 909 971,Warszawa,00000,2025-11-14,Google Ads,False,1973-03-11
4620,Norbert,Handke,norbert.handke@gmail.com,+48 192 910 566,Białystok,12-835,2026-03-25,Influencer,True,1973-09-14
4621,Blanka,Andrys,blanka.andrys@gmail.com,+48 755 083 788,Rzeszów,19-331,2026-08-06,Newsletter,True,1997-04-13
4622,Mariusz,Buszko,mariusz.buszko@o2.pl,452788204,Kraków,49-407,2025-04-03,Referral,False,1971-08-10
4623,Adrianna,Ulewicz,adrianna.ulewicz@gmail.com,662-982-640,Wrocław,15-874,2025-11-20,Google Ads,False,2004-06-30
4624,Bartek,Groń,bartek.groń@gmail.com,+48 015 683 606,Białystok,234728,2026-06-18,Meta Ads,False,1968-04-17
4625,Julianna,Piesik,julianna.piesik@interia.pl,+48 271 379 688,Olsztyn,35-186,2024-12-03,Meta Ads,False,1975-12-28
4626,Stefan,Myszk,stefan.myszk@gmail.com,,Kraków,86-977,2025-12-31,Google Ads,False,1969-08-17
4627,Inga,Han,inga.han@onet.pl,403125055,Warszawa,26-254,2026-02-19,Referral,True,1997-08-09
4628,Damian,Dubis,DAMIAN.DUBIS@GMAIL.COM,896608241,Bydgoszcz,15-309,2024-11-18,Meta Ads,True,1996-10-06
4629,Fabian,Kluczyk, fabian.kluczyk@gmail.com ,449-965-690,Wrocław,92-830,2026-04-26,Influencer,True,1958-07-21
4630,Nicole,Kunda,nicolekunda@onet.pl,711-445-928,konin,29-674,2026-03-31,Meta Ads,True,1996-06-03
4631,Artur,Piłka, artur.piłka@wp.pl ,293-729-285,Wrocław,88-926,2024-09-24,Meta Ads,False,1956-07-20
4632,Ewelina,Bona,ewelina.bona@gmail.com,,Bydgoszcz,88-749,2024-11-16,Newsletter,False,1962-01-22
4633,Liwia,Prokopczuk,liwia.prokopczuk@gmail.com,183-464-150,Elbląg,46-942,2024-10-03,Organic,False,1964-06-12
4634,Ignacy,Kawala,ignacy.kawala@gmail.com,043478364,Warszawa,48-748,2025-04-04,Meta Ads,False,1984-09-09
4635,Tomasz,Makar,tomasz.makar@gmail.com,859-750-686,Konin,36-326,2025-09-15,Meta Ads,False,1963-11-20
4636,Olgierd,Dorynek,olgierd.dorynek@wp.pl,,Kraków,85-287,2025-09-10,Referral,False,1994-10-08
4637,Kajetan,Orwat,kajetan.orwat@wp.pl,250-023-712,Łódź,65-817,2025-02-06,Meta Ads,False,1980-01-04
4638,Cezary,Broniek,cezary.broniek@o2.pl,,Lublin,88-667,2026-06-07,Meta Ads,True,2002-10-13
4639,Sonia,Wejman,sonia.wejman@gmail.com,+48 099 190 508,Wrocław,15-510,2025-05-03,Meta Ads,False,1965-11-16
4640,Miłosz,Kominiak,miłosz.kominiak@gmail.com,409114978,Gorzów Wielkopolski,83-957,2024-10-30,Influencer,True,1998-11-02
4641,Szymon,Domurad,szymondomurad@wp.pl,680-935-965,Lublin,68-421,2025-03-09,Google Ads,True,1997-10-26
4642,Tymon,Miękus,tymon.miękus@gmail.com,,Warszawa,57-474,2025-09-25,Google Ads,True,1979-08-08
4643,Aurelia,Jas,aurelia.jas@gmail.com,431017452,Poznań,52-699,2025-06-25,Google Ads,False,1972-10-05
4644,Rafał,Gasik, rafał.gasik@gmail.com ,,Gdańsk,60-004,2025-02-23,Meta Ads,True,1961-07-03
4645,Stanisław,Bona,stanisław.bona@wp.pl,+48 797 311 273,Elbląg,06-948,2024-11-13,Google Ads,True,1996-01-17
4646,Maurycy,Dulik,maurycy.dulik@gmail.com,934 713 252,Warszawa,20-834,2026-03-28,Google Ads,False,1978-11-17
4647,Julita,Siedlaczek,julita.siedlaczek@wp.pl,898 631 402,Warszawa,04-950,2026-08-05,Referral,True,2005-03-17
4648,Arkadiusz,Kolonko,arkadiusz.kolonko@interia.pl,,Konin,67-675,2025-04-04,Meta Ads,True,2007-10-02
4649,Piotr,Orkisz,piotr.orkisz@interia.pl,+48 142 237 252,Warszawa,20-496,2025-05-13,Meta Ads,False,2000-12-24
4650,Kajetan,Osipowicz,kajetan.osipowicz@gmail.com,754-744-323,Wrocław,17-068,2025-11-18,Meta Ads,False,1971-12-25
4651,Alex,Wowra,alex.wowra@o2.pl,318-985-599,Toruń,85-868,2025-12-11,Meta Ads,False,2005-09-13
4652,Ignacy,Barszczak,ignacy.barszczak@gmail.com,206-861-253,Gddynia,04-619,2025-05-18,Organic,True,1971-07-22
4653,Anita,Rakus,anita.rakus@gmail.com,,Kraków,16-788,2026-05-06,Meta Ads,False,2004-04-10
4654,Ewa,Bytner,ewa.bytner@onet.pl,843-323-538,Łódź,81-711,2025-10-30,Meta Ads,False,1960-03-13
4655,Leon,Rajczyk,leon.rajczyk@onet.pl,737 160 387,Konin,26-125,2025-07-10,Influencer,False,1966-02-04
4656,Mieszko,Żyrek,mieszko.żyrek@gmail.com,894-787-171,Łódź,91-158,2025-11-26,Google Ads,False,1983-01-20
4657,Kamila,Balas,kamila.balas@gmail.com,365-038-550,Katowice,93-028,2026-07-17,Organic,True,1987-06-12
4658,Daniel,Cal,daniel.cal@o2.pl,449-264-318,Warszawa,93-647,2026-03-17,Organic,False,2000-12-17
4659,Witold,Jonak,witold.jonak@wp.pl,250-967-298,Wrocław,17-737,2024-10-30,Google Ads,False,1975-05-24
4660,Maks,Fularczyk,maks.fularczyk@o2.pl,377-668-496,Częstochowa,85-700,2025-04-13,Organic,False,1966-11-23
4661,Marek,Kochel,marek.kochel@gmail.com,809-645-075,Konin,22-155,2025-07-05,Google Ads,True,1989-07-06
4662,Sara,Lenik,sara.lenik@gmail.com,171-313-920,Białystok,90-631,2025-03-12,Meta Ads,False,1965-09-02
4663,Angelika,Klos,angelika.klos@gmail.com,836-931-057,Łódź,78-179,2025-12-19,Meta Ads,False,1955-09-02
4664,Dariusz,Piotrkowicz,dariusz.piotrkowicz@gmail.com,,Olsztyn,61-708,2026-04-24,Organic,True,1992-05-08
4665,Borys,Hein,borys.hein@gmail.com,028 711 056,Olsztyn,46-231,2026-01-05,Meta Ads,False,1962-06-11
4666,Kaja,Kołak,kaja.kołak@gmail.com,420328749,Warszawa,106447,2026-08-06,Organic,False,1974-02-22
4667,Filip,Mulawa,filip.mulawa@gmail.com,578293835,Kielce,51-094,2025-02-17,Meta Ads,False,2003-09-09
4668,Bianka,Dziuda,bianka.dziuda@gmail.com,287864450,konin,06-524,2026-05-22,Google Ads,True,1965-07-12
4669,Sonia,Rurka,sonia.rurka@gmail.com,788-121-389,Wrocław,16-783,2026-02-12,Organic,True,1982-05-25
4670,Damian,Dąbkiewicz,damian.dąbkiewicz@gmail.com,107616212,Leszno,26-391,2025-04-13,Meta Ads,False,1957-08-21
4671,Bartek,Szyba,bartek.szyba@wp.pl,783440210,Opole,16-160,2026-01-06,Google Ads,False,1976-08-09
4672,Maks,Glazik,maks.glazik@onet.pl,496547785,Warszawa,71-228,2024-11-23,Organic,False,2002-12-03
4673,Dagmara,Gebauer,dagmara.gebauer@o2.pl,003-151-297,Warszawa,72-648,2026-03-15,Meta Ads,False,2006-07-30
4674,Dawid,Palica,dawid.palica@gmail.com,,Lublin,64-683,2025-09-09,Meta Ads,True,1997-08-31
4675,Justyna,Leoniak,justyna.leoniak@o2.pl,575822675,elbląg,98-269,2025-03-09,Organic,False,1983-11-27
4676,Robert,Bidas,robertbidas@gmail.com,624440508,Elbląg,52-490,2025-11-07,Organic,False,1966-03-18
4677,Sara,Narożny,saranarożny@wp.pl,718-669-511,Radom,34-135,2025-11-21,Meta Ads,False,1963-04-15
4678,Przemysław,Jakóbik,przemysław.jakóbik@onet.pl,706146388,Warszawa,20-146,2024-12-23,Influencer,True,2006-01-25
4679,Apolonia,Zbroja,apolonia.zbroja@gmail.com,,Warszawa,82-109,2024-09-22,Organic,False,1995-07-31
4680,Aleks,Pokrzywa,aleks.pokrzywa@gmail.com,+48 654 662 108,Zielona Górra,204086,2025-06-21,Meta Ads,False,1985-04-15
4681,Sylwia,Golda,sylwia.golda@onet.pl,541 205 341,Wrocław,92-836,2025-10-05,Organic,True,1990-11-03
4682,Daniel,Ciemięga,daniel.ciemięga@onet.pl,215520812,Gdynia,94-982,2026-05-07,Meta Ads,True,1974-05-06
4683,Adam,Glegoła,adam.glegoła@wp.pl,063-548-847,Białystok,24-841,2026-06-07,Google Ads,True,2002-09-07
4684,Natan,Hajdukiewicz,natan.hajdukiewicz@wp.pl,,Zielona Góra,48-672,2025-09-29,Organic,False,1958-03-17
4685,Tobiasz,Brózda,tobiasz.brózda@gmail.com,+48 460 578 822,Warszawa,82-810,2026-02-07,Organic,True,1993-11-12
4686,Andrzej,Świątkiewicz,andrzej.świątkiewicz@wp.pl,836861462,kraków,83-118,2025-06-22,Meta Ads,False,1983-10-08
4687,Jeremi,Marach,jeremi.marach@onet.pl,,Warszawa,88-813,2026-01-07,Newsletter,True,1981-08-29
4688,Paweł,Żabka,paweł.żabka@gmail.com,429-204-059,Toruń,31-007,2024-12-27,Meta Ads,True,1981-05-01
4689,Jędrzej,Guźniczak,jędrzej.guźniczak@gmail.com,575 787 712,Katowice,72-973,2025-05-24,Referral,False,1971-10-03
4690,Marcel,Złotnik,marcel.złotnik@gmail.com,100-787-512,Łódź,72-332,2025-11-09,Google Ads,False,1963-06-19
4691,Wojciech,Kucharzyk,wojciech.kucharzyk@gmail.com,164 622 842,Elbląg,50-179,2024-09-20,Google Ads,False,1976-11-11
4692,Adam,Beker,adam.beker@wp.pl,+48 672 020 912,Kraków,37-680,2025-12-25,Google Ads,True,1976-10-03
4693,Anita,Sugier,anita.sugier@gmail.com,199-142-552,Warszawa,93-485,2026-04-18,Referral,False,1990-05-29
4694,Ernest,Burchardt,ernest.burchardt@gmail.com,,Gdańsk,41-749,2025-05-29,Google Ads,False,1970-04-08
4695,Lidia,Hermanowicz,lidia.hermanowicz@gmail.com,290 403 861,Wrocław,971901,2025-07-28,Newsletter,False,1968-12-02
4696,Wojciech,Welenc,wojciech.welenc@gmail.com,,Kraków,23-960,2026-04-25,Meta Ads,False,1988-10-13
4697,Krzysztof,Gęsiarz,krzysztof.gęsiarz@o2.pl,241 266 580,Rzeszów,12-439,2026-02-07,Google Ads,False,2007-05-25
4698,Cezary,Bereś,cezarybereś@wp.pl,703 245 951,zielona góra,10-580,2025-03-22,Newsletter,False,1996-03-20
4699,Cyprian,Skupin,cyprian.skupin@gmail.com,309 168 213,Bydgoszcz,55-279,2025-04-12,Meta Ads,False,1956-06-28
4700,Tomasz,Wyskiel, tomasz.wyskiel@gmail.com ,329 476 552,Gdynia,00000,2025-12-13,Organic,False,1986-12-29
4701,Bruno,Mosur,bruno.mosur@gmail.com,106890839,Konin,42-462,2025-10-27,Google Ads,True,1984-08-04
4702,Maurycy,Sieczko,maurycy.sieczko@gmail.com,603-246-811,Poznań,24-062,2024-12-15,Referral,True,1980-11-19
4703,Jakub,Pieczyrak,jakub.pieczyrak@gmail.com,771-780-839,Poznań,18-019,2025-03-10,Meta Ads,False,1969-01-13
4704,Justyna,Kwak,justyna.kwak@o2.pl,375 409 514,Warszawa,86-016,2026-05-18,Meta Ads,True,1959-05-13
4705,Sonia,Prokopczyk,sonia.prokopczyk@wp.pl,872 764 815,Łódź,18-747,2025-12-31,Meta Ads,False,1990-08-30
4706,Krystian,Gospodarek,krystian.gospodarek@o2.pl,905 616 756,Łód,10-964,2026-08-06,Google Ads,False,1966-04-16
4707,Andrzej,Gregorczuk,andrzej.gregorczuk@gmail.com,641 540 914,Warszawa,92-441,2026-02-19,Influencer,False,2003-08-12
4708,Olga,Bociek,olga.bociek@wp.pl,153614788,Piła,69-581,2026-06-25,Google Ads,False,1989-11-25
4709,Olga,Szołtysik,olga.szołtysik@gmail.com,686415993,Leszno,73-978,2024-12-10,Influencer,True,1983-04-30
4710,Przemysław,Bródka,przemysław.bródka@gmail.com,107-660-403,Warszawa,22-437,2026-02-27,Meta Ads,False,1981-08-05
4711,Karina,Słaba,karina.słaba@wp.pl,241 767 125,Łódź,11-818,2024-09-24,Influencer,True,1987-07-01
4712,Daniel,Broś,daniel.broś@wp.pl,+48 816 871 020,Konin,57-668,2025-12-06,Google Ads,False,1976-03-26
4713,Antoni,Nalewajek,antoni.nalewajek@interia.pl,451-031-283,Leszno,44-713,2025-07-15,Meta Ads,True,1986-03-01
4714,Liwia,Droździel,liwia.droździel@gmail.com,,Częstochowa,80-487,2025-04-09,Newsletter,False,1989-12-24
4715,Sandra,Nicewicz,sandra.nicewicz@gmail.com,506 024 650,Wrocław,826073,2026-04-02,Google Ads,False,1989-05-18
4716,Nikodem,Goworek,nikodem.goworek@gmail.com,,Łódź,88-586,2026-04-14,Newsletter,False,2003-04-21
4717,Fabian,Naczk,fabian.naczk@gmail.com,377418867,Opole,15-618,2024-09-04,Google Ads,False,1960-06-15
4718,Fryderyk,Cymer,fryderyk.cymer@wp.pl,686-777-254,Zielona Góra,40-193,2025-11-13,Organic,True,1957-03-25
4719,Ida,Kudra,ida.kudra@gmail.com,651 706 718,Olsztyn,93-805,2025-05-15,Organic,False,1986-03-29
4720,Józef,Ulewicz,józef.ulewicz@o2.pl,759-348-121,Elbląg,30-128,2025-06-29,Google Ads,True,1963-04-07
4721,Damian,Łapacz,damian.łapacz@gmail.com,,Warszawa,76-071,2026-04-03,Influencer,False,1974-04-01
4722,Szymon,Chaba,szymon.chaba@gmail.com,111431620,Rzeszów,45-498,2025-03-04,Newsletter,True,1998-05-25
4723,Jeremi,Małyszek,jeremi.małyszek@gmail.com,203-894-364,Kraków,73-656,2026-06-18,Newsletter,False,1979-10-08
4724,Ryszard,Domoń,ryszard.domoń@gmail.com,205 480 394,Łódź,01-729,2024-12-25,Meta Ads,False,1958-03-29
4725,Sebastian,Browarczyk,sebastian.browarczyk@onet.pl,+48 010 690 586,KKraków,72-476,2025-12-19,Meta Ads,False,1976-07-25
4726,Fabian,Rząca,fabian.rząca@gmail.com,172 234 844,Konin,86-781,2025-12-20,Meta Ads,False,1978-08-31
4727,Blanka,Brudny,BLANKA.BRUDNY@WP.PL,+48 869 379 732,Zielona Góra,74-459,2025-02-25,Meta Ads,False,1987-01-11
4728,Fabian,Mielke,fabian.mielke@onet.pl,320562537,Wrocław,12-430,2025-04-01,Google Ads,False,1998-11-09
4729,Ernest,Kieca,ernest.kieca@gmail.com,366-548-593,Warszawa,45-437,2026-04-21,Google Ads,False,1992-03-13
4730,Filip,Linka,filip.linka@onet.pl,821 257 660,Rzeszów,43-034,2026-02-21,Meta Ads,False,1956-10-25
4731,Andrzej,Bulak,andrzej.bulak@gmail.com,217 928 504,Konin,41-716,2025-04-25,Referral,False,1967-04-15
4732,Konrad,Wdowczyk,konrad.wdowczyk@onet.pl,977 272 190,Gdańsk,76-757,2025-09-30,Influencer,True,1976-01-22
4733,Jeremi,Sapa,jeremi.sapa@wp.pl,385 160 910,Suwałki,55-632,2024-10-30,Meta Ads,False,1965-06-23
4734,Marcelina,Krzyszczak,marcelina.krzyszczak@interia.pl,957-952-466,Opole,11-113,2024-12-13,Organic,False,2002-05-19
4735,Sylwia,Fijałek,sylwia.fijałek@gmail.com,917 012 308,Łódź,46-141,2025-08-28,Meta Ads,False,1985-10-08
4736,Fryderyk,Kutnik,fryderyk.kutnik@gmail.com,631 409 212,Piła,42-211,2024-11-23,Organic,False,1958-03-22
4737,Leonard,Siebert,leonard.siebert@gmail.com,486990443,Wrocław,60-737,2026-04-18,Google Ads,False,1956-01-07
4738,Leonard,Łepek, leonard.łepek@gmail.com ,230476625,Warszawa,15-166,2025-12-13,Meta Ads,False,1983-08-20
4739,Marcelina,Stroka,marcelina.stroka@interia.pl,,Bydgoszcz,87-212,2026-07-25,Organic,False,1978-03-15
4740,Marek,Kiedrowicz,MAREK.KIEDROWICZ@ONET.PL,357 924 523,Kielce,41-629,2025-12-07,Influencer,False,1970-12-18
4741,Anna Maria,Schubert,anna maria.schubert@gmail.com,,Kraków,72-861,2026-06-24,Meta Ads,True,1985-10-20
4742,Józef,Cieciora,józef.cieciora@wp.pl,+48 026 038 704,Wrocław,51-358,2025-10-03,Organic,False,2004-06-29
4743,Klara,Szrama,klara.szrama@gmail.com,282230808,Gdynia,56-254,2025-11-30,Organic,False,1971-06-02
4744,Kornel,Narożny,kornel.narożny@interia.pl,015-598-243,Warszawa,34-896,2026-08-06,Organic,True,2003-05-10
4745,Aleks,Skup,aleks.skup@gmail.com,560-674-783,Kraków,29-315,2025-11-16,Newsletter,True,1993-03-05
4746,Wojciech,Konat,wojciech.konat@gmail.com,832-239-833,warszawa,40-627,2024-09-29,Meta Ads,False,1962-01-09
4747,Nicole,Klos,nicole.klos@wp.pl,+48 916 051 864,Warszawa,76-251,2025-12-13,Newsletter,False,1995-07-03
4748,Andrzej,Goska,andrzej.goska@o2.pl,141856016,Suwałki,91-968,2026-05-25,Organic,False,2001-01-20
4749,Jacek,Maculewicz,jacek.maculewicz@gmail.com,432-768-358,Wrocław,58-292,2026-03-20,Referral,False,1967-08-06
4750,Jeremi,Sałuda,jeremi.sałuda@gmail.com,428139177,Olszty,53-271,2025-11-11,Meta Ads,False,1956-07-03
4751,Melania,Siwa,melania.siwa@gmail.com,097 902 685,Białystok,19-230,2025-12-18,Newsletter,False,1958-02-15
4752,Kornel,Gustaw,kornel.gustaw@o2.pl,245973218,Kielce,54-132,2026-08-06,Organic,True,1987-09-07
4753,Malwina,Korniak,malwina.korniak@gmail.com,+48 000 286 158,Łódź,28-590,2024-11-13,Meta Ads,True,1991-01-20
4754,Ewelina,Hynek,ewelina.hynek@o2.pl,989079287,Kraków,99-904,2025-12-13,Google Ads,False,1983-04-13
4755,Jeremi,Dziechciarz,jeremi.dziechciarz@gmail.com,+48 020 158 733,Opole,32-162,2025-03-08,Organic,False,1961-01-31
4756,Mateusz,Głowienka,mateusz.głowienka@wp.pl,+48 295 171 991,Warszawa,98-585,2025-11-30,Organic,False,1979-03-18
4757,Stanisław,Duszczak,stanisław.duszczak@gmail.com,217-566-042,Piła,23-118,2025-11-12,Influencer,False,2001-03-13
4758,Aleksander,Wojewódka,aleksander.wojewódka@gmail.com,178883075,Warszawa,42-309,2024-11-07,Google Ads,False,2003-04-04
4759,Eliza,Malisz,eliza.malisz@onet.pl,863792525,Kraków,25-294,2024-12-16,Google Ads,False,1988-12-31
4760,Klara,Kościołek,klara.kościołek@gmail.com,+48 572 889 461,Elbląg,44-484,2025-11-05,Organic,True,1998-01-06
4761,Adrian,Matula,adrian.matula@gmail.com,931 483 976,Suwałki,17-039,2024-11-10,Newsletter,False,1968-07-19
4762,Maciej,Plich,maciej.plich@wp.pl,120 965 813,Gdynia,36-581,2025-02-26,Meta Ads,False,1978-07-15
4763,Emil,Baumgart,emil.baumgart@wp.pl,222-393-704,Warszawa,09-152,2026-04-26,Google Ads,False,1993-12-10
4764,Artur,Mały,artur.mały@wp.pl,526614990,Łódź,07-843,2025-04-09,Meta Ads,True,1957-01-17
4765,Maurycy,Łój,maurycy.łój@gmail.com,992-505-130,Warszawa,18-798,2025-08-28,Organic,False,1961-09-05
4766,Marcelina,Borkiewicz,marcelina.borkiewicz@wp.pl,+48 596 287 418,elbląg,503331,2026-06-12,Meta Ads,False,1974-06-23
4767,Gaja,Kruzel,GAJA.KRUZEL@WP.PL,+48 000 766 125,Kraków,25-339,2025-01-24,Referral,False,1986-06-17
4768,Natasza,Szymula,natasza.szymula@o2.pl,,Olsztyn,72-963,2025-05-11,Meta Ads,False,1978-05-26
4769,Maksymilian,Sasak,maksymilian.sasak@gmail.com,177-793-711,Szczecin,79-224,2025-11-24,Newsletter,True,2005-08-25
4770,Robert,Zegadło,robert.zegadło@gmail.com,+48 655 140 665,Kraków,47-566,2026-02-02,Newsletter,False,1971-05-29
4771,Robert,Durczok,robert.durczok@gmail.com,819 544 881,Białystok,42-407,2026-05-16,Google Ads,False,1976-02-26
4772,Karol,Szmajda,karol.szmajda@gmail.com,403635657,Warszawa,29-957,2026-06-27,Newsletter,False,1984-04-28
4773,Leonard,Wawryniuk,leonard.wawryniuk@onet.pl,+48 029 350 516,Kraków,27-304,2026-02-10,Google Ads,True,2002-10-12
4774,Rafał,Pawlonka,rafał.pawlonka@interia.pl,330 645 805,Toruń,53-162,2025-01-07,Google Ads,False,2005-01-12
4775,Łukasz,Kielan,łukasz.kielan@gmail.com,,Piła,00000,2024-09-27,Meta Ads,False,1972-01-10
4776,Aleks,Guziak,aleks.guziak@wp.pl,,Wrocław,34-417,2025-05-04,Organic,False,1966-08-12
4777,Dominik,Wiatrak,dominik.wiatrak@interia.pl,,Zielona Góra,39-238,2024-11-14,Organic,True,1990-10-01
4778,Elżbieta,Ciochoń,elżbieta.ciochoń@gmail.com,,Łódź,65-760,2025-12-03,Organic,True,1992-05-01
4779,Ewa,Kucewicz,ewa.kucewicz@o2.pl,+48 724 491 554,Opole,70-852,2025-12-13,Organic,False,1957-01-29
4780,Bianka,Lenc,bianka.lenc@onet.pl,466 312 037,Warszawa,84-322,2024-10-18,Meta Ads,False,1993-04-07
4781,Julian,Iskierka,julian.iskierka@gmail.com,160 672 928,Warszawa,36-391,2026-04-10,Organic,False,1995-07-09
4782,Franciszek,Furgała,franciszek.furgała@gmail.com,+48 910 455 127,Kraków,84-092,2025-02-01,Influencer,False,1989-11-13
4783,Ada,Liedtke,ada.liedtke@gmail.com,284-540-280,Warszawa,37-066,2025-06-21,Organic,False,1980-04-13
4784,Rafał,Grądziel,rafał.grądziel@wp.pl,649 283 947,Gdynia,39-213,2025-12-05,Meta Ads,False,2000-03-12
4785,Adam,Czupryna,adam.czupryna@o2.pl,266958329,Warszawa,30-550,2025-06-29,Meta Ads,True,1997-09-03
4786,Dariusz,Kałek,dariusz.kałek@o2.pl,025 993 644,Rado,00000,2025-06-15,Google Ads,True,1998-10-17
4787,Konstanty,Maciejko,konstanty.maciejko@wp.pl,+48 092 862 739,Łódź,51-347,2024-10-21,Google Ads,False,1965-03-13
4788,Natan,Korbut,natan.korbut@gmail.com,+48 959 116 041,Kraków,97-945,2025-05-03,Organic,True,1995-10-24
4789,Konrad,Skoneczna,konrad.skoneczna@wp.pl,,Kraków,18-533,2026-02-18,Google Ads,True,2008-04-12
4790,Jerzy,Sroga,jerzy.sroga@onet.pl,+48 268 212 684,Katowice,18-017,2026-06-26,Organic,False,1962-09-20
4791,Blanka,Sasak,blanka.sasak@wp.pl,325461380,Wrocław,14-221,2025-06-05,Google Ads,False,1966-06-06
4792,Mateusz,Olchawa,mateusz.olchawa@wp.pl,591250070,Lublin,03-225,2025-06-13,Meta Ads,False,1966-01-18
4793,Kalina,Fidura,kalina.fidura@o2.pl,,Warszawa,57-070,2025-12-30,Newsletter,False,1994-07-02
4794,Marcel,Mydlak,marcel.mydlak@gmail.com,405 745 180,łódź,55-803,2026-06-27,Organic,False,1979-10-12
4795,Mateusz,Myszor,mateusz.myszor@o2.pl,+48 811 202 010,Konin,55-146,2025-02-09,Google Ads,True,1996-09-19
4796,Mieszko,Myrcik,mieszko.myrcik@gmail.com,180-621-579,Łódź,41-256,2025-06-28,Referral,False,2003-03-23
4797,Adam,Gierek,adam.gierek@interia.pl,294 922 207,Kraków,36-658,2026-03-12,Influencer,True,1975-03-20
4798,Adam,Kiedrowicz,adam.kiedrowicz@gmail.com,281493362,Częstochowa,23-933,2025-11-21,Meta Ads,False,1967-10-30
4799,Elżbieta,Romankiewicz,elżbieta.romankiewicz@gmail.com,+48 818 834 232,Konin,99-265,2024-11-01,Organic,False,1998-11-06
4800,Alan,Dubel,alan.dubel@gmail.com,+48 651 790 915,Warszawa,04-222,2025-11-23,Google Ads,False,1969-12-13
4801,Adrian,Karwot,adrian.karwot@interia.pl,485 683 393,Warszawa,17-554,2024-12-21,Meta Ads,False,1971-04-14
4802,Krzysztof,Tyczka,krzysztof.tyczka@gmail.com,846 528 864,Warszawa,75-829,2025-09-09,Google Ads,False,1994-11-21
4803,Kacper,Miara,kacper.miara@gmail.com,460 393 418,Suwałki,59-735,2025-09-19,Organic,False,1964-03-27
4804,Miłosz,Maligłówka,miłosz.maligłówka@o2.pl,,Poznań,17-300,2026-05-01,Meta Ads,False,1958-05-10
4805,Mariusz,Franczuk,mariusz.franczuk@onet.pl,,Szczecin,57-834,2025-07-11,Google Ads,False,2002-03-02
4806,Klara,Trepczyk,klara.trepczyk@gmail.com,380 796 382,Konin,34-677,2025-02-26,Referral,False,2002-05-26
4807,Marcelina,Lelonek,marcelina.lelonek@gmail.com,+48 076 367 298,Kraków,00000,2025-01-26,Meta Ads,False,2004-03-19
4808,Anastazja,Pabisiak,anastazja.pabisiak@o2.pl,697 254 534,Katowice,34-424,2026-05-23,Meta Ads,False,1961-03-16
4809,Grzegorz,Gorgol,grzegorz.gorgol@o2.pl,679441093,Warszawa,07-396,2024-12-11,Organic,True,1974-08-30
4810,Rozalia,Sadza,rozalia.sadza@gmail.com,017089810,Łódź,69-894,2025-06-08,Meta Ads,True,2004-05-19
4811,Marcin,Małysiak,marcin.małysiak@interia.pl,907 291 014,Gdańsk,87-481,2024-12-27,Google Ads,False,1988-12-05
4812,Natan,Mortka,natan.mortka@gmail.com,+48 331 958 332,Łódź,09-185,2026-02-21,Meta Ads,False,1963-11-03
4813,Maciej,Sysło,maciej.sysło@gmail.com,685 677 124,Warszawa,75-801,2025-07-02,Meta Ads,True,1992-01-24
4814,Ernest,Nieszporek,ernest.nieszporek@gmail.com,224 222 981,Warszawa,98-547,2025-04-11,Google Ads,True,1970-07-12
4815,Juliusz,Krasa,juliusz.krasa@gmail.com,404374716,Konin,93-758,2025-04-30,Google Ads,False,1963-05-30
4816,Witold,Stachów,witold.stachów@gmail.com,995 372 052,Bydgoszcz,32-643,2026-04-13,Meta Ads,False,1965-07-16
4817,Anita,Kulus,anita.kulus@wp.pl,300 047 976,Poznań,10-814,2025-10-06,Influencer,False,1965-06-20
4818,Adrian,Goś,adrian.goś@gmail.com,,Warszawa,12-049,2025-12-23,Newsletter,True,1961-11-30
4819,Róża,Józwik,róża.józwik@gmail.com,+48 998 895 166,Konin,06-242,2026-05-28,Meta Ads,False,1992-07-13
4820,Bianka,Bieszke,bianka.bieszke@gmail.com,,Łódź,96-629,2026-05-17,Organic,True,1958-03-30
4821,Wojciech,Grochola,wojciech.grochola@gmail.com,894533906,Kraków,07-884,2025-04-20,Meta Ads,False,1999-04-16
4822,Aleks,Kuczaj,aleks.kuczaj@wp.pl,+48 635 313 490,Gdynia,05-818,2026-07-07,Meta Ads,True,1988-12-12
4823,Artur,Ciarka,artur.ciarka@gmail.com,343 227 592,Opole,20-361,2024-09-15,Meta Ads,True,1961-01-30
4824,Iwo,Milka,iwo.milka@onet.pl,,Warszawa,46-183,2025-05-08,Referral,False,1987-04-20
4825,Kamil,Stój,kamil.stój@wp.pl,405161408,Koni,14-177,2026-05-23,Newsletter,False,1964-11-23
4826,Anastazja,Drewniok,anastazja.drewniok@gmail.com,774-436-126,Bydgoszcz,96-261,2025-02-05,Organic,False,1968-10-31
4827,Dagmara,Grochola,dagmara.grochola@gmail.com,478-865-717,Opole,24-168,2025-02-01,Google Ads,False,1956-09-24
4828,Aleks,Halama,aleks.halama@gmail.com,+48 834 664 924,Poznań,19-116,2025-03-29,Referral,False,1975-07-04
4829,Albert,Stachewicz,albert.stachewicz@wp.pl,549632474,Gdańsk,42-702,2025-11-01,Meta Ads,False,1998-07-29
4830,Tola,Kielich,tola.kielich@wp.pl,499908818,Poznań,83-392,2025-06-27,Referral,True,2000-08-24
4831,Eryk,Borysiewicz,eryk.borysiewicz@o2.pl,084 797 026,Toruń,95-754,2026-01-04,Meta Ads,True,1955-09-04
4832,Rozalia,Łudzik,rozalia.łudzik@gmail.com,636773811,Łódź,26-208,2026-05-31,Influencer,False,2007-05-02
4833,Gustaw,Pacyga,gustaw.pacyga@gmail.com,881487495,Suwałki,57-899,2025-12-30,Meta Ads,True,2003-07-21
4834,Kacper,Teterycz,kacper.teterycz@gmail.com,557-925-835,Gdańsk,65-861,2024-12-25,Google Ads,False,1983-01-29
4835,Apolonia,Pniak,apolonia.pniak@gmail.com,+48 016 299 895,Szczecin,75-945,2026-06-19,Meta Ads,False,1973-02-11
4836,Jeremi,Cholewka, jeremi.cholewka@wp.pl ,133845936,Rzeszów,03-824,2025-02-20,Newsletter,True,1964-05-27
4837,Mariusz,Szkaradek,MARIUSZ.SZKARADEK@WP.PL,986552049,Rzeszów,88-387,2024-11-20,Meta Ads,False,1996-03-11
4838,Nataniel,Cabała,NATANIEL.CABAŁA@ONET.PL,+48 557 726 532,warszawa,79-785,2024-11-25,Organic,False,2001-12-20
4839,Rafał,Rurka,rafał.rurka@o2.pl,513049167,Warszawa,88-459,2025-10-08,Newsletter,False,1981-12-05
4840,Grzegorz,Lepa,grzegorz.lepa@gmail.com,784638493,Wrocław,55-650,2024-11-08,Organic,True,1990-06-19
4841,Damian,Niedojadło,damian.niedojadło@gmail.com,201-582-394,Warszawa,77-759,2024-11-03,Meta Ads,True,1972-05-15
4842,Jerzy,Kryszkiewicz,jerzy.kryszkiewicz@wp.pl,,Kraków,24-464,2025-03-03,Google Ads,False,2004-06-04
4843,Lidia,Rećko,lidia.rećko@o2.pl,626 011 827,Łódź,22-164,2025-03-03,Meta Ads,False,2003-12-08
4844,Nicole,Kusek,nicole.kusek@wp.pl,395-818-233,Gdynia,03-429,2025-11-06,Google Ads,False,1959-11-12
4845,Blanka,Mitoraj,blanka.mitoraj@gmail.com,,Gdańsk,70-086,2026-03-05,Organic,False,1963-02-09
4846,Łukasz,Jop,łukasz.jop@wp.pl,856 300 414,Bydgoszcz,84-378,2026-02-24,Organic,False,1985-12-12
4847,Damian,Barteczko,damian.barteczko@gmail.com,547 633 028,Gorzów Wielkopolski,76-293,2025-02-14,Google Ads,False,1961-10-18
4848,Kazimierz,Kurda,kazimierz.kurda@gmail.com,033129174,Warszawa,99-421,2025-01-09,Meta Ads,True,1967-03-03
4849,Krystian,Kosowicz,krystian.kosowicz@wp.pl,699977806,Warszawa,41-324,2026-07-18,Referral,False,1995-09-28
4850,Elżbieta,Mizak, elżbieta.mizak@gmail.com ,305825819,Gdynia,30-447,2024-09-10,Influencer,True,1968-07-18
4851,Marcin,Bandyk,marcin.bandyk@gmail.com,529-941-511,Suwałki,53-177,2026-05-02,Organic,True,1999-05-30
4852,Gustaw,Leszczak,gustaw.leszczak@gmail.com,,Suwałki,98-977,2024-12-12,Meta Ads,True,1965-02-16
4853,Kornelia,Glegoła,kornelia.glegoła@o2.pl,+48 911 762 739,Łódź,10-344,2026-07-18,Meta Ads,False,1990-09-30
4854,Ida,Łuszczak,ida.łuszczak@gmail.com,567484559,Gdańsk,83-685,2025-04-04,Meta Ads,True,1984-10-23
4855,Patryk,Wrześniak,patryk.wrześniak@gmail.com,,Szczecin,27-742,2025-06-03,Meta Ads,True,1961-04-06
4856,Julita,Parkitna,julita.parkitna@wp.pl,,Gdańsk,06-045,2025-12-05,Meta Ads,False,1970-01-16
4857,Ewelina,Jargiło,ewelina.jargiło@gmail.com,532 985 923,Warszawa,29-722,2025-11-26,Meta Ads,True,2000-12-09
4858,Wiktor,Tatarczyk,wiktor.tatarczyk@gmail.com,195572457,Gdańsk,83-086,2025-03-10,Newsletter,False,1964-12-18
4859,Krystian,Kroczak, krystian.kroczak@onet.pl ,011 920 200,Szczecin,23-801,2025-10-01,Meta Ads,False,1959-08-21
4860,Gustaw,Knapek,gustaw.knapek@o2.pl,,Warszawa,85-934,2026-01-12,Newsletter,False,2002-06-02
4861,Mariusz,Lempart,mariusz.lempart@wp.pl,+48 383 827 768,Rzeszów,20-891,2024-10-09,Organic,False,1978-09-03
4862,Urszula,Młotek,urszula.młotek@gmail.com,651-192-763,Białystok,64-412,2024-09-15,Meta Ads,False,1971-05-22
4863,Mateusz,Uliasz,mateusz.uliasz@onet.pl,708-273-852,Warszawa,98-597,2025-07-11,Meta Ads,True,1961-05-30
4864,Arkadiusz,Michnik,arkadiusz.michnik@interia.pl,+48 471 716 569,Gdynia,72-551,2024-11-10,Meta Ads,False,1958-09-11
4865,Fabian,Raczkiewicz,fabian.raczkiewicz@gmail.com,+48 584 300 015,Kraków,97-137,2025-12-01,Organic,True,1999-12-19
4866,Jakub,Kolbusz,jakub.kolbusz@gmail.com,951 288 290,Elbląg,50-182,2024-12-18,Google Ads,False,1985-10-21
4867,Nela,Rejek,nela.rejek@wp.pl,+48 513 140 839,Warszawa,57-654,2025-06-16,Google Ads,False,1983-05-23
4868,Andrzej,Paczos,andrzej.paczos@gmail.com,+48 618 402 210,Radom,41-534,2024-12-04,Google Ads,True,1972-12-10
4869,Tobiasz,Bajko,tobiasz.bajko@gmail.com,884812661,Toruń,52-289,2025-10-05,Meta Ads,True,2005-09-20
4870,Blanka,Galuba,blanka.galuba@gmail.com,,Konin,40-794,2024-11-12,Meta Ads,True,1995-02-06
4871,Gaja,Mrotek,GAJA.MROTEK@INTERIA.PL,504747812,Wrocław,93-133,2024-09-26,Meta Ads,False,1967-02-18
4872,Grzegorz,Sieradzan,grzegorz.sieradzan@o2.pl,207 902 547,Kraków,00000,2024-10-23,Google Ads,False,1993-06-25
4873,Justyna,Lepka,justyna.lepka@onet.pl,133 815 124,Katowice,19-184,2026-07-01,Google Ads,False,1959-07-29
4874,Grzegorz,Stosik,grzegorz.stosik@gmail.com,+48 628 244 710,Zielona Góra,40-707,2024-11-23,Meta Ads,False,1958-12-26
4875,Ryszard,Heller,ryszard.heller@gmail.com,+48 158 707 377,Poznań,79-260,2025-12-26,Google Ads,False,1983-10-15
4876,Kamil,Hornik,kamil.hornik@gmail.com,,Warszawa,94-498,2024-10-14,Google Ads,True,2005-04-17
4877,Nicole,Wygoda,nicole.wygoda@wp.pl,+48 348 065 462,Łódź,90-887,2024-11-09,Referral,False,1961-07-11
4878,Natasza,Gotfryd,natasza.gotfryd@interia.pl,,Leszno,79-458,2025-09-19,Meta Ads,True,1963-09-23
4879,Kalina,Drynda,kalina.drynda@wp.pl,+48 115 342 528,Olsztyn,79-609,2025-07-17,Influencer,False,2007-05-14
4880,Konstanty,Dylik,konstanty.dylik@interia.pl,,Piła,89-540,2026-07-15,Organic,False,1960-09-16
4881,Miłosz,Jagiełka,miłosz.jagiełka@gmail.com,520168306,Leszno,90-204,2026-07-03,Google Ads,False,1961-06-21
4882,Krystyna,Danilczuk,krystyna.danilczuk@o2.pl,+48 850 273 895,Rzzeszów,08-225,2026-02-01,Meta Ads,False,2001-12-24
4883,Kaja,Dąbrówka,kaja.dąbrówka@gmail.com,749243652,Warszawa,03-756,2025-11-10,Organic,False,1992-01-26
4884,Alan,Wiewiórka,alan.wiewiórka@onet.pl,,suwałki,01-064,2025-07-04,Google Ads,False,1955-11-18
4885,Konrad,Nitek,konrad.nitek@onet.pl,464-751-085,Lublin,21-553,2025-04-23,Google Ads,True,1973-06-09
4886,Inga,Pituła,inga.pituła@gmail.com,415-735-159,Rzeszów,25-894,2026-07-24,Organic,False,1960-09-13
4887,Kazimierz,Uzar,kazimierz.uzar@wp.pl,,Białystok,06-335,2025-11-07,Meta Ads,True,1998-07-04
4888,Jeremi,Bieleń,jeremi.bieleń@gmail.com,+48 973 771 214,Łódź,68-921,2025-10-26,Organic,False,1968-01-18
4889,Jakub,Idec,jakub.idec@gmail.com,085 954 241,Wrocław,71-706,2025-01-28,Meta Ads,True,1964-03-04
4890,Urszula,Miecznik,urszula.miecznik@gmail.com,+48 812 687 412,Poznań,79-176,2024-10-22,Organic,False,1990-07-29
4891,Sylwia,Cymbała,sylwia.cymbała@o2.pl,097177556,Gdańsk,79-064,2026-07-18,Meta Ads,False,1958-10-03
4892,Ewa,Kręgiel,ewa.kręgiel@gmail.com,+48 072 621 377,Zielona Góra,90-443,2025-03-17,Referral,False,1964-04-15
4893,Róża,Gołota,róża.gołota@onet.pl,921 591 887,Łód,56-956,2025-06-24,Meta Ads,True,1968-07-12
4894,Olaf,Rok,olaf.rok@wp.pl,+48 708 209 650,Szczecin,72-911,2024-11-14,Google Ads,False,1966-07-22
4895,Nela,Sarniak,nela.sarniak@interia.pl,391 014 800,Łódź,50-690,2026-04-26,Meta Ads,False,1997-06-11
4896,Gabriel,Neska,gabriel.neska@wp.pl,+48 621 549 539,Bydgoszcz,62-418,2024-09-03,Organic,False,2003-04-21
4897,Karol,Mortka,karol.mortka@wp.pl,,Warszawa,44-651,2026-04-26,Organic,True,1961-08-21
4898,Rozalia,Mudlaff,rozalia.mudlaff@gmail.com,691 240 277,Warszawa,97-848,2024-11-04,Influencer,True,1996-04-19
4899,Kajetan,Kaliciak,kajetan.kaliciak@gmail.com,,Warszawa,59-108,2026-05-10,Influencer,True,1968-09-23
4900,Bianka,Teterycz,bianka.teterycz@gmail.com,+48 080 240 163,Bydgoszcz,14-001,2026-01-22,Organic,False,2007-03-05
4901,Rafał,Czupryna,rafał.czupryna@wp.pl,664717032,Wrocław,85-518,2024-12-29,Google Ads,False,1997-07-10
4902,Ksawery,Karczmarek,ksawery.karczmarek@wp.pl,074 055 473,Leszno,29-735,2025-10-11,Newsletter,True,1987-11-11
4903,Oskar,Beck,oskar.beck@gmail.com,,Poznań,70-870,2025-03-06,Meta Ads,False,1982-07-11
4904,Artur,Mitoraj,artur.mitoraj@gmail.com,011-105-156,Olsztyn,153452,2024-12-13,Referral,False,1994-08-31
4905,Wiktor,Kliszcz,wiktor.kliszcz@gmail.com,954188644,Poznań,62-334,2026-04-17,Google Ads,True,1993-02-17
4906,Michał,Gołofit,michał.gołofit@wp.pl,+48 053 410 657,Białystok,62-505,2025-05-10,Referral,True,1976-01-13
4907,Aleksander,Gregorek,aleksander.gregorek@o2.pl,424954244,Warszawa,130910,2025-05-29,Google Ads,False,1993-12-07
4908,Elżbieta,Komuda, elżbieta.komuda@gmail.com ,,Leszno,01-651,2024-12-02,Google Ads,False,2003-03-27
4909,Julita,Damek,julita.damek@onet.pl,+48 557 534 094,Szczecin,13-877,2025-05-23,Meta Ads,False,1990-04-08
4910,Cezary,Wylegała,cezary.wylegała@gmail.com,758 984 783,Warszawa,99-077,2026-05-19,Meta Ads,False,1988-07-08
4911,Roksana,Czapiga,roksana.czapiga@wp.pl,+48 345 144 489,Łódź,57-980,2025-04-25,Referral,False,1977-04-24
4912,Róża,Ułanowicz,róża.ułanowicz@onet.pl,372 519 400,Kraków,89-114,2026-07-12,Google Ads,True,1974-04-09
4913,Tola,Kudela,tola.kudela@gmail.com,,Rzeszów,75-874,2026-07-08,Google Ads,False,1983-11-10
4914,Witold,Migoń,witold.migoń@wp.pl,029490538,Warszawa,89-307,2024-11-28,Organic,True,1974-02-21
4915,Sonia,Kubowicz,sonia.kubowicz@wp.pl,+48 563 782 091,Wrocław,95-692,2024-12-13,Organic,False,1956-06-23
4916,Krystian,Kurczab,krystiankurczab@o2.pl,,Gdynia,51-386,2026-04-21,Google Ads,False,1975-02-18
4917,Blanka,Maraszek,blanka.maraszek@interia.pl,514454516,Kraków,50-783,2025-05-21,Meta Ads,False,1964-08-24
4918,Maks,Kuboń,maks.kuboń@gmail.com,368-530-050,gdynia,13-142,2024-09-06,Influencer,False,1972-09-30
4919,Gabriel,Labudda,gabriel.labudda@gmail.com,186734617,Warszawa,79-520,2025-02-25,Organic,True,1987-01-13
4920,Miłosz,Majnusz,miłosz.majnusz@onet.pl,712095608,Poznań,42-229,2025-11-27,Meta Ads,False,1987-07-09
4921,Justyna,Piksa,justyna.piksa@gmail.com,,Warszawa,82-010,2026-03-26,Newsletter,False,1996-02-02
4922,Radosław,Bzdęga,radosław.bzdęga@gmail.com,957-227-431,Raddom,18-594,2024-11-06,Google Ads,False,2001-04-06
4923,Michał,Barczuk,michał.barczuk@gmail.com,+48 608 560 992,Warszawa,35-643,2024-11-27,Organic,False,1980-10-12
4924,Klara,Twardy,klara.twardy@o2.pl,667 726 036,Kraków,76-312,2026-06-15,Organic,True,1958-12-06
4925,Monika,Panasiewicz,monika.panasiewicz@gmail.com,355 492 820,Poznań,00000,2026-02-21,Meta Ads,False,1981-04-09
4926,Melania,Smoter,melania.smoter@gmail.com,311884317,Katowice,71-801,2025-11-23,Organic,True,1987-02-23
4927,Norbert,Przystupa,norbert.przystupa@gmail.com,410 347 567,Kraków,88-510,2026-02-05,Influencer,False,1969-02-07
4928,Maks,Rychcik,maks.rychcik@wp.pl,674080644,Warszawa,80-872,2025-06-13,Meta Ads,True,1985-11-09
4929,Olga,Giec,olga.giec@gmail.com,889174934,Elbląg,10-977,2026-02-12,Organic,False,1982-07-29
4930,Dorota,Kopiczko,dorotakopiczko@o2.pl,304-626-719,Konin,39-116,2025-05-12,Google Ads,False,1977-05-17
4931,Andrzej,Jerzyk,andrzejjerzyk@wp.pl,640-041-531,Olsztyn,59-532,2025-01-13,Referral,True,2005-08-12
4932,Cyprian,Wałęsa,cyprian.wałęsa@gmail.com,097 832 033,Warszawa,52-751,2026-01-26,Meta Ads,False,1986-06-01
4933,Ewelina,Szczypek,ewelina.szczypek@gmail.com,+48 138 480 803,Katowice,49-300,2025-06-21,Newsletter,False,1996-09-29
4934,Ewelina,Faryna,ewelina.faryna@gmail.com,559206826,Wrocław,34-297,2026-08-03,Meta Ads,True,1972-05-06
4935,Leon,Waraksa,leon.waraksa@gmail.com,705-366-867,wrocław,82-528,2025-04-02,Influencer,False,1998-04-29
4936,Mateusz,Słyk,mateusz.słyk@o2.pl,+48 704 029 983,Suwałki,22-122,2026-06-22,Meta Ads,False,1999-11-21
4937,Filip,Sumera,filip.sumera@onet.pl,725865880,Warszawa,52-143,2026-06-10,Google Ads,True,2006-07-16
4938,Maciej,Pilich,MACIEJ.PILICH@WP.PL,855284432,Elbląg,52-297,2025-01-20,Meta Ads,False,1984-11-24
4939,Stanisław,Gniewek,stanisław.gniewek@onet.pl,+48 858 639 467,Kraków,70-184,2026-03-09,Meta Ads,False,1969-12-07
4940,Iwo,Andruszko,iwo.andruszko@gmail.com,493648101,Suwałki,096884,2025-06-04,Newsletter,False,1996-05-31
4941,Jakub,Roch,jakub.roch@gmail.com,+48 987 240 975,Kraków,00000,2026-06-09,Organic,False,1985-01-14
4942,Maciej,Skupin,maciej.skupin@gmail.com,,Gdańsk,62-313,2025-07-28,Meta Ads,False,1990-12-07
4943,Rozalia,Pedrycz,rozalia.pedrycz@onet.pl,786044343,Bydgoszcz,31-634,2026-01-20,Organic,False,1987-02-17
4944,Lidia,Owczarczak,lidia.owczarczak@gmail.com,891221416,Łódź,96-109,2025-07-20,Meta Ads,True,1984-12-02
4945,Urszula,Hanas,urszula.hanas@gmail.com,137914867,Poznań,31-015,2025-01-02,Newsletter,False,1963-07-06
4946,Adrianna,Oczkowicz,adrianna.oczkowicz@onet.pl,545494990,Łódź,48-938,2024-12-12,Meta Ads,False,1956-04-08
4947,Jakub,Piegza,jakub.piegza@wp.pl,+48 660 877 306,Warszawa,06-696,2025-06-04,Meta Ads,False,1973-11-16
4948,Tobiasz,Wiza,tobiasz.wiza@o2.pl,,Częstochowa,87-413,2026-02-17,Meta Ads,False,1960-12-28
4949,Gaja,Goliszek,gaja.goliszek@onet.pl,836-076-068,Gdańsk,83-209,2025-11-29,Google Ads,False,1956-07-05
4950,Maurycy,Księżyk,maurycy.księżyk@gmail.com,659687502,Częstochowa,38-100,2025-12-03,Organic,False,1985-03-02
4951,Sylwia,Chomik,sylwia.chomik@o2.pl,106-442-516,Gdańsk,00000,2025-03-28,Google Ads,False,1990-11-03
4952,Gustaw,Baster,gustaw.baster@onet.pl,529 586 504,Piła,58-584,2025-08-18,Meta Ads,False,1958-05-04
4953,Malwina,Hanzel,malwina.hanzel@wp.pl,927-819-486,Białystok,03-670,2024-10-27,Organic,False,1961-11-12
4954,Natasza,Fiedoruk,natasza.fiedoruk@gmail.com,028 519 572,Bydgoszc,54-900,2026-03-17,Influencer,False,1989-08-29
4955,Filip,Bachanek,filip.bachanek@gmail.com,721566856,Kraków,15-647,2026-08-02,Organic,False,1995-05-09
4956,Marianna,Pazdan,marianna.pazdan@gmail.com,+48 556 598 917,Kraków,89-126,2025-05-23,Meta Ads,False,1958-02-12
4957,Jeremi,Kapera,jeremi.kapera@wp.pl,387 218 211,Wrocław,39-973,2024-09-28,Organic,True,2006-12-13
4958,Adrian,Wocial,adrian.wocial@gmail.com,333104276,Warrszawa,77-961,2024-12-14,Organic,False,1957-11-20
4959,Karina,Sklorz,karina.sklorz@wp.pl,320228106,Gdańsk,86-352,2025-11-25,Meta Ads,False,2006-03-12
4960,Melania,Masłoń,melania.masłoń@wp.pl,256-911-701,Gdańsk,48-169,2025-11-22,Referral,True,1971-07-17
4961,Piotr,Malcherek,piotr.malcherek@o2.pl,903200362,Olsztyn,19-807,2026-03-27,Influencer,False,1996-11-01
4962,Oliwier,Malara,oliwier.malara@gmail.com,+48 500 758 467,Piła,45-626,2025-02-05,Google Ads,False,1987-04-04
4963,Malwina,Czerepak,malwina.czerepak@gmail.com,211047250,Białystok,41-955,2026-02-15,Influencer,False,1978-02-22
4964,Kajetan,Wiencek,kajetan.wiencek@wp.pl,369061924,Gdańsk,24-128,2025-12-29,Google Ads,True,1987-11-15
4965,Kornel,Pastucha,kornelpastucha@o2.pl,199-656-932,Opole,28-955,2025-03-31,Meta Ads,False,1989-04-05
4966,Gustaw,Kluj,gustaw.kluj@gmail.com,,Piła,04-265,2025-10-04,Google Ads,False,1982-01-14
4967,Malwina,Wawrzynkiewicz,malwina.wawrzynkiewicz@gmail.com,+48 720 128 787,Gdańsk,50-311,2024-11-19,Influencer,False,1984-04-11
4968,Arkadiusz,Pazdan,ARKADIUSZ.PAZDAN@ONET.PL,394-344-739,Warszawa,77-229,2025-07-09,Newsletter,True,1987-06-09
4969,Arkadiusz,Ciesiółka,arkadiusz.ciesiółka@gmail.com,051 912 024,Szczzecin,13-869,2026-05-31,Organic,False,1999-04-10
4970,Jerzy,Kopytko,jerzy.kopytko@onet.pl,,Łódź,29-321,2025-06-12,Organic,True,1955-12-02
4971,Maksymilian,Rosłon,maksymilian.rosłon@gmail.com,073-591-554,Konin,37-342,2026-04-29,Influencer,False,1994-03-20
4972,Przemysław,Grab,przemysław.grab@o2.pl,520 206 147,Bydgoszcz,22-719,2025-11-02,Newsletter,False,1999-07-12
4973,Gaja,Waniek,gaja.waniek@gmail.com,371662214,Kraków,01-759,2024-12-21,Organic,False,1968-10-19
4974,Hubert,Parus,hubert.parus@wp.pl,679-081-292,Katowice,24-970,2025-10-19,Organic,True,1960-06-09
4975,Krzysztof,Ochał,krzysztof.ochał@onet.pl,009440486,Kraków,61-243,2025-09-08,Meta Ads,False,2004-07-09
4976,Julian,Dylak,julian.dylak@gmail.com,,Leszno,60-507,2025-05-14,Organic,False,1963-12-02
4977,Jeremi,Klejna,jeremi.klejna@gmail.com,649-777-012,Białystok,83-559,2024-11-27,Google Ads,True,1994-05-14
4978,Mieszko,Wiraszka,mieszko.wiraszka@wp.pl,648-651-787,Kraków,42-730,2025-06-10,Google Ads,False,1991-05-18
4979,Bianka,Wudarczyk,bianka.wudarczyk@gmail.com,,Suwałki,22-186,2024-10-28,Influencer,False,1986-07-28
4980,Norbert,Gonsior,norbert.gonsior@gmail.com,,Gdańsk,88-862,2024-11-03,Newsletter,True,1973-12-12
4981,Jędrzej,Kroll,jędrzej.kroll@wp.pl,869317039,Opole,52-119,2025-06-05,Google Ads,False,2007-05-28
4982,Arkadiusz,Sajda,arkadiusz.sajda@gmail.com,143 313 530,Bydgoszcz,48-630,2025-03-03,Meta Ads,False,1960-01-18
4983,Krzysztof,Bakun,krzysztof.bakun@wp.pl,641 413 297,Poznań,00000,2026-06-14,Meta Ads,False,1958-05-13
4984,Franciszek,Powałka,franciszek.powałka@gmail.com,199-454-115,Wrocław,40-614,2025-05-03,Organic,False,1960-07-05
4985,Adrianna,Uziębło,adrianna.uziębło@interia.pl,,Gorzów Wielkopolski,40-276,2026-02-18,Newsletter,False,1980-08-04
4986,Dariusz,Nehring,dariusz.nehring@gmail.com,+48 928 433 013,Wrocław,28-366,2025-09-01,Organic,False,1996-07-13
4987,Radosław,Korpal,radosław.korpal@wp.pl,977274357,Zielona Góra,68-750,2025-12-27,Organic,True,1994-12-29
4988,Gustaw,Cecot,gustaw.cecot@gmail.com,406 972 996,Poznań,60-122,2025-02-27,Meta Ads,False,1974-06-26
4989,Radosław,Budrewicz,radosław.budrewicz@gmail.com,433-927-129,Poznań,74-471,2026-06-16,Referral,False,1966-03-01
4990,Aleks,Jachimczak,aleks.jachimczak@wp.pl,355-407-873,Gdańsk,78-209,2025-09-06,Meta Ads,False,1957-07-15
4991,Jerzy,Górnisiewicz,jerzy.górnisiewicz@gmail.com,185 868 943,Lublin,66-548,2026-04-04,Meta Ads,False,1957-03-14
4992,Eryk,Tomaszczyk,eryk.tomaszczyk@gmail.com,723-043-814,Piła,68-223,2025-05-07,Newsletter,False,1977-12-03
4993,Krzysztof,Puc,krzysztof.puc@gmail.com,792-764-419,Warszawa,26-246,2024-11-16,Organic,False,1999-05-07
4994,Angelika,Czuj,angelika.czuj@wp.pl,+48 036 039 129,Warszawa,24-438,2025-12-12,Newsletter,False,2005-03-22
4995,Ida,Dudziec,ida.dudziec@wp.pl,085-744-978,Poznań,65-548,2024-09-14,Meta Ads,False,2002-09-30
4996,Dagmara,Gajdzik,dagmara.gajdzik@gmail.com,853569253,Gdańsk,46-814,2025-07-28,Influencer,False,1964-10-27
4997,Inga,Buchalik,inga.buchalik@wp.pl,191223268,Warszawa,26-010,2024-12-20,Meta Ads,False,1970-09-17
4998,Dagmara,Sadownik,dagmara.sadownik@gmail.com,+48 289 130 485,gdańsk,24-324,2025-11-06,Meta Ads,False,1991-11-11
4999,Jędrzej,Bączkiewicz,jędrzej.bączkiewicz@onet.pl,625 381 361,Gorzów Wielkopolski,16-456,2026-08-06,Influencer,True,1992-03-30
5000,Kalina,Słyk,kalina.słyk@wp.pl,,Warszawa,85-218,2025-07-23,Meta Ads,False,2004-09-14
5001,Justyna,Midura,justyna.midura_dup@o2.pl,+48 284 547 066,Radom,00000,2024-11-01,Google Ads,False,1957-07-22
5002,Monika,Ryznar,monika.ryznar_dup@gmail.com,,Warszawa,41-043,2025-02-16,Meta Ads,True,1984-12-04
5003,Natasza,Warych,natasza.warych_dup@gmail.com,758 237 426,Olsztyn,63-834,2026-08-06,Newsletter,False,1965-07-06
5004,Antoni,Hawro,antoni.hawro_dup@wp.pl,,Warszawa,36-231,2026-03-30,Newsletter,False,1963-08-20
5005,Cyprian,Kreczmer,cyprian.kreczmer_dup@o2.pl,174-189-108,Suwałki,82-988,2024-11-21,Google Ads,False,1997-12-28
5006,Liwia,Szachniewicz,liwia.szachniewicz_dup@interia.pl,,WWarszawa,15-795,2024-12-31,Newsletter,True,1970-11-12
5007,Julita,Bobik,julita.bobik_dup@gmail.com,041535318,Warszawa,45-899,2026-03-25,Organic,False,1977-05-16
5008,Olga,Posłuszna,olga.posłuszna_dup@gmail.com,798 841 574,Rzeszów,01-474,2026-02-18,Meta Ads,True,1998-05-24
5009,Oskar,Kucharz,oskar.kucharz_dup@wp.pl,443 289 872,Kraków,29-904,2025-11-02,Organic,False,1988-06-19
5010,Radosław,Stempel,radosław.stempel_dup@gmail.com,+48 981 924 245,Lublin,32-536,2026-03-18,Newsletter,False,1978-04-07
5011,Sandra,Janasik,sandra.janasik_dup@onet.pl,541828939,Wrocław,97-144,2024-10-18,Meta Ads,False,1988-03-14
5012,Aleks,Wacławiak, aleks.wacławiak_dup@onet.pl ,732 018 289,Warszawa,05-010,2025-04-29,Influencer,False,1971-05-30
5013,Tymon,Borak,TYMON.BORAK_dup@WP.PL,+48 233 475 792,Łódź,22-656,2026-06-05,Meta Ads,False,1998-05-28
5014,Julita,Polaszek,julita.polaszek_dup@wp.pl,+48 459 354 383,Białystok,34-752,2026-07-10,Google Ads,False,2002-07-28
5015,Hubert,Nojek,hubert.nojek_dup@wp.pl,216-525-147,Leszno,20-144,2025-02-11,Influencer,False,1992-06-07
5016,Jerzy,Kubasiak,jerzy.kubasiak_dup@gmail.com,796717577,Wrocław,77-899,2026-04-12,Meta Ads,False,1980-06-28
5017,Mariusz,Zacharek, mariusz.zacharek_dup@gmail.com ,+48 328 593 121,Poznań,50-504,2025-04-05,Organic,False,1980-09-16
5018,Antoni,Ładniak,antoni.ładniak_dup@interia.pl,966102727,Warszawa,83-781,2026-02-21,Influencer,False,1977-12-06
5019,Robert,Żołądkiewicz,robert.żołądkiewicz_dup@gmail.com,,Radom,91-464,2024-10-21,Meta Ads,True,1970-01-24
5020,Maciej,Kozdroń,maciej.kozdroń_dup@onet.pl,629460632,Opole,50-529,2026-03-19,Meta Ads,False,1996-02-24
5021,Marcin,Łyskawa,marcin.łyskawa_dup@gmail.com,288 793 268,Toruń,84-954,2025-12-28,Meta Ads,False,2002-07-11
5022,Aurelia,Lejk,aurelia.lejk_dup@o2.pl,+48 107 970 754,Warszawa,58-220,2026-03-07,Meta Ads,False,1979-08-13
5023,Adam,Gieroń,adam.gieroń_dup@gmail.com,010-879-726,Wrocław,74-748,2025-06-15,Organic,False,2007-07-03
5024,Damian,Misiejuk,damian.misiejuk_dup@gmail.com,822 462 786,Olsztyn,98-799,2025-10-16,Meta Ads,False,1960-04-05
5025,Natasza,Szymula,natasza.szymula_dup@o2.pl,,Olsztyn,72-963,2025-05-11,Meta Ads,False,1978-05-26
5026,Ignacy,Wiech,ignacy.wiech_dup@gmail.com,055-104-043,Radom,21-827,2025-07-14,Google Ads,False,1991-12-16
5027,Dawid,Myszak,dawid.myszak_dup@gmail.com,334-228-164,Kielce,46-182,2024-09-15,Meta Ads,True,1979-10-18
5028,Albert,Doroz,albert.doroz_dup@onet.pl,241 885 340,Wrocław,24-697,2025-01-07,Meta Ads,True,1986-08-24
5029,Tobiasz,Brózda,tobiasz.brózda_dup@gmail.com,+48 460 578 822,Warszawa,82-810,2026-02-07,Organic,True,1993-11-12
5030,Inga,Parkitna,inga.parkitna_dup@gmail.com,+48 653 934 799,Kraków,32-155,2026-06-03,Organic,True,1955-12-07
5031,Klara,Dyrek,klara.dyrek_dup@gmail.com,754694698,Wrocław,94-891,2025-11-14,Google Ads,False,1960-04-21
5032,Julian,Pitura,julian.pitura_dup@wp.pl,774 910 616,Warszawa,50-429,2024-12-20,Referral,False,1987-03-17
5033,Lidia,Rećko,lidia.rećko_dup@o2.pl,626 011 827,Łódź,22-164,2025-03-03,Meta Ads,False,2003-12-08
5034,Nela,Rejek,nela.rejek_dup@wp.pl,+48 513 140 839,Warszawa,57-654,2025-06-16,Google Ads,False,1983-05-23
5035,Konstanty,Kornek,konstanty.kornek_dup@gmail.com,415 694 430,Leszno,91-367,2025-05-25,Meta Ads,False,1965-09-29
5036,Wojciech,Ignatiuk,wojciech.ignatiuk_dup@interia.pl,,Rzeszów,24-699,2025-10-16,Meta Ads,False,1994-04-14
5037,Oskar,Kapera,oskar.kapera_dup@gmail.com,318233913,Kraków,48-055,2025-02-03,Google Ads,False,1974-03-05
5038,Robert,Fitrzyk,robert.fitrzyk_dup@gmail.com,198 264 243,Katowice,52-897,2024-09-22,Google Ads,False,1975-10-20
5039,Malwina,Wawrzynkiewicz,malwina.wawrzynkiewicz_dup@gmail.com,+48 720 128 787,Gdańsk,50-311,2024-11-19,Influencer,False,1984-04-11
5040,Rozalia,Langiewicz,rozalia.langiewicz_dup@gmail.com,+48 494 102 735,Warszaawa,99-879,2026-03-12,Meta Ads,True,1961-11-03
5041,Tomasz,Gałaj,tomasz.gałaj_dup@wp.pl,440 384 684,Warszawa,50-283,2026-05-22,Organic,False,1976-07-01
5042,Miłosz,Putek,miłosz.putek_dup@onet.pl,+48 058 722 360,Kielce,51-297,2025-09-10,Google Ads,False,1968-09-10
5043,Cezary,Kozaczuk, cezary.kozaczuk_dup@gmail.com ,,Piła,24-280,2025-02-28,Google Ads,False,1992-11-02
5044,Elżbieta,Rębiś,elżbieta.rębiś_dup@gmail.com,,Łódź,95-918,2026-02-16,Google Ads,False,1957-10-08
5045,Liwia,Połetek,liwia.połetek_dup@gmail.com,+48 810 103 306,Białystok,30-961,2025-11-14,Meta Ads,False,1998-02-12
5046,Kacper,Truchan,kacper.truchan_dup@wp.pl,+48 485 704 961,Łódź,25-896,2024-11-22,Meta Ads,False,2008-01-30
5047,Ksawery,Klyta,ksawery.klyta_dup@onet.pl,,Leszno,52-686,2024-12-29,Meta Ads,False,2000-03-20
5048,Olgierd,Dorynek,olgierd.dorynek_dup@wp.pl,,Kraków,85-287,2025-09-10,Referral,False,1994-10-08
5049,Antoni,Potok,antoni.potok_dup@gmail.com,841955976,Białystok,73-577,2025-05-10,Organic,False,1975-06-18
5050,Karina,Pyszczek,karina.pyszczek_dup@o2.pl,541-499-144,Kraków,85-978,2025-12-08,Newsletter,True,1965-02-19
5051,Ernest,Preś,ernest.preś_dup@gmail.com,416104505,Częstochowa,77-796,2024-12-08,Organic,False,1982-03-30
5052,Fabian,Kluczyk, fabian.kluczyk_dup@gmail.com ,449-965-690,Wrocław,92-830,2026-04-26,Influencer,True,1958-07-21
5053,Dawid,Frukacz,dawid.frukacz_dup@interia.pl,+48 557 120 583,Warszawa,35-147,2025-12-09,Meta Ads,True,2008-05-18
5054,Juliusz,Calik,juliusz.calik_dup@gmail.com,+48 925 685 051,zielona góra,84-761,2025-06-23,Meta Ads,False,2002-05-23
5055,Ksawery,Samol,ksawery.samol_dup@gmail.com,834-498-973,Katowice,57-519,2026-06-13,Google Ads,False,1956-11-30
5056,Natasza,Gosek,natasza.gosek_dup@o2.pl,044-539-366,Gdańsk,85-449,2024-10-13,Meta Ads,False,1971-06-07
5057,Anastazja,Fleszar,anastazja.fleszar_dup@gmail.com,,Wrocła,28-603,2025-04-18,Google Ads,False,1990-07-19
5058,Urszula,Prygiel,urszula.prygiel_dup@wp.pl,678632597,Piła,82-032,2025-05-10,Meta Ads,False,1981-12-28
5059,Mieszko,Wielgo,mieszko.wielgo_dup@gmail.com,615 506 031,Bydgoszcz,84-415,2026-03-17,Referral,False,1996-09-09
5060,Stefan,Suchora,stefan.suchora_dup@onet.pl,662-240-833,Warszawa,69-475,2025-11-15,Organic,False,1978-01-22
5061,Anastazja,Block,anastazja.block_dup@gmail.com,973-741-441,Wrocław,07-403,2025-05-29,Meta Ads,False,1971-05-31
5062,Sebastian,Gasik,sebastian.gasik_dup@o2.pl,612 076 563,Katowice,41-317,2025-09-11,Google Ads,True,1977-04-03
5063,Maks,Łuczkiewicz, maks.łuczkiewicz_dup@gmail.com ,312 758 842,Wrocław,59-595,2024-10-30,Influencer,False,1997-11-18
5064,Mariusz,Ropiak, mariusz.ropiak_dup@wp.pl ,684 673 026,Gdańsk,38-888,2026-05-03,Referral,False,2001-11-21
5065,Mikołaj,Puła,mikołaj.puła_dup@gmail.com,905-857-777,Kraków,77-320,2025-05-15,Organic,False,1974-03-26
5066,Nikodem,Jambor,nikodem.jambor_dup@wp.pl,050-629-529,Kraków,178067,2025-09-05,Newsletter,True,1986-01-29
5067,Kazimierz,Jaroszuk,kazimierz.jaroszuk_dup@o2.pl,+48 825 643 407,Suwałki,68-503,2026-03-02,Organic,False,1980-02-13
5068,Sebastian,Fedak,sebastian.fedak_dup@gmail.com,301 039 012,Białystok,59-148,2024-12-14,Organic,True,1999-11-12
5069,Ksawery,Makieła,ksawery.makieła_dup@interia.pl,527-529-526,Katowice,744828,2024-11-24,Organic,False,1959-10-26
5070,Sebastian,Browarczyk,sebastian.browarczyk_dup@onet.pl,+48 010 690 586,KKraków,72-476,2025-12-19,Meta Ads,False,1976-07-25
5071,Marianna,Pizoń,marianna.pizoń_dup@wp.pl,103-828-610,Rzeszów,30-219,2025-10-01,Meta Ads,False,1961-03-16
5072,Oskar,Jędraszczyk,OSKAR.JĘDRASZCZYK_dup@GMAIL.COM,093789683,Suwałki,99-553,2026-08-06,Meta Ads,True,1999-11-10
5073,Piotr,Osipiuk,piotr.osipiuk_dup@gmail.com,563 804 505,Gdańsk,51-807,2025-06-27,Meta Ads,False,1981-11-07
5074,Alex,Łukowiak,alex.łukowiak_dup@gmail.com,424-102-315,Gorzów Wielkopolski,48-321,2025-07-27,Organic,False,1977-07-14
5075,Arkadiusz,Tryc,arkadiusz.tryc_dup@o2.pl,036 724 230,Gdynia,48-423,2026-05-08,Google Ads,False,1996-02-05
5076,Dariusz,Potyrała,dariusz.potyrała_dup@o2.pl,,Suwałki,39-115,2025-03-18,Influencer,False,1960-09-23
5077,Aleksander,Gmurczyk,ALEKSANDER.GMURCZYK_dup@O2.PL,713945648,Warszawa,00000,2025-12-25,Influencer,False,1962-02-15
5078,Anna Maria,Bicz,anna maria.bicz_dup@gmail.com,313481703,Białystok,73-770,2025-05-09,Meta Ads,False,1962-12-28
5079,Natasza,Szabla,natasza.szabla_dup@gmail.com,580 894 880,Wrocłław,84-031,2025-09-25,Influencer,False,1957-04-21
5080,Andrzej,Mikołajewicz,andrzej.mikołajewicz_dup@onet.pl,,Warszawa,63-972,2026-04-08,Influencer,False,1970-02-10
5081,Sonia,Kapka,sonia.kapka_dup@gmail.com,+48 588 461 589,Kraków,21-311,2025-02-12,Meta Ads,False,1999-07-29
5082,Melania,Rogacz,melania.rogacz_dup@gmail.com,874 553 058,Łódź,79-399,2026-04-27,Meta Ads,False,1971-10-22
5083,Olga,Wąsek,olga.wąsek_dup@wp.pl,706-280-313,Łódź,73-937,2026-05-07,Meta Ads,False,1996-04-27
5084,Ewa,Ślipek,ewa.ślipek_dup@gmail.com,499 686 677,Warszawa,39-090,2024-11-16,Meta Ads,False,1962-03-23
5085,Sandra,Felisiak,sandra.felisiak_dup@onet.pl,772-035-720,Kraków,23-959,2025-12-23,Organic,True,1983-01-30
5086,Oliwier,Krzysztofek,oliwier.krzysztofek_dup@o2.pl,+48 460 653 832,Gorzów Wielkopolski,59-939,2025-08-09,Meta Ads,False,1959-08-24
5087,Szymon,Dziuda,szymon.dziuda_dup@gmail.com,489 564 360,Wrocław,92-340,2026-02-03,Organic,True,1957-08-08
5088,Alan,Baranowicz,alan.baranowicz_dup@onet.pl,448339354,Elbląg,47-729,2024-11-25,Meta Ads,True,1990-01-27
5089,Adam,Kiedrowicz,adam.kiedrowicz_dup@gmail.com,281493362,Częstochowa,23-933,2025-11-21,Meta Ads,False,1967-10-30
5090,Marcel,Kolman,marcel.kolman_dup@gmail.com,+48 022 512 361,Białystok,72-938,2026-04-16,Google Ads,False,1983-08-25
5091,Adrian,Wawszczyk,adrian.wawszczyk_dup@gmail.com,,Kraków,06-124,2026-05-01,Google Ads,False,1988-04-28
5092,Eliza,Pawlos,eliza.pawlos_dup@gmail.com,685-031-260,Gdańsk,93-266,2024-09-18,Referral,True,1964-06-11
5093,Bianka,Foit,bianka.foit_dup@o2.pl,918-887-800,Łódź,76-187,2025-03-21,Newsletter,False,1996-04-15
5094,Sonia,Chaberek,sonia.chaberek_dup@gmail.com,,Łódź,12-643,2025-10-25,Meta Ads,False,1999-05-26
5095,Jeremi,Molak,jeremi.molak_dup@onet.pl,669 329 206,Gdynia,10-967,2024-11-23,Meta Ads,True,1966-05-04
5096,Anna Maria,Schubert,anna maria.schubert_dup@gmail.com,,Kraków,72-861,2026-06-24,Meta Ads,True,1985-10-20
5097,Jakub,Wiszowata,jakub.wiszowata_dup@wp.pl,304280698,Lublin,97-417,2024-10-14,Google Ads,False,1987-06-20
5098,Julita,Supernak,julita.supernak_dup@o2.pl,696 734 259,Wrocław,93-050,2025-12-07,Meta Ads,False,1969-01-05
5099,Gustaw,Bieszke, gustaw.bieszke_dup@gmail.com ,502 405 805,Kielce,11-119,2025-06-16,Meta Ads,False,1999-08-28
5100,Hubert,Posłuszna,hubert.posłuszna_dup@interia.pl,+48 774 162 073,Warszawa,90-849,2026-03-09,Influencer,True,2005-10-17
5101,Witold,Milcarz,witold.milcarz_dup@wp.pl,,Wrocław,935557,2025-07-03,Meta Ads,False,1989-11-24
5102,Inga,Zębik,inga.zębik_dup@gmail.com,+48 438 659 592,Warszawa,80-668,2024-10-14,Meta Ads,False,1979-01-11
5103,Norbert,Hasiak, norbert.hasiak_dup@interia.pl ,563 634 807,Kielce,82-237,2025-10-03,Influencer,True,1967-05-08
5104,Jacek,Moryc,jacekmoryc_dup@onet.pl,+48 044 702 131,Olsztyn,59-176,2025-02-25,Google Ads,True,1966-10-17
5105,Oliwier,Fal,oliwier.fal_dup@gmail.com,041 149 047,Rzeszów,79-624,2025-06-11,Newsletter,False,1958-07-06
5106,Maksymilian,Okła,maksymilian.okła_dup@gmail.com,,Rzeszów,58-541,2026-05-24,Newsletter,True,1992-11-23
5107,Sara,Szpila,sara.szpila_dup@wp.pl,631 917 750,Warszawa,90-553,2025-05-19,Organic,True,1964-12-23
5108,Nikodem,Szlachcic,nikodem.szlachcic_dup@gmail.com,272-243-444,Warszawa,88-083,2025-12-05,Google Ads,False,1988-06-24
5109,Anita,Pawliszyn,anita.pawliszyn_dup@onet.pl,,Łódź,20-225,2025-10-08,Meta Ads,False,1997-06-05
5110,Roksana,Graban,roksana.graban_dup@gmail.com,993-135-784,Kraków,06-375,2025-02-18,Referral,True,1975-01-06
5111,Jędrzej,Pudełek,jędrzej.pudełek_dup@wp.pl,096-640-235,Warszawa,88-820,2025-10-01,Meta Ads,True,1971-07-21
5112,Inga,Samiec,inga.samiec_dup@onet.pl,+48 934 678 919,Gorzów Wielkopolski,51-424,2025-04-14,Meta Ads,False,1972-09-26
5113,Kacper,Płaneta,kacper.płaneta_dup@wp.pl,,Łódź,08-273,2026-07-08,Newsletter,True,1976-12-14
5114,Marianna,Kosidło,marianna.kosidło_dup@interia.pl,240 310 062,Wrocław,72-271,2026-08-06,Meta Ads,True,1962-06-27
5115,Tymoteusz,Gendera,tymoteusz.gendera_dup@gmail.com,087576537,Warszawa,41-530,2025-04-13,Meta Ads,False,1963-12-29
5116,Eryk,Szram,eryk.szram_dup@wp.pl,646-833-017,Lubli,73-199,2025-04-17,Meta Ads,False,1977-09-23
5117,Marcin,Osipowicz,marcin.osipowicz_dup@interia.pl,748115009,Bydgoszcz,66-192,2025-11-25,Google Ads,True,1968-10-25
5118,Liwia,Maron,liwia.maron_dup@gmail.com,917-249-944,Łódź,78-044,2025-12-18,Google Ads,True,1987-10-15
5119,Olgierd,Pasiut,olgierd.pasiut_dup@wp.pl,,Warszawa,31-064,2024-11-10,Influencer,False,1990-12-27
5120,Anastazja,Zaniewicz,anastazja.zaniewicz_dup@gmail.com,517-758-864,Poznań,66-970,2025-07-24,Meta Ads,True,1976-10-16
5121,Aleks,Jakimiak,aleks.jakimiak_dup@o2.pl,,Gdańsk,74-683,2024-11-19,Meta Ads,True,1963-05-23
5122,Angelika,Gajcy,angelika.gajcy_dup@onet.pl,,Konin,79-894,2025-05-21,Newsletter,False,1988-09-30
5123,Anita,Kulus,anita.kulus_dup@wp.pl,300 047 976,Poznań,10-814,2025-10-06,Influencer,False,1965-06-20
5124,Szymon,Niksa, szymon.niksa_dup@o2.pl ,048 124 481,Szczecin,61-272,2025-09-30,Google Ads,False,2006-11-07
5125,Olgierd,Garbacik,olgierd.garbacik_dup@gmail.com,,Gdynia,56-485,2026-05-25,Referral,False,1966-11-27
5126,Jeremi,Sałuda,jeremi.sałuda_dup@gmail.com,428139177,Olszty,53-271,2025-11-11,Meta Ads,False,1956-07-03
5127,Elżbieta,Dybka,elżbieta.dybka_dup@gmail.com,,Warszawa,62-858,2025-05-29,Newsletter,False,1987-01-27
5128,Karol,Szmajda,karol.szmajda_dup@gmail.com,403635657,Warszawa,29-957,2026-06-27,Newsletter,False,1984-04-28
5129,Ryszard,Witoń,ryszard.witoń_dup@wp.pl,536 879 748,Gdańsk,50-692,2025-03-06,Google Ads,True,1999-02-15
5130,Kajetan,Płodzień,kajetan.płodzień_dup@gmail.com,157141378,Katowice,24-031,2026-07-26,Meta Ads,False,1990-01-05
5131,Bianka,Duniec,biankaduniec_dup@wp.pl,,Gdańsk,29-342,2026-01-05,Organic,True,1993-11-27
5132,Tymoteusz,Usarek,tymoteusz.usarek_dup@gmail.com,368128782,Olsztyn,64-878,2025-04-28,Google Ads,False,1960-04-21
5133,Karol,Malcherek,karol.malcherek_dup@o2.pl,+48 969 363 424,Wrocław,16-284,2025-01-29,Influencer,False,1959-01-01
5134,Eryk,Kazubek,eryk.kazubek_dup@gmail.com,100339314,Szczecin,68-228,2024-09-14,Meta Ads,True,1997-01-01
5135,Sebastian,Mizia,sebastian.mizia_dup@gmail.com,599766450,Zielona Góra,52-782,2024-11-11,Google Ads,False,2001-05-03
5136,Dariusz,Fogt,dariusz.fogt_dup@gmail.com,+48 141 344 168,Leszno,28-838,2025-09-28,Meta Ads,False,1977-10-29
5137,Wojciech,Rubacha,wojciech.rubacha_dup@onet.pl,841-930-692,Wrocław,70-947,2026-06-29,Google Ads,False,2004-12-13
5138,Mikołaj,Dorobek,mikołaj.dorobek_dup@onet.pl,039-932-234,Poznań,84-802,2025-04-07,Google Ads,False,1997-02-28
5139,Andrzej,Kus,andrzej.kus_dup@gmail.com,944015065,Warszawa,06-596,2025-12-22,Influencer,False,1997-02-13
5140,Jędrzej,Warczak,jędrzej.warczak_dup@wp.pl,577500975,Łódź,98-164,2024-09-03,Organic,True,1982-01-01
5141,Nataniel,Glapiak,nataniel.glapiak_dup@o2.pl,846560363,Olsztyn,44-874,2025-11-18,Referral,False,1976-03-24
5142,Eliza,Radzewicz,eliza.radzewicz_dup@wp.pl,972455984,Warszawa,80-453,2024-09-11,Newsletter,True,1959-05-19
5143,Kalina,Drynda,kalina.drynda_dup@wp.pl,+48 115 342 528,Olsztyn,79-609,2025-07-17,Influencer,False,2007-05-14
5144,Tadeusz,Gosz,tadeusz.gosz_dup@gmail.com,,Poznań,36-344,2025-12-04,Organic,True,1973-06-29
5145,Kajetan,Rozum,kajetan.rozum_dup@gmail.com,+48 433 739 879,Warszawa,82-025,2025-11-30,Meta Ads,False,1977-02-13
5146,Blanka,Marcińczyk,blanka.marcińczyk_dup@gmail.com,160500308,Wrocław,93-543,2025-05-25,Google Ads,True,1966-07-05
5147,Radosław,Panasiewicz,radosław.panasiewicz_dup@interia.pl,+48 800 965 817,Gdańsk,26-576,2024-12-01,Meta Ads,True,1960-04-04
5148,Tola,Baum,tola.baum_dup@interia.pl,+48 189 988 260,Warszawa,98-768,2025-09-02,Meta Ads,False,1963-01-03
5149,Adrian,Zioła,adrian.zioła_dup@wp.pl,+48 301 941 162,Katowice,09-916,2026-05-08,Google Ads,True,1957-03-25
5150,Ewa,Bernatowicz,ewa.bernatowicz_dup@o2.pl,908-814-518,Wrocław,79-281,2025-10-31,Newsletter,True,1974-10-07
